id,drcog_id,latitude,longitude,crashtime,time,crashtype,numbkilled,numbinjurd,drcoglocat,rdconditin,lightngcon,roadcntgrd,weatherco,location,roaddescrp,schoolzone,constrzone,splimit,bikeinv,pedinv,sctrinv,motoinv,svrty,rdsystem,ttlvehcls,hcf
,2020-01534,39.63921554,-104.8851979,7/7/2020 8:55,8:55:00,12,0,1,I225 SOUTHBOUND & YOSEMITE STREET SOUTH,1,1,0,0,1,4,0,0,65,0,0,0,0,1,1,5,13
,2020-01535,39.74019,-104.95627,7/16/2020 16:25,16:25:00,12,0,0,COLFAX AVENUE EAST & ELIZABETH STREET NORTH,1,1,0,0,1,3,0,0,30,0,0,0,0,0,2,2,3
,2020-01536,39.74985,-104.98256,6/21/2020 20:26,20:26:00,6,0,0,2200 GLENARM PLACE & PARK AVENUE WEST,1,1,0,0,1,4,0,0,,0,0,0,0,0,4,3,5
,2020-01537,39.74373253,-104.9406289,7/6/2020 16:20,16:20:00,12,0,0,COLORADO BOULEVARD & 17TH AVENUE EAST,1,1,0,0,1,1,0,0,35,0,0,0,0,0,2,3,13
,2020-01538,39.77968,-104.97916,7/20/2020 11:40,11:40:00,15,0,0,I70 WB OFF RAMP  TO & WASHINGTON STREET NORTH,1,1,0,0,1,4,0,0,55,0,0,0,0,0,1,2,8
,2020-01539,39.74014,-104.93724,7/21/2020 4:50,4:50:00,15,0,1,COLFAX AVENUE EAST & BELLAIRE STREET NORTH,1,3,0,0,1,1,0,0,35,0,0,0,1,1,2,2,16
,2020-01540,39.76016,-104.9372,7/5/2020 20:40,20:40:00,6,0,0,EAST 30TH AVENUE & NORTH BELLAIRE STREET,1,3,0,0,1,4,0,0,25,0,0,0,0,0,4,3,10
,2020-01541,39.72489,-104.98746,7/19/2020 12:34,12:34:00,15,0,0,500 NORTH BROADWAY STREET & EAST SIXTH AVENUE,1,1,0,0,1,4,0,0,30,0,0,0,0,0,4,2,13
,2020-01542,39.71118,-105.01808,7/19/2020 18:45,18:45:00,15,0,0,ALAMEDA AVENUE WEST & BRYANT STREET SOUTH,1,1,0,0,1,1,0,0,25,0,0,0,0,0,2,2,13
,2020-01543,39.79629,-104.84716,7/21/2020 17:09,17:09:00,5,0,0,EAST 55TH AVENUE & NORTH PEORIA STREET,1,1,0,0,3,1,0,0,40,0,0,0,0,0,4,1,13
,2020-01544,39.76938,-105.04515,7/7/2020 10:35,10:35:00,2,0,1,38TH AVENUE WEST & UTICA STREET NORTH,1,1,1,0,1,1,0,0,0,1,0,0,0,1,4,2,16
,2020-01545,39.69505,-104.92231,7/18/2020 13:16,13:16:00,15,0,0,HOLLY STREET SOUTH  & NEBRASKA WAY EAST,1,1,0,0,1,4,0,0,30,0,0,0,0,0,4,2,16
,2020-01546,39.74217,-105.04634,7/18/2020 5:00,5:00:00,5,0,2,16TH AVENUE WEST & VRAIN STREET SOUTH,1,3,0,0,3,3,0,0,25,0,0,0,0,2,4,1,9
,2020-01547,39.71862,-104.94738,7/20/2020 11:42,11:42:00,6,0,0,100 NORTH COOK STREET & EAST SECOND AVENUE,1,1,1,0,1,4,0,0,25,0,0,0,0,0,4,2,13
,2020-01548,39.74035,-105.05092,7/21/2020 14:10,14:10:00,3,0,2,YATES STREET NORTH & COLFAX AVENUE WEST,1,1,0,0,1,1,0,0,35,0,0,0,0,1,2,2,13
,2020-01549,39.72561,-104.95945,7/20/2020 12:05,12:05:00,12,0,0,NORTH UNIVERSITY BOULEVARD & EAST SIXTH AVENUE,1,1,0,0,1,3,0,0,35,0,0,0,0,0,4,2,16
,2020-01550,39.75463,-104.97695,7/17/2020 21:41,21:41:00,3,0,0,EAST 26TH AVENUE & NORTH CLARKSON COURT,1,3,0,0,1,1,0,0,30,0,0,0,0,0,4,2,13
,2020-01551,39.77425152,-104.8471099,7/18/2020 23:18,23:18:00,15,0,0,I70 EASTBOUND OFF RAMP TO & PEORIA STREET,1,3,0,0,1,1,0,0,40,0,0,0,0,0,1,2,16
,2020-01552,39.74016,-104.89055,7/21/2020 11:50,11:50:00,3,0,0,VERBENA STREET NORTH & COLFAX AVENUE EAST,1,1,0,0,1,1,0,0,25,0,0,0,0,0,2,2,13
,2020-01553,39.77274,-104.84694,7/14/2020 17:11,17:11:00,12,0,0,PEORIA STREET NORTH  & I70 EASTBOUND OFF RAMP,11,1,0,1,1,8,0,0,25,0,0,0,0,0,4,2,13
,2020-01554,39.71833,-104.98086,7/17/2020 12:05,12:05:00,3,0,0,FIRST AVENUE EAST 500  & PEARL STREET NORTH,1,1,0,0,1,5,0,0,25,0,0,0,0,0,4,2,13
,2020-01556,39.78743653,-105.0251794,7/19/2020 20:04,20:04:00,6,0,0,FEDERAL BOULEVARD NORTH  & 50TH AVENUE,1,3,0,0,1,4,0,0,35,0,0,0,0,0,2,2,5
,2020-01557,39.68029154,-104.9875684,7/19/2020 13:26,13:26:00,12,0,0,000 WEST ASBURY AVENUE & SOUTH BROADWAY STREET,1,1,1,0,1,4,0,0,25,0,0,0,0,0,4,2,16
,2020-01558,39.7112,-105.00065,7/20/2020 18:32,18:32:00,3,0,0,SOUTH PLATTE RIVER DRIVE & WEST ALAMEDA AVENUE,1,1,0,0,1,1,0,0,35,0,0,0,0,0,4,2,13
,2020-01559,39.77425152,-104.8471099,7/20/2020 16:36,16:36:00,15,0,4,I70 EASTBOUND EXIT RAMP TO & PEORIA STREET NORTH,1,1,1,0,1,1,0,0,20,0,0,0,0,1,4,2,1
,2020-01560,39.63958,-104.88511,7/20/2020 10:01,10:01:00,12,0,0,YOSEMITE STREET SOUTH & I225 SOUTHBOUND,1,1,0,0,1,4,0,0,55,0,0,0,0,0,1,2,13
,2020-01561,39.74018,-104.95299,7/20/2020 9:46,9:46:00,15,0,0,COLFAX AVENUE EAST & FILLMORE STREET NORTH,1,1,0,0,1,2,0,0,30,0,0,0,0,0,2,2,13
,2020-01564,39.67843753,-104.9127289,7/19/2020 12:20,12:20:00,12,0,0,6500 EAST EVANS AVENUE & SOUTH MONACO STREET,1,1,1,0,1,3,0,0,35,0,0,0,0,0,4,2,13
,2020-01565,39.74739,-104.94064,7/17/2020 13:14,13:14:00,6,0,0,EAST MONTVIEW BOULEVARD & NORTH COLORADO BOULEVARD,1,1,0,0,1,1,0,0,35,0,0,0,0,0,4,2,14
,2020-01566,39.7785,-105.0414,6/11/2020 18:33,18:33:00,9,0,0,RALEIGH STREET & 45TH AVENUE EAST,1,1,0,0,1,4,0,0,,0,1,0,0,0,4,1,13
,2020-01567,39.79015,-105.01585,7/21/2020 7:09,7:09:00,6,0,0,ZUNI STREET NORTH  & 52ND STREET WEST,1,1,1,0,1,4,0,0,25,0,0,0,0,0,4,2,16
,2020-01568,39.7793,-105.04157,7/21/2020 15:32,15:32:00,5,0,0,RALEIGH STREET NORTH  & 46TH AVENUE WEST,1,1,0,0,1,4,0,0,25,0,0,0,0,0,4,1,3
,2020-01569,39.77726813,-104.8828417,7/19/2020 8:23,8:23:00,5,0,0,CENTRAL PARK BOULEVARD & I70 WB OFF RAMP,1,1,1,0,2,3,0,0,25,0,0,0,0,0,1,1,1
,2020-01570,39.72917,-104.99455,7/14/2020 12:08,12:08:00,5,0,0,EIGHTH AVENUE WEST & 500,1,1,0,0,2,4,0,0,,0,0,0,0,0,4,1,13
,2020-01572,39.72564,-104.98511,7/20/2020 8:54,8:54:00,15,0,0,SIXTH AVENUE EAST & SPEER BOULEVARD,1,1,0,0,1,1,0,0,30,0,0,0,0,0,4,2,7
,2020-01573,39.7326962,-104.9127816,5/11/2020 1:10,1:10:00,5,0,0,MONACO STREET NORTH & 1059,1,3,0,0,4,4,0,0,25,0,0,0,0,0,4,1,1
,2020-01574,39.73515,-104.97815,7/19/2020 7:38,7:38:00,12,0,0,700 EAST 12TH AVENUE & NORTH WASHINGTON STREET,1,1,1,0,1,4,0,0,25,0,0,0,0,0,4,2,3
,2020-01575,39.72805453,-104.9081299,7/17/2020 11:59,11:59:00,3,0,1,EAST SEVERN PLACE & NORTH ONEIDA STREET,1,1,0,0,1,1,0,0,25,0,0,0,1,2,4,2,13
,2020-01576,39.65321954,-104.9183404,7/17/2020 23:15,23:15:00,12,0,0,I25 NORTHBOUND & HAMPDEN AVENUE EAST,1,3,1,0,1,4,0,0,65,0,0,0,0,0,1,2,1
,2020-01577,39.77052,-105.00644,7/19/2020 3:27,3:27:00,3,0,0,WEST 39TH AVENUE & NORTH PECO STREET,1,3,0,0,1,1,0,0,25,0,0,0,0,1,4,2,5
,2020-01578,39.69651,-104.87065,7/19/2020 6:07,6:07:00,12,0,0,EAST MISSISSIPPI AVENUE & SOUTH FULTON STREET,1,1,0,0,1,1,0,0,40,0,0,0,0,0,4,2,2
,2020-01579,39.75847,-105.04153,7/19/2020 13:21,13:21:00,3,0,0,29TH AVENUE WEST & XAVIER STREET NORTH,1,1,0,0,1,1,0,0,25,0,0,0,0,0,4,2,3
,2020-01580,39.76329,-104.94067,7/17/2020 12:40,12:40:00,12,0,0,COLORADO BOULEVARD NORTH & I70 EASTBOUND,1,1,1,0,1,4,0,0,35,0,0,0,0,0,2,2,13
,2020-01581,39.69587,-105.04956,7/18/2020 13:18,13:18:00,3,0,0,XAVER STREET SOUTH  & ARIZONA AVENUE WEST,1,1,1,0,1,2,0,0,25,0,0,0,0,0,4,2,13
,2020-01582,39.72564,-104.98744,7/7/2020 11:27,11:27:00,3,0,0,EAST SIXTH AVENUE & NORTH BROADWAY STREET,1,1,0,0,1,1,0,0,30,0,0,0,0,1,4,4,14
,2020-01584,39.77988,-104.96717,7/17/2020 13:30,13:30:00,1,0,1,BRIGHTON BOULEVARD NORTH & I70 EASTBOUND ON RAMP,1,1,0,0,1,1,0,0,35,0,0,0,0,1,2,2,13
,2020-01586,39.66772,-105.02511,7/17/2020 21:50,21:50:00,1,0,0,FEDERAL BOULEVARD SOUTH & YALE AVENUE WEST,1,3,0,0,1,1,0,0,40,0,0,0,0,0,2,2,1
,2020-01587,39.78384453,-104.8999958,7/16/2020 3:22,3:22:00,5,0,0,I70 EASTBOUND OFF RAMP  TO & NORTHFIELD QUEBEC STREET,1,3,0,0,3,4,0,0,55,0,0,0,0,0,1,1,5
,2020-01588,39.79032,-104.86331,7/18/2020 9:20,9:20:00,10,0,0,EAST 51ST AVENUE & NORTH IRONTON STREET,1,1,0,0,1,1,0,0,30,0,0,0,0,0,4,2,13
,2020-01589,39.72936,-105.02516,7/20/2020 13:37,13:37:00,12,0,0,FEDERAL BOULEVARD NORTH  & EIGHTH AVENUE WEST,1,1,0,0,1,4,0,0,30,0,0,0,0,0,2,2,13
,2020-01590,39.78408,-104.8127,5/28/2020 20:01,20:01:00,6,0,1,GATEWAY AVENUE EAST  & FRASER WAY NORTH,1,2,0,0,1,4,0,0,0,0,1,0,0,3,4,2,16
,2020-01592,39.7475,-104.97818,6/6/2020 21:30,21:30:00,12,0,0,PARK AVENUE & EAST 20TH AVENUE,1,3,0,0,1,2,0,0,30,0,0,0,0,0,4,2,5
,2020-01593,39.72548053,-105.0130699,7/17/2020 13:59,13:59:00,12,0,0,I25 NORTHBOUND & SIXTH AVENUE WEST,1,1,0,0,1,4,0,0,65,0,0,0,0,0,1,2,13
,2020-01594,39.73847,-105.00523,7/9/2020 8:30,8:30:00,10,0,1,14TH AVENUE WEST & OSAGE STREET NORTH,1,1,0,0,1,1,0,0,30,0,0,0,1,3,4,2,7
,2020-01595,39.76918,-104.941,7/9/2020 4:33,4:33:00,5,0,0,38TH AVENUE EAST & COLORADO BOULEVARD NORTH,1,3,1,0,2,1,0,0,40,0,0,0,0,0,2,1,13
,2020-01596,39.76796053,-104.9949709,7/17/2020 14:10,14:10:00,15,0,0,I25 NORTHBOUND & PARK AVENUE WEST,1,1,0,0,1,4,0,0,65,0,0,0,0,0,1,2,3
,2020-01597,39.74322,-104.96476,7/20/2020 9:00,9:00:00,3,0,0,NORTH HIGH STREET & EAST 17TH AVENUE,1,1,0,0,1,2,0,0,25,0,0,0,0,0,4,2,13
,2020-01598,39.71482,-105.01097,7/17/2020 12:35,12:35:00,5,0,0,TEJON STREET SOUTH & BAYAUD STREET WEST,1,1,0,0,1,1,0,0,25,0,0,0,0,0,4,1,14
,2020-01600,39.74694,-104.99688,7/17/2020 13:16,13:16:00,15,0,0,15TH STREET & ARAPAHOE STREET,1,1,0,0,1,1,0,0,30,0,0,0,0,0,4,2,13
,2020-01601,39.72055,-105.0288,7/18/2020 16:00,16:00:00,6,0,0,200 NORTH HOOKER STREET & WEST THIRD AVENUE,1,1,0,0,1,2,0,0,25,0,0,0,0,0,4,2,13
,2020-01603,39.7983,-104.75543,7/18/2020 15:44,15:44:00,12,0,0,NORTH TOWER ROAD & EAST 56TH AVENUE,1,1,0,0,1,3,0,0,45,0,0,0,0,0,4,2,13
,2020-01604,39.66714,-105.01784,7/11/2020 21:35,21:35:00,6,0,0,YALE AVENUE WEST & 2595,1,3,0,0,1,2,0,0,25,0,0,0,0,0,4,3,16
,2020-01606,39.73526,-104.9874,7/20/2020 11:33,11:33:00,10,0,0,NORTH BROADWAY STREET & EAST 12TH AVENUE,1,1,0,0,1,1,0,0,35,0,0,0,0,1,4,2,3
,2020-01607,39.75728,-105.04842,7/14/2020 9:20,9:20:00,3,0,0,WEST 28TH AVENUE & NORTH WOLFF STREET,1,1,1,0,1,1,0,0,25,0,0,0,0,0,4,2,3
,2020-01608,39.78406,-104.9876,7/14/2020 11:20,11:20:00,6,0,2,48TH AVENUE WEST & BROADWAY STREET NORTH,1,1,0,0,3,1,0,0,35,0,0,0,0,2,4,2,1
,2020-01609,39.74002,-104.96908,7/14/2020 11:30,11:30:00,6,0,0,COLFAX AVENUE EAST  & HUMBOLT STREET NORTH,1,1,0,0,1,4,0,0,35,0,0,0,0,0,2,2,13
,2020-01610,39.70381,-104.94069,7/14/2020 17:45,17:45:00,1,0,0,COLORADO BOULEVARD SOUTH & EXPOSITION AVENUE EAST,1,1,0,0,1,1,0,0,35,0,0,0,0,0,2,2,3
,2020-01612,39.72908,-104.97877,6/6/2020 19:45,19:45:00,5,0,0,WASHINGTON STREET NORTH & EIGHTH AVENUE EAST,1,3,0,0,2,4,0,0,30,0,0,0,1,0,4,1,13
,2020-01614,39.72390554,-105.0186589,7/13/2020 13:24,13:24:00,6,0,0,WEST FIFTH PLACE & NORTH BRYANT STREET,1,1,0,0,1,4,0,0,25,0,0,0,0,0,4,2,14
,2020-01615,39.69931,-104.9652,7/14/2020 13:45,13:45:00,6,0,0,HIGH STREET NORTH  & NINTH AVENUE EAST,1,1,0,0,1,4,0,0,25,0,0,0,0,0,4,2,13
,2020-01616,39.78625109,-104.791086,7/14/2020 11:16,11:16:00,15,0,0,PENA BOULEVARD OUTBOUND & 7300,1,1,0,0,1,4,0,0,65,0,0,0,0,0,4,2,8
,2020-01618,39.62418,-104.90697,7/14/2020 16:50,16:50:00,15,0,0,EAST BELLEVIEW AVENUE & SOUTH NEWPORT STREET,1,1,0,0,1,3,0,0,30,0,0,0,0,0,4,2,14
,2020-01620,39.71115254,-105.0287479,6/9/2020 3:37,3:37:00,5,0,0,HOOKER STREET & ALAMEDA AVENUE WEST,11,4,1,1,2,5,0,0,15,0,0,0,0,0,2,1,13
,2020-01621,39.76808,-104.99482,6/24/2020 9:30,9:30:00,5,0,0,PARK AVENUE WEST & I25,1,3,0,0,2,4,0,0,35,0,0,0,1,0,4,1,13
,2020-01622,39.71833,-104.97391,7/14/2020 15:15,15:15:00,12,0,0,EAST SPEER BOULEVARD & NORTH CORONA STREET,1,1,0,0,1,3,0,0,30,0,0,0,0,0,4,2,3
,2020-01624,39.73842253,-104.9873794,6/12/2020 21:12,21:12:00,15,0,0,14TH AVENUE & NORTH BROADWAY STREET,1,3,0,0,1,1,0,0,25,0,0,0,0,0,4,2,13
,2020-01656,39.6922,-105.02498,3/12/2020 8:51,8:51:00,12,0,0,FEDERAL BOULEVARD SOUTH  & LOUISIANA AVENUE WEST,1,1,0,0,1,4,0,0,35,0,0,0,0,0,2,2,16
,2020-01678,39.73049,-104.96017,7/12/2020 18:50,18:50:00,10,0,0,NORTH YORK STREET & EAST NINTH AVENUE,1,3,0,0,1,1,0,0,35,0,0,0,0,0,4,2,8
,2020-01699,39.70206,-104.92164,7/13/2020 7:03,7:03:00,6,0,0,HOLLY STREET SOUTH  & KENTUCKY AVENUE EAST,1,1,0,0,3,4,0,0,30,0,0,0,0,0,4,4,6
,2020-01700,39.71703,-104.94496,7/10/2020 8:40,8:40:00,6,0,0,MONROE STREET NORTH  & FIRST AVENUE EAST,1,1,0,0,1,4,0,0,25,0,0,0,0,0,4,3,16
,2020-01701,39.71121,-104.9989,7/9/2020 14:30,14:30:00,12,0,0,I25 NORTHBOUND & ALAMEDA AVENUE WEST,1,1,0,0,1,4,0,0,65,0,0,0,0,0,1,3,1
,2020-01703,39.73686,-104.99647,7/8/2020 13:33,13:33:00,3,0,1,NORTH SPEER BOULEVARD & WEST 13TH AVENUE,1,1,1,0,1,1,0,0,30,0,0,0,0,2,4,3,13
,2020-01704,39.69046,-104.99282,7/13/2020 6:48,6:48:00,15,0,0,SANTA FE DRIVE SOUTH  & ARKANSAS AVENUE,1,1,0,0,1,4,0,0,45,0,0,0,0,0,2,3,1
,2020-01705,39.65488455,-105.0414694,6/24/2020 20:55,20:55:00,6,0,0,PATTON WAY SOUTH  & RALEIGH STREET,1,1,0,0,1,4,0,0,10,0,0,0,0,0,4,2,14
,2020-01706,39.68227,-105.02504,7/20/2020 8:40,8:40:00,3,0,1,FEDERAL BOULEVARD SOUTH & JEWELL AVENUE,1,1,0,0,1,1,0,0,35,0,0,0,0,1,2,2,16
,2020-01707,39.78214,-105.02524,7/5/2020 20:26,20:26:00,3,0,0,FEDERAL BOULEVARD NORTH & 47TH AVENUE WEST,1,1,0,0,1,1,0,0,35,0,0,0,0,0,2,2,5
,2020-01708,39.77109063,-104.8979652,7/14/2020 16:30,16:30:00,16,0,0, ,1,1,0,0,5,7,0,0,,0,0,0,0,0,3,2,14
,2020-01710,39.77997,-104.94981,7/14/2020 6:55,6:55:00,15,0,0,I70 EASTBOUND & STEELE STREET NORTH,1,1,0,0,1,4,0,0,55,0,0,0,1,0,1,2,13
,2020-01711,39.77995752,-104.9410699,7/8/2020 15:12,15:12:00,12,0,0,COLORADO BOULEVARD NORTH & I70,1,1,0,0,1,4,0,0,35,0,0,0,0,0,2,4,13
,2020-01712,39.76198,-104.90344,7/13/2020 10:36,10:36:00,3,0,0,NORTH QUEBEC STREET & EAST MLK BOULEVARD,1,1,0,0,1,1,0,0,35,0,0,0,0,0,4,2,8
,2020-01713,39.65311,-104.89689,7/12/2020 18:58,18:58:00,12,0,4,HAMPDEN AVENUE EAST  & TAMARAC STREET SOUTH,1,1,1,0,1,4,0,0,45,0,0,0,0,1,2,3,3
,2020-01715,39.76839,-104.99482,7/10/2020 17:02,17:02:00,12,0,0,I25 SOUTHBOUND & PARK AVENUE WEST,1,1,0,0,1,4,0,0,55,0,0,0,0,0,1,3,13
,2020-01716,39.73208,-104.94183,7/13/2020 15:10,15:10:00,6,0,1,HARRISON STREET NORTH  & 10TH AVENUE EAST,1,1,0,0,1,4,0,0,25,0,0,0,0,3,4,3,10
,2020-01717,39.66778,-105.05326,7/14/2020 9:45,9:45:00,12,0,0,YALE AVENUE WEST & SHERIDAN BOULEVARD,1,1,0,0,1,1,0,0,30,0,0,0,0,0,2,2,13
,2020-01718,39.74044,-105.01416,7/13/2020 8:26,8:26:00,15,0,0,I25 SOUTHBOUND & COLFAX AVENUE WEST,1,1,0,0,1,4,0,0,65,0,0,0,0,0,1,3,3
,2020-01720,39.75549,-104.99105,7/14/2020 5:44,5:44:00,3,0,0,22ND STREET & MARKET STREET,1,1,0,0,1,1,0,0,25,0,0,0,0,0,4,2,14
,2020-01721,39.71625,-104.94985,7/13/2020 19:18,19:18:00,2,0,0,ELLSWORTH AVENUE EAST & STEELE STREET SOUTH,1,1,0,0,1,1,0,0,30,1,0,0,0,0,4,2,7
,2020-01722,39.74606,-104.99455,7/14/2020 20:40,20:40:00,15,0,0,1500 CHAMPA STREET & 15TH STREET,1,3,0,0,1,4,0,0,30,0,0,0,0,0,4,2,13
,2020-01724,39.7148,-104.99857,7/11/2020 12:27,12:27:00,3,0,0,SANTA FE DRIVE SOUTH & BAYAUD AVENUE WEST,1,1,0,0,1,1,0,0,25,0,0,0,0,0,4,2,13
,2020-01725,39.70386,-104.91471,7/13/2020 10:47,10:47:00,12,0,0,LEETSDALE DRIVE & EAST EXPOSITION AVENUE,1,1,0,0,1,4,0,0,35,0,0,0,0,0,4,3,14
,2020-01727,39.70921,-105.03563,7/11/2020 12:26,12:26:00,6,0,0,3600 MORRISON ROAD & SA LOWELL BOULEVARD,1,1,0,0,1,4,0,0,35,0,1,0,0,1,4,3,16
,2020-01728,39.74043633,-105.0139856,7/10/2020 14:12,14:12:00,12,0,2,I25 SOUTHBOUND & COLFAX AVENUE WEST,1,1,1,0,1,4,0,0,65,0,0,0,0,1,1,3,1
,2020-01730,39.63324,-104.90632,7/14/2020 9:10,9:10:00,12,0,1,I25 NORTHBOUND & I225 SOUTHBOUND/WESTBOUND OFF RAMP,1,1,0,0,1,4,0,0,65,0,0,0,0,1,1,2,13
,2020-01735,39.79017,-104.89577,7/14/2020 9:00,9:00:00,6,0,0,50TH DRIVE EAST  & TRENTON STREET,1,1,0,0,1,4,0,0,25,0,0,0,0,0,4,2,3
,2020-01736,39.78009,-104.94051,7/14/2020 5:30,5:30:00,15,0,0,I70 WB OFF RAMP TO & COLORADO BOULEVARD NORTH,1,3,1,0,1,8,0,0,35,0,0,0,0,0,1,2,13
,2020-01737,39.73043,-104.98053,7/10/2020 21:58,21:58:00,6,0,0, ,1,3,0,0,1,4,0,0,30,0,0,0,0,0,4,3,5
,2020-01740,39.78675251,-104.8212484,7/10/2020 16:33,16:33:00,5,0,0,SABLE STREET NORTH  & 51ST STREET EAST,1,1,0,0,3,4,0,0,30,0,0,0,0,0,4,1,3
,2020-01741,39.72926509,-104.9211273,7/13/2020 23:59,23:59:00,16,0,1, ,1,3,0,0,5,7,0,0,0,0,1,0,0,2,3,1,16
,2020-01743,39.71377,-104.97307,7/14/2020 0:35,0:35:00,6,0,1,148 SOUTH DOWNING STREET & EAST BAYAUD AVENUE,1,3,0,0,1,4,0,0,30,0,0,0,0,2,4,2,5
,2020-01744,39.78009,-104.94051,7/9/2020 17:00,17:00:00,12,0,1,I70 WB & COLORADO BOULEVARD NORTH,1,1,0,0,1,4,0,1,65,0,0,0,0,2,1,3,7
,2020-01745,39.7384,-104.97302,7/8/2020 17:13,17:13:00,3,0,0,NORTH DOWNING STREET & EAST 14TH AVENUE,1,1,1,0,1,1,0,0,30,0,0,0,0,0,4,3,1
,2020-01746,39.72932,-105.01483,7/11/2020 13:38,13:38:00,12,0,0,I25 NORTHBOUND ON RAMP  FROM & MULBERRY PLACE WEST,1,1,0,0,1,4,0,0,55,0,0,0,0,0,1,3,13
,2020-01750,39.78439,-105.02519,7/14/2020 14:15,14:15:00,1,0,2,FEDERAL BOULEVARD NORTH & I70 EASTBOUND ON RAMP,1,1,0,0,1,1,0,0,35,0,0,0,0,1,2,2,1
,2020-01752,39.74405,-104.97615,7/1/2020 23:57,23:57:00,6,0,0,1700 NORTH EMERSON STREET & EAST 17TH AVENUE,1,3,0,0,1,4,0,0,30,0,0,0,0,0,4,3,14
,2020-01753,39.62855054,-104.9041699,7/1/2020 17:22,17:22:00,12,0,0,I25 NORTHBOUND & UNION AVENUE EAST,1,1,0,0,1,4,0,0,65,0,0,0,0,0,1,4,3
,2020-01754,39.74063,-104.95244,6/24/2020 13:54,13:54:00,12,0,0,COLFAX AVENUE EAST & MILWAUKEE STREET NORTH,1,1,0,0,1,1,0,0,30,0,0,0,0,0,2,2,14
,2020-01755,39.70929,-104.97807,7/3/2020 9:58,9:58:00,10,0,0,CLARKSON STREET SOUTH & DAKOTA AVENUE EAST,1,1,0,0,1,1,0,0,25,0,0,0,0,0,4,2,13
,2020-01756,39.71029,-105.02509,6/30/2020 6:35,6:35:00,15,0,0,FEDERAL BOULEVARD SOUTH & ALAMEDA AVENUE WEST,1,1,0,0,1,4,0,0,35,0,0,0,0,0,2,3,13
,2020-01757,39.74034,-105.03228,7/2/2020 15:57,15:57:00,12,0,1,COLFAX AVENUE WEST & KNOX COURT NORTH,1,1,0,0,1,4,0,0,30,0,0,0,0,1,2,3,3
,2020-01758,39.72568,-105.01323,6/29/2020 16:35,16:35:00,12,0,0,I25 NORTHBOUND OFF RAMP  TO & SIXTH AVENUE WEST,1,1,0,0,1,4,0,0,65,0,0,0,0,0,1,3,13
,2020-01759,39.73373,-104.95028,6/2/2020 1:34,1:34:00,6,0,0,STREET PAUL STREET NORTH  & 12TH STREET EAST,1,3,0,0,1,4,0,0,25,0,0,0,0,0,4,3,16
,2020-01760,39.73844,-104.98612,7/3/2020 9:35,9:35:00,8,0,0,EAST 14TH AVENUE & NORTH LINCOLN STREET,1,1,0,0,1,1,0,0,25,0,0,0,0,1,4,3,14
,2020-01761,39.73431,-105.01931,7/11/2020 10:47,10:47:00,12,0,3,1100 NORTH BRYANT STREET & NORTH BRYANT STREET,1,1,0,0,1,4,0,0,30,0,0,0,0,2,4,3,16
,2020-01762,39.67856,-104.98289,7/4/2020 16:14,16:14:00,1,0,0,LOGAN STREET SOUTH & EVANS AVENUE EAST,1,1,1,0,1,1,0,0,30,0,0,0,0,0,4,3,16
,2020-01763,39.77856252,-104.9034184,7/3/2020 17:35,17:35:00,12,0,3,I70 EASTBOUND OFF RAMP  TO & QUEBEC STREET,1,1,0,0,1,4,0,0,65,0,0,0,0,2,1,4,3
,2020-01764,39.73921,-104.97763,6/29/2020 22:30,22:30:00,6,0,0,CLARKSON STREET NORTH  & 14TH AVENUE EAST,1,4,0,0,1,4,0,0,30,0,0,0,0,0,4,4,13
,2020-01765,39.79099,-104.82801,7/4/2020 20:50,20:50:00,6,0,1,NORTH BILLINGS STREET & EAST ELEMENDORF PLACE,1,3,0,0,1,4,0,0,25,0,0,0,1,2,4,3,5
,2020-01766,39.74001553,-104.9684704,6/29/2020 20:16,20:16:00,12,0,0,COLFAX AVENUE EAST & ESPLANADE PARKWAY,1,2,0,0,1,1,0,0,35,0,0,0,0,0,2,3,13
,2020-01767,39.65467,-104.87174,7/1/2020 7:04,7:04:00,3,0,0,GIRARD AVENUE EAST  & FLORENCE STREET SOUTH,1,1,0,0,1,3,0,0,10,0,0,0,0,0,4,2,13
,2020-01771,39.71658,-104.9875,7/1/2020 0:44,0:44:00,3,0,0,NORTH BROADWAY STREET & EAST ELLSWORTH AVENUE,1,3,0,0,1,1,0,0,30,0,0,0,0,0,4,3,16
,2020-01772,39.71299,-104.98754,6/30/2020 16:00,16:00:00,12,0,0,SOUTH BROADWAY STREET & EAST CEDAR AVENUE,1,1,0,0,1,3,0,0,35,0,0,0,0,0,4,3,3
,2020-01773,39.67857,-104.98228,7/2/2020 13:09,13:09:00,12,0,0,400 EAST EVANS AVENUE & SOUTH LOGAN STREET,1,1,0,0,1,4,0,0,35,0,0,0,0,0,4,3,13
,2020-01774,39.68939,-104.99216,6/30/2020 12:47,12:47:00,15,0,0,SANTA FE DRIVE SOUTH  & IOWA AVENUE WEST,1,5,0,0,1,3,0,0,45,0,0,0,0,0,2,3,1
,2020-01775,39.7812,-104.74234,7/4/2020 22:32,22:32:00,3,0,1,EAST GREEN VALLEY RANCH BOULEVARD & NORTH MALAYA STREET,1,3,0,0,1,1,0,0,35,0,0,0,0,2,4,3,13