id,drcog_id,latitude,longitude,crashtime,time,crashtype,numbkilled,numbinjurd,drcoglocat,rdconditin,lightngcon,roadcntgrd,weatherco,location,roaddescrp,schoolzone,constrzone,splimit,bikeinv,pedinv,sctrinv,motoinv,svrty,rdsystem,ttlvehcls,hcf
,2020-01776,39.67475,-104.87307,6/30/2020 13:06,13:06:00,12,0,1,9700 EAST ILIFF AVENUE & SOUTH PARKER ROAD,1,1,0,0,1,3,0,0,35,0,0,0,0,1,4,3,3
,2020-01777,39.67847,-104.92869,7/2/2020 10:29,10:29:00,12,0,0,5005 EAST EVANS AVENUE & SOUTH HOLLY STREET,1,1,0,0,1,4,0,0,35,0,0,0,0,0,4,3,13
,2020-01778,39.72548053,-105.0130699,6/26/2020 12:15,12:15:00,15,0,0,I25 SOUTHBOUND OFF RAMP TO & SIXTH AVENUE WEST,1,1,0,0,1,8,0,0,40,0,0,0,0,0,1,2,16
,2020-01779,39.75513553,-105.0127189,6/30/2020 13:59,13:59:00,12,0,3,I25 SOUTHBOUND & SPEER BOULEVARD NORTH,1,1,0,0,1,4,0,0,55,0,0,0,0,1,1,3,1
,2020-01780,39.67841,-104.94075,7/1/2020 12:13,12:13:00,10,0,1,EAST EVANS AVENUE & SOUTH COLORADO BOULEVARD,6,1,0,0,1,1,0,0,35,0,0,0,0,2,4,4,13
,2020-01781,39.74000353,-104.9920099,7/3/2020 22:13,22:13:00,6,0,1, ,1,3,0,0,1,4,0,0,30,0,0,0,0,2,4,6,5
,2020-01782,39.74333,-104.99459,7/17/2020 2:45,2:45:00,5,0,1,600 14TH STREET & CALIFORNIA STREET,1,3,0,0,3,4,0,0,0,0,0,0,0,2,4,1,16
,2020-01784,39.77273051,-104.791472,7/4/2020 9:50,9:50:00,3,0,0,40TH AVENUE & PENA BOULEVARD,1,1,0,0,1,1,0,0,40,0,0,0,0,0,4,2,13
,2020-01785,39.7103,-105.05327,6/3/2020 17:04,17:04:00,12,0,0,SHERIDAN BOULEVARD SOUTH & NEVADA PLACE WEST,1,1,0,0,1,1,0,0,30,0,0,0,0,0,2,3,1
,2020-01787,39.69247,-105.05188,6/7/2020 0:57,0:57:00,6,0,2,ZENOBIA STREET SOUTH & WYOMING PLACE WEST,1,4,0,0,1,4,0,0,25,0,0,0,0,2,4,5,5
,2020-01788,39.77714,-104.88298,7/2/2020 13:34,13:34:00,15,0,0,I70 WB & CENTRAL PARK BOULEVARD NORTH,1,1,0,0,1,4,0,0,55,0,0,0,0,0,1,2,13
,2020-01789,39.74739,-104.94064,6/24/2020 15:05,15:05:00,1,0,4,COLORADO BOULEVARD NORTH & MONTVIEW BOULEVARD EAST,1,1,0,0,1,1,0,0,35,0,1,0,0,3,2,4,13
,2020-01790,39.77988,-104.96717,7/6/2020 18:01,18:01:00,1,0,0,BRIGHTON BOULEVARD NORTH & I70 EASTBOUND ON RAMP,1,1,0,0,1,1,0,1,30,0,0,0,0,0,2,2,7
,2020-01791,39.75055,-104.99919,7/16/2020 15:56,15:56:00,2,0,1,16TH STREET & BLAKE STREET,1,1,0,0,1,1,0,0,0,1,0,0,0,2,4,2,16
,2020-01792,39.75651,-104.9406,7/12/2020 20:47,20:47:00,1,0,0,COLORADO BOULEVARD NORTH & 28TH AVENUE EAST,1,3,0,0,1,1,0,0,35,0,0,0,0,0,2,2,13
,2020-01793,39.75484,-105.02522,7/6/2020 16:26,16:26:00,1,0,0,FEDERAL BOULEVARD NORTH & 26TH AVENUE WEST,1,1,0,0,1,1,0,0,35,0,0,0,0,0,2,2,16
,2020-01794,39.69046,-104.99282,7/17/2020 9:19,9:19:00,12,0,0,SANTA FE DRIVE SOUTH  & ARIZONA AVENUE WEST,1,1,0,0,1,4,0,0,45,0,0,0,0,0,2,2,13
,2020-01795,39.77498,-104.81196,7/17/2020 7:20,7:20:00,15,0,0,15200 EAST ANDREWS DRIVE & CHAMBERS ROAD,1,1,0,0,1,4,0,0,25,0,0,0,0,0,4,2,7
,2020-01796,39.68865,-105.05326,7/12/2020 19:45,19:45:00,12,0,1,SHERIDAN BOULEVARD SOUTH  & FLORIDA AVENUE EAST,1,2,0,0,1,3,0,0,25,0,0,0,0,1,2,2,4
,2020-01797,39.77858936,-104.9159592,6/30/2020 8:06,8:06:00,12,0,4,I70 WB & LEYDEN STREET NORTH,1,1,1,0,1,4,0,0,65,0,0,0,0,2,1,5,3
,2020-01798,39.76074,-104.95732,7/17/2020 9:45,9:45:00,15,0,0,EAST 31ST AVENUE & NORTH COLUMBINE STREET,1,1,0,0,1,1,0,0,35,0,0,0,0,0,4,2,7
,2020-01800,39.72942253,-105.0111709,7/6/2020 10:12,10:12:00,14,0,0,WEST EIGHTH AVENUE & NORTH TEJON STREET,1,1,1,0,1,4,0,0,35,0,0,0,0,0,4,2,14
,2020-01801,39.72548053,-105.0130699,7/13/2020 7:20,7:20:00,9,0,1,I25 NORTHBOUND & SIXTH AVENUE WEST,1,1,1,0,1,4,0,0,55,0,0,0,0,1,1,2,10
,2020-01802,39.76976,-105.02524,7/13/2020 8:15,8:15:00,12,0,0,FEDERAL BOULEVARD NORTH  & 38TH AVENUE,1,1,0,0,1,4,0,0,35,0,0,0,0,0,2,2,13
,2020-01803,39.75236,-105.03806,6/30/2020 15:29,15:29:00,6,0,0,OSCEOLA STREET  & 26TH AVENUE WEST,1,1,1,0,1,4,0,0,25,0,0,0,0,0,4,2,15
,2020-01804,39.7426,-104.90816,7/13/2020 9:55,9:55:00,12,0,0,NORTH ONEIDA STREET & EAST BATAVIA PLACE,1,1,0,0,1,3,0,0,25,0,0,0,0,0,4,2,13
,2020-01805,39.76142,-104.90346,7/13/2020 9:32,9:32:00,3,0,0,MLK BOULEVARD EAST & QUEBEC STREET NORTH,1,1,0,0,1,1,0,0,35,0,0,0,0,0,4,2,10
,2020-01806,39.69757,-104.99271,7/13/2020 8:54,8:54:00,12,0,0,1000 SOUTH PLATTE RIVER DRIVE & SOUTH FOX STREET,1,1,0,0,1,4,0,0,30,0,0,0,0,0,4,2,13
,2020-01807,39.67474753,-104.8740199,7/15/2020 14:25,14:25:00,12,0,0,EAST ILIFF AVENUE & SOUTH EMPORIA STREET,1,1,0,0,1,3,0,0,35,0,0,0,0,0,4,3,3
,2020-01808,39.7001,-105.04856,7/12/2020 19:18,19:18:00,1,0,0,MORRISON ROAD & WOLFF STREET SOUTH,1,1,0,0,1,3,0,0,35,0,0,0,0,0,4,2,13
,2020-01809,39.72907,-104.98615,7/4/2020 9:31,9:31:00,3,0,1,NORTH LINCOLN STREET & EAST EIGHTH AVENUE,1,1,0,0,1,1,0,0,35,0,0,0,0,3,4,2,13
,2020-01810,39.65309,-104.91414,7/5/2020 20:10,20:10:00,12,0,0,6400 EAST HAMPDEN AVENUE & SOUTH LOCUST STREET,1,1,0,0,1,4,0,0,35,0,0,0,0,0,4,2,10
,2020-01811,39.72561,-104.97756,7/17/2020 9:06,9:06:00,3,0,0,EAST SIXTH AVENUE & NORTH CLARKSON STREET,1,1,0,0,1,1,0,0,30,0,0,0,0,0,4,2,13
,2020-01812,39.70028,-105.02481,7/12/2020 12:34,12:34:00,12,0,2,FEDERAL BOULEVARD SOUTH  & KENTUCKY AVENUE WEST,1,1,0,0,1,4,0,0,35,0,0,0,0,2,2,3,16
,2020-01813,39.7383,-104.92343,6/30/2020 13:30,13:30:00,3,0,0,EAST 14TH AVENUE & NORTH HUDSON STREET,1,1,0,0,1,1,0,0,25,0,0,0,0,0,4,2,8
,2020-01814,39.78376,-104.8098,7/3/2020 19:00,19:00:00,15,0,0,NORTH CHAMBERS ROAD & EAST GREEN VALLEY RANCH BOULEVARD,1,1,0,0,1,4,0,0,35,0,0,0,0,0,4,2,1
,2020-01815,39.72019,-104.9522,7/9/2020 13:04,13:04:00,5,0,0,MILWAUKEE STREET NORTH  & SECOND AVENUE EAST,1,1,0,0,3,4,0,0,25,0,0,0,0,0,4,1,16
,2020-01816,39.71117,-105.01916,7/6/2020 17:45,17:45:00,15,0,0,WEST ALAMEDA AVENUE & SOUTH CANOSA COURT,1,1,0,0,1,1,0,0,30,0,0,0,0,0,4,2,1
,2020-01818,39.67916,-105.05269,7/11/2020 11:02,11:02:00,10,0,0,EVANS AVENUE WEST  & ZENOBIA STREET SOUTH,1,1,0,0,1,3,0,0,30,0,0,0,0,0,4,2,13
,2020-01819,39.74012,-104.9588,7/9/2020 10:42,10:42:00,2,0,1,COLFAX AVENUE EAST & JOSEPHINE STREET NORTH,1,1,0,0,1,1,0,0,0,1,0,0,0,1,2,2,16
,2020-01820,39.78432,-104.88399,7/9/2020 15:53,15:53:00,6,0,0,9000 EAST 48TH AVENUE & CENTRAL PARK BOULEVARD,1,1,0,0,1,4,0,0,20,0,0,0,0,0,4,2,13
,2020-01822,39.74833,-104.9305,7/17/2020 9:46,9:46:00,6,0,0,EUDORA STREET NORTH  & MONTVIEW BOULEVARD,1,1,0,0,1,4,0,0,25,0,0,0,0,0,4,2,7
,2020-01823,39.75928453,-104.9938819,7/5/2020 22:03,22:03:00,3,0,3,PARK AVENUE WEST & WEWATTA STREET,1,3,0,0,1,1,0,0,35,0,0,0,0,1,4,2,13
,2020-01824,39.65304,-104.93282,7/16/2020 12:58,12:58:00,12,0,0,HAMPDEN AVENUE EAST  & DAHLIA STREET SOUTH,1,1,0,0,1,4,0,0,35,0,0,0,0,0,2,3,13
,2020-01825,39.71111,-104.97339,7/15/2020 12:51,12:51:00,3,0,0,SOUTH DOWNING STREET & EAST ALAMEDA AVENUE,1,1,0,0,1,1,0,0,30,0,0,0,0,0,4,4,13
,2020-01827,39.68982,-104.97342,7/6/2020 16:08,16:08:00,15,0,0,I25 SOUTHBOUND & DOWNING STREET SOUTH,1,1,0,0,1,4,0,0,65,0,0,0,0,0,1,2,13
,2020-01828,39.71111,-105.05325,7/13/2020 8:40,8:40:00,12,0,0,SHERIDAN BOULEVARD SOUTH & ALAMEDA AVENUE WEST,1,1,0,0,1,1,0,0,35,0,0,0,0,0,2,2,1
,2020-01829,39.80556,-104.77219,7/11/2020 20:40,20:40:00,1,0,0,TOWER ROAD NORTH & 60TH AVENUE EAST,1,2,0,0,1,1,0,0,45,0,0,0,0,0,4,2,5
,2020-01830,39.69921,-105.05324,7/12/2020 1:54,1:54:00,5,0,0,SHERIDAN BOULEVARD SOUTH  & MORRISON ROAD,1,3,0,0,3,4,0,0,35,0,0,0,0,0,2,1,14
,2020-01832,39.74379,-104.89169,6/17/2020 14:17,14:17:00,6,0,1,VALENTIA STREET NORTH & 17TH AVENUE EAST,1,1,0,0,1,4,0,1,30,0,0,0,0,1,4,1,16
,2020-01834,39.70402,-105.02981,7/11/2020 11:38,11:38:00,3,0,0,WEST EXPOSITION AVENUE & SOUTH IRVING STREET,1,1,0,0,1,1,0,0,25,0,0,0,0,0,4,2,16
,2020-01835,39.77283,-104.80163,7/17/2020 6:40,6:40:00,1,0,0,40TH AVENUE EAST & KITTREDGE STREET NORTH,1,1,0,0,1,1,0,0,35,0,0,0,0,0,4,2,8
,2020-01836,39.79101,-104.94755,7/12/2020 0:17,0:17:00,6,0,0,EAST 52ND AVENUE & NORTH COOK STREET,1,3,0,0,1,4,0,0,30,0,0,0,0,0,4,2,1
,2020-01837,39.67735754,-105.0298009,7/12/2020 22:57,22:57:00,5,0,1,IRVING STREET SOUTH  & WARREN AVENUE WEST,1,4,0,0,1,4,0,0,25,0,0,0,0,2,4,1,10
,2020-01838,39.74577,-105.03151,7/1/2020 8:45,8:45:00,6,0,0,1800 NORTH JULIAN STREET & WEST 19TH AVENUE,1,1,0,0,1,4,0,0,30,0,0,0,0,0,4,2,16
,2020-01839,39.69435,-104.97925,7/13/2020 7:52,7:52:00,12,0,0,I25 NORTHBOUND & WASHINGTON STREET SOUTH,1,1,0,0,1,4,0,0,55,0,0,0,0,0,1,2,16
,2020-01840,39.71833,-104.97391,7/12/2020 23:25,23:25:00,3,0,0,EAST SPEER BOULEVARD & NORTH CORONA STREET,1,3,0,0,1,1,0,0,35,0,0,0,0,0,4,2,13
,2020-01841,39.78013102,-104.9702748,7/13/2020 0:05,0:05:00,9,0,1,I70 WB ENTRANCE GORE POINT FROM & BRIGHTON BOULEVARD NORTH ON RAMP,1,3,0,0,1,4,0,0,65,0,0,0,1,3,1,1,7
,2020-01854,39.74932,-104.99031,7/5/2020 20:48,20:48:00,3,0,0,19TH STREET & CHAMPA STREET,1,1,0,0,1,1,0,0,25,0,0,0,0,0,4,2,16
,2020-01950,39.73701,-104.97044,7/7/2020 9:00,9:00:00,6,0,0,LAFAYETYTE STREET NORTH  & 13TH AVENUE EAST,1,1,0,0,1,4,0,0,25,0,0,0,0,0,4,2,13
,2020-01954,39.76564,-105.0112,7/7/2020 11:10,11:10:00,3,0,1,TEJON STREET NORTH & 35TH AVENUE WEST,1,1,0,0,1,1,0,0,25,0,0,0,0,1,4,2,13
,2020-01956,39.69669,-104.99915,6/10/2020 21:30,21:30:00,1,0,3,WEST MISSISSIPPI AVENUE & SOUTH JASON STREET,1,3,0,0,1,1,0,0,35,0,0,0,0,3,4,2,14
,2020-01957,39.65889,-104.85898,7/3/2020 17:37,17:37:00,6,0,0,3100 SOUTH KENTON STREET & EAST DARTMOUTH AVENUE,1,1,0,0,1,4,0,0,25,0,0,0,0,0,4,3,7
,2020-01958,39.75072,-104.95977,7/1/2020 3:24,3:24:00,5,0,0,23RD AVENUE EAST & NORTH YORK STREET,1,3,0,0,3,1,0,0,30,0,0,0,0,0,4,1,13
,2020-01959,39.68489053,-104.9034319,7/9/2020 12:41,12:41:00,8,0,3,7700 CHERRY CREEK SOUTH DRIVE & SOUTH QUEBEC STREET,1,1,0,0,1,4,0,0,30,0,0,0,0,2,4,2,13
,2020-01960,39.63997,-104.8851,7/7/2020 16:05,16:05:00,9,0,0,I225 NORTHBOUND ON RAMP & YOSEMITE STREET,1,1,1,0,1,8,0,0,55,0,0,0,1,0,1,1,7
,2020-01961,39.72907,-104.98615,7/7/2020 14:20,14:20:00,12,0,0,EAST EIGHTH AVENUE & NORTH LINCOLN STREET,1,1,0,0,1,1,0,0,30,0,0,0,0,1,4,2,13
,2020-01962,39.70749,-104.97338,7/10/2020 13:45,13:45:00,14,0,1,SOUTH DOWNING STREET & EAST VIRGINIA AVENUE,1,1,0,0,1,4,0,0,30,0,0,0,0,2,4,2,5
,2020-01963,39.71121,-104.99839,7/10/2020 13:00,13:00:00,12,0,0,WEST ALAMEDA AVENUE & SOUTH KALAMATH STREET,1,1,0,0,1,1,0,0,45,0,0,0,0,0,4,2,16
,2020-01964,39.724,-105.04859,6/17/2020 21:30,21:30:00,5,0,0,FIFTH AVENUE WEST & WOLFF STREET NORTH,1,3,0,0,3,3,0,0,30,0,0,0,0,0,4,1,1
,2020-01965,39.68309,-104.94055,6/26/2020 7:32,7:32:00,12,0,1,COLORADO BOULEVARD SOUTH & I25 NORTHBOUND,1,1,0,0,1,8,0,0,35,0,0,0,0,2,1,2,1
,2020-01967,39.69651,-104.89705,7/10/2020 7:43,7:43:00,2,0,1,MISSISSIPPI AVENUE EAST & 7500,1,1,0,0,1,2,0,0,,1,0,0,0,2,4,2,13
,2020-01968,39.63192,-105.0478,7/9/2020 16:18,16:18:00,6,0,0,4500 WEST UNION AVENUE & SOUTH UTICA STREET,1,1,0,0,1,4,0,0,25,0,0,0,0,0,4,2,3
,2020-01969,39.72412153,-104.9845399,7/9/2020 9:51,9:51:00,5,0,0,EAST FIFTH AVENUE & SPEER BOULEVARD,1,3,0,0,3,1,0,0,30,0,0,0,0,0,4,1,13
,2020-01970,39.74016,-104.90232,7/7/2020 14:24,14:24:00,3,0,1,QUINCE STREET NORTH & COLFAX AVENUE EAST,1,1,0,0,1,1,0,0,25,0,0,0,0,1,2,2,13
,2020-01971,39.76746,-104.90345,7/7/2020 13:36,13:36:00,12,0,0,NORTH QUEBEC STREET & EAST 36TH AVENUE,1,1,0,0,1,3,0,0,35,0,0,0,0,0,4,2,16
,2020-01972,39.69296,-104.96174,6/18/2020 15:39,15:39:00,10,0,0,EAST LOUISIANA AVENUE & SOUTH GAYLORD STREET,1,1,0,0,1,1,0,0,30,0,0,0,0,1,4,2,5
,2020-01973,39.67513,-105.02507,6/21/2020 15:18,15:18:00,1,0,1,ILIFF AVENUE WEST & FEDERAL BOULEVARD SOUTH,1,1,1,0,1,1,0,0,35,0,0,0,0,1,2,2,1
,2020-01974,39.67858,-105.02271,6/5/2020 14:41,14:41:00,12,0,0,2900 WEST EVANS AVENUE & SOUTH FEDERAL BOULEVARD,1,1,0,0,1,4,0,0,30,0,0,0,0,0,4,2,1
,2020-01975,39.78078,-104.814,7/5/2020 3:39,3:39:00,6,0,1,BOLLING ROAD EAST  & FRASER WAY NORTH,14,5,3,7,1,4,0,0,25,0,0,0,0,2,4,2,5
,2020-01976,39.77295,-105.02762,7/12/2020 15:06,15:06:00,3,0,0,WEST 41ST AVENUE & NORTH GROVE STREET,1,1,0,0,1,1,0,0,30,0,0,0,0,0,4,2,13
,2020-01977,39.79465,-104.8331,6/6/2020 14:31,14:31:00,5,0,2,MAXWELL PLACE EAST & LACKLAND DRIVE,1,1,0,0,2,3,0,0,30,0,0,0,0,3,4,1,1
,2020-01978,39.69666,-104.99294,7/5/2020 17:10,17:10:00,1,0,2,PLATTE RIVER DRIVE SOUTH & MISSISSIPPI AVENUE WEST,1,1,0,0,1,1,0,0,35,0,0,0,0,2,4,2,8
,2020-01979,39.65334,-105.05321,6/5/2020 12:42,12:42:00,15,0,0,SHERIDAN BOULEVARD & HAMDPEN AVENUE,1,1,0,0,1,4,0,0,30,0,0,0,0,0,2,2,7
,2020-01980,39.73529,-105.00527,6/20/2020 21:30,21:30:00,6,0,0,NORTH OSAGE STREET & WEST 12TH STREET,1,3,0,0,1,4,0,0,25,0,0,0,0,0,4,4,5
,2020-01981,39.73387,-104.99351,7/7/2020 11:20,11:20:00,3,0,0,11TH AVENUE WEST & SPEER BOULEVARD NORTH,1,1,0,0,1,1,0,0,30,0,0,0,0,0,4,2,8
,2020-01982,39.69849,-105.04815,7/4/2020 2:00,2:00:00,16,0,0, ,1,3,0,0,5,7,0,0,25,0,0,0,0,0,3,1,5
,2020-01983,39.77799,-104.90821,6/28/2020 3:50,3:50:00,5,0,0,I70 EASTBOUND ON RAMP & STAPLETON DRIVE EAST EASTBOUND I70 ENTRANCE,1,2,0,0,4,8,0,1,35,0,0,0,0,0,1,1,5
,2020-01984,39.71311,-104.91283,7/6/2020 8:45,8:45:00,1,0,0,SOUTH MONACO STREET & EAST CEDAR AVENUE,1,1,0,0,1,1,0,0,35,0,0,0,0,0,4,2,13
,2020-01986,39.71473453,-104.9862904,7/3/2020 21:05,21:05:00,6,0,1,LINCOLN STREET SOUTH & BAYAUD AVENUE EAST,1,3,0,0,3,4,0,0,30,0,0,0,0,1,4,3,14
,2020-01987,39.76095,-105.00433,7/17/2020 14:55,14:55:00,12,0,0,I25 NORTHBOUND & 20TH STREET,1,1,0,0,1,4,0,0,65,0,0,0,0,0,1,3,13
,2020-01988,39.70662554,-104.9965819,7/7/2020 18:12,18:12:00,15,0,0,I25 SOUTHBOUND & SANTA FE DRIVE SOUTH,1,1,0,0,1,4,0,0,65,0,0,0,0,0,1,2,2
,2020-01989,39.72591,-105.04349,7/1/2020 5:15,5:15:00,6,0,0, ,1,1,0,0,1,4,0,0,25,0,0,0,0,0,4,3,16
,2020-01990,39.71608,-104.95922,7/7/2020 17:50,17:50:00,1,0,0,UNIVERSITY BOULEVARD NORTH & CHEERY CREEK DRIVE EAST,1,1,0,0,1,1,0,0,35,0,0,0,0,0,4,2,7
,2020-01991,39.8338315,-104.746859,7/5/2020 20:30,20:30:00,15,0,0,PENA BOULEVARD & E470,1,1,0,0,1,4,0,0,65,0,0,0,0,0,4,2,16
,2020-01992,39.75817,-104.96565,6/23/2020 19:07,19:07:00,6,0,0,29TH AVENUE EAST & 1800,1,1,0,0,1,4,0,0,25,0,0,0,0,0,4,2,14
,2020-01994,39.72548053,-105.0130699,7/5/2020 11:56,11:56:00,15,0,0,I25 SOUTHBOUND OFF RAMP  TO & SIXTH AVENUE WEST,1,1,0,0,1,4,0,0,55,0,0,0,0,0,4,2,16
,2020-01995,39.72568,-105.01323,6/25/2020 11:36,11:36:00,12,0,0,I25 NORTHBOUND & SIXTH AVENUE WB OFF RAMP,1,1,0,0,1,8,0,0,30,0,0,0,0,0,1,2,13
,2020-01996,39.7387,-104.90346,7/5/2020 5:23,5:23:00,3,0,0,NORTH QUEBEC STREET & EAST 14TH AVENUE,1,1,0,1,1,1,0,0,30,0,0,0,0,1,4,2,5
,2020-01997,39.75723,-104.99924,7/7/2020 12:20,12:20:00,3,0,0,1900 CHESTNUT PLACE & 19TH STREET,1,1,0,0,1,2,0,0,25,0,0,0,0,0,4,2,13
,2020-01998,39.73383253,-104.9873794,6/25/2020 10:14,10:14:00,6,0,0,000 WEST 11TH AVENUE & NORTH BROADWAY STREET,1,1,0,0,1,4,0,0,25,0,0,0,0,0,4,2,16
,2020-01999,39.70150454,-104.9875189,6/28/2020 5:35,5:35:00,12,0,0,I25 SOUTHBOUND & BROADWAY STREET SOUTH,1,2,1,0,1,4,0,0,65,0,0,0,0,0,1,2,1
,2020-02000,39.72094,-104.99636,7/7/2020 13:20,13:20:00,14,0,0,WEST THIRD AVENUE & NORTH GALAPAGO STREET,1,1,0,0,1,3,0,0,25,0,0,0,0,0,4,2,1
,2020-02001,39.68294,-105.00185,7/4/2020 20:19,20:19:00,5,0,3,PLATTE RIVER DRIVE SOUTH  & FLORIDA AVENUE WEST,11,2,0,0,3,4,0,0,40,0,0,0,0,2,4,1,7
,2020-02002,39.74036,-105.04867,6/12/2020 7:30,7:30:00,6,0,0,WOLFF STREET NORTH & COLFAX AVENUE WEST,1,1,0,0,1,4,0,0,30,0,0,0,0,0,4,2,13
,2020-02003,39.6269,-104.90671,6/21/2020 17:47,17:47:00,5,0,0,NEWPORT STREET & LAYTON AVENUE EAST,1,1,0,0,2,4,0,0,35,0,0,0,0,0,4,1,1
,2020-02005,39.77714,-104.88298,7/1/2020 22:54,22:54:00,12,0,0,I70 EASTBOUND OFF RAMP  TO & CENTRAL PARK BOULEVARD NORTH,1,3,0,0,1,4,0,0,65,0,0,0,0,0,1,2,5
,2020-02006,39.71088,-104.98236,6/9/2020 0:01,0:01:00,6,0,0,LOGAN STREET SOUTH  & DAKOTA STREET EAST,1,3,0,0,1,4,0,0,35,0,0,0,0,0,4,2,14
,2020-02007,39.77842,-104.90357,7/1/2020 17:10,17:10:00,3,0,0,NORTHFIELD QUEBEC STREET NORTH & I70 WB ON RAMP,1,1,0,0,1,1,0,0,35,0,0,0,0,0,2,3,7
,2020-02008,39.72974,-104.98078,6/16/2020 8:26,8:26:00,6,0,0,PENNSYLVANIA STREET NORTH  & EIGHTH AVENUE EAST,1,1,0,0,1,4,0,0,25,0,0,0,0,0,4,2,16
,2020-02009,39.6922,-105.03906,7/17/2020 1:51,1:51:00,6,0,0,PATTON CTG SOUTH  & LOUISIANA AVENUE WEST,1,4,0,0,1,4,0,0,25,0,0,0,0,0,4,7,1
,2020-02010,39.74376,-104.90346,7/12/2020 13:46,13:46:00,12,0,0,1600 NORTH QUEBEC STREET & EAST 18TH AVENUE,1,1,0,0,1,4,0,0,30,0,0,0,0,0,4,2,3
,2020-02011,39.73665,-104.93238,6/22/2020 14:31,14:31:00,6,0,0,1300 NORTH DEXTER STREET & EAST 14TH AVENUE,1,1,0,0,1,4,0,0,25,0,0,0,0,0,4,2,1
,2020-02012,39.78376,-104.8098,7/12/2020 0:10,0:10:00,1,0,0,EAST GATEWAY AVENUE & NORTH CHAMBERS ROAD,1,3,0,0,1,1,0,0,40,0,0,0,0,1,4,2,5
,2020-02013,39.74619,-104.98232,7/3/2020 8:22,8:22:00,2,0,0,19TH AVENUE EAST & LOGAN STREET NORTH,1,1,0,0,1,1,0,0,30,1,0,0,0,0,4,2,13
,2020-02014,39.76796053,-104.9949709,7/2/2020 8:05,8:05:00,12,0,1,I25 SOUTHBOUND & PARK AVENUE WEST,1,1,0,0,1,4,0,0,65,0,0,0,0,1,1,2,3
,2020-02015,39.71156,-104.94071,7/2/2020 14:53,14:53:00,15,0,0,ALAMEDA AVENUE EAST & COLORADO BOULEVARD SOUTH,1,1,0,0,1,4,0,0,35,0,0,0,0,0,2,2,7
,2020-02016,39.75118453,-104.9878789,6/15/2020 7:00,7:00:00,5,0,0,21ST STREET & CHAMPA STREET,14,5,0,7,4,1,0,0,25,0,0,0,0,0,4,1,16
,2020-02017,39.66216,-105.04409,7/9/2020 16:31,16:31:00,6,0,2, ,1,1,0,0,1,4,0,0,20,0,1,0,0,3,4,2,1
,2020-02018,39.78097,-104.8893,7/12/2020 16:24,16:24:00,12,0,0,EAST 46TH AVENUE & NORTH WABASH STREET,1,1,0,0,1,3,0,0,,0,0,0,1,0,4,2,1
,2020-02019,39.77714,-104.88298,6/15/2020 14:44,14:44:00,15,0,0,I70 EASTBOUND & CENTRAL PARK BOULEVARD NORTH,1,1,0,0,1,4,0,0,55,0,0,0,0,0,1,2,14
,2020-02020,39.72909,-104.9874,7/12/2020 14:40,14:40:00,3,0,0,EAST EIGHTH AVENUE & NORTH BROADWAY STREET,1,1,0,0,1,1,0,0,30,0,0,0,0,1,4,2,13
,2020-02021,39.63324,-104.90633,6/16/2020 17:48,17:48:00,15,0,0,I25 NORTHBOUND ON RAMP  FROM & I225 SOUTHBOUND,1,1,1,0,1,4,0,0,65,0,0,0,0,0,1,2,16
,2020-02022,39.79833,-104.76269,7/2/2020 14:13,14:13:00,15,0,0,EAST 56TH AVENUE & NORTH DUNKIRK STREET,1,1,0,0,1,4,0,0,40,0,0,0,0,0,4,2,13
,2020-02023,39.73847,-105.03698,6/1/2020 12:39,12:39:00,3,0,0,WEST 14TH AVENUE & NORTH NEWTON STREET,1,1,1,0,1,1,0,0,30,0,0,0,0,0,4,2,14
,2020-02024,39.71228,-105.03122,6/14/2020 11:24,11:24:00,1,0,0,200 SOUTH JULIAN STREET & WEST ALAMEDA AVENUE,1,1,0,0,1,2,0,0,25,0,0,0,0,0,4,2,13
,2020-02025,39.73571,-105.03811,7/17/2020 11:37,11:37:00,14,0,0,1200 NORTH OSCEOLA STREET & WEST 12TH AVENUE,1,1,1,0,1,4,0,0,25,0,0,0,0,0,4,3,1
,2020-02026,39.75521,-105.01292,7/2/2020 6:32,6:32:00,12,0,1,I25 SOUTHBOUND & SPEER BOULEVARD NORTH,1,1,0,0,1,4,0,0,65,0,0,0,0,1,1,2,13
,2020-02027,39.67478,-104.91005,6/14/2020 19:00,19:00:00,15,0,0,6800 EAST ILIFF AVENUE & SOUTH ONEIDA STREET,1,1,1,7,1,4,0,0,30,0,0,0,0,0,4,2,13
,2020-02028,39.73687,-104.99869,7/12/2020 17:54,17:54:00,15,0,0,NORTH SANTA FE DRIVE & WEST 13TH AVENUE,1,1,0,0,1,4,0,0,35,0,0,0,0,0,4,2,13
,2020-02029,39.71843,-105.05328,7/11/2020 22:31,22:31:00,12,0,0,SHERIDAN BOULEVARD & FIRST AVENUE WEST,1,3,0,0,1,4,0,0,40,0,0,0,0,0,2,2,13
,2020-02030,39.74015,-104.92578,7/3/2020 12:19,12:19:00,11,0,1,COLFAX AVENUE EAST & GLENCOE STREET NORTH,1,1,0,0,1,4,0,0,0,0,1,0,0,2,2,1,16
,2020-02031,39.71121,-104.9989,7/3/2020 10:19,10:19:00,12,0,0,I25 NORTHBOUND & ALAMEDA AVENUE WEST,1,1,0,0,1,4,0,0,55,0,0,0,0,0,1,2,3
,2020-02032,39.82407,-104.7857,6/30/2020 20:06,20:06:00,9,0,0,PENA BOULEVARD  & TOWER ROAD NORTH,1,1,0,0,1,4,0,0,65,0,0,0,0,0,4,1,5