id,drcog_id,latitude,longitude,crashtime,time,crashtype,numbkilled,numbinjurd,drcoglocat,rdconditin,lightngcon,roadcntgrd,weatherco,location,roaddescrp,schoolzone,constrzone,splimit,bikeinv,pedinv,sctrinv,motoinv,svrty,rdsystem,ttlvehcls,hcf
,2020-02033,39.76194,-104.94872,7/3/2020 14:37,14:37:00,9,0,0,MLK BOULEVARD EAST & ADAMS STREET NORTH,1,1,0,0,1,4,0,0,35,0,0,0,0,0,4,1,14
,2020-02034,39.73476,-105.02516,7/12/2020 17:25,17:25:00,1,0,3,FEDERAL BOULEVARD NORTH & 12TH AVENUE WEST,1,1,0,0,1,1,0,0,35,0,0,0,0,2,2,2,5
,2020-02035,39.77856252,-104.9034184,7/16/2020 3:28,3:28:00,12,0,0,I70 EASTBOUND & QUEBEC STREET NORTH,1,4,2,0,1,4,0,0,60,0,0,0,0,0,1,3,8
,2020-02037,39.72548053,-105.0130699,7/1/2020 10:40,10:40:00,12,0,0,I25 NORTHBOUND & SIXTH AVENUE WB,1,1,0,0,1,4,0,0,55,0,0,0,0,0,1,3,13
,2020-02038,39.77856252,-104.9034184,7/2/2020 8:45,8:45:00,12,0,0,NORTHFIELD QUEBEC STREET & I70 WB OFF RAMP,1,1,1,0,1,1,0,0,35,0,0,0,0,0,2,2,7
,2020-02039,39.71121,-104.99913,7/2/2020 23:42,23:42:00,15,0,1,I25 SOUTHBOUND & ALAMEDA AVENUE WEST,1,3,0,0,1,4,0,0,55,0,0,0,0,1,1,3,13
,2020-02040,39.69669,-104.99915,7/3/2020 0:11,0:11:00,9,0,1,MISSISSIPPI AVENUE WEST & JASON STREET SOUTH,1,3,0,0,1,4,0,0,30,0,0,0,1,2,4,1,3
,2020-02041,39.69851,-105.02464,6/22/2020 16:38,16:38:00,15,0,0,FEDERAL BOULEVARD SOUTH  & MISSISSIPPI AVENUE WEST,1,1,0,0,1,4,0,0,30,0,0,0,0,0,2,2,13
,2020-02042,39.76198,-104.90344,7/2/2020 15:40,15:40:00,12,0,0,NORTH QUEBEC STREET & EAST MLK BOULEVARD,1,1,1,0,1,4,0,0,35,0,0,0,0,1,4,2,8
,2020-02044,39.78236952,-104.8565779,6/17/2020 17:05,17:05:00,10,0,0,47TH AVENUE EAST & LIMA STREET NORTH,1,1,0,0,1,1,0,0,30,0,0,0,0,0,4,2,13
,2020-02045,39.77421,-104.84704,7/16/2020 22:11,22:11:00,12,0,0,I70 WB ON RAMP  FROM & PEORIA STREET NORTH,1,3,0,0,1,4,0,0,55,0,0,0,0,0,1,3,14
,2020-02047,39.78152,-104.95382,7/12/2020 7:00,7:00:00,5,0,0, ,1,4,0,0,2,5,0,0,10,0,0,0,0,0,4,1,16
,2020-02048,39.82189,-104.77195,7/10/2020 22:15,22:15:00,8,0,0,EAST 69TH AVENUE & NORTH TOWER ROAD,1,4,0,0,1,1,0,0,40,0,0,0,0,0,4,2,8
,2020-02049,39.68497154,-105.0250489,7/8/2020 17:29,17:29:00,12,0,0,FEDERAL BOULEVARD SOUTH  & COLORADO AVENUE WEST,1,1,0,0,1,3,0,0,35,0,0,0,0,0,2,2,16
,2020-02051,39.70038,-105.04164,7/12/2020 11:47,11:47:00,6,0,0,4100 WEST KENTUCKY AVENUE & SOUTH QUITMAN STREET,1,1,0,0,1,2,0,0,25,0,0,0,0,0,4,2,16
,2020-02052,39.71116154,-104.9923699,7/8/2020 13:00,13:00:00,12,0,0,200 WEST ALAMEDA AVENUE & SOUTH CHEROKEE STREET,1,1,0,0,1,3,0,0,,0,0,0,0,0,4,2,13
,2020-02053,39.66033822,-104.8618297,7/8/2020 10:52,10:52:00,3,0,1,DARTMOUTH AVENUE EAST  & JAMAICA COURT SOUTH,1,1,0,0,1,2,0,0,35,0,0,0,1,2,4,2,13
,2020-02054,39.72413053,-104.9874919,7/11/2020 17:47,17:47:00,2,0,1,FIFTH AVENUE EAST & BROADWAY STREET NORTH,1,1,0,0,1,1,0,0,0,1,0,0,0,1,4,2,16
,2020-02055,39.72548053,-105.0130699,7/2/2020 14:16,14:16:00,12,0,0,I25 NORTHBOUND & SIXTH AVENUE WEST,1,1,1,0,1,4,0,0,55,0,0,0,0,0,1,2,13
,2020-02056,39.82189,-104.77195,7/12/2020 1:52,1:52:00,1,0,2,TOWER ROAD NORTH & 69TH AVENUE EAST,1,3,0,0,1,1,0,0,40,0,0,0,0,1,4,2,13
,2020-02058,39.75197,-104.9647,7/12/2020 9:20,9:20:00,3,0,0,EAST 24TH AVENUE & NORTH HIGH STREET,1,1,0,0,1,1,0,0,25,0,0,0,0,0,4,2,13
,2020-02059,39.75447,-104.95976,7/8/2020 12:25,12:25:00,3,0,0,NORTH YORK STREET & EAST 26TH AVENUE,1,1,0,0,1,1,0,0,30,0,0,0,0,1,4,2,8
,2020-02060,39.67476,-104.87084,7/13/2020 0:02,0:02:00,12,0,2,ILIFF AVENUE & PARKER ROAD SOUTH,1,3,1,0,1,1,0,0,40,0,0,0,0,2,2,2,5
,2020-02062,39.78327,-105.00643,7/11/2020 9:59,9:59:00,15,0,1,I70 WB & PECOS STREET NORTH,1,1,0,0,1,4,0,0,55,0,0,0,0,2,1,2,3
,2020-02064,39.77968,-104.97916,7/12/2020 1:24,1:24:00,5,0,1,I70 WB OFF RAMP GORE POINT TO & WASHINGTON STREET NORTH,1,3,0,0,3,4,0,0,65,0,0,0,0,2,1,1,5
,2020-02065,39.76061,-104.90011,7/12/2020 10:06,10:06:00,1,0,0,MLK BOULEVARD EAST & ROSLYN STREET NORTH,1,1,0,0,1,1,0,0,35,0,0,0,0,0,4,2,13
,2020-02066,39.71111,-104.97398,7/17/2020 12:02,12:02:00,3,0,0,ALAMEDA AVENUE EAST  & DOWNING STREET SOUTH,1,1,0,0,1,2,0,0,30,0,0,0,0,0,4,3,13
,2020-02067,39.75196,-104.9257,7/10/2020 17:08,17:08:00,5,0,0,GLENCOE STREET NORTH & 2300,1,1,0,0,2,4,0,0,25,0,0,0,0,0,4,1,8
,2020-02070,39.74378,-104.90346,5/31/2020 15:30,15:30:00,3,0,0,NORTH QUEBEC STREET & EAST 17TH AVENUE,1,1,0,0,1,1,0,0,30,0,0,0,0,0,4,2,1
,2020-02071,39.65717,-105.05322,7/5/2020 12:40,12:40:00,3,0,0,COLGATE PLACE WEST & SHERIDAN BOULEVARD SOUTH,1,1,0,0,1,1,0,0,30,0,0,0,0,0,2,4,13
,2020-02072,39.76116,-105.00476,7/10/2020 16:08,16:08:00,12,0,1,I25 SOUTHBOUND & 20TH STREET,1,1,0,0,1,4,0,0,65,0,0,0,0,1,1,2,1
,2020-02073,39.74527,-105.00072,7/12/2020 12:40,12:40:00,15,0,0,NORTH SPEER BOULEVARD & LAWRENCE STREET,1,1,0,0,1,4,0,0,30,0,0,0,0,0,4,2,13
,2020-02074,39.74006,-104.98739,7/9/2020 19:18,19:18:00,3,0,0,BROADWAY STREET NORTH & COLFAX AVENUE EAST,1,1,1,0,1,1,0,0,35,0,0,0,0,0,2,2,8
,2020-02075,39.75104,-104.94062,7/9/2020 11:24,11:24:00,12,0,0,COLORADO BOULEVARD NORTH & 23RD AVENUE EAST,1,1,0,0,1,3,0,0,35,0,0,0,0,0,2,2,16
,2020-02076,39.63324,-104.90632,7/8/2020 8:45,8:45:00,12,0,0,I25 NORTHBOUND & I225 NORTHBOUND,1,1,0,0,1,4,0,0,55,0,0,0,0,0,1,3,13
,2020-02077,39.78581,-104.80978,7/12/2020 7:00,7:00:00,5,0,0,CHAMBERS ROAD NORTH  & GREEN VALLEY RANCH BOULEVARD EAST,1,1,0,0,3,4,0,0,40,0,0,0,0,0,4,1,14
,2020-02078,39.67849,-104.96875,7/11/2020 12:32,12:32:00,2,0,1,FRANKLIN STREET SOUTH & EVANS AVENUE EAST,1,1,0,0,1,1,0,0,30,1,0,0,0,2,4,2,13
,2020-02079,39.75485653,-105.0346114,7/10/2020 16:35,16:35:00,12,0,0,WEST 26TH AVENUE & NORTH LOWELL STREET,1,1,0,0,1,1,0,0,25,0,0,0,0,0,4,2,5
,2020-02080,39.75483,-105.02053,7/11/2020 16:00,16:00:00,3,0,1,CLAY STREET NORTH & 26TH AVENUE WEST,1,1,1,0,1,3,0,0,25,0,0,0,0,1,4,2,1
,2020-02081,39.78889,-104.84438,7/11/2020 2:45,2:45:00,6,0,1,QUINTEN STREET NORTH & 5080,1,3,0,0,1,4,0,0,25,0,0,0,0,1,4,2,7
,2020-02083,39.66858,-104.98758,7/8/2020 11:57,11:57:00,5,0,0,BROADWAY STREET SOUTH  & VASSAR AVENUE,1,1,0,0,3,2,0,0,30,0,0,0,0,0,4,2,5
,2020-02084,39.76571953,-104.9948314,7/12/2020 3:30,3:30:00,12,0,0,PARK AVENUE WEST & GLODEVILLE ROAD,1,3,0,0,1,4,0,0,35,0,0,0,0,1,4,2,14
,2020-02085,39.67846,-104.9082,7/13/2020 6:35,6:35:00,12,0,0,EAST EVANS AVENUE & SOUTH ONEIDA STREET,1,1,0,0,1,3,0,0,35,0,0,0,0,0,4,2,13
,2020-02087,39.68041,-105.03324,7/12/2020 0:44,0:44:00,6,0,0,2000 SOUTH KING STREET & WEST EVANS AVENUE,1,3,0,0,1,4,0,0,25,0,0,0,0,0,4,2,5
,2020-02088,39.72771,-105.03373,7/6/2020 23:51,23:51:00,5,0,0,SEVENTH AVENUE WEST & KING STREET NORTH,1,3,0,0,3,5,0,0,25,0,0,0,0,0,4,1,5
,2020-02089,39.68943,-105.00159,7/12/2020 3:00,3:00:00,2,0,1,FLORIADA AVENUE WEST & LIPAN STREET SOUTH,1,3,0,0,1,1,0,0,,1,0,0,0,2,4,2,16
,2020-02090,39.62659,-105.08694,7/8/2020 15:55,15:55:00,15,0,0,AMMONS STREET SOUTH  & CHENANGO STREET NORTH,1,1,0,0,1,4,0,0,30,0,0,0,0,0,4,2,1
,2020-02091,39.78239,-104.84701,7/10/2020 22:32,22:32:00,12,0,0,EAST 47TH AVENUE & NORTH PEORIA STREET,1,3,0,0,1,1,0,0,35,0,0,0,0,1,4,2,13
,2020-02094,39.67839254,-104.9935579,7/7/2020 13:41,13:41:00,12,0,1,SANTA FE DRIVE  & WEST EVANS AVENUE,1,1,0,0,1,4,0,0,65,0,0,0,0,1,2,2,3
,2020-02096,39.73287,-104.9598,7/11/2020 10:05,10:05:00,12,0,0,1000 NORTH YORK STREET & EAST 11TH AVENUE,1,1,1,0,1,4,0,0,30,0,0,0,0,1,4,2,13
,2020-02098,39.77728,-104.88278,7/2/2020 16:19,16:19:00,12,0,0,I70 WB & CENTRAL PARK BOULEVARD NORTH,1,1,0,0,1,4,0,0,65,0,0,0,0,0,1,2,3
,2020-02099,39.77593,-105.00997,7/2/2020 16:00,16:00:00,6,0,0,4300 NORTH SHOSHONE STREET & WEST 44TH AVENUE,1,1,0,0,1,4,0,0,25,0,0,0,0,0,4,2,16
,2020-02102,39.74487,-104.98359,7/8/2020 13:18,13:18:00,10,0,0,EAST 18TH AVENUE & NORTH GRANT STREET,1,1,0,0,1,1,0,0,25,0,0,0,0,0,4,2,14
,2020-02103,39.73925,-104.9874,7/2/2020 15:23,15:23:00,15,0,0,1400 NORTH BROADWAY STREET & EAST COLFAX AVENUE,1,1,0,0,1,4,0,0,30,0,0,0,0,0,4,2,8
,2020-02104,39.72818,-104.98479,6/22/2020 4:19,4:19:00,6,0,0,700 NORTH SHERMAN STREET & EAST SEVENTH AVENUE,1,4,0,0,1,4,0,0,30,0,0,0,0,0,4,3,5
,2020-02105,39.75485,-105.05324,7/10/2020 16:25,16:25:00,14,0,0,26TH AVENUE WEST & SHERIDAN BOULEVARD,1,1,1,0,1,3,0,0,35,0,0,0,0,0,2,2,5
,2020-02106,39.65312,-104.90303,7/11/2020 17:42,17:42:00,1,0,2,HAMPDEN AVENUE  & PRIVATE ROAD,1,1,0,0,1,1,0,0,45,0,0,0,0,1,2,2,13
,2020-02107,39.69401,-105.02507,7/8/2020 12:10,12:10:00,12,0,0,FEDERAL BOULEVARD SOUTH & LOUISIANA STREET WEST,1,1,0,0,1,4,0,1,40,0,0,0,0,0,2,2,3
,2020-02110,39.73849,-105.03112,7/17/2020 14:02,14:02:00,12,0,0,WEST 14TH AVENUE & NORTH JULIAN STREET,1,1,0,0,1,3,0,0,25,0,0,0,0,0,4,3,13
,2020-02113,39.72932,-105.01483,7/3/2020 12:00,12:00:00,12,0,7,I25 NORTHBOUND & EIGHTH AVENUE WEST,1,1,0,0,1,4,0,0,55,0,0,0,0,2,1,3,1
,2020-02114,39.71119,-105.00272,7/10/2020 10:21,10:21:00,15,0,0,ALAMEDA AVENUE WEST & LIPAN STREET SOUTH,1,1,0,0,1,4,0,0,30,0,0,0,0,0,2,2,13
,2020-02115,39.7767,-105.04273,7/11/2020 14:30,14:30:00,1,0,0,WEST 44TH AVENUE & NORTH STUART STREET,1,1,0,0,1,1,0,0,30,0,0,0,0,0,4,2,13
,2020-02116,39.75008,-104.99977,7/10/2020 15:41,15:41:00,15,0,0, ,1,1,0,0,1,4,0,0,25,0,0,0,0,0,4,2,13
,2020-02117,39.74245,-104.99226,7/10/2020 11:31,11:31:00,12,0,0, ,1,1,0,0,1,4,0,0,30,0,0,0,1,0,4,2,13
,2020-02118,39.76148,-104.97461,7/11/2020 16:57,16:57:00,3,0,0,32ND STREET & CHAMPA STREET,1,1,0,0,1,1,0,0,25,0,0,0,0,0,4,2,13
,2020-02119,39.70666,-104.9966,7/8/2020 13:53,13:53:00,5,0,1,I25 NORTHBOUND ON RAMP FROM & SANTA FE DRIVE SOUTH,1,1,1,0,1,8,0,0,65,0,0,0,0,1,4,2,13
,2020-02120,39.83246,-104.69288,7/10/2020 11:59,11:59:00,5,0,0,JACKSON GAP STREET NORTH  & 75TH AVENUE EAST,1,1,0,0,3,4,0,0,45,0,0,0,0,0,4,1,8
,2020-02121,39.71898,-104.87578,7/10/2020 11:30,11:30:00,15,0,0,YOSEMITE WAY SOUTH & DAYTON STREET NORTH,1,1,0,0,1,6,0,0,25,0,0,0,0,0,4,2,5
,2020-02122,39.76754418,-104.847405,6/24/2020 7:55,7:55:00,5,0,0,3700 NORTH PEORIA STREET & EAST 38TH AVENUE,1,1,1,0,2,4,0,0,40,0,0,0,0,0,4,1,5
,2020-02124,39.76561,-105.02524,6/24/2020 17:00,17:00:00,10,0,0,NORTH FEDERAL BOULEVARD & WEST 35TH AVENUE,1,1,0,0,1,1,0,0,35,0,0,0,0,0,4,2,1
,2020-02127,39.70754,-104.98762,7/6/2020 12:08,12:08:00,3,0,0,SOUTH BROADWAY STREET & WEST VIRGINIA AVENUE,1,1,0,0,1,1,0,0,30,0,0,0,0,0,4,2,13
,2020-02132,39.76746,-104.90345,7/12/2020 14:33,14:33:00,1,0,0,QUEBEC STREET NORTH & 36TH AVENUE EAST,1,1,0,0,1,1,0,0,35,0,0,0,0,0,4,2,13
,2020-02134,39.80964477,-104.7721312,7/11/2020 12:37,12:37:00,1,0,2,TOWER ROAD NORTH & 62ND AVENUE EAST,1,1,0,0,1,1,0,0,45,0,0,0,0,2,4,2,1
,2020-02135,39.75458,-104.99224,6/27/2020 14:47,14:47:00,2,0,0,21ST STREET & MARKET STREET,1,1,0,0,1,1,0,0,35,1,0,0,0,0,4,2,3
,2020-02136,39.74011,-105.00007,7/2/2020 1:40,1:40:00,12,0,0,WEST COLFAX AVENUE & NORTH KALAMATH STREET,1,3,1,0,1,3,0,0,35,0,0,0,0,0,4,2,3
,2020-02137,39.69767,-105.02508,7/11/2020 16:44,16:44:00,1,0,1,FEDERAL BOULEVARD SOUTH  & MISSISSIPPI AVENUE WEST,1,1,0,0,1,1,0,0,35,0,0,0,0,1,2,2,13
,2020-02138,39.74131,-104.88474,6/28/2020 2:10,2:10:00,6,0,0, ,1,3,0,0,1,4,0,0,25,0,0,0,0,0,4,2,1
,2020-02139,39.7506,-105.02054,7/2/2020 10:25,10:25:00,12,0,0,2200 NORTH CLAY STREET & WEST 23RD AVENUE,1,1,0,0,1,4,0,0,25,0,0,0,0,0,4,2,13
,2020-02140,39.71131,-104.89291,6/27/2020 16:44,16:44:00,2,0,1,FAIRMOUNT DRIVE & ALAMEDA DRIVE EAST,1,1,0,0,1,2,0,0,30,1,0,0,0,1,4,2,16
,2020-02141,39.74000353,-104.9920099,7/10/2020 9:02,9:02:00,12,0,0, ,1,1,0,0,1,4,0,0,15,0,0,0,0,0,4,2,13
,2020-02144,39.71116,-104.98637,7/11/2020 14:42,14:42:00,3,0,0,SOUTH LINCOLN STREET & EAST ALAMEDA AVENUE,1,1,0,0,1,1,0,0,30,0,0,0,0,0,4,2,3
,2020-02145,39.72931453,-105.0148294,7/1/2020 17:00,17:00:00,12,0,0,I25 NORTHBOUND & EIGHTH AVENUE WEST,1,1,0,0,1,4,0,0,55,0,0,0,0,0,1,3,7
,2020-02146,39.70552,-105.01099,4/25/2020 8:04,8:04:00,6,0,0,600 SOUTH TEJON STREET & WEST CENTER AVENUE,1,1,1,0,1,4,0,0,25,0,0,0,0,0,4,2,16
,2020-02148,39.77856252,-104.9034184,6/27/2020 8:41,8:41:00,12,0,0,QUEBEC STREET & I70 EASTBOUND ON / OFF RAMPS,1,1,1,0,1,1,0,0,35,0,0,0,0,0,2,2,16
,2020-02150,39.74746,-104.97845,5/27/2020 18:15,18:15:00,12,0,0,700 EAST 20TH AVENUE & PARK AVENUE WEST,1,2,0,0,1,3,0,0,25,0,0,0,0,0,4,2,5
,2020-02153,39.79837,-104.89722,5/9/2020 23:45,23:45:00,12,0,0,NORTH SPRUCE STREET & EAST 56TH AVENUE,1,3,0,0,1,3,0,0,35,0,0,0,0,0,4,2,5
,2020-02160,39.77995,-104.94067,6/2/2020 9:14,9:14:00,12,0,0,I70 EASTBOUND OFF RAMP GORE POINT TO & COLORADO BOULEVARD NORTH,1,1,1,0,1,8,0,0,35,0,0,0,0,0,1,2,3
,2020-02202,39.67923,-105.01286,7/4/2020 16:00,16:00:00,5,0,0,PACIFIC PLACE WEST & 2180,1,1,0,0,3,5,0,0,,0,0,0,0,0,4,1,16
,2020-02203,39.78034452,-104.9410699,7/6/2020 7:30,7:30:00,3,0,0,COLORADO BOULEVARD NORTH & I70 WB OFF RAMP,1,1,2,0,1,1,0,1,40,0,0,0,0,0,2,2,13
,2020-02205,39.72524,-104.95989,7/8/2020 9:05,9:05:00,10,0,0,500 NORTH YORK STREET & EAST SIXTH AVENUE,1,1,0,0,1,2,0,0,25,0,0,0,0,0,4,2,8
,2020-02206,39.78527,-104.88308,7/1/2020 8:59,8:59:00,3,0,0,NORTH CENTRAL PARK BOULEVARD & EAST NORTHFIELD BOULEVARD,1,1,0,0,1,1,0,0,35,0,0,0,0,0,4,2,7
,2020-02207,39.74487,-104.98295,7/13/2020 16:12,16:12:00,15,0,0,300 EAST 18TH AVENUE & NORTH GRANT STREET,1,1,0,0,1,4,0,0,30,0,0,0,0,0,4,2,13
,2020-02208,39.69666254,-104.9929504,7/2/2020 19:00,19:00:00,12,0,1,PLATTE RIVER DRIVE SOUTH  & MISSISSIPPI AVENUE WEST,1,1,0,0,1,1,0,0,35,0,0,0,0,1,2,2,13
,2020-02209,39.76121,-104.97669,6/30/2020 21:58,21:58:00,5,0,1,31ST STREET & CURTIS STREET,1,3,0,0,3,1,0,0,20,0,0,0,1,2,4,1,5
,2020-02210,39.74346,-104.95917,7/13/2020 11:56,11:56:00,15,0,0,EAST 17TH AVENUE & NORTH JOSEPHINE STREET,1,1,0,0,1,3,0,0,30,0,0,0,0,0,4,2,8
,2020-02211,39.79244,-104.94118,7/11/2020 17:00,17:00:00,5,0,0, ,1,1,0,0,2,7,0,0,35,0,0,0,0,0,4,1,1
,2020-02212,39.78602,-104.81239,7/5/2020 1:30,1:30:00,6,0,0,5100 NORTH FONTANA COURT & EAST 51ST AVENUE,1,3,0,0,1,4,0,0,30,0,0,0,0,0,4,2,16
,2020-02213,39.76912,-104.9953,7/6/2020 19:17,19:17:00,12,0,0,WEST 38TH AVENUE & NORTH FOX STREET,1,1,0,0,1,3,0,0,35,0,0,0,0,0,4,2,13
,2020-02214,39.75513,-105.01272,7/2/2020 20:10,20:10:00,15,0,2,I25 NORTHBOUND OFF RAMP  TO & SPEER BOULEVARD NORTH,1,1,0,0,1,4,0,0,65,0,0,0,0,1,1,2,1
,2020-02215,39.76017,-104.89897,7/7/2020 10:05,10:05:00,3,0,0,NORTH SYRACUSE STREET & EAST MLK BOULEVARD,1,1,0,0,1,1,0,0,30,0,0,0,0,0,4,2,13
,2020-02216,39.7182,-104.97323,7/6/2020 8:20,8:20:00,12,0,0,EAST SPEER BOULEVARD & NORTH DOWNING STREET,1,1,0,0,1,1,0,0,30,0,0,0,0,1,4,2,13
,2020-02217,39.77842,-104.90357,7/7/2020 12:46,12:46:00,5,0,0,I70 WB & NORTHFIELD QUEBEC STREET NORTH,1,1,0,0,3,4,0,1,65,0,0,0,0,0,1,1,7
,2020-02218,39.65351,-104.86841,7/7/2020 20:40,20:40:00,5,0,2,HAMPDEN AVENUE EAST  & GALENA STREET NORTH,1,4,0,0,3,4,0,0,45,0,0,0,0,1,2,1,14
,2020-02220,39.71498,-105.02509,7/13/2020 15:11,15:11:00,3,0,0,BAYAUD AVENUE WEST  & FEDERAL BOULEVARD SOUTH,1,1,1,0,1,5,0,0,,0,0,0,0,0,4,2,16
,2020-02221,39.73919,-104.96101,7/6/2020 17:05,17:05:00,12,0,0,1400 NORTH GAYLORD STREET & EAST 14TH AVENUE,1,1,0,0,1,4,0,0,30,0,0,0,0,0,4,2,8
,2020-02222,39.76384,-104.9058,7/1/2020 7:49,7:49:00,3,0,1,EAST 33RD AVENUE & NORTH PONTIAC STREET,1,1,0,0,1,1,0,0,25,0,0,0,0,2,4,2,14
,2020-02224,39.77846,-104.92229,7/8/2020 7:11,7:11:00,15,0,0,I70 WB & HOLLY STREET NORTH,1,1,0,0,1,4,0,0,65,0,0,0,0,0,1,2,3
,2020-02225,39.68865,-105.05326,7/13/2020 15:35,15:35:00,12,0,0,SHERIDAN BOULEVARD  & FLORIDA AVENUE WEST,1,1,0,0,1,4,0,0,35,0,0,0,0,0,2,2,8
,2020-02226,39.76802,-104.99497,7/1/2020 16:39,16:39:00,12,0,0,I25 NORTHBOUND & PARK AVENUE WEST,1,1,1,0,1,4,0,0,55,0,0,0,0,0,1,2,1
,2020-02227,39.76122,-105.03109,7/1/2020 1:50,1:50:00,6,0,0,3300 WEST 31ST AVENUE & NORTH JULIAN STREET,1,3,0,0,1,4,0,0,25,0,0,0,0,0,4,2,8
,2020-02228,39.77745,-104.88278,7/1/2020 7:24,7:24:00,12,0,0,I270 EASTBOUND ON RAMP FROM  & CENTRAL PARK BOULEVARD,1,1,0,0,1,8,0,0,40,0,0,0,0,0,4,2,13
,2020-02229,39.7256,-104.94069,7/7/2020 9:21,9:21:00,3,0,0,COLORADO BOULEVARD NORTH & SIXTH AVENUE WEST,1,1,0,0,1,1,0,0,35,0,0,0,0,0,2,2,14
,2020-02230,39.69294,-104.94063,7/6/2020 8:00,8:00:00,1,0,0,LOUISIANA AVENUE EAST & COLORADO BOULEVARD SOUTH,1,1,0,0,1,1,0,0,25,0,0,0,0,0,2,2,13
,2020-02231,39.74015,-104.90346,7/13/2020 12:09,12:09:00,12,0,1,COLFAX AVENUE EAST & QUEBEC STREET NORTH,1,1,0,0,1,3,0,0,30,0,0,0,0,1,2,2,16
,2020-02232,39.72553,-105.04397,6/30/2020 19:56,19:56:00,10,0,0,WEST SIXTH AVENUE & NORTH TENNYSON STREET,1,2,0,0,1,1,0,0,25,0,0,0,0,0,4,2,13
,2020-02233,39.70404,-105.02509,7/8/2020 6:40,6:40:00,12,0,0,FEDERAL BOULEVARD SOUTH & EXPOSITION AVENUE EAST,1,1,1,0,1,4,0,0,40,0,0,0,0,0,2,2,3
,2020-02234,39.71133,-104.93656,7/13/2020 14:31,14:31:00,15,0,0,LEETSDALE DRIVE & ALAMEDA AVENUE EAST,1,1,1,0,1,1,0,0,35,0,0,0,0,0,2,2,1
,2020-02235,39.75013,-104.98409,7/6/2020 8:00,8:00:00,10,0,0,WELTON STREET & 22ND STREET,1,1,0,0,1,1,0,0,35,0,0,0,0,0,4,2,13
,2020-02236,39.69654,-104.89816,6/30/2020 19:25,19:25:00,2,0,1,PARKER ROAD SOUTH & MISSISSIPPI AVENUE EAST,1,1,0,0,1,1,0,0,35,1,0,0,0,2,2,2,16
,2020-02237,39.77107,-104.91761,7/6/2020 4:30,4:30:00,6,0,0,KEARNEY STREET NORTH & 39TH AVENUE WEST,1,2,0,0,1,4,0,0,35,0,0,0,0,0,4,2,1
,2020-02238,39.69838,-104.94074,6/30/2020 12:16,12:16:00,3,0,0,COLORADO BOULEVARD SOUTH & TENNESSEE AVENUE EAST,1,1,1,0,1,1,0,0,35,0,0,0,0,0,2,2,14
,2020-02239,39.77213,-105.03781,7/6/2020 14:48,14:48:00,6,0,0, ,1,1,0,0,1,4,0,0,25,0,0,0,0,0,4,2,13
,2020-02240,39.67846,-104.91738,7/8/2020 9:32,9:32:00,1,0,0,6100 EAST EVANS AVENUE & SOUTH LEYDEN STREET,1,1,1,0,1,2,0,0,35,0,0,0,0,1,4,2,3
,2020-02242,39.76019,-105.02512,7/1/2020 15:47,15:47:00,12,0,0,2900 NORTH SPEER BOULEVARD & NORTH FEDERAL BOULEVARD,1,1,1,0,1,4,0,0,30,0,0,0,0,0,4,2,13
,2020-02244,39.74056,-104.98853,6/26/2020 16:10,16:10:00,15,0,0,COLFAX AVENUE WEST & 15TH STREET,1,1,0,0,1,1,0,0,30,0,0,0,0,0,2,2,1
,2020-02246,39.77290439,-104.9460119,7/1/2020 10:34,10:34:00,5,0,1,40TH AVENUE EAST  & MADISON COURT NORTH,1,1,0,0,3,4,0,0,30,0,0,0,0,1,4,1,14
,2020-02247,39.72203,-104.93946,7/7/2020 16:35,16:35:00,6,0,0, ,1,1,0,0,1,4,0,0,25,0,0,0,0,0,4,2,3
,2020-02248,39.69212,-104.99241,7/1/2020 12:30,12:30:00,15,0,0,SANTA FE DRIVE SOUTH  & ARKANSAS AVENUE WEST,1,1,0,0,1,4,0,0,45,0,0,0,0,0,2,2,3
,2020-02249,39.72557954,-105.0393994,7/1/2020 5:45,5:45:00,15,0,2,SIXTH AVENUE WEST & PERRY STREET NORTH,1,1,1,0,1,4,0,0,55,0,0,0,0,1,2,2,13
,2020-02251,39.6786,-105.01826,6/26/2020 23:19,23:19:00,12,0,0,2600 WEST EVANS AVENUE & SOUTH CLAY STREET,1,3,0,0,1,4,0,0,30,0,0,0,0,0,4,2,5
,2020-02252,39.75325,-105.00271,7/5/2020 15:47,15:47:00,2,0,1,16TH STREET & WEWATTA STREET,1,1,0,0,1,1,0,0,0,1,0,0,0,2,4,2,16
,2020-02253,39.67935,-105.04549,7/5/2020 8:13,8:13:00,6,0,0,EVANS AVENUE WEST  & VRAIN STREET SOUTH,1,1,0,0,1,4,0,0,30,0,0,0,0,0,4,2,16
,2020-02254,39.69661,-104.97398,7/2/2020 6:30,6:30:00,6,0,0,1100 VLK EAST MISSISSIPPI AVENUE & SOUTH DOWNING STREET,1,3,0,0,1,4,0,0,25,0,0,0,0,0,4,2,16
,2020-02255,39.74036,-105.02522,7/8/2020 10:06,10:06:00,15,0,0,COLFAX AVENUE WEST & FEDERAL BOULEVARD WEST,1,1,1,0,1,1,0,0,,0,0,0,0,0,2,2,16
,2020-02256,39.74034,-105.04402,7/8/2020 9:50,9:50:00,15,0,0,TENNYSON STREET NORTH & COLFAX AVENUE WEST,1,1,0,0,1,1,0,0,25,0,0,0,0,0,2,2,13
,2020-02258,39.73682,-104.96102,7/5/2020 13:05,13:05:00,3,0,0,13TH AVENUE EAST  & VINE STREET NORTH,1,1,0,0,1,3,0,0,30,0,0,0,0,0,4,2,13