id,drcog_id,latitude,longitude,crashtime,time,crashtype,numbkilled,numbinjurd,drcoglocat,rdconditin,lightngcon,roadcntgrd,weatherco,location,roaddescrp,schoolzone,constrzone,splimit,bikeinv,pedinv,sctrinv,motoinv,svrty,rdsystem,ttlvehcls,hcf
,2020-02259,39.66756,-104.94068,7/7/2020 16:00,16:00:00,1,0,0,COLORADO BOULEVARD SOUTH & YALE AVENUE EAST,1,1,0,0,1,1,0,0,35,0,0,0,0,0,2,2,3
,2020-02260,39.69666,-104.99188,7/1/2020 10:42,10:42:00,1,0,0,SOUTH SANTA FE DRIVE & WEST MISSISSIPPI AVENUE,1,1,0,0,1,1,0,0,35,0,0,0,0,1,4,2,13
,2020-02261,39.78027,-104.98956,7/8/2020 6:55,6:55:00,15,0,1,I25 SOUTHBOUND OFF RAMP TO & I70 WB,1,1,0,0,1,8,0,0,45,0,0,0,0,1,1,2,13
,2020-02262,39.77858052,-104.9200594,7/8/2020 7:11,7:11:00,12,0,1,I70 WB & IVY STREET NORTH,1,1,0,0,1,4,0,0,55,0,0,0,0,2,1,2,13
,2020-02265,39.68489489,-104.9510043,6/30/2020 19:20,19:20:00,12,0,1,I25 NORTHBOUND & 5000,1,1,0,0,1,4,0,0,55,0,0,0,1,2,1,2,1
,2020-02266,39.72546254,-105.0249184,6/26/2020 20:50,20:50:00,15,0,0,2900 FEDERAL TO EASTBOUND SIXTH RAMP & NORTH FEDERAL BOULEVARD,1,1,0,0,1,4,0,0,35,0,0,0,0,0,4,2,5
,2020-02267,39.73311,-105.05324,6/30/2020 21:07,21:07:00,1,0,0,SHERIDAN BOULEVARD NORTH & 10TH AVENUE WEST,1,3,0,0,1,1,0,0,35,0,0,0,0,0,2,2,16
,2020-02268,39.74612,-104.99096,7/2/2020 11:39,11:39:00,15,0,0,600 17TH STREET & WELTON STREET,1,1,0,0,1,4,0,0,30,0,0,0,0,0,4,2,13
,2020-02269,39.84979749,-104.6738195,7/9/2020 8:40,8:40:00,5,0,0,8400 PENA BOULEVARD LEVEL 4 EAST PASSENGER PICKUP & PRIVATE PROPERTY,1,1,0,0,3,4,0,0,10,0,0,0,0,0,3,1,8
,2020-02270,39.78376,-104.8098,6/30/2020 21:50,21:50:00,1,0,0,GREEN VALLEY RANCH BOULEVARD EAST & CHAMBERS ROAD NORTH,1,3,0,0,1,1,0,0,30,0,0,0,0,0,4,2,13
,2020-02271,39.74246,-104.9799,6/5/2020 3:00,3:00:00,6,0,0,1700 NORTH PEARL STREET & EAST 17TH AVENUE,1,3,0,0,1,4,0,0,30,0,0,0,0,0,4,3,13
,2020-02272,39.73289,-104.90346,7/9/2020 14:23,14:23:00,3,0,0,NORTH QUEBEC STREET & EAST 11TH AVENUE,1,1,0,0,1,1,0,0,30,0,0,0,0,0,4,2,1
,2020-02273,39.73289,-104.90346,7/14/2020 17:43,17:43:00,3,0,0,EAST 11TH AVENUE & NORTH QUEBEC STREET,11,1,0,1,1,1,0,0,30,0,0,0,0,0,4,3,13
,2020-02274,39.79254,-104.77206,7/2/2020 19:09,19:09:00,9,0,1,TOWER ROAD NORTH & ELEMENDORF DRIVE EAST,1,1,0,0,1,4,0,0,45,0,0,0,1,1,4,1,7
,2020-02275,39.78009,-104.94051,7/13/2020 15:33,15:33:00,12,0,0,I70 WB & COLORADO BOULEVARD NORTH,1,1,0,0,1,4,0,0,55,0,0,0,0,0,1,3,13
,2020-02276,39.75486,-105.03932,7/2/2020 10:10,10:10:00,12,0,0,NORTH PERRY STREET & WEST 26TH AVENUE,1,1,0,0,1,1,0,0,25,0,0,0,0,0,4,2,13
,2020-02277,39.74324,-104.96722,7/13/2020 0:05,0:05:00,6,0,0,17TH AVENUE EAST & GILPIN STREET NORTH,1,3,0,0,1,4,0,0,30,0,0,0,0,0,4,3,5
,2020-02278,39.78014,-104.96709,7/8/2020 20:16,20:16:00,5,0,0,I70 WB & BRIGHTON BOULEVARD NORTH,1,3,0,0,1,4,0,0,65,0,0,0,0,0,1,2,13
,2020-02279,39.77864,-104.76731,7/5/2020 0:53,0:53:00,5,0,0,BISCAY STREET NORTH & CHAFFEE PLACE EAST,1,3,0,0,2,4,0,0,25,0,0,0,0,0,4,1,5
,2020-02280,39.68756,-104.97342,7/13/2020 13:04,13:04:00,3,0,0,EAST IOWA AVENUE & SOUTH DOWNING STREET,1,1,0,0,1,1,0,0,25,0,0,0,0,1,4,3,13
,2020-02281,39.78004,-104.98919,7/8/2020 15:40,15:40:00,15,0,0,I25 NORTHBOUND OFF RAMP GORE POINT TO & I70 EASTBOUND,1,1,0,0,1,4,0,0,55,0,0,0,0,0,1,2,1
,2020-02282,39.74336,-104.98738,7/9/2020 16:09,16:09:00,12,0,0,17TH STREET & NORTH BROADWAY STREET,1,1,0,0,1,3,0,0,30,0,0,0,0,0,4,2,8
,2020-02283,39.72710953,-104.9429104,7/10/2020 18:34,18:34:00,3,0,0,SEVENTH AVENUE PARKWAY & JACKSON STREET NORTH,1,1,0,0,1,1,0,0,30,0,0,0,1,0,4,2,1
,2020-02285,39.63414,-104.90674,7/9/2020 15:27,15:27:00,15,0,0,I25 NORTHBOUND & I225 NORTHBOUND,1,1,0,0,1,4,0,0,65,0,0,0,0,0,1,2,1
,2020-02286,39.69882,-104.90354,7/2/2020 9:17,9:17:00,12,0,0,900 SOUTH QUEBEC STREET & LEETSDALE DRIVE,1,1,0,0,1,4,0,0,30,0,0,0,0,0,4,2,13
,2020-02287,39.75849,-105.03228,6/7/2020 18:08,18:08:00,3,0,1,NORTH JULIAN STREET & WEST 29TH AVENUE,1,1,0,0,1,1,0,0,25,0,0,0,0,2,4,2,1
,2020-02288,39.63324,-104.90632,7/8/2020 17:22,17:22:00,12,0,0,I25 NORTHBOUND ON RAMP FROM & I225 SOUTHBOUND,1,1,0,0,1,8,0,0,65,0,0,0,0,0,1,2,7
,2020-02289,39.74044,-105.01397,7/8/2020 17:28,17:28:00,12,0,0,I25 NORTHBOUND & COLFAX AVENUE WEST,1,1,0,0,1,4,0,0,65,0,0,0,0,0,1,2,16
,2020-02290,39.63866,-104.89929,7/2/2020 13:28,13:28:00,3,0,1,SYRACUSE STREET NORTH & QUINCY AVENUE EAST,1,1,1,0,1,1,0,0,30,0,0,0,0,1,4,2,13
,2020-02291,39.77318,-104.80793,7/8/2020 20:45,20:45:00,1,0,1,40TH AVENUE EAST & ANDREWS DRIVE WEST,1,3,0,0,1,1,0,0,40,0,0,0,0,1,4,2,13
,2020-02292,39.76384,-104.94626,7/13/2020 23:38,23:38:00,6,0,2,MADISON STREET  & 33RD AVENUE,1,4,1,0,1,4,0,0,30,0,1,0,0,1,4,2,13
,2020-02293,39.75104,-104.93834,7/2/2020 10:11,10:11:00,3,0,0,EAST 23RD AVENUE & NORTH ASH STREET,1,1,0,0,1,5,0,0,15,0,0,0,0,0,4,2,13
,2020-02294,39.74165,-104.96968,7/2/2020 13:08,13:08:00,3,0,0,EAST 16TH AVENUE & NORTH HUMBOLDT STREET,1,1,0,0,1,1,0,0,25,0,0,0,0,1,4,2,13
,2020-02295,39.73865,-105.02518,7/9/2020 17:39,17:39:00,12,0,1,FEDERAL BOULEVARD NORTH  & 14TH AVENUE WEST,1,1,1,0,1,4,0,0,35,0,0,0,0,1,2,2,13
,2020-02296,39.74044,-105.01416,6/26/2020 18:10,18:10:00,12,0,0,COLFAX AVENUE WEST & I25 WB OFF RAMP,11,1,0,1,1,3,0,0,45,0,0,0,0,0,2,2,16
,2020-02297,39.78362953,-105.0439489,7/6/2020 20:09,20:09:00,12,0,0,I70 WB & TENNYSON STREET NORTH,1,1,0,0,1,4,0,0,65,0,0,0,0,0,1,2,13
,2020-02298,39.67476,-104.87084,7/8/2020 16:00,16:00:00,15,0,0,PARKER ROAD SOUTH & ILIFF AVENUE EAST,1,1,0,0,1,3,0,0,35,0,0,0,0,0,2,2,7
,2020-02299,39.71119,-104.92932,6/30/2020 8:50,8:50:00,12,0,0,EAST ALAMEDA AVENUE & SOUTH ELM STREET,1,1,0,0,1,1,0,0,25,0,0,0,0,0,4,2,7
,2020-02301,39.65442,-104.87229,7/8/2020 16:50,16:50:00,15,0,0,GIRARD AVENUE EAST & FLORENCE STREET SOUTH,1,1,0,0,1,3,0,0,,0,0,0,0,0,4,2,16
,2020-02302,39.72907,-104.98615,6/7/2020 21:27,21:27:00,10,0,0,EAST EIGHTH AVENUE & NORTH LINCOLN STREET,1,3,0,0,1,1,0,0,30,0,0,0,0,0,4,2,16
,2020-02303,39.73841,-104.96847,7/8/2020 17:40,17:40:00,12,0,0,14TH AVENUE EAST & FRANKLIN STREET NORTH,1,1,0,0,1,1,0,0,30,0,0,0,0,0,4,2,13
,2020-02304,39.72975,-104.99123,7/5/2020 20:56,20:56:00,5,0,0,SPEER BOULEVARD NORTH & BANNOCK STREET NORTH,1,3,1,0,1,4,0,1,35,0,0,0,0,0,4,1,13
,2020-02305,39.75802,-104.90339,7/8/2020 16:12,16:12:00,1,0,2,NORTH QUEBEC STREET & EAST 29TH AVENUE,1,1,0,0,1,1,0,0,35,0,0,0,0,3,4,2,14
,2020-02306,39.76567,-104.94057,7/8/2020 16:25,16:25:00,3,0,3,COLORADO BOULEVARD NORTH & 35TH AVENUE EAST,1,1,0,0,1,1,0,0,30,0,0,0,0,3,2,2,4
,2020-02307,39.74672,-104.99541,7/2/2020 10:50,10:50:00,6,0,0, ,1,1,0,0,1,4,0,0,30,0,0,0,0,0,4,2,13
,2020-02308,39.72566,-104.99004,7/2/2020 10:56,10:56:00,15,0,0,100 WEST SIXTH AVENUE & NORTH ACOMA STREET,1,1,0,0,1,4,0,0,30,0,0,0,0,0,4,2,13
,2020-02309,39.72559,-105.02514,6/27/2020 11:11,11:11:00,3,0,0,SIXTH AVENUE EASTBOUND OFF RAMP TO & FEDERAL BOULEVARD NORTH,1,1,0,0,1,1,0,0,30,0,0,0,0,0,2,2,13
,2020-02310,39.75990553,-104.9439949,7/2/2020 15:11,15:11:00,3,0,0,GARFILED STREET NORTH & 1500,1,1,0,0,1,2,0,0,,0,0,0,0,0,4,2,13
,2020-02311,39.73585,-105.03218,7/2/2020 14:05,14:05:00,10,0,0,1200 NORTH KNOX COURT & WEST 13TH AVENUE,1,1,1,0,1,2,0,0,25,0,0,0,0,0,4,2,16
,2020-02312,39.75129,-105.01679,7/14/2020 15:06,15:06:00,12,0,0, ,1,1,0,0,1,4,0,0,55,0,0,0,0,0,1,3,3
,2020-02314,39.78021,-104.98919,7/5/2020 12:47,12:47:00,15,0,0,I70 WB & I25 NORTHBOUND,1,1,1,0,1,4,0,0,65,0,0,0,0,0,1,2,13
,2020-02315,39.77842,-104.90357,7/6/2020 22:20,22:20:00,12,0,2,I70 WB & NORTHFIELD QUEBEC STREET NORTH,1,3,0,0,1,4,0,0,65,0,0,0,0,1,1,3,5
,2020-02316,39.74019,-104.95479,7/2/2020 11:11,11:11:00,15,0,0,COLFAX AVENUE EAST & DETROIT STREET NORTH,1,1,0,0,1,3,0,0,30,0,0,0,0,0,2,2,16
,2020-02317,39.79091,-104.94165,7/9/2020 15:00,15:00:00,14,0,0,52ND AVENUE EAST & VASQUEZ BOULEVARD NORTH,1,1,0,0,1,1,0,0,30,0,0,0,0,0,4,2,8
,2020-02318,39.64913,-104.88489,7/2/2020 11:10,11:10:00,3,0,0,KENYON AVENUE EAST & YOSEMITE STREET SOUTH,1,1,0,0,1,1,0,0,25,0,0,0,0,0,4,2,13
,2020-02319,39.83414,-104.77182,7/8/2020 16:54,16:54:00,12,0,0,NORTH TOWER ROAD & PENA BOULEVARD OUTBOUND,1,1,0,1,1,14,0,0,45,0,0,0,0,1,4,2,13
,2020-02320,39.70547,-105.03266,7/10/2020 17:03,17:03:00,6,0,0,KNOX COURT  & CENTER AVENUE WEST,1,1,0,0,1,4,0,0,25,0,0,0,0,0,4,3,1
,2020-02321,39.66768,-105.03488,7/8/2020 21:58,21:58:00,5,0,0,YALE AVENUE WEST  & LINLEY COURT SOUTH,1,4,0,0,2,4,0,0,45,0,0,0,0,0,4,1,5
,2020-02322,39.72932,-105.01483,7/2/2020 17:05,17:05:00,12,0,2,I25 NORTHBOUND & EIGHTH AVENUE WEST,1,1,0,0,1,4,0,0,55,0,0,0,0,1,1,2,7
,2020-02323,39.71432,-104.98619,7/11/2020 21:27,21:27:00,6,0,0,100 SOUTH LINCOLN STREET & EAST BAYAUD AVENUE,1,3,0,0,1,4,0,0,30,0,0,0,0,0,4,4,14
,2020-02326,39.74379,-104.95005,7/11/2020 0:24,0:24:00,6,0,0,STEELE STREET NORTH & 17TH AVENUE EAST,1,3,0,0,1,4,0,0,35,0,0,0,0,0,4,3,5
,2020-02327,39.74766,-105.00249,7/2/2020 12:30,12:30:00,3,0,0,SPEER BOULEVARD NORTH & AURARIA PARKWAY,1,1,0,0,1,1,0,0,35,0,0,0,0,0,4,2,13
,2020-02328,39.77421,-104.84704,7/9/2020 11:43,11:43:00,15,0,0,PEORIA STREET NORTH & I70 WB ON / OFF RAMPS,1,1,0,0,1,1,0,0,20,0,0,0,0,0,4,2,13
,2020-02330,39.78027,-104.98956,7/9/2020 18:13,18:13:00,12,0,0,I70 WB & I225 SOUTHBOUND,1,1,0,0,1,4,0,0,45,0,0,0,0,0,1,2,13
,2020-02331,39.68470154,-104.9585168,7/9/2020 10:25,10:25:00,15,0,0,I25 SOUTHBOUND & 38TH AVENUE WEST,1,1,0,0,1,4,0,0,55,0,0,0,0,0,1,2,13
,2020-02332,39.78386,-104.84053,7/14/2020 11:55,11:55:00,6,0,0,TULSA COURT NORTH  & ANDREWS DRIVE EAST,1,1,0,0,1,4,0,0,25,0,0,0,0,0,4,3,1
,2020-02333,39.76203,-104.98259,7/15/2020 14:39,14:39:00,10,0,0,WALNUT STREET & 29TH STREET,1,1,0,0,1,1,0,0,30,0,0,0,0,0,4,3,8
,2020-02334,39.74003,-104.97309,7/9/2020 15:28,15:28:00,12,0,1,COLFAX AVENUE EAST & DOWNING STREET NORTH,1,1,0,0,1,4,0,0,35,0,0,0,0,1,2,2,16
,2020-02335,39.74016,-104.89168,6/18/2020 1:28,1:28:00,3,0,0,EAST COLFAX AVENUE & NORTH VALENTIA STREET,1,3,0,0,1,1,0,0,25,0,0,0,0,0,4,2,16
,2020-02336,39.6965,-104.87531,7/19/2020 21:55,21:55:00,1,0,1,EAST MISSISSIPPI AVENUE & SOUTH DAYTON STREET,1,3,0,0,1,1,0,0,40,0,0,0,0,2,4,2,5
,2020-02339,39.72561,-104.95554,7/9/2020 10:45,10:45:00,10,0,0,EAST SIXTH AVENUE & NORTH CLAYTON STREET,1,1,0,0,1,3,0,0,30,0,0,0,0,0,4,2,7
,2020-02341,39.72473,-105.05326,6/1/2020 22:49,22:49:00,12,0,0,SHERIDAN BOULEVARD NORTH & SIXTH AVENUE WEST,1,3,0,0,1,1,0,0,35,0,0,0,0,0,2,2,16
,2020-02342,39.69803,-105.04395,7/4/2020 3:25,3:25:00,6,0,0,TENNYSON STREET SOUTH & 989,1,3,0,0,1,4,0,0,25,0,0,0,0,0,4,2,13
,2020-02343,39.68229,-105.0532,7/8/2020 18:00,18:00:00,3,0,0,JEWELL AVENUE WEST & SHERIDAN BOULEVARD,1,1,0,0,1,2,0,0,35,0,0,0,0,0,2,2,13
,2020-02346,39.70386,-104.91471,6/19/2020 11:45,11:45:00,12,0,0,LEETSDALE DRIVE & EXPOSITION AVENUE EAST,11,1,0,1,1,1,0,0,30,0,0,0,0,0,2,2,16
,2020-02347,39.75371353,-104.9863399,7/10/2020 12:36,12:36:00,15,0,0,CURTIS STREET & PARK AVENUE WEST,1,1,0,0,1,4,0,0,30,0,0,0,0,0,4,2,13
,2020-02348,39.78376,-104.8098,7/10/2020 8:50,8:50:00,15,0,0,CHAMBERS ROAD NORTH & GREEN VALLEY RANCH BOULEVARD EAST,1,1,0,0,1,1,0,0,40,0,0,0,0,0,4,2,13
,2020-02349,39.78236,-104.84701,7/10/2020 7:32,7:32:00,1,0,0,PEORIA STREET NORTH & ALBROOK STREET EAST,1,1,0,0,1,1,0,0,35,0,0,0,0,0,4,2,13
,2020-02350,39.67847,-104.92261,7/10/2020 11:35,11:35:00,3,0,0,EVANS AVENUE EAST  & HOLLY STREET SOUTH,1,1,0,0,1,3,0,0,30,0,0,0,0,0,4,2,13
,2020-02351,39.77995,-104.94051,7/20/2020 11:00,11:00:00,15,0,0,I70 EASTBOUND & COLORADO BOULEVARD NORTH,1,1,0,0,1,4,0,0,55,0,0,0,0,0,1,3,13
,2020-02352,39.67993,-104.93869,6/16/2020 4:33,4:33:00,5,0,0,4100 EAST COLORADO CENTER DRIVE & SOUTH COLORADO BOULEVARD,1,3,0,0,3,4,0,0,25,0,0,0,0,0,4,1,14
,2020-02354,39.71120654,-105.0327304,6/26/2020 16:40,16:40:00,15,0,0,ALAMEDA AVENUE WEST  & MORRISON ROAD,11,1,0,1,1,4,0,0,30,0,0,0,0,0,2,2,13
,2020-02357,39.74396,-105.02522,7/9/2020 9:50,9:50:00,2,0,1,17TH AVENUE WEST & FEDERAL BOULEVARD NORTH,1,1,0,0,1,1,0,0,0,1,0,0,0,1,2,2,16
,2020-02360,39.76095,-105.00433,7/4/2020 22:17,22:17:00,5,0,1,I25 NORTHBOUND OFF RAMP  TO & 20TH STREET,1,3,1,0,2,4,0,0,65,0,0,0,0,2,1,2,1
,2020-02361,39.72363,-105.02484,6/21/2020 18:30,18:30:00,11,0,0,FEDERAL BOULEVARD NORTH  & FIFTH AVENUE WEST,1,1,0,0,3,3,0,0,35,0,1,0,0,0,2,2,14
,2020-02362,39.74001,-104.96723,7/17/2020 15:15,15:15:00,12,0,1,COLFAX AVENUE EAST & GILPIN STREET NORTH,1,1,0,0,1,4,0,0,30,0,0,0,0,1,2,6,15
,2020-02363,39.78062,-104.85901,6/29/2020 15:07,15:07:00,6,0,0,4500 NORTH KINGSTON STREET & EAST 47TH AVENUE,1,1,0,0,1,2,0,0,20,0,0,0,0,0,4,3,13
,2020-02364,39.68276,-105.02657,7/10/2020 2:00,2:00:00,6,0,0,1879 SOUTH GROVE STREET & WEST JEWELL AVENUE,1,4,0,0,1,4,0,0,25,0,0,0,0,0,4,2,13
,2020-02366,39.72548053,-105.0130699,7/14/2020 18:49,18:49:00,12,0,0,I25 NORTHBOUND & SIXTH AVENUE WEST,11,1,0,1,1,4,0,0,65,0,0,0,0,0,1,3,13
,2020-02367,39.70711,-105.01355,6/21/2020 18:31,18:31:00,6,0,0,VIRGINIA AVENUE WEST  & VALELLJO STREET SOUTH,1,1,0,0,1,4,0,0,25,0,0,0,0,0,4,3,16
,2020-02368,39.75146,-104.98581,7/20/2020 7:20,7:20:00,3,0,0,STOUT STREET & 22ND STREET,1,1,0,0,1,1,0,0,30,0,0,0,0,0,4,3,13
,2020-02369,39.72174,-104.985,7/10/2020 11:56,11:56:00,8,0,0,300 NORTH SHERMAN STREET & EAST 47TH AVENUE,1,1,0,0,1,4,0,0,25,0,0,0,0,0,4,2,13
,2020-02372,39.77657,-105.0515,7/20/2020 13:24,13:24:00,15,0,0,5000 WEST 44TH AVENUE & NORTH ZENOBIA STREET,1,1,0,0,1,4,0,0,30,0,0,0,0,0,4,3,13
,2020-02374,39.75073,-104.97695,6/14/2020 12:00,12:00:00,1,0,0,EAST 23RD AVENUE & NORTH CLARKSON STREET,1,1,0,0,1,1,0,0,25,0,0,0,0,0,4,3,3
,2020-02385,39.71120654,-105.0086509,7/9/2020 6:47,6:47:00,2,0,1,ALAMEDA AVENUE & RARITAN STREET,1,1,0,0,1,4,0,0,0,1,0,0,0,2,2,2,16
,2020-02386,39.77583,-104.86574,7/16/2020 20:40,20:40:00,12,0,1,I70 WB & HAVANA STREET NORTH,1,3,1,0,1,4,0,1,65,0,0,0,0,1,1,2,5
,2020-02387,39.77511,-104.9223,7/4/2020 1:26,1:26:00,5,0,0,HOLLY STREET NORTH & 42ND AVENUE EAST,1,2,0,0,3,1,0,0,35,0,0,0,0,0,4,1,16
,2020-02389,39.71264,-105.01569,7/9/2020 5:30,5:30:00,6,0,0,200 SOUTH ZUNI STREET & WEST CEDAR AVENUE,1,1,0,0,1,4,0,0,25,0,0,0,0,0,4,2,16
,2020-02390,39.74879,-104.99445,7/4/2020 16:40,16:40:00,3,0,0,17TH STREET & ARAPAHOE STREET,1,1,0,0,1,1,0,0,25,0,0,0,0,0,4,2,16
,2020-02391,39.76567,-104.94057,7/20/2020 15:18,15:18:00,3,0,0,COLORADO BOULEVARD NORTH & 35TH AVENUE EAST,1,1,0,0,1,1,0,0,30,0,0,0,0,0,2,2,3
,2020-02392,39.7742,-104.84704,7/16/2020 22:11,22:11:00,12,0,0,I70 WB ON RAMP  FROM & PEORIA STREET NORTH,1,3,0,0,1,4,0,0,55,0,0,0,0,0,1,3,14
,2020-02394,39.68309,-104.94055,6/11/2020 20:30,20:30:00,15,0,0,I25 NORTHBOUND OFF RAMP TO & DOWNING STREET,1,1,0,0,1,8,0,0,55,0,0,0,0,0,1,2,16
,2020-02395,39.69445754,-104.9792389,7/9/2020 1:00,1:00:00,12,0,0,I25 SOUTHBOUND  & WASHINGTON STREET SOUTH,1,3,0,0,1,4,0,0,65,0,0,0,0,0,1,2,2
,2020-02397,39.79833,-104.76269,7/9/2020 18:50,18:50:00,9,0,1,56TH AVENUE EAST & DUNKIRK STREET NORTH,1,1,0,0,1,1,0,0,40,0,0,0,1,2,4,1,7
,2020-02399,39.74384,-105.02681,7/9/2020 16:30,16:30:00,6,0,0,1600 NORTH GROVE STREET & WEST 17TH AVENUE,1,1,0,0,1,4,0,0,,0,0,0,0,0,4,2,16
,2020-02403,39.71813654,-105.0408889,7/9/2020 16:39,16:39:00,2,0,1,QUITMAN AVENUE NORTH & FIRST AVENUE WEST,1,1,0,0,1,1,0,0,0,1,0,0,0,2,4,2,16
,2020-02404,39.69835453,-104.8659694,7/1/2020 15:15,15:15:00,15,0,0,SOUTH HAVANA STREET & EAST TENNESSEE AVENUE,1,1,0,0,1,3,0,0,35,0,0,0,0,0,4,2,3
,2020-02406,39.65327,-105.04909,7/4/2020 15:08,15:08:00,12,0,0,HAMPDEN AVENUE WEST & 4300,1,1,1,0,1,3,0,0,45,0,0,0,0,0,2,2,3
,2020-02407,39.77856252,-104.9034184,7/1/2020 21:50,21:50:00,12,0,0,I70 WB & QUEBEC STREET NORTH,1,3,0,0,1,4,0,1,55,0,0,0,0,0,1,2,13
,2020-02409,39.63868354,-104.8869499,7/20/2020 8:50,8:50:00,12,0,1,I225 SOUTHBOUND & TAMARAC STREET SOUTH,1,1,0,0,1,4,0,0,65,0,0,0,0,1,1,4,13
,2020-02410,39.75542,-105.00068,7/4/2020 3:45,3:45:00,5,0,0,18TH STREET  & BASSETT STREET,1,3,0,0,3,4,0,0,20,0,0,0,0,0,4,1,1
,2020-02411,39.73828,-104.94066,7/2/2020 6:00,6:00:00,3,0,0,EAST 14TH AVENUE & NORTH COLORADO BOULEVARD,1,1,0,0,1,1,0,0,35,0,0,0,0,0,4,2,7
,2020-02412,39.72894,-104.99286,7/1/2020 18:58,18:58:00,1,0,0,WEST EIGHTH AVENUE & NORTH DELAWARE STREET,1,1,0,0,1,1,0,0,25,0,0,0,0,0,4,2,3
,2020-02413,39.74559,-104.99515,7/4/2020 14:33,14:33:00,12,0,0,15TH STREET & CHAMPA STREET,1,1,0,0,1,3,0,0,30,0,0,0,0,0,4,2,4
,2020-02414,39.6699,-105.02508,7/4/2020 19:00,19:00:00,12,0,1,FEDERAL BOULEVARD SOUTH  & VASSAR AVENUE WEST,1,1,0,0,1,4,0,0,35,0,0,0,0,2,2,2,1
,2020-02415,39.7182,-105.04941,7/4/2020 15:50,15:50:00,1,0,0,4900 WEST FIRST AVENUE & NORTH XAVIER STREET,1,1,1,0,1,1,0,0,35,0,0,0,0,0,4,2,7
,2020-02416,39.7112,-104.92345,7/1/2020 16:00,16:00:00,12,0,0,5500 EAST ALAMEDA AVENUE & HUDSON STREET,1,1,0,0,1,4,0,0,35,0,0,0,0,1,4,2,8
,2020-02417,39.77712,-104.88279,7/1/2020 23:10,23:10:00,5,0,1,CENTRAL PARK BOULEVARD NORTH & I70 EASTBOUND ON RAMP,1,3,1,0,2,3,0,0,35,0,0,0,0,1,1,1,5
,2020-02418,39.67846,-104.93245,7/1/2020 10:59,10:59:00,12,0,0,4700 EAST EVANS AVENUE & SOUTH DAHLIA STREET,1,1,0,0,1,4,0,0,35,0,0,0,0,0,4,2,13
,2020-02419,39.78025,-104.9785,6/11/2020 14:40,14:40:00,15,0,0,4600 NORTH WASHINGTON STREET & EAST 46TH AVENUE,1,1,0,0,1,4,0,0,30,0,0,0,0,0,4,2,13
,2020-02420,39.66771,-105.02987,7/4/2020 19:07,19:07:00,3,0,1,WEST YALE AVENUE & SOUTH IRVING STREET,1,1,0,0,1,1,0,0,30,0,0,0,0,2,4,2,1
,2020-02422,39.63584625,-104.8935946,7/1/2020 16:35,16:35:00,12,0,0,TAMARAC STREET SOUTH & I225 SOUTHBOUND OFF RAMP,1,1,0,0,1,3,0,0,35,0,0,0,0,0,4,2,3
,2020-02423,39.75823,-104.95858,7/4/2020 19:14,19:14:00,3,0,1,29TH AVENUE EAST & JOSEPHINE STREET NORTH,1,1,0,0,1,1,0,0,25,0,0,0,0,1,4,2,3
,2020-02424,39.67845,-104.93378,6/27/2020 15:54,15:54:00,12,0,0,I25 NORTHBOUND & EVANS AVENUE EAST,1,1,0,0,1,4,0,0,60,0,0,0,0,0,1,2,13
,2020-02433,39.77633,-104.95166,6/9/2020 22:17,22:17:00,6,0,0,43RD AVENUE EAST  & MILWAUKEE STREET NORTH,1,3,0,0,1,4,0,0,25,0,0,0,0,0,4,2,16
,2020-02434,39.66755654,-104.9255314,6/28/2020 18:25,18:25:00,12,0,0,I25 NORTHBOUND OFF RAMP TO & YALE AVENUE EAST,1,1,1,0,1,1,0,0,35,0,0,0,0,0,1,2,13
,2020-02445,39.73844,-104.98612,7/4/2020 2:39,2:39:00,3,0,0,NORTH LINCOLN STREET & EAST 14TH AVENUE,1,3,0,0,1,1,0,0,30,0,0,0,0,0,4,2,13
,2020-02458,39.7812,-104.74234,7/4/2020 19:40,19:40:00,3,0,0,GREEN VALLEY RANCH BOULEVARD EAST & MALAYA STREET NORTH,1,1,0,0,1,1,0,0,35,0,0,0,0,0,4,2,7
,2020-02466,39.78378,-104.94052,6/30/2020 20:48,20:48:00,12,0,1,NORTH COLORADO BOULEVARD & EAST 48TH AVENUE,1,1,0,0,1,1,0,1,35,0,0,0,0,2,4,2,3
,2020-02478,39.71121,-104.9989,6/30/2020 16:40,16:40:00,12,0,0,I25 NORTHBOUND & ALAMEDA AVENUE WEST,1,1,1,0,1,4,0,0,55,0,0,0,0,0,1,2,1
,2020-02485,39.77401,-104.84703,6/30/2020 14:45,14:45:00,12,0,0,I70 EASTBOUND & PEORIA STREET NORTH,1,1,0,0,1,4,0,0,65,0,0,0,0,0,1,2,7
,2020-02486,39.7387,-104.89286,6/30/2020 13:55,13:55:00,10,0,0,NORTH UINTA STREET & EAST 14TH AVENUE,1,1,0,0,1,1,0,0,35,0,0,0,0,0,4,2,7
,2020-02488,39.73995,-104.99587,6/9/2020 18:15,18:15:00,15,0,0,COLFAX AVENUE WEST  & FOX STREET NORTH,1,1,0,0,1,3,0,0,35,0,0,0,0,0,2,2,14
,2020-02489,39.7498,-104.99577,6/30/2020 13:55,13:55:00,15,0,0,1200 17TH STREET & LAWRENCE STREET,1,1,0,0,1,4,0,0,30,0,0,0,0,0,4,2,13
,2020-02490,39.79838951,-104.7873005,6/30/2020 2:00,2:00:00,5,0,0,PENA BOULEVARD  & 56TH AVENUE,1,3,0,0,3,4,0,0,65,0,0,0,0,0,4,1,7