id,drcog_id,latitude,longitude,crashtime,time,crashtype,numbkilled,numbinjurd,drcoglocat,rdconditin,lightngcon,roadcntgrd,weatherco,location,roaddescrp,schoolzone,constrzone,splimit,bikeinv,pedinv,sctrinv,motoinv,svrty,rdsystem,ttlvehcls,hcf
,2020-02491,39.62948,-105.08171,6/29/2020 13:46,13:46:00,12,0,0,WADSWORTH BOULEVARD SOUTH  & LAYTON AVENUE WEST,1,1,0,0,1,4,0,0,30,0,0,0,0,0,2,2,13
,2020-02493,39.67464,-104.94622,6/16/2020 12:21,12:21:00,6,0,0,MADISON STREET SOUTH ) & ILIFF AVENUE EAST,1,1,0,0,1,4,0,0,25,0,0,0,0,0,4,2,3
,2020-02495,39.74737753,-104.9406109,6/30/2020 18:12,18:12:00,12,0,0,COLORADO BOULEVARD NORTH & MONTVIEW BOULEVARD EAST,1,1,0,0,1,1,0,0,35,0,0,0,0,0,2,2,13
,2020-02496,39.64913,-104.88489,6/29/2020 14:20,14:20:00,12,0,0,SOUTH YOSEMITE STREET & EAST KENYON AVENUE,1,1,0,0,1,3,0,0,30,0,0,0,0,0,4,2,14
,2020-02497,39.7694,-105.02997,6/29/2020 18:35,18:35:00,3,0,1,WEST 38TH AVENUE & NORTH IRVING STREET,1,1,0,0,1,5,0,0,15,0,0,0,1,3,4,2,13
,2020-02500,39.74888053,-104.9874379,6/27/2020 21:25,21:25:00,15,0,0,20TH STREET & BROADWAY STREET NORTH,1,3,0,0,1,1,0,0,30,0,0,0,0,0,4,2,16
,2020-02501,39.69475454,-104.9593084,6/29/2020 19:15,19:15:00,3,0,1,ARIZONA AVENUE EAST  & UNIVERSITY BOULEVARD SOUTH,1,1,0,0,1,2,0,0,25,0,0,0,0,1,4,2,3
,2020-02502,39.75549,-104.99105,6/14/2020 12:00,12:00:00,8,0,0,MARKET STREET & 22ND STREET,11,1,0,0,1,1,0,0,30,0,0,0,0,0,4,2,13
,2020-02503,39.7151,-104.90756,6/23/2020 20:30,20:30:00,6,0,0,ARCHER PLACE EAST  & ONEIDA STREET SOUTH,1,1,0,0,1,4,0,0,30,0,0,0,0,0,4,2,13
,2020-02504,39.67677,-105.02504,6/29/2020 14:50,14:50:00,3,0,0,WARREN AVENUE WEST & FEDERAL BOULEVARD SOUTH,1,1,0,0,1,1,0,0,30,0,0,0,0,0,4,2,13
,2020-02505,39.79098,-104.93998,6/28/2020 5:04,5:04:00,5,0,1,EAST 52ND AVENUE & SOUTH COLORADO BOULEVARD,1,2,0,0,3,3,0,0,35,0,0,0,0,3,4,1,5
,2020-02506,39.72554,-105.01313,6/30/2020 13:00,13:00:00,15,0,0,SIXTH AVENUE EASTBOUND OFF RAMP TO & I25 NORTHBOUND,1,1,1,0,1,8,0,0,45,0,0,0,0,0,1,2,7
,2020-02507,39.76796053,-104.9949709,6/30/2020 8:35,8:35:00,12,0,1,I25 SOUTHBOUND & PARK AVENUE WEST,1,1,0,0,1,4,0,0,65,0,0,0,0,1,1,2,13
,2020-02508,39.73601,-104.97529,6/28/2020 3:00,3:00:00,6,0,0,OGDEN STREET NORTH & 1200,1,3,0,0,1,4,0,0,30,0,0,0,0,0,4,2,13
,2020-02510,39.6531,-104.90909,6/30/2020 12:40,12:40:00,1,0,0,HAMPDEN AVENUE EAST & ONEIDA WAY SOUTH,1,1,0,0,1,1,0,0,35,0,0,0,0,0,2,2,13
,2020-02511,39.69294,-104.94063,6/29/2020 15:30,15:30:00,12,0,0,COLORADO BOULEVARD & LOUISIANA AVENUE EAST,1,1,0,0,1,4,0,0,35,0,0,0,0,0,2,2,3
,2020-02512,39.72908053,-104.9874019,6/19/2020 4:42,4:42:00,3,0,1,EAST EIGHTH AVENUE & NORTH BROADWAY STREET,1,2,0,0,1,1,0,0,30,0,0,0,0,3,4,2,5
,2020-02513,39.77832,-104.92229,7/4/2020 10:20,10:20:00,5,0,1,I70 EASTBOUND & HOLLY STREET NORTH,1,1,0,0,1,4,0,0,65,0,0,0,0,1,1,2,14
,2020-02515,39.74749,-104.97756,7/1/2020 14:29,14:29:00,3,0,0,EAST 20TH AVENUE & NORTH CLARKSON STREET,1,1,0,0,1,1,0,0,25,0,0,0,0,0,4,2,13
,2020-02518,39.72911,-104.96019,7/3/2020 22:35,22:35:00,3,0,0,NORTH YORK STREET & EAST EIGHTH AVENUE,1,3,0,0,1,1,0,0,30,0,0,0,0,0,4,2,13
,2020-02519,39.73677,-104.91395,7/6/2020 14:22,14:22:00,15,0,0,13TH AVENUE 6400 EAST & MONACO STREET PARKWAY,1,1,0,0,1,4,0,0,35,0,0,0,0,0,4,2,13
,2020-02520,39.65307,-104.88479,7/6/2020 15:25,15:25:00,3,0,0,HAMPDEN AVENUE EAST & YOSEMITE STREET SOUTH,1,1,0,0,1,1,0,0,35,0,0,0,0,0,2,2,3
,2020-02521,39.71121,-104.99913,7/1/2020 15:13,15:13:00,5,0,1,I25 & ALAMEDA AVENUE WEST,1,1,0,0,1,4,0,0,55,0,0,0,1,2,1,1,2
,2020-02522,39.72317,-104.92281,7/4/2020 0:25,0:25:00,6,0,0,NORTH HOLLY STREET & EAST FOURTH AVENUE,1,3,0,0,1,4,0,0,35,0,0,0,0,0,4,2,2
,2020-02523,39.69302654,-104.9862589,7/6/2020 10:15,10:15:00,3,0,0,SOUTH BROADWAY LINCOLN ALY & EAST LOUISIANA AVENUE,1,1,0,0,1,5,0,0,15,0,0,0,0,0,4,2,13
,2020-02524,39.78581,-104.80978,7/12/2020 7:00,7:00:00,5,0,0,CHAMBERS ROAD & 4800 NORTH,1,1,0,0,3,4,0,0,40,0,0,0,0,0,4,1,14
,2020-02525,39.74000353,-104.9920099,7/7/2020 6:25,6:25:00,15,0,0,SIXTH AVENUE WEST [EB] EXIT GORE POINT TO & I25 NORTHBOUND / SOUTHBOUND COLLECTOR RAMP,1,1,1,0,1,8,0,0,45,0,0,0,0,0,1,2,13
,2020-02526,39.74006,-104.98739,7/6/2020 11:30,11:30:00,12,0,0,NORTH BROADWAY STREET & EAST COLFAX AVENUE,1,1,0,0,1,1,0,0,30,0,0,0,0,0,4,2,13
,2020-02529,39.67671,-104.98634,7/7/2020 6:46,6:46:00,6,0,0,SOUTH LINCOLN STREET & EAST WARREN AVENUE,1,4,0,0,1,3,0,0,25,0,0,0,0,0,4,2,16
,2020-02530,39.78384453,-104.8999958,7/6/2020 22:30,22:30:00,12,0,0,I70 WB & NORTHFIELD QUEBEC STREET NORTH,1,3,0,0,1,4,0,0,35,0,0,0,0,0,4,2,13
,2020-02531,39.71133,-104.93656,7/4/2020 12:36,12:36:00,1,0,0,ALAMEDA AVENUE EAST & LEETSDALE DRIVE,1,1,0,0,1,1,0,0,30,0,0,0,0,0,2,2,1
,2020-02532,39.68279,-104.95942,7/7/2020 8:24,8:24:00,1,0,1,UNIVERSITY BOULEVARD SOUTH & BUCHTEL BOULEVARD EAST,1,1,0,0,1,1,0,0,30,0,0,0,0,1,2,2,13
,2020-02533,39.77421,-104.84704,6/30/2020 9:27,9:27:00,15,0,0,I70 WB ENTRANCE RAMP  FROM & PEORIA STREET NORTH,1,1,0,0,1,8,0,1,55,0,0,0,0,0,1,2,13
,2020-02534,39.74000653,-104.9764579,7/6/2020 10:30,10:30:00,2,0,0,COLFAX AVENUE EAST & EMERSON STREET NORTH,1,1,0,0,1,1,0,0,0,1,0,0,0,0,2,2,16
,2020-02536,39.74327353,-104.9861014,7/7/2020 6:50,6:50:00,6,0,0,000 EAST 17TH AVENUE & NORTH LINCOLN STREET,1,1,1,0,1,4,0,0,30,0,0,0,0,0,4,2,16
,2020-02537,39.70746253,-104.8659784,7/1/2020 12:56,12:56:00,6,0,0,VIRGINIA AVENUE EAST  & HAVANA STREET SOUTH,1,1,0,0,1,4,0,0,30,0,0,0,0,0,2,2,13
,2020-02538,39.70666,-104.9966,7/7/2020 6:15,6:15:00,15,0,0,I25 & SANTA FE DRIVE SOUTH NORTHBOUND FLYOVER,1,1,0,0,1,4,0,0,60,0,0,0,0,0,1,2,13
,2020-02539,39.75014,-105.00485,7/4/2020 7:47,7:47:00,3,0,0,SPEER BOULEVARD NORTH & WEWATTA STREET,1,1,0,0,1,1,0,0,40,0,0,0,0,0,4,2,13
,2020-02540,39.72893653,-104.9906014,7/4/2020 11:29,11:29:00,12,0,0,SPEER BOULEVARD 700 NORTHBOUND & WEST EIGHTH AVENUE,1,1,0,0,1,4,0,0,30,0,0,0,0,0,4,2,6
,2020-02541,39.78625109,-104.791086,7/4/2020 17:50,17:50:00,5,0,0,PENA BOULEVARD & 5600,11,1,0,1,3,4,0,0,65,0,0,0,0,0,4,1,16
,2020-02542,39.69991,-104.99916,7/7/2020 7:45,7:45:00,3,0,0,JASON STREET SOUTH  & KENTUCKY AVENUE WEST,1,1,0,0,1,2,0,0,30,0,0,0,0,0,4,2,3
,2020-02543,39.77856252,-104.9034184,7/6/2020 21:39,21:39:00,12,0,1,I70 WB  RAMP FROM & QUEBEC STREET NORTH,1,3,0,0,1,8,0,0,35,0,0,0,0,1,1,2,3
,2020-02544,39.71836,-104.91278,7/4/2020 16:43,16:43:00,12,0,0,NORTH MONACO STREET & EAST FIRST AVENUE,11,1,0,1,1,4,0,0,30,0,0,0,0,0,4,2,16
,2020-02546,39.66762,-104.90351,7/6/2020 14:00,14:00:00,15,0,0,EAST YALE AVENUE & SOUTH QUEBEC STREET,1,1,0,0,1,3,0,0,30,0,0,0,0,0,4,2,13
,2020-02547,39.74643002,-104.9768716,7/3/2020 21:48,21:48:00,15,0,0,I25 NORTHBOUND & PARK AVENUE EXIT GORE POINT,1,3,0,0,1,4,0,0,55,0,0,0,0,0,1,2,7
,2020-02548,39.78746,-105.02522,7/3/2020 18:25,18:25:00,1,0,0,50TH AVENUE WEST & FEDERAL BOULEVARD NORTH,1,1,0,0,1,1,0,0,25,0,0,0,0,0,2,2,13
,2020-02549,39.71831,-104.9498,7/4/2020 11:35,11:35:00,6,0,0,100 NORTH STEELE STREET & EAST SECOND AVENUE,1,1,0,0,1,4,0,0,25,0,0,0,0,0,4,2,13
,2020-02551,39.74375,-104.94065,7/1/2020 13:30,13:30:00,12,0,0,EAST 17TH AVENUE & NORTH COLORADO BOULEVARD,1,1,0,0,1,1,0,0,35,0,0,0,0,0,4,2,16
,2020-02553,39.74000353,-104.9920099,7/1/2020 7:30,7:30:00,5,0,0,CLERMONTCHERRY STREET ALLEY SOUTH & FLORIDA AVENUE EAST,1,1,0,0,2,5,0,0,10,0,0,0,0,0,4,1,13
,2020-02555,39.71114353,-104.9863804,7/3/2020 11:35,11:35:00,12,0,0,00 EAST ALAMEDA AVENUE & SOUTH LINCOLN STREET,1,1,0,0,1,4,0,0,25,0,0,0,0,0,4,2,13
,2020-02556,39.75132,-105.01653,7/4/2020 10:23,10:23:00,5,0,0,I25 NORTHBOUND & WEST 23RD AVENUE,1,1,0,0,1,4,0,0,55,0,0,0,0,0,1,2,14
,2020-02560,39.78009,-104.94051,7/8/2020 17:06,17:06:00,9,0,0,I70 WB & COLORADO BOULEVARD NORTH,1,1,0,0,1,4,0,0,55,0,0,0,1,0,1,1,16
,2020-02563,39.77343,-104.76129,7/3/2020 12:45,12:45:00,6,0,0,41ST AVENUE & 19359 EAST,1,1,1,0,1,2,0,0,15,0,0,0,0,0,4,2,13
,2020-02564,39.74016,-104.90694,7/3/2020 16:53,16:53:00,12,0,1,COLFAX AVENUE EAST & OLIVE STREET NORTH,1,1,0,0,1,3,0,0,35,0,0,0,0,1,2,2,4
,2020-02565,39.67848,-104.99851,7/3/2020 12:07,12:07:00,12,0,0,WEST EVANS AVENUE & SOUTH PLATTE RIVER DRIVE,1,1,0,0,1,4,0,0,35,0,0,0,0,0,4,2,13
,2020-02566,39.68589,-105.02506,7/2/2020 12:23,12:23:00,12,0,0,WEST MEXICO AVENUE & SOUTH FEDERAL BOULEVARD,1,1,1,0,1,3,0,0,25,0,0,0,0,0,4,2,1
,2020-02567,39.76449,-104.95976,7/1/2020 14:04,14:04:00,3,0,0,EAST BRUCE RANDOLPH AVENUE & NORTH YORK STREET,1,1,0,0,1,1,0,0,30,0,0,0,0,0,4,2,13
,2020-02568,39.69848,-104.99447,7/2/2020 17:13,17:13:00,6,0,0,WEST TENNESSEE AVENUE & SOUTH FOX STREET,1,1,0,0,1,4,0,0,25,0,0,0,0,0,4,2,1
,2020-02569,39.72568,-105.01322,7/3/2020 13:18,13:18:00,12,0,0,I25 & SIXTH AVENUE WEST EXIT GORE POINT,1,1,0,0,1,8,0,0,55,0,0,0,0,0,1,2,13
,2020-02573,39.82005,-104.77199,7/3/2020 16:25,16:25:00,3,0,0,TOWER ROAD NORTH & 68TH AVENUE EAST,1,1,0,0,1,1,0,0,25,0,0,0,0,0,4,2,8
,2020-02574,39.74766,-105.00249,7/3/2020 13:49,13:49:00,3,0,0,SPEER BOULEVARD NORTH & AURARIA PARKWAY,1,1,0,0,1,1,0,0,30,0,0,0,0,0,4,2,13
,2020-02575,39.74000353,-104.9920099,7/3/2020 14:33,14:33:00,15,0,0,I25 SOUTHBOUND OFF RAMP & FOX STREET NORTH,1,1,1,0,1,1,0,0,35,0,0,0,0,0,1,2,16
,2020-02578,39.67865,-105.02271,7/3/2020 15:12,15:12:00,12,0,0,EVANS AVENUE & 2700 WEST,1,1,0,0,1,4,0,0,25,0,0,0,0,0,4,2,13
,2020-02580,39.70842,-105.02039,7/8/2020 0:31,0:31:00,6,0,0,CLAY STREET SOUTH  & DAKOTA AVENUE WEST,1,3,0,0,1,4,0,0,25,0,0,0,0,0,4,2,1
,2020-02583,39.76116,-105.00476,7/1/2020 15:33,15:33:00,12,0,0,I25 SOUTHBOUND & 20TH AVENUE,1,1,0,0,1,4,0,0,65,0,0,0,0,0,1,2,14
,2020-02584,39.69108,-105.0294,7/5/2020 20:41,20:41:00,6,0,0,IRIVING STREET SOUTH  & ARKANSAS WAY WEST,1,3,0,0,1,4,0,0,25,0,0,0,0,0,4,2,3
,2020-02585,39.76116,-105.00476,7/1/2020 15:05,15:05:00,15,0,0,I25 & 20TH STREET,1,1,0,0,1,4,0,0,55,0,0,0,0,0,1,2,3
,2020-02586,39.72554,-105.01313,7/1/2020 14:40,14:40:00,12,0,0,I25 NORTHBOUND & SIXTH AVENUE WEST,1,1,0,0,1,4,0,0,55,0,0,0,0,0,1,2,13
,2020-02587,39.78647351,-104.8203304,7/3/2020 14:53,14:53:00,3,0,1,EAST 51ST AVENUE & NORTH DEEPHAVEN COURT,1,1,0,0,1,1,0,0,25,0,0,0,0,3,4,2,14
,2020-02590,39.77421,-104.84704,7/3/2020 4:10,4:10:00,15,0,0,I70 WB ENTRANCE RAMP  FROM & PEORIA STREET NORTH,1,3,1,0,1,4,0,0,55,0,0,0,0,0,1,2,3
,2020-02600,39.7103,-105.05326,7/3/2020 10:50,10:50:00,3,0,0,SHERIDAN BOULEVARD SOUTH & NEVADA PLACE WEST,1,1,1,0,1,1,0,0,25,0,0,0,0,0,2,2,13
,2020-02622,39.72562453,-104.9775514,7/8/2020 14:01,14:01:00,3,0,0,EAST SIXTH AVENUE & NORTH CLARKSON STREET,1,1,0,0,1,1,0,0,30,0,0,0,0,0,4,2,13
,2020-02731,39.65303,-104.9386,6/23/2020 11:21,11:21:00,12,0,1,HAMPDEN AVENUE EAST & ASH STREET SOUTH,1,1,1,0,1,3,0,0,40,0,0,0,0,1,2,2,3
,2020-02800,39.7065553,-104.979255,5/3/2020 22:06,22:06:00,6,0,0,WASHINGTON STREET SOUTH & 1441,1,3,0,0,5,5,0,0,15,0,0,0,0,0,3,2,1
,2020-02812,39.74916,-105.00082,7/2/2020 7:30,7:30:00,12,0,0,BLAKE STREET & 1400,1,1,0,0,1,4,0,0,25,0,0,0,0,0,4,2,1
,2020-02939,39.81868879,-104.9829055,8/14/2020 20:57,20:57:00,12,0,1,I25 & MM 199,1,3,0,0,1,4,0,1,65,0,0,0,0,1,1,2,3
,2020-03008,39.72414,-104.98748,7/14/2020 22:28,22:28:00,11,1,0,BROADWAY STREET NORTH & FIFTH AVENUE WEST,1,3,0,0,1,4,0,0,0,0,1,0,0,4,4,1,16
,2020-03046,39.77287,-104.83384,7/23/2020 4:10,4:10:00,12,1,0,I70 & MM 282.5,1,3,0,0,1,4,0,0,65,0,0,0,0,4,1,4,3
,2020-03311,39.67843,-104.95793,7/23/2020 21:23,21:23:00,3,0,0,JOSEPHINE STREET SOUTH & EVANS AVENUE EAST,1,3,0,0,1,1,0,0,25,0,0,0,0,0,4,2,3
,2020-03389,39.75739,-105.0081,7/22/2020 17:45,17:45:00,6,0,0,PLATTE STREET  & 15TH STREET,1,1,0,0,1,4,0,0,25,0,0,0,0,0,4,2,16
,2020-03393,39.74035,-104.98883,7/7/2020 9:38,9:38:00,10,0,0,COLFAX AVENUE WEST  & BANNOCK STREET NORTH,1,1,0,0,1,1,0,0,30,0,0,0,0,0,2,2,16
,2020-03394,39.74044,-105.01397,7/18/2020 11:34,11:34:00,3,0,1,I25 NORTHBOUND EXIT RAMP TO & COLFAX AVENUE WEST,1,1,0,0,1,1,0,0,45,0,0,0,0,3,2,2,3
,2020-03396,39.69674,-105.02322,7/13/2020 8:44,8:44:00,9,0,1,MISSISSIPPI AVENUE WEST  & DALE COURT SOUTH,1,1,0,0,1,4,0,0,30,0,1,0,0,2,4,1,16
,2020-03397,39.72141,-104.95826,7/14/2020 12:17,12:17:00,6,0,0,EAST THIRD PLACE & NORTH JOSEPHINE STREET,1,1,0,0,1,4,0,0,25,0,0,0,0,0,4,2,16
,2020-03398,39.71007875,-104.8704169,7/6/2020 17:40,17:40:00,3,0,1,ALAMEDA AVENUE  & GALENA WAY SOUTH,1,1,1,0,1,2,0,0,40,0,0,0,0,1,4,2,13
,2020-03400,39.73124,-104.97759,7/10/2020 0:00,0:00:00,12,0,0,CLARKSON STREET 900 NORTH & EAST 10TH AVENUE,1,4,0,0,1,4,0,0,30,0,0,0,0,0,4,2,5
,2020-03401,39.68037,-105.01841,7/20/2020 10:20,10:20:00,5,0,0,ASBURY AVENUE WEST & 2610,1,1,0,0,2,4,0,0,25,0,0,0,0,0,4,1,1
,2020-03405,39.76137,-104.96595,7/14/2020 22:18,22:18:00,6,0,0,WILLIAMS STREET NORTH  & 31ST AVENUE EAST,11,3,0,1,1,4,0,0,25,0,0,0,0,0,4,2,16
,2020-03406,39.6393,-104.88512,7/8/2020 16:35,16:35:00,12,0,0,I225 NORTHBOUND & YOSEMITE STREET SOUTH,1,1,0,0,1,4,0,0,65,0,0,0,0,0,1,2,13
,2020-03407,39.68982,-104.97343,7/18/2020 20:35,20:35:00,12,0,1,I25 SOUTHBOUND & SOUTH DOWNING STREET,1,2,0,0,1,4,0,0,55,0,0,0,1,2,1,2,1
,2020-03409,39.72559,-105.02514,7/10/2020 19:00,19:00:00,12,0,1,FEDERAL BOULEVARD NORTH & SIXTH AVENUE WB ENTRANCE RAMP,1,1,0,0,1,4,0,0,35,0,0,0,0,1,2,2,16
,2020-03414,39.79705,-104.9035,7/14/2020 16:57,16:57:00,5,0,1,QUEBEC STREET NORTH  & 56TH AVENUE EAST,11,1,0,1,2,4,0,0,45,0,0,0,1,3,4,1,7
,2020-03415,39.75129,-105.01679,7/7/2020 15:17,15:17:00,15,0,0,I25 SOUTHBOUND & 23RD AVENUE WEST,1,1,1,0,1,4,0,0,65,0,0,0,0,0,1,2,16
,2020-03418,39.77401,-104.84703,7/8/2020 10:03,10:03:00,15,0,1,PEORIA STREET NORTH & I70 EASTBOUND,1,1,0,0,1,1,0,0,30,0,0,0,0,1,4,2,13
,2020-03421,39.76094953,-105.0043309,7/17/2020 21:04,21:04:00,15,0,0,20TH STREET & NORTHBOUND I25,1,3,1,0,1,8,0,0,25,0,0,0,0,0,4,2,16
,2020-03422,39.78004,-104.98919,7/11/2020 4:12,4:12:00,5,0,0,I25 NORTHBOUND OFF RAMP & I70 EASTBOUND,1,3,1,0,3,8,0,0,65,0,0,0,0,0,1,1,16
,2020-03426,39.68956,-105.05327,7/22/2020 18:34,18:34:00,12,0,0,SHERIDAN BOULEVARD SOUTH & FLORIDA VE WEST,1,1,0,0,1,1,0,0,45,0,0,0,0,0,2,2,14
,2020-03428,39.73764,-104.97185,7/8/2020 8:26,8:26:00,3,0,0,MARION STREET 1300 NORTH & EAST 14TH AVENUE,1,1,0,0,1,5,0,0,,0,0,0,0,0,4,2,14
,2020-03430,39.76444,-104.96811,7/18/2020 20:05,20:05:00,6,0,0,RANDLOPH AVENUE 1600 EAST & NORTH FRANKLIN STREET,1,3,0,0,1,4,0,0,25,0,0,0,0,0,4,2,3
,2020-03442,39.74327,-104.98234,7/15/2020 16:44,16:44:00,6,0,0,NORTH LOGAN STREET & EAST 17TH AVENUE,1,1,0,7,1,4,0,0,25,0,0,0,0,0,4,2,1
,2020-03445,39.71696,-104.89579,7/17/2020 22:41,22:41:00,5,0,1,EAST FAIRMOUNT DRIVE & EAST LOWRY BOULEVARD,1,3,0,0,3,3,0,0,30,0,0,0,0,3,4,1,1
,2020-03447,39.73469,-104.93951,7/24/2020 1:35,1:35:00,6,0,0,NORTH ALBION STREET & EAST HALE PARKWAY,1,4,0,0,1,3,0,0,10,0,0,0,0,0,4,2,3
,2020-03448,39.68927,-104.89777,7/19/2020 1:00,1:00:00,6,0,0,FLORIDA AVENUE & 7700 EAST,1,3,1,0,1,4,0,0,25,0,0,0,0,0,4,2,5
,2020-03495,39.69593,-105.05322,7/24/2020 12:56,12:56:00,12,0,0,SHERIDAN BOULEVARD SOUTH  & MISSISSIPPI AVENUE WEST,1,1,0,0,1,4,0,0,30,0,0,0,0,0,2,2,13
,2020-03497,39.69854,-104.90354,7/23/2020 15:10,15:10:00,15,0,0,LEETSDALE DRIVE & QUEBEC STREET SOUTH,1,1,0,0,1,3,0,0,35,0,0,0,0,0,2,2,3
,2020-03498,39.72255,-104.98623,7/23/2020 13:07,13:07:00,1,0,0,EAST FOURTH AVENUE & NORTH LINCOLN STREET,1,1,0,0,1,1,0,0,25,0,0,0,0,0,4,2,13
,2020-03499,39.72107954,-105.0532504,7/23/2020 17:28,17:28:00,3,0,0,THIRD AVENUE WEST & SHERIDAN BOULEVARD NORTH,1,1,0,0,1,1,0,0,30,0,0,0,0,0,2,2,13
,2020-03500,39.61823656,-105.0911089,7/12/2020 19:02,19:02:00,11,0,0,CRESTLINE AVENUE 7600 WEST & WADSWORTH BOULEVARD SOUTH,1,1,0,0,1,4,0,0,25,0,1,0,0,0,4,1,13
,2020-03501,39.76814053,-104.9949709,7/23/2020 17:43,17:43:00,12,0,0,I25 & PARK AVENUE WEST,1,1,1,0,1,4,0,0,65,0,0,0,0,0,1,2,13
,2020-03502,39.6936,-104.99297,6/27/2020 12:06,12:06:00,15,0,0,PLATTER RIVER DRIVE SOUTH  & MISSISSIPPI AVENUE WEST,1,1,0,0,1,4,0,0,40,0,0,0,0,0,2,2,13
,2020-03503,39.64321,-104.88507,7/23/2020 18:48,18:48:00,5,0,0,NASSAU AVENUE EAST & YOSEMITE STREET SOUTH,1,1,0,0,2,1,0,0,40,0,0,0,0,0,4,1,16
,2020-03505,39.75646,-105.00928,7/23/2020 22:20,22:20:00,3,0,0,15TH STREET & PLATTE STREET,1,3,0,0,1,1,0,0,30,0,0,0,0,1,4,2,1
,2020-03506,39.73828,-104.93729,7/23/2020 18:21,18:21:00,10,0,0,EAST 14TH AVENUE & NORTH BELLAIRE STREET,1,1,0,0,1,1,0,0,30,0,0,0,0,0,4,2,7
,2020-03507,39.72781,-105.05324,7/23/2020 17:15,17:15:00,15,0,0,SHERIDAN BOULEVARD NORTH  & SIXTH AVENUE,1,1,1,0,1,4,0,0,35,0,0,0,0,0,2,2,13
,2020-03508,39.74014,-104.93269,6/15/2020 18:45,18:45:00,12,0,0,NORTH DEXTER STREET & EAST COLFAX AVENUE,1,1,0,0,1,3,0,0,30,0,0,0,0,0,4,2,16
,2020-03509,39.65304,-104.93169,7/24/2020 7:49,7:49:00,15,0,0,HAMPDEN AVENUE EAST & HAPPY CANYON ROAD EAST,1,1,0,0,1,1,0,0,35,0,0,0,0,0,2,2,13
,2020-03511,39.74347153,-104.9128009,7/23/2020 12:48,12:48:00,12,0,1,EAST 17TH AVENUE & NORTH MONACO STREET PARKWAY,1,1,0,0,1,1,0,0,35,0,0,0,0,2,4,2,14
,2020-03512,39.74114,-105.05321,6/16/2020 20:27,20:27:00,3,0,0,SHERIDAN BOULEVARD NORTH  & COLFAX AVENUE WEST,1,2,0,0,1,2,0,0,35,0,0,0,0,0,2,2,16
,2020-03513,39.74000353,-104.9920099,7/24/2020 5:40,5:40:00,5,0,0,I25 SOUTHBOUND FLYOVER RAMP TO & I225 NORTHBOUND,1,1,1,0,3,8,0,0,55,0,0,0,0,0,1,1,1
,2020-03514,39.79833,-104.76269,7/23/2020 21:04,21:04:00,3,0,0,EAST 56TH AVENUE & NORTH DUNKIRK STREET,1,3,0,0,1,1,0,0,40,0,0,0,0,1,4,2,3
,2020-03515,39.77505,-104.8099,6/25/2020 18:00,18:00:00,10,0,0,NORTH CHAMBERS ROAD & EAST ANDREWS DRIVE,1,1,0,0,1,3,0,0,15,0,0,0,0,0,4,2,16
,2020-03516,39.71300654,-105.0203194,7/24/2020 8:15,8:15:00,3,0,0,WEST CEDAR AVENUE & SOUTH CLAY STREET,1,1,0,0,1,1,0,0,25,0,0,0,0,0,4,2,13
,2020-03517,39.74058,-105.02513,6/12/2020 13:59,13:59:00,15,0,0,COLFAX AVENUE WB EXIT RAMP TO & FEDERAL BOULEVARD NORTH,1,1,0,0,1,8,0,0,35,0,0,0,0,0,2,2,7
,2020-03519,39.69313,-105.01459,7/6/2020 9:00,9:00:00,15,0,0,WEST LOUISIANA AVENUE & SOUTH WYANDOT WAY,1,3,0,0,1,1,0,0,25,0,0,0,0,0,4,2,13
,2020-03520,39.76275,-104.97991,6/9/2020 11:30,11:30:00,6,0,0,LARIMER STREET & 3000,1,1,0,0,1,4,0,0,25,0,0,0,0,0,4,2,16
,2020-03521,39.6239,-104.90402,7/24/2020 12:14,12:14:00,1,0,0,BELLEVIEW AVENUE EAST & QUEBEC STREET SOUTH,1,1,0,0,1,1,0,0,40,0,0,0,0,0,2,2,13
,2020-03522,39.72548053,-105.0130699,7/24/2020 12:16,12:16:00,12,0,0,I25 NORTHBOUND & SIXTH AVENUE WEST,1,1,0,0,1,4,0,0,55,0,0,0,0,0,1,2,13
,2020-03523,39.71604,-104.92897,7/22/2020 23:53,23:53:00,5,0,0,ELM STREET & 10 SOUTH,1,3,0,0,3,1,0,0,25,0,0,0,0,1,4,1,1
,2020-03524,39.76833,-105.03449,7/24/2020 9:35,9:35:00,6,0,0,3400 WEST CLYDE PLACE & NORTH LOWELL BOULEVARD,1,1,0,0,1,2,0,0,25,0,0,0,0,0,4,2,13
,2020-03528,39.76953,-105.03426,7/24/2020 13:11,13:11:00,15,0,0,3500 WEST 38TH AVENUE & NORTH LOWELL BOULEVARD,1,1,0,0,1,4,0,0,30,0,0,0,0,0,4,2,13
,2020-03530,39.7112,-104.92345,7/23/2020 16:22,16:22:00,12,0,0,5500 EAST ALAMEDA AVENUE & SOUTH HOLLY STREET,1,1,0,0,1,4,0,0,35,0,0,0,0,0,4,2,1
,2020-03531,39.74017,-104.95209,7/17/2020 2:01,2:01:00,12,0,0,COLFAX AVENUE 3000 EAST & MILWAUKEE STREET,1,3,0,0,1,4,0,0,35,0,0,0,0,0,4,2,5
,2020-03532,39.7255,-105.03946,7/27/2020 19:40,19:40:00,12,0,0,SIXTH AVENUE WEST & PERRY STREET NORTH,1,1,0,0,1,4,0,0,65,0,0,0,0,0,2,2,13