id,drcog_id,latitude,longitude,crashtime,time,crashtype,numbkilled,numbinjurd,drcoglocat,rdconditin,lightngcon,roadcntgrd,weatherco,location,roaddescrp,schoolzone,constrzone,splimit,bikeinv,pedinv,sctrinv,motoinv,svrty,rdsystem,ttlvehcls,hcf
,2020-03533,39.6894,-104.99218,7/21/2020 20:40,20:40:00,15,0,0,SANTA FE DRIVE SOUTH & FLORIDA VE WEST,1,3,1,0,1,2,0,0,45,0,0,0,0,0,2,2,1
,2020-03534,39.75285,-104.93392,7/23/2020 11:20,11:20:00,2,0,0,25TH AVENUE EAST & CHERRY STREET NORTH,1,1,0,0,1,1,0,0,25,1,0,0,0,0,4,2,1
,2020-03535,39.63575,-104.89352,7/22/2020 7:35,7:35:00,12,0,1,TAMARAC STREET SOUTH & I225 WB RAMPS,1,1,0,0,1,4,0,0,35,0,0,0,0,1,4,2,13
,2020-03536,39.78013,-104.95932,7/26/2020 22:06,22:06:00,15,0,0,I70 WB & YORK STREET NORTH,1,3,0,0,1,4,0,0,65,0,0,0,0,0,1,2,13
,2020-03537,39.73844953,-104.9861284,7/21/2020 16:03,16:03:00,15,0,0,EAST 14TH AVENUE & NORTH LINCOLN STREET,1,1,1,0,1,4,0,0,30,0,0,0,0,0,4,2,8
,2020-03538,39.72548053,-105.0130699,7/21/2020 16:45,16:45:00,12,0,0,I25 NORTHBOUND ON RAMP FROM & SIXTH AVENUE WEST,1,1,1,0,1,8,0,0,55,0,0,0,0,0,1,2,7
,2020-03539,39.72452,-105.03248,7/27/2020 17:45,17:45:00,12,0,0,WEST FIFTH AVENUE & NORTH KNOX COURT,1,1,0,0,1,1,0,0,25,0,0,0,0,0,4,2,7
,2020-03540,39.71098,-105.05169,7/3/2020 10:07,10:07:00,12,0,0,ALAMEDA AVENUE WEST  & SHERIDAN BOULEVARD SOUTH,1,1,1,0,1,4,0,0,25,0,0,0,0,0,2,2,16
,2020-03541,39.72414,-104.98625,7/22/2020 16:47,16:47:00,5,0,1,LINCOLN STREET NORTH & FIFTH AVENUE EAST,1,1,0,0,2,4,0,0,30,0,0,0,0,2,4,1,14
,2020-03542,39.76095,-105.00433,7/23/2020 7:10,7:10:00,12,0,0,I25 & 20TH STREET,1,1,1,0,1,4,0,0,35,0,0,0,0,0,1,2,3
,2020-03543,39.67847,-104.92227,7/22/2020 12:03,12:03:00,1,0,0,EVANS AVENUE EAST & HOLLY STREET SOUTH,1,1,0,0,1,1,0,0,35,0,0,0,0,0,4,2,13
,2020-03544,39.72559,-105.02514,7/11/2020 16:00,16:00:00,5,0,0,SIXTH AVENUE WEST & FEDERAL BOULEVARD NORTH,1,1,0,0,1,4,0,0,55,0,0,0,0,0,2,2,13
,2020-03545,39.77856252,-104.9034184,7/23/2020 8:23,8:23:00,12,0,0,I70 EASTBOUND & NORTHFIELD QUEBEC STREET NORTH,1,1,0,0,1,4,0,0,55,0,0,0,0,0,1,2,14
,2020-03546,39.75414,-104.9893,7/22/2020 8:20,8:20:00,3,0,0,22ND STREET & LAWRENCE STREET,1,1,0,2,1,1,0,0,30,0,0,0,0,0,4,2,16
,2020-03548,39.74016,-105.00524,7/22/2020 6:50,6:50:00,3,0,0,COLFAX AVENUE WEST & OSAGE STREET NORTH,1,1,0,0,1,1,0,0,25,0,0,0,0,0,2,2,16
,2020-03549,39.74865,-104.98945,7/24/2020 11:37,11:37:00,3,0,0,19TH STREET & STOUT STREET,1,1,0,0,1,1,0,0,30,0,0,0,0,0,4,2,13
,2020-03550,39.76188,-104.94058,7/24/2020 15:15,15:15:00,12,0,0,NORTH COLORADO BOULEVARD & EAST MLK BOULEVARD,1,1,1,0,1,1,0,0,35,0,0,0,0,0,4,2,13
,2020-03551,39.77562,-104.86574,7/23/2020 6:29,6:29:00,12,0,0,I70 EASTBOUND & HAVANA STREET NORTH,1,1,1,0,1,4,0,0,55,0,0,0,0,0,1,2,13
,2020-03552,39.72548053,-105.0130699,7/22/2020 7:53,7:53:00,12,0,0,I25 NORTHBOUND & SIXTH AVENUE WEST,1,1,0,0,1,4,0,0,65,0,0,0,0,0,1,2,3
,2020-03554,39.68227,-105.02504,7/21/2020 17:49,17:49:00,9,0,1,JEWELL AVENUE WEST & FEDERAL BOULEVARD SOUTH,1,1,0,0,1,4,0,0,30,0,0,0,0,3,2,1,14
,2020-03555,39.74197,-104.88465,7/27/2020 15:43,15:43:00,3,0,0,EAST 16TH AVENUE & NORTH YOSEMITE STREET,1,1,0,0,1,1,0,0,25,0,0,0,0,0,4,2,13
,2020-03556,39.72644,-104.97877,7/26/2020 21:16,21:16:00,15,0,0,600 NORTH WASHINGTON STREET & EAST SEVENTH AVENUE,1,3,0,0,1,4,0,0,25,0,0,0,0,0,4,2,13
,2020-03558,39.72548053,-105.0130699,7/22/2020 18:35,18:35:00,15,0,0,SIXTH AVENUE WEST & I25,11,1,1,0,1,8,0,0,35,0,0,0,0,0,1,2,3
,2020-03559,39.73712,-104.9987,7/22/2020 4:15,4:15:00,10,0,0,SANTA FE DRIVE & 1300 NORTH,1,3,0,0,1,2,0,0,25,0,0,0,0,0,4,2,3
,2020-03561,39.74016,-105.00524,7/24/2020 15:32,15:32:00,12,0,0,COLFAX AVENUE WEST & OSAGE STREET NORTH,1,1,1,0,1,3,0,0,35,0,0,0,0,0,2,2,16
,2020-03562,39.71121,-104.99839,7/21/2020 16:10,16:10:00,10,0,0,SOUTH KALAMATH STREET & WEST ALAMEDA AVENUE,1,1,0,0,1,3,0,0,35,0,0,0,0,0,4,2,8
,2020-03563,39.72565,-104.98831,7/23/2020 11:38,11:38:00,15,0,0,30 WEST SIXTH AVENUE & NORTH BROADWAY STREET,1,1,0,0,1,4,0,0,30,0,0,0,0,0,4,2,13
,2020-03564,39.66387,-105.04705,7/1/2020 21:00,21:00:00,6,0,0,VRAIN STREET SOUTH  & BATES AVENUE WEST,1,2,1,0,1,4,0,0,25,0,0,0,0,0,4,2,14
,2020-03565,39.74015,-104.94654,7/27/2020 15:37,15:37:00,6,0,1,COLFAX AVENUE EAST & MADISON STREET NORTH,1,1,0,0,1,4,0,0,30,0,0,0,0,1,2,2,3
,2020-03567,39.74015,-104.90346,7/23/2020 14:39,14:39:00,15,0,0,COLFAX AVENUE EAST & QUEBEC STREET NORTH,1,1,0,0,1,4,0,0,35,0,0,0,0,0,2,2,13
,2020-03568,39.6387,-105.09083,7/22/2020 9:50,9:50:00,12,0,0,8100 WEST QUINCY AVENUE & SOUTH AMMONS STREET,1,1,0,0,1,4,0,0,40,0,0,0,0,0,4,2,3
,2020-03569,39.68470154,-104.9585168,7/17/2020 16:15,16:15:00,12,0,0,I25 SOUTHBOUND & 38TH AVENUE WEST,1,1,0,0,1,4,0,0,65,0,0,0,0,0,1,2,13
,2020-03570,39.73942,-105.05207,7/22/2020 9:36,9:36:00,6,0,0,ZENOBIA STREET NORTH  & COLFAX AVENUE WEST,1,1,0,0,1,4,0,0,25,0,0,0,0,0,4,2,16
,2020-03571,39.77838,-104.83726,7/27/2020 16:29,16:29:00,6,0,0,13800 EAST ALBROOK DRIVE & NORTH ABILENE STREET,1,1,0,0,1,4,0,0,25,0,0,0,0,0,4,2,3
,2020-03572,39.71121,-104.99913,7/21/2020 22:31,22:31:00,12,0,0,I25 SOUTHBOUND & ALAMEDA AVENUE WEST,1,3,2,0,1,4,0,0,65,0,0,0,0,0,1,2,5
,2020-03573,39.74044,-105.01397,7/27/2020 16:55,16:55:00,12,0,0,I25 NORTHBOUND & WEST COLFAX AVENUE,1,1,0,0,1,4,0,0,65,0,0,0,0,0,1,2,2
,2020-03574,39.66774,-105.08008,7/24/2020 11:36,11:36:00,12,0,0,YALE AVENUE 7500  & WADSWORTH BOULEVARD SOUTH,1,1,0,0,1,3,0,0,25,0,0,0,0,0,4,2,13
,2020-03575,39.78527,-104.88308,7/23/2020 15:44,15:44:00,12,0,0,NORTH CENTRAL PARK BOULEVARD & EAST NORTHFIELD BOULEVARD,1,1,1,0,1,3,0,0,35,0,0,0,0,1,4,2,16
,2020-03576,39.73871,-104.90581,7/23/2020 12:08,12:08:00,3,0,0,EAST 14TH AVENUE & NORTH PONTIAC STREET,1,1,0,0,1,1,0,0,25,0,0,0,0,0,4,2,8
,2020-03577,39.73849,-105.05322,7/19/2020 13:47,13:47:00,12,0,0,SHERIDAN BOULEVARD NORTH & 14TH AVENUE WEST,1,1,0,0,1,1,0,0,35,0,0,0,0,1,2,2,16
,2020-03578,39.76202,-105.02015,7/23/2020 15:25,15:25:00,6,0,0,2600 WEST 32ND AVENUE & NORTH CLAY STREET,1,1,1,0,1,4,0,0,25,0,0,0,0,0,4,2,13
,2020-03579,39.78623,-104.84889,7/22/2020 12:38,12:38:00,3,0,0,NORTH PARIS STREET & EAST 49TH AVENUE,1,1,0,0,1,1,0,0,20,0,0,0,0,0,4,2,13
,2020-03580,39.64444,-104.89463,7/24/2020 14:22,14:22:00,6,0,0,TAMARAC STREET  & MANSFIELD AVENUE,1,1,0,0,1,4,0,0,30,0,0,0,0,0,4,2,16
,2020-03581,39.77566,-105.04628,7/23/2020 11:10,11:10:00,6,0,0,4300 NORTH VRAIN STREET & WEST 42ND AVENUE,1,1,0,0,1,4,0,0,25,0,0,0,0,0,4,2,7
,2020-03582,39.77166683,-104.738315,7/22/2020 14:58,14:58:00,6,0,0,4000 NORTH ORLEANS STREET & EAST 40TH PLACE,1,1,0,0,1,4,0,0,25,0,0,0,0,0,4,2,16
,2020-03583,39.74673,-105.03305,7/22/2020 15:41,15:41:00,6,0,0,1900 NORTH KING STREET & WEST 20TH AVENUE,1,1,0,0,1,4,0,0,25,0,0,0,0,0,4,2,7
,2020-03584,39.72548053,-105.0130699,7/23/2020 10:40,10:40:00,12,0,1,I25 & SIXTH AVENUE WEST,1,1,0,0,1,4,0,0,35,0,0,0,0,1,1,2,3
,2020-03585,39.72014,-104.97407,7/22/2020 18:17,18:17:00,3,0,0,EAST THIRD AVENUE & NORTH CORONA STREET,11,1,0,1,1,1,0,0,25,0,0,0,0,1,4,2,7
,2020-03586,39.71111,-104.97339,7/22/2020 16:00,16:00:00,3,0,0,EAST ALAMEDA AVENUE & SOUTH DOWNING STREET,1,1,0,0,1,1,0,0,35,0,0,0,0,1,4,2,14
,2020-03587,39.74016,-104.89756,7/26/2020 12:40,12:40:00,9,0,2,COLFAX AVENUE EAST & SPRUCE STREET NORTH,1,1,0,0,2,1,0,0,35,0,0,0,1,2,2,1,7
,2020-03588,39.78260803,-104.9985394,7/23/2020 8:13,8:13:00,15,0,0,I70 EASTBOUND & MM 280,1,1,0,0,1,4,0,0,65,0,0,0,0,0,1,2,13
,2020-03589,39.77856252,-104.9034184,7/23/2020 7:56,7:56:00,12,0,0,I70 EASTBOUND & QUEBEC STREET NORTH,1,1,0,0,1,4,0,0,55,0,0,0,0,0,1,2,14
,2020-03590,39.69309,-105.00155,6/29/2020 15:58,15:58:00,12,0,0,SOUTH LIPAN STREET & LOUISIANA AVENUE WEST,1,1,1,0,1,1,0,0,25,0,0,0,0,0,4,2,13
,2020-03591,39.72562,-104.95888,7/27/2020 14:40,14:40:00,12,0,0,NORTH JOSEPHINE STREET & EAST SIXTH AVENUE,1,1,0,0,1,1,0,0,30,0,0,0,0,0,4,2,3
,2020-03592,39.74001553,-104.9798914,7/25/2020 11:04,11:04:00,11,0,0,COLFAX AVENUE EAST & PEARL STREET ALLEY,1,1,0,0,1,5,0,0,20,0,1,0,0,0,2,1,16
,2020-03593,39.72732,-104.9986,7/26/2020 13:04,13:04:00,12,0,0,NORTH SANTA FE DRIVE & WEST SEVENTH AVENUE,1,1,0,0,1,1,0,0,30,0,0,0,0,0,4,2,3
,2020-03594,39.70771,-105.05206,7/26/2020 5:45,5:45:00,6,0,0,VIRGINIA AVENUE & 5100 WEST,1,2,1,0,1,4,0,0,25,0,0,0,0,0,4,2,8
,2020-03595,39.71294,-104.98216,7/21/2020 17:45,17:45:00,3,0,0,CEDAR AVENUE EAST & 400,1,1,0,0,1,2,0,0,25,0,0,0,0,0,4,2,8
,2020-03596,39.74000353,-104.9920099,7/26/2020 22:15,22:15:00,15,0,0,I25 NORTHBOUND ENTRANCE RAMP FROM & SIXTH AVENUE WEST EB/WB COLLECTOR RAMP,1,3,0,0,1,8,0,0,55,0,0,0,0,0,1,2,16
,2020-03597,39.68487,-104.95945,7/25/2020 21:54,21:54:00,12,0,0,I25 SOUTHBOUND & UNIVERSITY BOULEVARD SOUTH,1,3,0,0,1,4,0,0,60,0,0,0,0,0,1,2,13
,2020-03598,39.77658861,-104.9894083,7/27/2020 7:45,7:45:00,5,0,1,I25 & MM 214,1,1,0,0,3,4,0,0,65,0,0,0,0,1,1,1,6
,2020-03599,39.74552,-104.98485,7/27/2020 11:55,11:55:00,6,0,0,SHERMAN STREET NORTH  & 19T STREET EAST,1,1,0,0,1,4,0,0,25,0,0,0,0,0,4,2,14
,2020-03600,39.72909,-104.9874,7/26/2020 13:09,13:09:00,3,0,0,EAST EIGHTH AVENUE & NORTH BROADWAY STREET,1,1,0,0,1,1,0,0,30,0,0,0,0,1,4,2,8
,2020-03601,39.67839254,-104.9935579,7/26/2020 21:59,21:59:00,5,0,0,SANTA FE DRIVE SOUTH  & EVANS AVENUE WEST,1,3,0,0,3,4,0,0,55,0,0,0,0,0,2,1,7
,2020-03602,39.7831,-104.9022,7/27/2020 6:50,6:50:00,15,0,0,SAND CREEK ROAD NORTH & 47TH AVENUE EAST,1,1,0,0,1,4,0,0,40,0,0,0,0,0,4,2,13
,2020-03603,39.65616255,-105.0532189,7/26/2020 15:25,15:25:00,3,0,0,SHERIDAN BOULEVARD SOUTH  & DARTMOUTH AVENUE WEST,1,1,0,0,1,1,0,0,40,0,0,0,0,0,2,2,1
,2020-03604,39.65306,-104.88142,7/27/2020 9:49,9:49:00,15,0,0,HAMPDEN AVENUE EAST & AKRON STREET SOUTH,1,1,0,0,1,3,0,0,45,0,0,0,0,0,2,2,13
,2020-03605,39.74044,-105.01416,7/23/2020 13:32,13:32:00,3,0,2,COLFAX AVENUE WEST & I25 SOUTHBOUND OFF RAMP,1,1,0,0,1,1,0,0,45,0,0,0,0,2,2,2,13
,2020-03606,39.75707,-105.01008,7/27/2020 8:20,8:20:00,12,0,0,I25 NORTHBOUND & 15TH STREET,1,1,0,0,1,4,0,0,55,0,0,0,0,0,1,2,13
,2020-03607,39.74106117,-104.9500383,5/7/2020 8:30,8:30:00,5,0,0,STEELE STREET NORTH  & COLFAX AVENUE EAST,1,1,0,0,1,5,0,0,,0,0,0,0,0,4,1,13
,2020-03608,39.71977794,-104.9594299,7/25/2020 21:54,21:54:00,5,0,1,I25 NORTHBOUND & UNIVERSITY BOULEVARD EXIT GORE POINT APPROXIMATELY,1,3,3,0,2,4,0,0,65,0,0,0,0,2,1,1,7
,2020-03609,39.76567,-104.94057,7/26/2020 2:43,2:43:00,5,0,0,35TH AVENUE EAST & COLORADO BOULEVARD NORTH,1,3,0,0,3,4,0,0,35,0,0,0,0,0,4,1,4
,2020-03611,39.78703152,-104.8852204,7/22/2020 6:29,6:29:00,9,0,1,49TH PLACE EAST & YOSEMITE STREET,1,1,0,0,1,1,0,0,25,0,1,0,0,1,4,1,13
,2020-03612,39.75216,-104.98671,7/25/2020 10:56,10:56:00,15,0,0,900 22ND STREET & CHAMPA STREET,1,1,0,0,1,4,0,0,30,0,0,0,0,0,4,2,8
,2020-03613,39.70021,-104.98748,7/25/2020 23:40,23:40:00,3,0,1,BROADWAY STREET SOUTH & KENTUCKY AVENUE WEST,1,3,0,0,1,1,0,0,35,0,0,0,1,3,4,2,1
,2020-03614,39.76559,-105.02994,7/26/2020 12:58,12:58:00,12,0,0,NORTH IRVING STREET & WEST 35TH AVENUE,1,1,0,0,1,1,0,0,30,0,0,0,0,0,4,2,3
,2020-03615,39.68487,-104.95945,7/22/2020 6:08,6:08:00,15,0,1,I25 NORTHBOUND & UNIVERSITY BOULEVARD SOUTH,1,1,0,0,1,4,0,0,60,0,0,0,0,1,1,2,1
,2020-03616,39.72528,-105.01313,7/24/2020 13:03,13:03:00,12,0,0,I25 & SIXTH AVENUE EXIT GORE POINT,1,1,1,0,1,8,0,0,55,0,0,0,0,0,1,2,3
,2020-03617,39.73682,-104.96225,7/26/2020 16:20,16:20:00,3,0,0,NORTH VINE STREET & EAST 13TH AVENUE,1,1,0,0,1,1,0,0,30,0,0,0,0,1,4,2,13
,2020-03618,39.74436,-104.94065,7/25/2020 11:31,11:31:00,12,0,0,COLORADO BOULEVARD NORTH  & 17TH AVENUE EAST,1,1,0,0,1,4,0,0,30,0,0,0,0,0,2,2,1
,2020-03619,39.62943,-104.8952,7/21/2020 14:50,14:50:00,3,0,0,SOUTH ULSTER STREET & EAST UNION AVENUE,1,1,0,0,1,1,0,0,30,0,0,0,0,0,4,2,1
,2020-03620,39.7414,-104.99884,7/26/2020 22:59,22:59:00,5,0,0,SPEER BOULEVARD NORTH & STOUT STREET,1,3,0,0,2,4,0,0,45,0,0,0,0,0,4,1,13
,2020-03621,39.74553,-104.98232,7/25/2020 19:00,19:00:00,6,0,0,LOGAN STREET NORTH  & 18TH AVENUE EAST,1,1,0,0,1,4,0,0,30,0,0,0,0,0,4,2,16
,2020-03622,39.77833,-104.97924,7/15/2020 17:29,17:29:00,15,0,0,EAST 45TH AVENUE & NORTH WASHINGTON STREET,1,1,0,0,1,3,0,0,30,0,0,0,0,1,4,2,16
,2020-03623,39.74973,-104.99324,7/26/2020 10:18,10:18:00,3,0,0,18TH STREET & ARAPAHOE STREET,1,1,0,0,1,1,0,0,35,0,0,0,0,0,4,2,13
,2020-03624,39.74033,-105.01415,6/26/2020 15:14,15:14:00,12,0,0,I25 SOUTHBOUND & COLFAX AVENUE WEST,1,1,0,0,1,4,0,0,35,0,0,0,0,0,1,2,9
,2020-03625,39.71120654,-104.9991784,7/27/2020 7:24,7:24:00,15,0,0,I25 & ALAMEDA AVENUE WEST,1,1,0,0,1,4,0,0,65,0,0,0,0,0,1,2,7
,2020-03626,39.75146,-104.98582,7/26/2020 11:26,11:26:00,12,0,0,800 22ND STREET & STOUT STREET,1,1,0,0,1,4,0,0,25,0,0,0,0,0,4,2,13
,2020-03627,39.78381,-104.80702,7/25/2020 21:00,21:00:00,15,0,0,15600 EAST GREEN VALLEY RANCH BOULEVARD & NORTH CHAMBERS ROAD,1,3,0,0,1,4,0,0,40,0,0,0,0,0,4,2,5
,2020-03628,39.74696,-104.97754,7/26/2020 1:42,1:42:00,3,0,0,PARK AVENUE & CLARKSON STREET NORTH,1,3,0,0,1,1,0,0,30,0,0,0,0,0,4,2,5
,2020-03629,39.74296,-105.05321,7/23/2020 17:20,17:20:00,12,0,0,SHERIDAN BOULEVARD NORTH  & 17TH AVENUE WEST,1,1,1,0,1,4,0,0,35,0,0,0,0,0,2,2,13
,2020-03630,39.75214,-105.05324,7/22/2020 11:50,11:50:00,12,0,0,SHERIDAN BOULEVARD NORTH  & BYRON PLACE WEST,1,1,1,0,1,4,0,0,35,0,0,0,0,0,2,2,3
,2020-03631,39.63137,-105.08986,7/26/2020 13:02,13:02:00,3,0,0,SOUTH BALSAM WAY & UNION AVENUE WEST,1,1,0,0,1,1,0,0,25,0,0,0,0,0,4,2,13
,2020-03632,39.75382,-104.89072,7/27/2020 8:58,8:58:00,2,0,1,25TH DRIVE EAST & CENTRAL PARK BOULEVARD NORTH,1,1,0,0,1,1,0,0,0,1,0,0,0,1,4,2,16
,2020-03633,39.72571,-105.00015,7/25/2020 6:23,6:23:00,12,0,0,WEST SIXTH AVENUE & NORTH KALAMATH STREET,1,1,0,0,1,1,0,0,35,0,0,0,0,0,4,2,3
,2020-03634,39.69666,-104.99188,7/27/2020 6:10,6:10:00,1,0,0,SANTA FE DRIVE SOUTH & MISSISSIPPI AVENUE WEST,1,2,0,0,1,1,0,0,35,0,0,0,0,0,2,2,16
,2020-03635,39.69666,-104.99294,7/26/2020 23:20,23:20:00,2,0,1,MISSISSIPPI AVENUE WEST & PLATTE RIVER DRIVE SOUTH,1,3,0,0,1,1,0,0,0,1,0,0,0,2,2,2,16
,2020-03636,39.73927,-104.99015,7/24/2020 7:43,7:43:00,5,0,0,BANNOCK STREET NORTH & 14TH AVENUE WEST,1,1,0,0,3,3,0,0,25,0,0,0,0,0,4,1,14
,2020-03637,39.76358,-104.97333,7/25/2020 15:05,15:05:00,12,0,0,3300 NORTH DOWNING STREET & EAST BRUCE RANDOLPH AVENUE,1,1,0,0,1,4,0,0,30,0,0,0,0,0,4,2,1
,2020-03638,39.72548053,-105.0130699,7/22/2020 11:25,11:25:00,12,0,0,SIXTH AVENUE WEST & I25 SOUTHBOUND,1,1,1,0,1,4,0,0,65,0,0,0,0,0,2,2,13
,2020-03639,39.71121,-104.9989,7/21/2020 19:30,19:30:00,12,0,0,I25 NORTHBOUND & ALAMEDA AVENUE,1,1,0,0,1,4,0,0,65,0,0,0,0,0,1,2,3
,2020-03640,39.77288,-104.94055,7/26/2020 0:40,0:40:00,3,0,0,NORTH COLORADO BOULEVARD & EAST 40TH AVENUE,1,3,0,0,1,1,0,0,40,0,0,0,0,0,2,2,1
,2020-03641,39.6831,-104.94055,7/24/2020 23:32,23:32:00,5,0,1,I25 NORTHBOUND & COLORADO BOULEVARD SOUTH,11,3,0,1,3,4,0,0,65,0,0,0,0,2,1,1,5
,2020-03642,39.69571,-104.98499,7/21/2020 9:20,9:20:00,6,0,0,1100 SOUTH SHERMAN STREET & EAST ARIZONA AVENUE,1,1,0,0,1,4,0,0,25,0,0,0,0,0,4,2,16
,2020-03643,39.72532,-104.93454,7/27/2020 10:31,10:31:00,3,0,0,SIXTH AVENUE EAST & CLARKSON STREET NORTH,1,1,0,0,1,1,0,0,30,0,0,0,0,0,4,2,13
,2020-03644,39.81282,-104.76975,7/21/2020 19:18,19:18:00,5,0,1,6300 NORTH ARGONNE STREET & EAST 64TH AVENUE,1,1,0,0,3,4,0,0,40,0,0,0,1,2,4,1,16
,2020-03645,39.74002,-104.96908,7/22/2020 10:20,10:20:00,6,0,0,COLFAX AVENUE EAST  & FRANKLIN STREET NORTH,1,1,0,0,1,4,0,0,35,0,0,0,0,0,2,2,13
,2020-03646,39.73045,-104.9874,7/27/2020 9:06,9:06:00,10,0,0,NORTH BROADWAY STREET & EAST NINTH AVENUE,1,1,0,0,1,1,0,0,30,0,0,0,0,0,4,2,3
,2020-03647,39.71124,-105.03847,7/26/2020 13:15,13:15:00,15,0,0,ALAMEDA AVENUE WEST & OSECOLA STREET SOUTH,1,1,0,0,1,4,0,0,35,0,0,0,0,0,2,2,16
,2020-03648,39.78474,-104.83664,7/24/2020 9:00,9:00:00,6,0,0,ELGIN PLACE EAST & 13000,1,1,0,0,1,2,0,0,25,0,0,0,0,0,4,2,13
,2020-03649,39.74379,-104.90346,7/25/2020 13:42,13:42:00,3,0,0,NORTH GARCIA STREET & EAST 17TH AVENUE,1,1,0,0,1,1,0,0,30,0,0,0,0,0,4,2,1
,2020-03650,39.79382156,-104.7777759,7/25/2020 15:14,15:14:00,3,0,0,EAST ELEMDORF DRIVE & NORTH VENTURA STREET,1,1,0,0,1,1,0,0,25,0,0,0,0,1,4,2,13
,2020-03651,39.78373,-104.76114,7/26/2020 19:36,19:36:00,11,0,1,FLANDERS WAY NORTH & GREEN VALLEY RANCH BOULEVARD EAST,1,2,0,0,1,1,0,0,0,0,0,1,0,3,4,1,16
,2020-03652,39.75640559,-104.9372093,7/21/2020 17:45,17:45:00,6,0,0,BELLAIRE STREET & 1435 NORTH,1,1,0,0,1,4,0,0,25,0,0,0,0,0,4,2,13
,2020-03653,39.72976,-104.98487,7/21/2020 15:18,15:18:00,2,0,1,SHERMAN STREET NORTH  & EIGHTH AVENUE EAST,1,1,1,0,1,2,0,0,0,1,0,0,0,3,4,2,16
,2020-03655,39.74014,-104.935,7/21/2020 15:13,15:13:00,1,0,0,COLFAX AVENUE EAST & CLARKSON STREET NORTH,1,1,0,0,1,1,0,0,30,0,0,0,0,0,2,2,1
,2020-03656,39.78009,-104.94051,7/24/2020 15:21,15:21:00,12,0,0,I70 WB & COLORADO BOULEVARD NORTH,1,1,0,0,1,4,0,0,55,0,0,0,0,0,2,2,3
,2020-03657,39.75442,-104.94061,4/16/2020 13:18,13:18:00,15,0,0,COLORADO BOULEVARD NORTH & 26TH AVENUE EAST,11,1,0,2,1,4,0,0,35,0,0,0,0,0,2,2,1
,2020-03672,39.79347,-104.84018,7/19/2020 13:42,13:42:00,3,0,1,55TH AVENUE EAST  & TOIPEKA COURT NORTH,1,1,0,0,1,3,0,0,25,0,0,0,1,3,4,2,1
,2020-03673,39.69,-104.97342,7/10/2020 13:59,13:59:00,12,0,0,I25 NORTHBOUND & DOWNING STREET SOUTH,1,1,0,0,1,4,0,0,65,0,0,0,0,0,1,2,16
,2020-03674,39.73686,-104.99572,7/16/2020 13:25,13:25:00,3,0,0,NORTH SPEER BOULEVARD & WEST 13TH AVENUE,1,1,0,0,1,1,0,0,35,0,0,0,0,1,4,2,16
,2020-03677,39.69493,-105.03906,7/29/2020 14:47,14:47:00,3,0,0,WEST ARIZONA AVENUE & SOUTH PATTON COURT,1,1,0,0,1,1,0,0,25,0,0,0,0,0,4,2,7
,2020-03684,39.72559,-105.00422,7/27/2020 21:10,21:10:00,5,0,0,SIXTH AVENUE & 1300 WEST,1,3,0,0,2,4,0,0,15,0,0,0,0,0,4,1,16
,2020-03685,39.75844,-104.99714,7/29/2020 12:53,12:53:00,12,0,0,WEST 29TH AVENUE & NORTH HURON STREET,1,1,0,0,1,1,0,0,25,0,0,0,0,0,4,2,14
,2020-03687,39.69414,-104.97925,7/29/2020 7:20,7:20:00,5,0,1,I25 SOUTHBOUND & WASHINGTON STREET SOUTH,1,1,0,0,3,4,0,0,60,0,0,0,0,2,1,2,10
,2020-03688,39.65118,-104.88482,7/28/2020 18:00,18:00:00,3,0,0,SOUTH YOSEMITE STREET & EAST JEFFERSON AVENUE,1,1,0,0,1,1,0,0,30,0,0,0,0,0,4,2,3
,2020-03701,39.71149,-104.94618,7/11/2020 0:15,0:15:00,15,0,0,EAST ALAMEDA AVENUE & SOUTH MADISON STREET,1,3,0,0,1,1,0,0,30,0,0,0,0,0,4,2,13
,2020-03703,39.73194253,-104.9383114,7/23/2020 22:01,22:01:00,6,0,0,EAST 10TH AVENUE & NORTH ASH STREET,1,3,0,0,1,3,0,0,10,0,0,0,0,0,4,2,14
,2020-03705,39.75683,-104.90044,7/6/2020 11:00,11:00:00,6,0,0,BLOROSLYN STREET NORTH  & 28TH AVENUE EAST,1,1,0,0,1,4,0,0,25,0,0,0,0,0,4,2,1
,2020-03706,39.72564,-104.90341,7/28/2020 14:30,14:30:00,3,0,1,SIXTH AVENUE EAST & QUEBEC STREET NORTH,1,1,0,0,1,1,0,0,30,0,0,0,0,1,4,2,3
,2020-03707,39.75465,-104.90909,7/21/2020 11:20,11:20:00,3,0,0,6800 EAST 26TH AVENUE & NORTH NEWPORT STREET,1,1,0,0,1,5,0,0,15,0,0,0,0,0,4,2,14
,2020-03708,39.73526,-104.9874,7/23/2020 10:40,10:40:00,10,0,0,BROADWAY STREET NORTH & 12TH AVENUE WEST,1,1,0,0,1,1,0,0,30,0,0,0,0,0,4,2,13
,2020-03711,39.69298,-105.01143,6/25/2020 2:15,2:15:00,5,0,0,TEJON STREET SOUTH & 1300,1,3,1,0,3,3,0,0,25,0,0,0,0,0,4,1,16
,2020-03712,39.77846,-104.92229,7/29/2020 6:58,6:58:00,12,0,0,I70 WB & HOLLY STREET NORTH,1,1,0,0,1,4,0,0,65,0,0,0,0,0,1,2,13