id,drcog_id,latitude,longitude,crashtime,time,crashtype,numbkilled,numbinjurd,drcoglocat,rdconditin,lightngcon,roadcntgrd,weatherco,location,roaddescrp,schoolzone,constrzone,splimit,bikeinv,pedinv,sctrinv,motoinv,svrty,rdsystem,ttlvehcls,hcf
,2020-03713,39.78376,-104.8098,7/28/2020 22:26,22:26:00,1,0,5,CHAMBERS ROAD NORTH & GREEN VALLEY RANCH BOULEVARD EAST,1,3,0,0,1,1,0,0,40,0,0,0,0,2,4,2,5
,2020-03714,39.7313,-104.99864,7/29/2020 13:33,13:33:00,15,0,1,SANTA FE DRIVE NORTH  & 10TH AVENUE WEST,1,1,1,0,1,2,0,0,30,0,0,0,0,1,4,2,13
,2020-03715,39.69676,-104.90347,7/28/2020 11:13,11:13:00,15,0,0,1050 SOUTH QUEBEC STREET & 1050 SOUTH QUEBEC STREET,1,1,1,0,1,3,0,0,35,0,0,0,0,0,4,2,13
,2020-03716,39.75239,-104.98461,7/28/2020 15:31,15:31:00,15,0,0,PARK AVENUE WEST & STOUT STREET,1,1,1,0,1,4,0,0,30,0,0,0,0,0,4,2,1
,2020-03718,39.75229,-104.99169,7/21/2020 17:09,17:09:00,3,0,0,20TH STREET & LAWRENCE STREET,1,1,1,0,1,1,0,0,30,0,0,0,0,0,4,2,13
,2020-03719,39.67839254,-104.9935579,7/29/2020 15:00,15:00:00,12,0,0,SANTA FE DRIVE SOUTH & EVANS AVENUE EAST,1,1,0,0,1,3,0,0,45,0,0,0,0,0,2,2,3
,2020-03721,39.8356495,-104.6717495,7/28/2020 17:30,17:30:00,9,0,0,PENA BOULEVARD  & SHADY GROVE STREET,1,1,1,0,5,4,0,0,,0,0,0,0,0,3,1,7
,2020-03723,39.72254,-104.98749,7/29/2020 14:09,14:09:00,10,0,0,NORTH BROADWAY STREET & EAST FOURTH AVENUE,1,1,0,0,1,1,0,0,30,0,0,0,0,0,4,2,8
,2020-03725,39.72998,-104.99066,7/29/2020 14:53,14:53:00,10,0,0,NORTH SPEER BOULEVARD & NORTH BANNOCK STREET,1,1,0,0,1,1,0,0,35,0,0,0,0,0,4,2,1
,2020-03728,39.77291,-104.94982,7/29/2020 14:40,14:40:00,12,0,0,NORTH STEELE STREET & EAST 40TH AVENUE,1,1,0,0,1,2,0,0,30,0,0,0,0,0,4,2,15
,2020-03729,39.71121,-104.99913,7/29/2020 13:09,13:09:00,15,0,0,I25 SOUTHBOUND & ALAMEDA AVENUE WEST,1,1,0,0,1,4,0,0,55,0,0,0,0,0,1,2,13
,2020-03730,39.72628,-105.01388,7/29/2020 13:09,13:09:00,12,0,0,I25 NORTHBOUND OFF LOOP RAMP TO & SIXTH AVENUE WEST,1,1,0,0,1,8,0,0,55,0,0,0,0,0,1,2,7
,2020-03731,39.72890053,-104.9986294,7/29/2020 14:25,14:25:00,6,0,0,800 WEST EIGHTH AVENUE & NORTH SANTA FE DRIVE,1,1,0,0,1,4,0,0,30,0,0,0,0,0,4,2,16
,2020-03732,39.75288,-104.99614,7/28/2020 7:15,7:15:00,15,0,0,1800 BLAKE STREET & 18TH STREET,1,1,0,0,1,3,0,0,25,0,0,0,0,0,4,2,1
,2020-03733,39.74014,-104.92166,7/28/2020 16:30,16:30:00,9,0,0,COLFAX AVENUE EAST & IVANHOE STREET NORTH,1,1,0,0,1,3,0,0,30,0,0,0,1,1,2,2,16
,2020-03737,39.68306354,-104.9403904,7/15/2020 15:07,15:07:00,5,0,0,I25 NORTHBOUND & COLORADO BOULEVARD SOUTH,1,1,0,0,3,4,0,0,65,0,0,0,0,0,1,1,16
,2020-03738,39.73203,-104.98103,7/15/2020 12:50,12:50:00,6,0,0,EAST 10TH AVENUE & NORTH PENNSYLVANIA STREET,1,1,0,0,1,4,0,0,25,0,0,0,0,0,4,2,1
,2020-03739,39.73456,-104.98613,8/7/2020 15:04,15:04:00,8,0,0,1100 NORTH LINCOLN STREET & EAST 11TH AVENUE,1,1,0,0,1,2,0,0,30,0,0,0,0,0,4,2,13
,2020-03740,39.79839,-104.7873,8/3/2020 7:00,7:00:00,3,0,1,56TH AVENUE EAST & PENA BOULEVARD OUTBOUND,1,1,0,0,1,1,0,1,25,0,0,0,0,1,4,2,13
,2020-03741,39.71474,-104.98269,8/7/2020 9:06,9:06:00,15,0,0,LOGAN STREET SOUTH  & CEDAR AVENUE EAST,1,1,0,0,1,4,0,0,30,0,0,0,0,0,4,2,13
,2020-03742,39.72932,-105.02516,8/7/2020 19:10,19:10:00,12,0,1,FEDERAL BOULEVARD NORTH  & EIGHTH AVENUE WEST,1,1,0,0,1,4,0,0,35,0,0,0,0,2,2,2,16
,2020-03743,39.72931453,-105.0148294,8/3/2020 5:17,5:17:00,5,0,1,I25 NORTHBOUND & EIGHTH AVENUE WEST,1,3,0,0,1,4,0,0,,0,0,0,0,2,1,1,16
,2020-03744,39.65308,-104.91826,8/7/2020 9:58,9:58:00,15,0,0,I25 NORTHBOUND & HAMPDEN AVENUE EXIT GORE POINT,1,1,0,0,1,8,0,0,65,0,0,0,0,0,1,2,1
,2020-03745,39.63569,-104.89379,8/3/2020 14:02,14:02:00,12,0,0,I225 SOUTHBOUND EXIT RAMP TO & TAMARAC STREET SOUTH,1,1,0,0,1,8,0,0,65,0,0,0,0,0,1,2,13
,2020-03746,39.67847,-104.92869,7/22/2020 15:58,15:58:00,15,0,0,4800 EAST EVANS AVENUE & DAHLIA STREET,1,1,0,0,1,1,0,0,30,0,0,0,0,0,4,2,3
,2020-03747,39.78199,-104.90184,7/29/2020 5:40,5:40:00,12,0,0,,14,5,3,7,6,14,0,0,0,0,0,0,0,,4,,16
,2020-03747,39.78199,-104.90184,7/29/2020 5:40,5:40:00,12,0,0,�� & NORTHFIELD QUEBEC STREET,1,4,1,0,1,8,0,0,45,0,0,0,0,0,1,2,4
,2020-03748,39.69,-104.97342,8/7/2020 13:47,13:47:00,12,0,1,I25 NORTHBOUND & SOUTH DOWNING STREET,1,1,0,0,1,4,0,0,65,0,0,0,0,2,1,2,1
,2020-03749,39.67112054,-104.9952589,7/5/2020 0:15,0:15:00,12,0,0,SANTA FE DRIVE SOUTH  & HARVARD AVENUE WEST,1,3,0,0,1,4,0,0,65,0,0,0,1,0,2,2,1
,2020-03750,39.78011,-104.94981,7/4/2020 17:59,17:59:00,15,0,0,STEELE STREET NORTH & I70 WB,11,1,0,1,1,4,0,0,45,0,0,0,0,0,1,2,1
,2020-03751,39.76443,-105.00414,7/18/2020 18:00,18:00:00,6,0,0,34TH AVENUE WEST & NAVAJO STREET NORTH,1,1,0,0,1,4,0,0,25,0,0,0,0,0,4,2,16
,2020-03752,39.75989,-104.87707,7/13/2020 21:41,21:41:00,12,0,0,9200 EAST MLK BOULEVARD & NORTH BEELER STREET,1,3,0,0,1,4,0,0,35,0,0,0,0,0,4,2,16
,2020-03753,39.66828,-104.93919,8/7/2020 10:38,10:38:00,1,0,1,YALE AVENUE EAST  & COLORADO BOULEVARD SOUTH,1,1,0,0,1,1,0,0,35,0,0,0,0,1,4,2,13
,2020-03754,39.74521754,-105.1246274,8/7/2020 11:54,11:54:00,10,0,0,17TH AVENUE & 800 EAST,1,1,0,0,1,1,0,0,30,0,0,0,0,0,4,2,13
,2020-03755,39.70138,-104.98745,8/7/2020 9:31,9:31:00,15,0,0,I25 NORTHBOUND & BROADWAY STREET SOUTH,1,1,0,0,1,4,0,0,60,0,0,0,0,0,1,2,16
,2020-03756,39.74379,-104.90816,7/8/2020 13:00,13:00:00,5,0,0,17TH AVENUE EAST & ONEIDA STREET NORTH,1,1,0,0,3,3,0,0,25,0,0,0,0,0,4,1,16
,2020-03757,39.69663,-104.98743,7/19/2020 2:14,2:14:00,12,0,0,WEST MISSISSIPPI AVENUE & SOUTH BROADWAY STREET,1,3,0,0,1,3,0,0,30,0,0,0,0,0,4,2,16
,2020-03758,39.72893,-104.97477,7/23/2020 2:29,2:29:00,11,0,1,EIGHTH AVENUE EAST  & CORONA STREET NORTH,1,3,0,0,1,4,0,0,30,0,1,0,0,2,4,1,14
,2020-03759,39.71779,-104.94071,7/9/2020 22:05,22:05:00,1,0,1,FIRST AVENUE EAST & COLORADO BOULEVARD NORTH,1,3,0,0,1,1,0,0,35,0,0,0,0,3,2,2,7
,2020-03760,39.72891,-104.99861,7/28/2020 18:41,18:41:00,3,0,0,WEST EIGHTH AVENUE & NORTH SANTA FE DRIVE,1,1,0,0,1,1,0,0,35,0,0,0,0,0,4,2,13
,2020-03761,39.69656,-104.86596,7/28/2020 16:30,16:30:00,12,0,0,SOUTH HAVANA STREET & EAST MISSISSIPPI AVENUE,1,1,0,0,1,3,0,0,35,0,0,0,0,0,4,2,14
,2020-03762,39.63921554,-104.8851979,7/22/2020 16:10,16:10:00,15,0,0,I225 NORTHBOUND & YOSEMITE STREET SOUTH,1,1,0,0,1,4,0,0,65,0,0,0,0,0,1,2,16
,2020-03763,39.78994,-105.05325,8/7/2020 14:09,14:09:00,12,0,0,SHERIDAN BOULEVARD NORTH  & 52ND AVENUE WEST,1,1,1,0,1,3,0,0,35,0,0,0,0,1,2,2,13
,2020-03764,39.76738,-104.88959,7/5/2020 7:15,7:15:00,5,0,0,36TH AVENUE & 8475 EAST,1,4,0,0,3,4,0,0,35,0,0,0,0,0,4,1,16
,2020-03765,39.77732952,-104.8829389,8/7/2020 15:45,15:45:00,12,0,0,I70 WB & CENTRAL PARK BOULEVARD NORTH,1,1,0,0,1,4,0,0,65,0,0,0,0,0,1,2,7
,2020-03766,39.77401,-104.84704,6/23/2020 16:16,16:16:00,12,0,1,I70 EASTBOUND & PEORIA STREET NORTH,1,1,1,0,1,4,0,0,55,0,0,0,0,1,1,2,16
,2020-03767,39.77583,-104.86574,8/7/2020 8:03,8:03:00,12,0,0,I70 WB & HAVANA STREET NORTH,1,1,0,0,1,4,0,0,65,0,0,0,0,0,1,2,3
,2020-03768,39.77932,-104.8398,8/1/2020 20:30,20:30:00,12,0,0,EAST ALBROOK DRIVE & NORTH CROWN BOULEVARD,1,3,0,0,1,4,0,0,20,0,0,0,0,0,4,2,3
,2020-03769,39.7124,-104.98615,7/29/2020 10:31,10:31:00,15,0,0,EAST EIGHTH AVENUE & NORTH LINCOLN STREET,1,1,1,7,1,1,0,0,30,0,0,0,0,0,4,2,14
,2020-03770,39.71845,-105.02511,7/31/2020 15:16,15:16:00,12,0,0,FEDERAL BOULEVARD NORTH & FIRST AVENUE WEST,1,1,0,0,1,1,0,0,40,0,0,0,0,0,2,2,3
,2020-03772,39.69673,-105.00936,7/2/2020 21:14,21:14:00,3,0,2,MISSISSIPPI AVENUE WEST & RARITAN STREET SOUTH,1,3,0,0,1,2,0,0,30,0,0,0,0,3,4,2,1
,2020-03773,39.73661,-105.028,7/19/2020 18:08,18:08:00,6,0,0,AVONDALE DRIVE & 3100 WEST,1,1,0,0,1,4,0,0,25,0,0,0,0,0,4,2,5
,2020-03774,39.74008,-104.99528,6/29/2020 11:17,11:17:00,3,0,0,FOX STREET NORTH & GLENARM PLACE,1,1,0,0,1,1,0,0,25,0,0,0,0,0,4,2,16
,2020-03775,39.78327,-105.00643,8/7/2020 5:49,5:49:00,5,0,1,I70 WB EXIT RAMP  TO & PECOS STREET NORTH,1,2,0,0,3,4,0,0,65,0,0,0,0,2,1,1,13
,2020-03776,39.68497,-105.02504,7/31/2020 13:02,13:02:00,12,0,0,FEDERAL BOULEVARD SOUTH & COLORADO AVENUE WEST,1,1,1,0,1,4,0,0,40,0,0,0,0,0,2,2,3
,2020-03777,39.72554,-105.01313,8/3/2020 9:50,9:50:00,12,0,1,I25 NORTHBOUND & SIXTH AVENUE EXIT GORE POINT,1,1,0,0,1,4,0,0,55,0,0,0,0,1,1,2,1
,2020-03778,39.79838951,-104.7873005,7/20/2020 23:51,23:51:00,2,0,2,56TH AVENUE EAST & PENA BOULEVARD NORTHBOUND EXIT RAMP,1,3,0,0,1,1,0,0,40,1,0,0,0,3,4,2,14
,2020-03779,39.77728,-104.88278,8/3/2020 8:10,8:10:00,12,0,0,I70 WB & CENTRAL PARK BOULEVARD NORTH,1,1,0,0,1,4,0,1,55,0,0,0,0,0,1,2,1
,2020-03780,39.76198,-104.90344,8/3/2020 7:48,7:48:00,3,0,0,NORTH QUEBEC STREET & EAST MLK BOULEVARD,1,1,0,7,1,1,0,0,35,0,0,0,0,0,4,2,13
,2020-03781,39.76116,-105.00476,7/31/2020 10:31,10:31:00,12,0,0,I25 & 20TH STREET,1,1,1,0,1,4,0,0,55,0,0,0,0,0,1,2,3
,2020-03782,39.76936,-105.04401,7/31/2020 14:52,14:52:00,1,0,0,38TH AVENUE WEST & TENNYSON STREET NORTH,1,1,0,0,1,1,0,0,35,0,0,0,0,0,4,2,13
,2020-03783,39.77649,-104.73842,7/21/2020 15:02,15:02:00,6,0,0,43RD PLACE & 21527 EAST,1,1,1,0,1,3,0,0,25,0,0,0,0,0,4,2,13
,2020-03784,39.75513,-105.01272,8/3/2020 10:47,10:47:00,5,0,0,I25 NORTHBOUND & NORTH SPEER BOULEVARD,1,1,0,0,2,4,0,0,65,0,0,0,0,0,1,1,5
,2020-03785,39.68758,-104.99206,8/3/2020 7:49,7:49:00,1,0,0,IOWA AVENUE WEST & SANTA FE DRIVE SOUTH,1,1,0,0,1,1,0,0,45,0,0,0,0,1,2,2,13
,2020-03786,39.75855,-104.98534,7/18/2020 23:31,23:31:00,12,0,1,LARIMER STREET & 26TH STREET,1,3,0,0,1,4,0,0,30,0,0,1,0,2,4,2,1
,2020-03787,39.68489,-105.02742,7/21/2020 2:38,2:38:00,6,0,0,COLORADO AVENUE WEST  & FEDERAL BOULEVARD SOUTH,1,3,0,0,1,4,0,0,25,0,0,0,0,0,4,2,3
,2020-03788,39.78011,-104.94981,8/3/2020 6:40,6:40:00,12,0,1,I70 WB & STEELE STREET NORTH,1,1,0,0,1,4,0,0,55,0,0,0,0,1,1,2,13
,2020-03789,39.77968,-104.97916,8/6/2020 13:03,13:03:00,12,0,0,I70 WB & WASHINGTON STREET NORTH,1,1,0,0,1,4,0,0,65,0,0,0,0,0,1,2,2
,2020-03790,39.72742,-104.9401,8/3/2020 10:45,10:45:00,6,0,0,4000 EAST SEVENTH AVENUE & NORTH ALBION STREET,1,1,0,0,1,4,0,0,,0,0,0,0,0,4,2,14
,2020-03791,39.73012,-104.98042,7/31/2020 9:33,9:33:00,5,0,0,PEARL STREET NORTH  & NINTH AVENUE EAST,1,1,0,0,2,4,0,0,,0,0,0,0,0,4,1,13
,2020-03792,39.76927453,-105.0005599,7/31/2020 12:54,12:54:00,6,0,0,KALAMATH STREET NORTH  & 38TH AVENUE WEST,1,1,1,0,1,4,0,0,25,0,0,0,0,0,4,2,16
,2020-03793,39.78018253,-104.9891794,8/3/2020 17:25,17:25:00,12,0,0,I25 NORTHBOUND EXIT RAMP TO & I70 EASTBOUND,1,1,1,0,1,8,0,0,55,0,0,0,0,0,1,2,7
,2020-03794,39.77728,-104.88278,8/3/2020 8:14,8:14:00,12,0,0,I70 WB & CENTRAL PARK BOULEVARD NORTH,1,1,0,0,1,4,0,1,65,0,0,0,0,0,1,2,1
,2020-03795,39.72413053,-104.9874919,7/31/2020 10:41,10:41:00,12,0,0,000 EAST FIFTH AVENUE & NORTH BROADWAY STREET,1,1,1,0,1,4,0,0,25,0,0,0,0,0,4,2,13
,2020-03796,39.76758,-104.91386,7/1/2020 17:30,17:30:00,15,0,0,LOCUST STREET NORTH  & MONACO ALLEY,1,1,0,0,1,5,0,0,15,0,0,0,0,0,4,2,1
,2020-03797,39.77832,-104.92229,7/31/2020 9:19,9:19:00,12,0,1,I70 EASTBOUND & HOLLY STREET NORTH,1,1,0,0,1,4,0,1,65,0,0,0,0,1,1,2,7
,2020-03798,39.63282,-104.90641,7/31/2020 9:29,9:29:00,12,0,1,I225 SOUTHBOUND & I25 SOUTHBOUND,1,1,0,0,1,8,0,0,65,0,0,0,0,1,1,2,13
,2020-03799,39.75884975,-104.8666754,7/31/2020 12:16,12:16:00,5,0,0,MLK BOULEVARD EAST & 10400,1,1,0,0,2,1,0,0,30,0,0,0,0,0,4,1,7
,2020-03803,39.69598,-105.01558,8/6/2020 14:41,14:41:00,8,0,0,SOUTH ZUNI STREET & MOSIER PLACE WEST,1,1,0,0,1,1,0,0,25,0,0,0,0,0,4,2,13
,2020-03922,39.62378,-104.90141,8/6/2020 11:18,11:18:00,12,0,0,I25 NORTHBOUND & BELLEVIEW AVENUE EAST,1,1,0,0,1,4,0,0,65,0,0,0,0,0,1,2,3
,2020-03925,39.74012,-104.99885,8/6/2020 8:10,8:10:00,3,0,0,COLFAX AVENUE WEST & SPEER BOULEVARD NORTH,1,1,0,0,1,1,0,0,30,0,0,0,0,0,2,2,8
,2020-03926,39.7821,-104.84548,8/6/2020 6:50,6:50:00,3,0,0,ALBROOK DRIVE EAST  & PEORIA STREET NORTH,1,1,0,0,1,2,0,0,25,0,0,0,0,0,4,2,14
,2020-03927,39.65474412,-105.0531086,7/19/2020 14:21,14:21:00,6,0,0,SHERIDAN BOULEVARD & 3100 SOUTH,1,1,0,0,5,7,0,0,15,0,0,0,0,0,3,2,16
,2020-03928,39.70138,-104.98745,8/6/2020 11:50,11:50:00,5,0,0,I25 NORTHBOUND EXIT RAMP TO & BROADWAY STREET SOUTH,1,1,0,0,3,8,0,0,45,0,0,0,0,0,1,1,3
,2020-03929,39.75175,-104.98013,6/20/2020 13:56,13:56:00,6,0,0,GLENARM PLACE  & 24TH STREET,1,1,0,0,1,3,0,0,30,0,0,0,0,0,4,2,16
,2020-03931,39.76524252,-104.8988779,7/31/2020 17:22,17:22:00,3,0,1,35TH AVENUE EAST  & SYRACUSE STREET,1,1,0,0,1,1,0,0,25,0,0,0,0,1,4,2,14
,2020-03934,39.69854,-104.90354,8/6/2020 11:39,11:39:00,3,0,0,QUEBEC STREET SOUTH & LEETSDALE DRIVE,1,1,0,0,1,2,0,0,35,0,0,0,0,0,4,2,7
,2020-03935,39.72137915,-105.0054841,8/6/2020 7:02,7:02:00,12,0,0,300 NORTH OSAGE STREET & WEST,1,1,0,0,1,2,0,0,25,0,0,0,0,0,4,2,16
,2020-03937,39.69666,-104.99188,8/1/2020 13:40,13:40:00,1,0,0,MISSISSIPPI AVENUE WEST & SANTA FE DRIVE SOUTH,1,1,0,0,1,1,0,0,35,0,0,0,0,0,2,2,13
,2020-03938,39.79467251,-104.8354099,8/6/2020 10:41,10:41:00,10,0,0,EAST MAXWELL PLACE & NORTH UVALDA STREET,1,1,0,0,1,1,0,0,25,0,0,0,0,0,4,2,14
,2020-03939,39.76188,-104.94058,8/1/2020 21:17,21:17:00,1,0,0,COLORADO BOULEVARD NORTH & MLK BOULEVARD EAST,1,3,0,0,1,1,0,0,35,0,0,0,0,0,2,2,1
,2020-03940,39.67085,-104.86605,8/6/2020 0:25,0:25:00,10,0,0,PARKER ROAD SOUTH & HAVANA STREET SOUTH,1,4,0,0,1,1,0,0,45,0,0,0,0,0,2,2,14
,2020-03942,39.62413,-104.90888,8/5/2020 9:50,9:50:00,12,0,0,BELLEVIEW AVENUE EAST & NIAGARA STREET SOUTH,1,1,0,0,1,1,0,1,30,0,0,0,0,0,2,2,13
,2020-03943,39.69204,-104.94064,7/30/2020 12:17,12:17:00,15,0,0,1300 SOUTH COLORADO BOULEVARD & EAST LOUISIANA AVENUE,1,1,0,0,1,4,0,0,35,0,0,0,0,0,4,2,13
,2020-03944,39.78519371,-104.9782945,7/10/2020 15:29,15:29:00,12,0,0,4800 NORTH WASHINGTON STREET & EAST 49TH AVENUE,1,1,0,0,1,2,0,0,35,0,0,0,0,0,4,2,16
,2020-03945,39.68933,-104.89673,7/30/2020 10:48,10:48:00,2,0,1,QUEBEC WAY SOUTH & FLORIDA AVENUE EAST,1,1,0,0,1,4,0,0,25,1,0,0,0,2,4,2,13
,2020-03947,39.71118,-105.02509,7/31/2020 18:56,18:56:00,10,0,0,FEDERAL BOULEVARD SOUTH & ALAMEDA AVENUE WEST,1,3,0,0,1,1,0,0,35,0,0,0,0,1,2,2,5
,2020-03948,39.75313,-105.00805,7/31/2020 2:15,2:15:00,5,0,0,SPEER BOULEVARD NORTH & ELITCH CIRCLE,1,3,0,0,2,1,0,0,35,0,0,0,0,0,4,1,1
,2020-03949,39.74034,-105.04402,7/29/2020 17:03,17:03:00,3,0,0,NORTH TENNYSON STREET & WEST COLFAX AVENUE,1,1,0,0,1,1,0,0,25,0,0,0,0,0,4,2,13
,2020-03950,39.77587152,-104.8659199,7/31/2020 9:04,9:04:00,5,0,1,I70 EASTBOUND OFF LOOP RAMP  TO & HAVANA STREET,1,1,0,0,3,4,0,0,65,0,0,0,0,1,1,1,10
,2020-03952,39.74019553,-104.9405704,7/24/2020 14:25,14:25:00,12,0,0,COLFAX AVENUE EAST  & COLORADO BOULEVARD NORTH,1,1,0,0,1,4,0,0,35,0,0,0,0,0,2,2,13
,2020-03953,39.78376,-104.8098,7/9/2020 16:35,16:35:00,3,0,1,NORTH CHAMBERS ROAD & EAST GREEN VALLEY RANCH BOULEVARD,1,1,0,0,1,1,0,0,40,0,0,0,0,3,4,2,14
,2020-03955,39.75487,-105.04632,7/30/2020 14:33,14:33:00,2,0,1,26TH AVENUE WEST & VRAIN STREET NORTH,1,1,0,0,1,4,0,0,0,1,0,0,0,1,4,2,16
,2020-03956,39.75122,-105.00003,7/30/2020 13:20,13:20:00,6,0,0,WAZEE STREET & 16TH STREET,1,1,0,0,1,4,0,0,30,0,0,0,0,0,4,2,8
,2020-03957,39.69044,-104.92233,7/30/2020 14:17,14:17:00,12,0,0,HOLLY STREET SOUTH  & FLORIDA AVENUE EAST,1,1,0,0,1,4,0,0,30,0,0,0,0,0,4,2,13
,2020-03958,39.65305,-104.87566,7/30/2020 16:15,16:15:00,12,0,0,HAMPDEN AVENUE EAST & DAYTON STREET SOUTH,1,1,0,0,1,3,0,0,35,0,0,0,0,0,2,2,3
,2020-03959,39.74371,-105.03333,7/25/2020 0:15,0:15:00,6,0,0,17TH AVENUE & 3500 WEST,1,3,0,0,1,4,0,0,25,0,0,0,0,0,4,2,16
,2020-03960,39.68317,-105.02495,7/25/2020 15:00,15:00:00,12,0,1,FEDERAL BOULEVARD SOUTH  & COLORADO AVENUE WEST,1,1,1,0,1,3,0,0,35,0,0,0,1,3,2,2,5
,2020-03961,39.72552,-105.01336,7/24/2020 14:06,14:06:00,15,0,0,I25 SOUTHBOUND & SIXTH AVENUE WEST,1,1,0,0,1,4,0,0,65,0,0,0,0,0,1,2,2
,2020-03962,39.70582,-105.02701,8/2/2020 16:31,16:31:00,3,0,0,3000 WEST CENTER AVENUE & SOUTH FEDERAL BOULEVARD,1,1,0,0,1,5,0,0,10,0,0,0,0,0,4,2,1
,2020-03963,39.73925,-104.9874,7/30/2020 13:29,13:29:00,11,0,0,BROADWAY STREET NORTH & 1400,1,1,0,0,1,4,0,0,0,0,1,0,0,1,4,1,16
,2020-03964,39.71311,-104.91283,7/30/2020 7:51,7:51:00,14,0,0,MONACO STREET SOUTH & CEDAR AVENUE EAST,1,1,0,0,1,1,0,0,25,0,0,0,0,0,4,2,14
,2020-03965,39.75908,-104.99541,8/2/2020 11:44,11:44:00,6,0,0,FOX STREET NORTH  & 30TH AVENUE WEST,1,1,0,0,1,4,0,0,25,0,0,0,0,0,4,2,16
,2020-03966,39.69949,-105.04944,8/1/2020 11:48,11:48:00,12,0,0,MORRISON ROAD 4800  & KENTUCKY AVENUE WEST,1,1,0,0,1,2,0,0,30,0,0,0,0,0,4,2,13
,2020-03967,39.71121,-104.9989,8/1/2020 13:35,13:35:00,12,0,0,I25 NORTHBOUND ON RAMP FROM SANTA FE & ALAMEDA AVENUE WEST,1,1,0,0,1,8,0,0,45,0,0,0,0,0,1,2,13
,2020-03968,39.76839,-104.99482,7/23/2020 23:14,23:14:00,5,0,0,I25 SOUTHBOUND & PARK AVENUE EXIT GORE POINT,1,3,1,0,2,4,0,0,55,0,0,0,0,0,1,1,5
,2020-03969,39.70386,-104.91288,7/30/2020 14:10,14:10:00,15,0,0,MONACO STREET SOUTH & EXPOSITION AVENUE EAST,1,1,1,0,1,3,0,0,30,0,0,0,0,0,4,2,3
,2020-03970,39.76446,-104.94172,8/2/2020 18:43,18:43:00,6,0,0,BRUCE RANDOLPH AVENUE EAST & HARRISON STREET NORTH,1,1,1,0,1,4,0,0,30,0,0,0,0,0,4,2,13
,2020-03971,39.77292,-104.86581,7/31/2020 8:19,8:19:00,3,0,0,40TH AVENUE EAST & HAVANA STREET NORTH,1,1,0,0,1,1,0,0,30,0,0,0,0,0,4,2,13
,2020-03973,39.65308,-104.91826,7/30/2020 13:41,13:41:00,12,0,2,HAMPDEN AVENUE WB  TO & I25 NORTHBOUND ENTRANCE RAMP,1,1,1,0,1,8,0,0,40,0,0,0,0,1,2,2,1
,2020-03974,39.79833,-104.76269,7/25/2020 17:20,17:20:00,1,0,0,EAST 56TH AVENUE & NORTH DUNKIRK STREET,1,1,0,0,1,1,0,0,40,0,0,0,0,0,4,2,16
,2020-03975,39.64632,-104.89593,7/31/2020 2:54,2:54:00,6,0,0,3800 SOUTH TAMARAC DRIVE & EAST MANSFIELD AVENUE,1,3,0,0,1,4,0,0,30,0,0,0,0,1,4,2,5
,2020-03976,39.72923,-104.93383,8/3/2020 9:59,9:59:00,6,0,0,CHERRY STREET NORTH & EIGHTH AVENUE EAST,1,1,0,0,1,4,0,0,25,0,0,0,0,0,4,2,13
,2020-03977,39.69401,-105.02972,7/30/2020 16:15,16:15:00,3,0,0,IRVING STREET SOUTH  & ARIAZONA AVENUE WEST,1,1,0,0,1,2,0,0,25,0,0,0,0,0,4,2,3
,2020-03978,39.78632,-104.84705,7/30/2020 22:34,22:34:00,12,0,0,EAST ANDREWS DRIVE & NORTH PEORIA STREET,1,3,0,0,1,1,0,0,45,0,0,0,0,1,4,2,13
,2020-03980,39.68487,-104.95945,8/1/2020 12:06,12:06:00,12,0,0,I25 NORTHBOUND & SOUTH UNIVERSITY BOULEVARD,1,1,0,0,1,4,0,0,60,0,0,0,0,0,1,2,3
,2020-03981,39.7313,-104.99864,7/28/2020 8:33,8:33:00,12,0,0,900 NORTH SANTA FE DRIVE & WEST 10TH AVENUE,1,1,0,0,1,4,0,0,30,0,0,0,0,0,4,2,16
,2020-03982,39.74002,-104.98171,7/26/2020 18:45,18:45:00,6,0,0,COLFAX AVENUE & 400 EAST,1,1,0,0,1,4,0,0,30,0,0,0,0,0,4,2,13
,2020-03983,39.71119,-105.01571,7/30/2020 14:48,14:48:00,15,0,0,ALAMEDA AVENUE WEST  & ZUNI STREET SOUTH,1,1,1,0,1,4,0,0,30,0,0,0,0,0,2,2,16
,2020-03984,39.76929,-105.00059,7/23/2020 22:36,22:36:00,1,0,1,WEST 38TH AVENUE & NORTH KALAMATH STREET,1,3,0,0,1,1,0,0,35,0,0,0,1,2,4,2,5
,2020-03985,39.70755254,-104.9991784,7/30/2020 14:43,14:43:00,6,0,0,500 SOUTH JASON STREET & VIRGINIA AVENUE WEST,1,1,0,0,1,5,0,0,25,0,0,0,0,0,4,2,13
,2020-03986,39.78818,-104.88261,7/30/2020 13:05,13:05:00,2,0,0,50TH AVENUE EAST & CENTRAL PARK BOULEVARD NORTH,1,1,0,0,1,1,0,0,40,1,0,0,0,0,4,1,13
,2020-03987,39.74477,-104.95979,8/6/2020 18:04,18:04:00,1,0,1,NORTH YORK STREET & EAST 18TH AVENUE,1,1,0,0,1,1,0,0,35,0,0,0,0,2,4,2,14
,2020-03988,39.66258,-105.05324,7/30/2020 11:20,11:20:00,3,0,0,SHERIDAN BOULEVARD SOUTH & BATES AVENUE WEST,1,1,0,0,1,1,0,0,35,0,0,0,0,0,2,2,13