id,drcog_id,latitude,longitude,crashtime,time,crashtype,numbkilled,numbinjurd,drcoglocat,rdconditin,lightngcon,roadcntgrd,weatherco,location,roaddescrp,schoolzone,constrzone,splimit,bikeinv,pedinv,sctrinv,motoinv,svrty,rdsystem,ttlvehcls,hcf
,2020-03989,39.73687,-104.99869,7/25/2020 16:54,16:54:00,12,0,0,WEST 13TH AVENUE & NORTH SANTA FE DRIVE,11,1,0,0,1,4,0,0,25,0,0,0,0,0,4,2,7
,2020-03990,39.77856252,-104.9034184,7/31/2020 9:04,9:04:00,12,0,0,I70 EASTBOUND & NORTHFIELD QUEBEC STREET NORTH,1,1,1,0,1,4,0,0,55,0,0,0,0,0,1,2,3
,2020-03991,39.77287,-104.83383,8/6/2020 15:43,15:43:00,15,0,0,I70 EASTBOUND & I225 SOUTHBOUND,1,1,0,0,1,4,0,0,65,0,0,0,0,0,1,2,13
,2020-03992,39.73014,-104.93154,7/27/2020 18:05,18:05:00,6,0,0,DAHLIA STREET & 800 NORTH,1,3,0,0,1,4,0,0,15,0,0,0,0,0,4,2,13
,2020-03993,39.75075,-105.00063,8/1/2020 18:46,18:46:00,1,0,0,WAZEE STREET & 1500,1,1,0,0,1,2,0,0,30,0,0,0,0,0,4,2,13
,2020-03994,39.70953,-104.99616,7/31/2020 19:34,19:34:00,2,0,1,SANTA FE DRIVE SOUTH  & ALAMEDA AVENUE WEST,1,2,0,0,1,1,0,0,0,1,0,0,0,3,2,2,16
,2020-03995,39.69567,-104.90488,8/1/2020 16:21,16:21:00,3,0,0,MISSISSIPPI AVENUE EAST  & QUEBEC STREET SOUTH,1,1,0,0,1,2,0,0,,0,0,0,0,0,4,2,8
,2020-03996,39.65733,-105.03627,8/2/2020 2:47,2:47:00,6,0,0,3700 WEST GIRARD AVENUE & SOUTH PATTON WAY,1,3,1,0,1,4,0,0,25,0,0,0,0,0,4,2,5
,2020-03997,39.7021,-104.90343,7/24/2020 15:49,15:49:00,8,0,2,QUEBEC STREET SOUTH  & KENTUCKY AVENUE EAST,1,1,1,0,1,4,0,0,30,0,0,0,0,3,4,2,5
,2020-03999,39.76509,-104.97691,7/28/2020 20:43,20:43:00,11,0,1,LARIMER STREET & 33RD STREET,1,3,0,0,1,1,0,0,25,1,0,0,0,3,4,1,3
,2020-04000,39.66749,-104.92548,8/2/2020 3:05,3:05:00,5,0,1,I25 NORTHBOUND & YALE AVENUE EAST EXIT GORE POINT,1,3,0,0,3,8,0,0,65,0,0,0,0,2,1,1,5
,2020-04002,39.71118,-105.01336,8/1/2020 16:12,16:12:00,12,0,0,2300 WEST ALAMEDA AVENUE & SOUTH YUMA STREET,1,1,0,0,1,3,0,0,30,0,0,0,0,1,4,2,3
,2020-04003,39.68294,-104.94055,8/6/2020 18:11,18:11:00,12,0,0,I25 SOUTHBOUND & COLORADO BOULEVARD SOUTH,1,1,0,0,1,4,0,0,55,0,0,0,0,0,1,2,2
,2020-04006,39.64159,-104.88509,8/1/2020 16:20,16:20:00,12,0,0,4100 SOUTH YOSEMITE STREET & EAST OXFORD AVENUE,1,1,0,0,1,1,0,0,30,0,0,0,0,0,4,2,14
,2020-04007,39.76096,-104.94495,7/28/2020 18:49,18:49:00,6,0,0,EAST 31ST AVENUE & NORTH MONROE STREET,1,1,0,0,1,4,0,0,,0,0,0,0,0,4,2,13
,2020-04008,39.72561,-104.95221,7/2/2020 18:30,18:30:00,6,0,0,EAST SIXTH AVENUE & NORTH MILWAUKEE STREET,1,1,0,0,1,3,0,0,15,0,0,0,0,0,4,2,5
,2020-04009,39.68588054,-105.0226684,7/28/2020 17:50,17:50:00,2,0,0,MEXICO AVENUE WEST & DECATUR STREET SOUTH,1,1,0,0,1,3,0,0,0,1,0,0,0,0,4,2,16
,2020-04010,39.67847,-104.94182,6/27/2020 15:54,15:54:00,12,0,0,3900 EAST EVANS AVENUE & SOUTH COLORADO BOULEVARD,1,1,0,0,1,4,0,0,35,0,0,0,0,0,4,2,1
,2020-04011,39.65307554,-104.9239294,7/30/2020 18:30,18:30:00,3,0,0,HAMPDEN AVENUE EAST & HUDSON STREET SOUTH,1,1,0,0,1,1,0,0,35,0,0,0,0,0,2,2,16
,2020-04013,39.74152,-105.02994,8/3/2020 19:09,19:09:00,6,0,0,WEST CONEJOS PLACE & NORTH IRVING STREET,1,1,0,0,1,4,0,0,25,0,0,0,0,0,4,2,16
,2020-04015,39.71896003,-104.8760247,7/28/2020 10:40,10:40:00,5,0,0,YOSEMITE STREET NORTH & DAYTON STREET NORTH,1,1,1,0,3,6,0,0,15,0,0,0,0,0,4,1,16
,2020-04016,39.6947,-105.02655,7/30/2020 11:56,11:56:00,11,0,1,ARIZONA AVENUE WEST  & IRVING STREET SOUTH,1,1,0,0,1,4,0,0,0,0,1,0,0,3,4,1,16
,2020-04017,39.79045272,-105.0638023,8/2/2020 5:27,5:27:00,5,0,1,I76 WB & UNKNOWN LOC 2,1,2,1,0,3,4,0,0,65,0,0,0,0,3,1,1,16
,2020-04018,39.72254,-104.95101,7/25/2020 14:30,14:30:00,6,0,0,NORTH STREET PAUL STREET & EAST FOURTH AVENUE,1,1,0,7,1,4,0,0,25,0,0,0,0,0,4,2,16
,2020-04020,39.78023,-105.02226,8/2/2020 13:15,13:15:00,6,0,0,2800 WEST 46TH AVENUE & NORTH DECATUR STREET,1,1,1,0,1,4,0,0,25,0,0,0,0,0,4,2,7
,2020-04022,39.69628,-104.99208,8/5/2020 11:42,11:42:00,15,0,0,SANTA FE DRIVE 1100 SOUTH & MISSISSIPPI AVENUE WEST,1,1,0,0,1,4,0,0,45,0,0,0,0,0,4,2,13
,2020-04023,39.78239,-104.84701,8/5/2020 14:50,14:50:00,15,0,0,PEORIA STREET NORTH & 47TH AVENUE EAST,11,1,0,1,1,1,0,0,35,0,0,0,0,0,4,2,7
,2020-04025,39.70643,-104.99679,7/31/2020 23:04,23:04:00,12,0,2,I25 & SOUTH SANTA FE DRIVE,1,3,0,0,1,4,0,0,60,0,0,0,0,1,1,2,16
,2020-04028,39.67845,-104.93377,8/6/2020 16:00,16:00:00,12,0,1,I25 NORTHBOUND OFF SLIP RAMP & EVANS AVENUE EAST,1,1,0,0,1,8,0,0,35,0,0,0,0,1,1,2,3
,2020-04029,39.73364,-104.94067,7/31/2020 21:15,21:15:00,1,0,1,COLORADO BOULEVARD NORTH & 11TH AVENUE EAST,1,3,0,0,1,1,0,0,35,0,0,0,1,3,2,2,16
,2020-04033,39.71127,-105.04326,8/5/2020 12:59,12:59:00,3,0,0,ALAMEDA AVENUE WEST & STUART STREET SOUTH,1,1,0,0,1,1,0,0,30,0,0,0,0,0,2,2,13
,2020-04034,39.72534,-104.91257,7/31/2020 16:20,16:20:00,15,0,0,MONACO STREET NORTH & SIXTH AVENUE EAST,1,1,0,0,1,1,0,0,35,0,0,0,0,0,4,2,16
,2020-04035,39.76746,-104.90345,8/6/2020 12:30,12:30:00,10,0,0,NORTH QUEBEC STREET & EAST 36TH AVENUE,1,1,0,0,1,1,0,0,35,0,0,0,0,0,4,2,13
,2020-04037,39.72548053,-105.0130699,8/5/2020 11:34,11:34:00,12,0,0,I25 & SIXTH AVENUE WEST,1,1,0,0,1,8,0,0,45,0,0,0,0,0,1,2,13
,2020-04038,39.73832,-104.94182,8/1/2020 0:08,0:08:00,8,0,0,NORTH HARRISON STREET & EAST 14TH AVENUE,1,4,0,0,1,1,0,0,25,0,0,0,0,0,4,2,13
,2020-04039,39.71836,-104.98624,8/5/2020 9:58,9:58:00,10,0,0,NORTH LINCOLN STREET & EAST FIRST AVENUE,1,1,0,0,1,3,0,0,30,0,0,0,0,0,4,2,8
,2020-04041,39.65308,-104.91845,8/6/2020 10:39,10:39:00,5,0,0,I25 & EAST HAMPDEN AVENUE,1,1,0,0,3,4,0,0,55,0,0,0,0,0,1,1,3
,2020-04042,39.74406,-105.00061,8/5/2020 12:35,12:35:00,3,0,0,SPEER BOULEVARD NORTH & ARAPAHOE STREET,1,1,0,0,1,1,0,0,35,0,0,0,0,0,4,2,1
,2020-04044,39.7983,-104.77212,8/5/2020 11:24,11:24:00,10,0,0,NORTH TOWER ROAD & EAST 56TH AVENUE,1,1,0,0,1,1,0,0,45,0,0,0,0,0,4,2,13
,2020-04046,39.77856252,-104.9034184,8/5/2020 10:21,10:21:00,9,0,1,I70 WB EXIT RAMP  TO & QUEBEC STREET NORTH,1,1,1,0,3,4,0,1,55,0,0,0,0,1,1,2,1
,2020-04047,39.7794,-104.97915,8/5/2020 8:29,8:29:00,15,0,0,I70 EASTBOUND & WASHINGTON STREET NORTH,1,1,0,0,1,4,0,1,55,0,0,0,0,0,1,2,1
,2020-04048,39.67842,-104.95083,8/5/2020 6:59,6:59:00,3,0,0,SOUTH STREET PAUL STREET & EAST EVANS AVENUE,1,1,0,0,1,1,0,0,35,0,0,0,0,0,4,2,13
,2020-04049,39.73727,-104.90816,8/5/2020 15:28,15:28:00,12,0,0,EAST 13TH AVENUE & NORTH ONEIDA STREET,1,1,0,0,1,1,0,0,35,0,0,0,0,0,4,2,14
,2020-04051,39.77668,-104.80991,8/5/2020 13:37,13:37:00,12,0,0,EAST 46TH AVENUE & NORTH CHAMBERS ROAD,1,1,0,0,1,1,0,0,45,0,0,0,0,0,4,2,13
,2020-04052,39.74198,-104.88817,8/6/2020 12:26,12:26:00,3,0,0,16TH AVENUE EAST & WILLOW STREET NORTH,1,1,0,0,1,5,0,0,,0,0,0,0,0,4,2,16
,2020-04053,39.65304,-104.93514,7/27/2020 11:19,11:19:00,12,0,0,HAMPDEN AVENUE EAST & CLERMONT STREET SOUTH,1,1,0,0,1,1,0,0,35,0,0,0,0,0,2,2,3
,2020-04054,39.71839,-104.99214,8/5/2020 17:35,17:35:00,8,0,0,NORTH CHEROKEE STREET & WEST FIRST AVENUE,1,1,0,0,1,1,0,0,25,0,0,0,0,0,4,2,13
,2020-04055,39.75227,-104.97957,8/5/2020 16:21,16:21:00,3,0,0,GLENARM PLACE & 25TH STREET,1,1,0,0,1,1,0,0,25,0,0,0,0,0,4,2,13
,2020-04056,39.74006,-104.98614,8/5/2020 16:31,16:31:00,11,0,0,COLFAX AVENUE EAST & LINCOLN STREET NORTH,1,1,0,0,1,1,0,0,30,0,0,1,1,1,2,2,16
,2020-04057,39.73281,-104.90275,7/27/2020 20:50,20:50:00,1,0,0,7300 EAST 11TH AVENUE & NORTH QUEBEC STREET,1,1,0,0,1,3,0,0,30,0,0,0,0,0,4,2,14
,2020-04058,39.65304,-104.93687,8/5/2020 9:30,9:30:00,12,0,0,HAMPDEN AVENUE EAST  & BELLEAIRE STREET SOUTH,1,1,0,0,1,1,0,0,40,0,0,0,0,0,2,2,13
,2020-04059,39.67865,-105.02271,7/28/2020 16:55,16:55:00,12,0,0,2700 WEST EVANS AVENUE & SOUTH CLAY STREET,1,1,0,0,1,3,0,0,40,0,0,0,0,0,4,2,14
,2020-04060,39.7184,-104.99974,8/6/2020 12:27,12:27:00,12,0,0,900 WEST FIRST AVENUE & NORTH KALAMATH STREET,1,1,0,0,1,4,0,0,30,0,0,0,0,0,4,2,14
,2020-04061,39.78027,-104.98956,8/5/2020 14:05,14:05:00,12,0,0,I70 WB RAMP  TO & I25 SOUTHBOUND,1,1,0,0,1,8,0,0,55,0,0,0,0,0,1,2,16
,2020-04062,39.71134,-105.05325,8/5/2020 14:36,14:36:00,12,0,0,ALAMEDA AVENUE WEST & SHERIDAN BOULEVARD SOUTH,1,1,1,0,1,4,0,0,35,0,0,0,0,0,2,2,3
,2020-04064,39.75229,-104.99169,8/5/2020 16:16,16:16:00,3,0,0,20TH STREET & LAWRENCE STREET,1,1,0,0,1,1,0,0,25,0,0,0,0,1,4,2,16
,2020-04065,39.71818,-104.96331,8/4/2020 14:37,14:37:00,12,0,0,1700 EAST FIRST AVENUE & NORTH HIGH STREET,1,1,0,0,1,4,0,0,30,0,0,0,0,0,4,2,13
,2020-04067,39.70961,-105.03504,7/31/2020 17:44,17:44:00,3,0,1,LOWELL BOULEVARD SOUTH & MORRISON ROAD,1,1,0,0,1,1,0,0,25,0,0,0,0,2,4,2,3
,2020-04069,39.80446,-104.88438,8/1/2020 7:30,7:30:00,3,0,0,CENTRAL PARK BOULEVARD NORTH & 59TH PLACE EAST,1,1,0,0,1,1,0,0,30,0,0,0,0,0,4,2,13
,2020-04073,39.75107,-104.98289,8/5/2020 10:49,10:49:00,3,0,0,WELTON STREET & PARK AVENUE,1,1,0,0,1,1,0,0,25,0,0,0,0,0,4,2,14
,2020-04074,39.76075,-104.95976,8/5/2020 11:40,11:40:00,3,0,0,YORK STREET NORTH & 31ST AVENUE EAST,1,1,0,0,1,1,0,0,30,0,0,0,0,0,4,2,1
,2020-04075,39.73831,-104.94066,8/6/2020 7:35,7:35:00,12,0,0,COLORADO BOULEVARD NORTH & 14TH AVENUE EAST,1,1,0,0,1,3,0,0,30,0,0,0,0,0,2,2,3
,2020-04076,39.72094,-104.98745,7/31/2020 15:35,15:35:00,3,0,0,NORTH BROADWAY STREET & EAST THIRD AVENUE,1,1,0,0,1,1,0,0,30,0,0,0,0,0,4,2,13
,2020-04095,39.73515,-104.9823,7/31/2020 16:38,16:38:00,15,0,0,NORTH LOGAN STREET & EAST 12TH AVENUE,1,1,0,0,1,4,0,0,25,0,0,0,0,0,4,2,8
,2020-04096,39.73871,-104.96953,7/12/2020 12:50,12:50:00,6,0,0,HUMBOLDT STREET NORTH  & COLFAX AVENUE EAST,1,1,0,0,1,4,0,0,30,0,0,0,0,0,4,2,14
,2020-04099,39.78469,-105.03449,7/12/2020 12:10,12:10:00,8,0,1,LOWELL BOULEVARD & 4800 NORTH,1,1,0,0,1,4,0,0,30,0,0,0,0,2,4,2,1
,2020-04104,39.67851,-104.97343,7/31/2020 11:21,11:21:00,12,0,0,EAST EVANS AVENUE & SOUTH DOWNING STREET,1,1,0,0,1,1,0,0,35,0,0,0,0,0,4,2,13
,2020-04105,39.76839,-104.99482,7/31/2020 17:00,17:00:00,5,0,0,I25 & PARK AVENUE EXIT GORE POINT,1,1,0,0,2,4,0,0,55,0,0,0,0,0,1,2,16
,2020-04122,39.70829,-104.92228,7/31/2020 12:28,12:28:00,12,0,0,400 SOUTH HOLLY STREET & LEETSDALE DRIVE,1,1,0,0,1,4,0,0,30,0,0,0,0,1,4,2,14
,2020-04123,39.6821,-104.96638,7/31/2020 11:05,11:05:00,1,0,0,EAST JEWELL AVENUE & SOUTH WILLIAMS STREET,1,1,0,0,1,1,0,0,25,0,0,0,0,0,4,2,13
,2020-04132,39.66763,-104.91288,7/11/2020 10:35,10:35:00,15,0,0,SOUTH MONACO STREET & EAST YALE AVENUE,1,1,0,0,1,3,0,0,35,0,0,0,0,0,4,2,13
,2020-04135,39.7801,-104.98919,7/31/2020 7:15,7:15:00,15,0,0,I70 WB RAMP SPLIT TO & I25 SOUTHBOUND,1,1,0,0,1,8,0,0,40,0,0,0,0,0,1,2,16
,2020-04136,39.6804,-104.92228,7/31/2020 8:40,8:40:00,10,0,0,EAST ASBURY AVENUE & SOUTH HOLLY STREET,1,1,0,0,1,1,0,0,25,0,0,0,0,0,4,2,13
,2020-04142,39.69839,-104.873,7/31/2020 13:46,13:46:00,15,0,0,ELMIRA STREET SOUTH  & MISSISSIPPI AVENUE EAST,1,1,0,0,1,4,0,0,25,0,0,0,0,0,4,2,13
,2020-04146,39.71228,-105.02632,7/30/2020 7:30,7:30:00,6,0,2,200 SOUTH GROVE STREET & WEST ALAMEDA AVENUE,1,1,1,0,1,4,0,0,30,0,0,0,0,2,4,2,5
,2020-04154,39.71966,-104.98624,7/31/2020 11:45,11:45:00,12,0,0,LINCOLN STREET NORTH  & SECOND AVENUE EAST,1,1,0,0,1,4,0,0,30,0,0,0,0,0,1,2,13
,2020-04157,39.65797,-104.91291,7/31/2020 13:16,13:16:00,3,0,0,MONACO STREET SOUTH & FLOYD AVENUE EAST,1,1,0,0,1,1,0,0,30,0,0,0,0,0,4,2,13
,2020-04161,39.72929,-104.90347,7/31/2020 11:55,11:55:00,1,0,1,NORTH QUEBEC STREET & EAST EIGHTH AVENUE,1,1,0,0,1,1,0,0,35,0,0,0,1,3,4,2,13
,2020-04162,39.75102,-104.90343,7/31/2020 7:42,7:42:00,12,0,0,NORTH QUEBEC STREET & EAST 23RD AVENUE,1,1,0,0,1,3,0,0,35,0,0,0,0,0,4,2,13
,2020-04167,39.67843,-104.9955,7/31/2020 12:03,12:03:00,15,0,0,EVANS AVENUE WEST  & SANTA FE DRIVE SOUTH,1,1,0,0,1,4,0,0,35,0,0,0,0,0,4,2,13
,2020-04168,39.74003,-104.97214,7/31/2020 12:48,12:48:00,15,0,0,COLFAX AVENUE EAST & MARION STREET NORTH,1,1,0,0,1,4,0,0,30,0,0,0,0,1,2,2,8
,2020-04173,39.69583,-105.02506,7/31/2020 11:42,11:42:00,12,0,0,FEDERAL BOULEVARD  & MISSISSIPPI AVENUE WEST,1,1,0,0,1,4,0,0,30,0,0,0,0,0,2,2,13
,2020-04183,39.61451,-105.09416,7/30/2020 10:40,10:40:00,15,0,0,CROSS DRIVE WEST  & WADSWORTH BOULEVARD SOUTH,1,1,0,0,1,2,0,0,30,0,0,0,0,0,4,2,13
,2020-04186,39.71121,-104.9989,7/31/2020 13:19,13:19:00,12,0,0,I25 NORTHBOUND & ALAMEDA AVENUE WEST,1,1,0,0,1,4,0,0,65,0,0,0,0,0,1,2,3
,2020-04190,39.75824,-104.97212,7/31/2020 14:43,14:43:00,1,0,0,EAST 29TH AVENUE & NORTH MARION STREET,1,1,0,0,1,1,0,0,25,0,0,0,0,1,4,2,7
,2020-04191,39.69566,-104.90351,7/31/2020 14:46,14:46:00,3,0,0,SOUTH QUEBEC STREET & EAST MISSISSIPPI AVENUE,1,1,0,0,1,1,0,0,40,0,0,0,0,0,4,2,13
,2020-04192,39.69666,-104.99188,8/3/2020 20:59,20:59:00,1,0,2,SANTA FE DRIVE SOUTH & MISSISSIPPI AVENUE WEST,1,3,1,0,1,1,0,0,35,0,0,0,0,2,2,2,1
,2020-04195,39.70146,-104.98753,7/31/2020 14:30,14:30:00,12,0,0,BROADWAY STREET SOUTH & I25 SOUTHBOUND ON RAMP,1,1,0,0,1,3,0,0,35,0,0,0,0,0,4,2,3
,2020-04196,39.73685,-104.91279,8/4/2020 7:03,7:03:00,3,0,0,NORTH MONACO STREET & EAST 13TH AVENUE,1,1,0,0,1,1,0,0,30,0,0,0,0,0,4,2,14
,2020-04197,39.73147,-104.88462,8/3/2020 23:14,23:14:00,5,0,0,YOSEMITE STREET NORTH  & AKRON WAY NORTH,1,3,0,0,2,4,0,0,25,0,0,0,0,0,4,1,3
,2020-04200,39.75784,-104.98803,7/30/2020 8:35,8:35:00,6,0,0,2400 WALNUT STREET & BROADWAY,1,3,0,0,1,4,0,0,30,0,0,0,0,0,4,2,14
,2020-04201,39.67867,-105.01802,7/28/2020 16:51,16:51:00,12,0,0,WEST EVANS AVENUE & SOUTH BRYANT STREET,1,1,0,0,1,4,0,0,35,0,0,0,0,0,4,2,3
,2020-04203,39.72912,-104.9473,7/28/2020 9:18,9:18:00,14,0,0,EIGHTH AVENUE EAST & COOK STREET NORTH,1,1,0,0,1,1,0,0,30,0,0,0,0,0,4,2,14
,2020-04204,39.73204,-104.98613,7/30/2020 9:38,9:38:00,2,0,0,LINCOLN STREET NORTH & 10TH AVENUE EAST,1,1,0,0,1,4,0,0,0,1,0,0,0,1,4,2,16
,2020-04205,39.78744,-105.04042,7/28/2020 16:32,16:32:00,3,0,0,NORTH QUITMAN STREET & WEST 50TH AVENUE,11,1,0,1,1,1,0,0,25,0,0,0,0,0,4,2,13
,2020-04206,39.72094,-104.98439,7/30/2020 10:59,10:59:00,12,0,0,200 EAST THIRD AVENUE & NORTH GRANT STREET,1,1,0,0,1,4,0,0,25,0,0,0,0,0,4,2,13
,2020-04207,39.76198,-104.90344,7/30/2020 9:14,9:14:00,3,0,0,NORTH QUEBEC STREET & EAST MLK BOULEVARD,1,1,0,0,1,1,0,0,35,0,0,0,0,1,4,2,13
,2020-04208,39.77728,-104.88278,7/28/2020 13:28,13:28:00,5,0,0,I70 WB & CENTRAL PARK BOULEVARD NORTH,1,1,0,0,3,4,0,0,65,0,0,0,0,0,1,1,7
,2020-04210,39.69578,-104.9968,8/3/2020 21:52,21:52:00,6,0,0,1100 SOUTH HURON STREET & WEST MISSISSIPPI AVENUE,1,3,0,0,1,4,0,0,25,0,0,0,0,0,4,2,3
,2020-04212,39.71696,-104.89579,7/22/2020 13:57,13:57:00,3,0,0,FAIRMOUNT DRIVE EAST & LOWRY BOULEVARD EAST,1,1,0,0,1,6,0,0,30,0,0,0,0,0,4,2,13
,2020-04214,39.76116,-105.00476,7/28/2020 8:30,8:30:00,12,0,0,I25 SOUTHBOUND & 20TH STREET,1,1,0,0,1,4,0,0,65,0,0,0,0,0,1,2,1
,2020-04215,39.76116,-105.00476,7/28/2020 13:15,13:15:00,12,0,2,I25 SOUTHBOUND & 20TH STREET,1,1,0,0,1,4,0,0,65,0,0,0,0,1,1,2,4
,2020-04217,39.78377,-104.94052,7/7/2020 22:10,22:10:00,3,0,0,COLORADO BOULEVARD NORTH & 48TH AVENUE EAST,1,3,0,0,1,1,0,0,55,0,0,0,0,0,2,2,16
,2020-04218,39.73844,-104.98359,7/28/2020 10:53,10:53:00,3,0,0,EAST 14TH AVENUE & NORTH GRANT STREET,1,1,0,0,1,1,0,0,30,0,0,0,0,1,4,2,13
,2020-04219,39.7794,-104.97915,7/28/2020 16:51,16:51:00,12,0,2,WASHINTON STREET NORTH [SB] ENTRANCE RAMP  TO & I70 EASTBOUND,1,1,1,0,1,8,0,0,65,0,0,0,0,1,1,2,14
,2020-04221,39.77421,-104.84704,7/30/2020 7:16,7:16:00,12,0,0,I70 EASTBOUND EXIT RAMP  TO & PEORIA STREET NORTH,1,1,0,0,1,8,0,0,30,0,0,0,0,0,1,2,13
,2020-04222,39.73994,-105.02269,7/30/2020 17:29,17:29:00,12,0,0,COLFAX AVENUE WEST & ELIOT STREET NORTH,1,1,0,0,1,3,0,0,40,0,0,0,0,0,2,2,2
,2020-04225,39.69046,-104.99282,7/28/2020 13:15,13:15:00,15,0,0,SANTA FE DRIVE SOUTH  & FLORIDA VE WEST,1,1,0,0,1,4,0,0,45,0,0,0,0,1,2,2,7
,2020-04226,39.71131,-104.89379,7/30/2020 1:26,1:26:00,5,0,1,ALAMEDA AVENUE EAST  & QUEBEC STREET SOUTH,1,3,0,0,2,4,0,0,35,0,0,0,0,3,4,1,3
,2020-04227,39.75294,-104.9926,7/28/2020 9:40,9:40:00,11,0,0,20TH STREET & LARIMER STREET,1,1,0,0,1,1,0,0,30,0,1,0,0,1,4,2,13
,2020-04228,39.67481,-104.94072,7/16/2020 18:09,18:09:00,12,0,1,COLORADO BOULEVARD SOUTH & ILIFF AVENUE EAST,1,1,0,0,1,1,0,0,35,0,0,0,0,1,2,2,16
,2020-04229,39.73836,-104.9517,7/14/2020 15:49,15:49:00,15,0,0,NORTH MILWAUKEE STREET & EAST 14TH AVENUE,1,1,0,0,1,4,0,0,25,0,0,0,0,0,4,2,16
,2020-04231,39.72571,-105.00015,8/3/2020 20:29,20:29:00,6,0,0,WEST SIXTH AVENUE & NORTH KALAMATH STREET,1,2,0,0,1,1,0,0,35,0,0,0,0,0,4,2,16
,2020-04233,39.78117,-104.97883,7/28/2020 17:08,17:08:00,12,0,0,4600 NORTH WASHINGTON STREET & EAST 46TH AVENUE,1,1,0,0,1,3,0,0,35,0,0,0,0,0,4,2,13
,2020-04234,39.71116,-104.98758,7/28/2020 11:32,11:32:00,12,0,0,EAST ALAMEDA AVENUE & SOUTH BROADWAY STREET,1,1,0,0,1,2,0,0,30,0,0,0,0,0,4,2,13
,2020-04235,39.7426,-104.91244,7/13/2020 15:55,15:55:00,12,0,0,NORTH MONACO STREET & EAST BATAVIA PLACE,1,1,0,0,1,1,0,0,35,0,0,0,0,0,4,2,3
,2020-04236,39.72566,-105.05326,8/4/2020 21:50,21:50:00,1,0,0,SHERIDAN BOULEVARD NORTH & SIXTH AVENUE EASTBOUND ENTRANCE / EXIT RAMPS,1,3,0,0,1,1,0,0,25,0,0,0,0,0,2,2,7
,2020-04239,39.71746,-104.98751,8/1/2020 13:00,13:00:00,15,0,0,NORTH BROADWAY STREET & WEST IRVINGTON PLACE,1,1,0,0,1,1,0,0,30,0,0,0,1,1,4,2,13
,2020-04240,39.7093,-104.97289,8/6/2020 13:00,13:00:00,6,0,0,1200 EAST DAKOTA AVENUE & SOUTH MARION STREET,1,1,0,0,1,5,0,0,25,0,0,0,0,0,4,2,7
,2020-04241,39.66762,-104.92576,8/2/2020 0:20,0:20:00,12,0,0,I25 & YALE AVENUE EAST,1,3,0,0,1,4,0,0,65,0,0,0,0,0,1,2,13
,2020-04242,39.75111,-104.99844,8/5/2020 1:15,1:15:00,5,0,0,BLAKE STREET  & 16TH STREET,1,3,0,0,2,4,0,0,25,0,0,0,0,0,4,1,14
,2020-04243,39.71464,-104.94069,8/7/2020 16:15,16:15:00,15,0,0,LEETSDALE DRIVE & BAYAUD AVENUE,1,1,0,0,1,1,0,0,30,0,0,0,0,0,2,2,16
,2020-04244,39.67916,-105.05326,8/4/2020 10:37,10:37:00,3,0,1,SHERIDAN BOULEVARD SOUTH & EVANS AVENUE WEST,1,1,0,0,1,1,0,0,40,0,0,0,0,3,2,2,3
,2020-04245,39.71779,-104.94071,8/7/2020 14:50,14:50:00,12,0,1,COLORADO BOULEVARD NORTH & FIRST AVENUE EAST,1,1,0,0,1,3,0,0,35,0,0,0,0,1,2,2,16
,2020-04246,39.73448,-105.00016,7/7/2020 16:28,16:28:00,5,0,0,1100 NORTH KALAMATH STREET & WEST 11TH AVENUE,1,1,0,0,3,4,0,0,35,0,0,0,0,0,4,1,7
,2020-04247,39.70811,-104.92698,8/4/2020 19:19,19:19:00,2,0,0,LEETSDALE DRIVE & FOREST STREET SOUTH,1,2,0,0,1,1,0,0,35,1,0,0,0,1,4,2,16
,2020-04248,39.74481,-104.961,8/1/2020 20:54,20:54:00,2,0,0,GAYLORD STREET NORTH & 18TH AVENUE EAST,1,3,0,0,1,4,0,0,0,1,0,0,0,0,4,2,16
,2020-04249,39.77052553,-105.0029494,8/1/2020 19:01,19:01:00,6,0,0,WEST 39TH AVENUE & NORTH MARIPOSA STREET,1,1,0,0,1,4,0,0,30,0,0,0,0,0,4,2,5
,2020-04250,39.71119,-104.92932,7/22/2020 6:30,6:30:00,10,0,0,EAST ALAMEDA AVENUE & SOUTH ELM STREET,1,1,1,0,1,1,0,0,35,0,0,0,0,0,4,2,14
,2020-04251,39.72571,-105.00015,8/5/2020 16:30,16:30:00,12,0,0,WEST SIXTH AVENUE & NORTH KALAMATH STREET,1,1,0,0,1,1,0,0,35,0,0,0,0,0,4,2,14
,2020-04252,39.68072,-105.05323,8/4/2020 12:40,12:40:00,12,0,1,SHERIDAN BOULEVARD SOUTH  & EVANS AVENUE WEST,1,1,0,0,1,4,0,0,0,0,0,0,0,3,2,2,16
,2020-04253,39.72343,-105.02513,7/12/2020 21:21,21:21:00,12,0,0,FEDERAL BOULEVARD NORTH & FIFTH AVENUE WEST,1,3,0,0,1,4,0,0,35,0,0,0,0,0,2,2,1
,2020-04254,39.74489,-104.98612,8/4/2020 15:30,15:30:00,10,0,0,EAST 18TH AVENUE & NORTH LINCOLN STREET,1,1,0,0,1,1,0,0,30,0,0,0,0,1,4,2,8
,2020-04255,39.65305,-104.87566,8/4/2020 16:20,16:20:00,10,0,0,SOUTH DAYTON STREET & EAST HAMPDEN AVENUE,1,1,0,0,1,3,0,0,25,0,0,0,0,0,4,2,8