id,drcog_id,latitude,longitude,crashtime,time,crashtype,numbkilled,numbinjurd,drcoglocat,rdconditin,lightngcon,roadcntgrd,weatherco,location,roaddescrp,schoolzone,constrzone,splimit,bikeinv,pedinv,sctrinv,motoinv,svrty,rdsystem,ttlvehcls,hcf
,2020-04256,39.77291,-104.94982,8/4/2020 12:14,12:14:00,1,0,0,EAST 40TH AVENUE & NORTH STEELE STREET,1,1,0,0,1,1,0,0,30,0,0,0,0,0,4,2,7
,2020-04257,39.7401,-105.00157,8/3/2020 11:02,11:02:00,12,0,0,COLFAX AVENUE WEST & LIPAN STREET NORTH,1,1,1,0,1,1,0,0,30,0,0,0,0,1,2,2,13
,2020-04258,39.71211,-104.98755,8/4/2020 17:15,17:15:00,10,0,0,SOUTH BROADWAY STREET & WEST BYERS PLACE,1,1,0,0,1,1,0,0,30,0,0,0,0,0,4,2,8
,2020-04259,39.6813,-104.95082,8/7/2020 16:32,16:32:00,8,0,0,EAST BUCHTEL BOULEVARD & SOUTH STREET PAUL STREET,1,1,0,0,1,1,0,0,30,0,0,0,0,0,4,2,3
,2020-04260,39.67196856,-104.9640356,8/7/2020 1:02,1:02:00,6,0,0,RACE STREET  & HARVARD AVENUE EAST,1,4,0,0,1,5,0,0,25,0,0,0,0,0,4,2,5
,2020-04261,39.66762,-104.90351,7/29/2020 11:10,11:10:00,12,0,0,SOUTH QUEBEC STREET & EAST YALE AVENUE,1,1,1,0,1,1,0,0,30,0,0,0,0,0,4,2,1
,2020-04262,39.66755654,-104.9255314,8/2/2020 0:21,0:21:00,5,0,0,I25 & YALE AVENUE EXIT,1,3,0,0,2,4,0,0,65,0,0,0,0,0,1,1,1
,2020-04263,39.71114353,-104.9875819,8/4/2020 15:20,15:20:00,5,0,0,ALAMEDA AVENUE WEST & BROADWAT STREET SOUTH,1,1,1,0,3,4,0,0,35,0,0,0,0,0,4,1,3
,2020-04264,39.78435,-104.84703,8/1/2020 19:53,19:53:00,3,0,0,PEORIA STREET NORTH & 4700,1,2,0,0,1,2,0,0,30,0,0,0,0,0,4,2,13
,2020-04265,39.71121,-104.99913,8/4/2020 22:22,22:22:00,5,0,0,I25 SOUTHBOUND & WEST ALAMEDA AVENUE,1,3,0,0,3,4,0,0,60,0,0,0,0,0,1,1,5
,2020-04266,39.71568,-104.98751,8/4/2020 16:31,16:31:00,12,0,0,60 SOUTH BROADWAY STREET & EAST BAYAUD STREET,1,1,0,0,1,4,0,0,35,0,0,0,0,0,4,2,13
,2020-04267,39.63868,-105.0866,8/1/2020 18:47,18:47:00,5,0,0,7900 WEST QUINCY AVENUE & 7900 WEST,1,1,0,0,3,4,0,0,40,0,0,0,0,0,4,1,6
,2020-04268,39.69845,-104.91283,8/7/2020 13:50,13:50:00,15,0,0,SOUTH MONACO STREET & EAST TENNESSEE AVENUE,1,1,0,0,1,4,0,0,35,0,0,0,0,0,4,2,3
,2020-04269,39.79036,-104.80975,8/4/2020 15:55,15:55:00,3,0,0,CHAMBERS ROAD NORTH & 53RD AVENUE EAST,1,1,0,0,1,3,0,0,25,0,0,0,0,0,4,2,13
,2020-04270,39.77991251,-104.76881,8/3/2020 19:00,19:00:00,6,0,0,ANDES WAY & 46TH PLACE,1,1,0,0,1,1,0,0,25,0,0,0,0,0,4,2,16
,2020-04271,39.66759,-104.95938,8/7/2020 14:27,14:27:00,3,0,0,SOUTH UNIVERSITY BOULEVARD & EAST YALE AVENUE,1,1,0,0,1,1,0,0,30,0,0,0,0,0,4,2,3
,2020-04272,39.67849,-104.96757,8/4/2020 10:55,10:55:00,12,0,0,EAST EVANS AVENUE & SOUTH GILPIN STREET,1,1,0,0,1,3,0,0,30,0,0,0,0,0,4,2,16
,2020-04273,39.72568,-105.01323,6/29/2020 13:30,13:30:00,15,0,0,I25 NORTHBOUND & SIXTH AVENUE,1,1,0,0,1,4,0,0,35,0,0,0,0,0,1,2,13
,2020-04274,39.7893,-104.82002,8/1/2020 23:31,23:31:00,6,0,0,52ND AVENUE & 14500 EAST,1,3,0,0,1,4,0,0,25,0,0,0,0,0,4,2,1
,2020-04276,39.83756,-104.77181,7/14/2020 18:53,18:53:00,12,0,0,7700 NORTH TOWER ROAD & NORTH PENA BOULEVARD,11,1,0,1,1,4,0,0,40,0,0,0,0,0,4,2,13
,2020-04277,39.77661,-105.02012,8/4/2020 19:12,19:12:00,12,0,0,2600 WEST 44TH AVENUE & WEST 44TH AVENUE,1,1,0,0,1,1,0,0,25,0,0,0,0,0,4,2,13
,2020-04278,39.77288,-104.94055,8/1/2020 14:37,14:37:00,12,0,0,COLORADO BOULEVARD NORTH & 40TH AVENUE EAST,1,1,2,0,1,4,0,0,35,0,0,0,0,0,2,2,13
,2020-04279,39.74760253,-105.0252109,8/1/2020 20:10,20:10:00,12,0,0,FEDERAL BOULEVARD NORTH & 20TH AVENUE WEST,1,3,0,0,6,3,0,0,35,0,0,0,0,0,2,2,16
,2020-04280,39.7384,-104.97302,8/4/2020 10:30,10:30:00,3,0,0,DOWNING STREET NORTH & 14TH AVENUE EAST,1,1,0,0,1,1,0,0,25,0,0,0,0,0,4,2,13
,2020-04286,39.77401,-104.84703,8/2/2020 23:30,23:30:00,5,0,0,I70 EASTBOUND & PEORIA STREET NORTH,1,3,0,0,3,4,0,0,65,0,0,0,0,0,1,1,5
,2020-04294,39.67957,-105.02504,8/2/2020 22:18,22:18:00,12,0,0,FEDERAL BOULEVARD SOUTH  & JEWELL AVENUE WEST,1,3,0,0,1,4,0,0,40,0,0,0,0,0,2,2,3
,2020-04307,39.74481,-104.961,7/16/2020 11:28,11:28:00,15,0,0,18TH AVENUE EAST & GAYLORD STREET NORTH,1,1,0,0,1,1,0,0,30,0,0,0,0,0,4,2,7
,2020-04313,39.79783,-104.89147,8/2/2020 3:40,3:40:00,6,0,0,55TH PLACE EAST & VALENTIA COURT NORTH,1,4,0,0,1,4,0,0,25,0,0,0,0,0,4,2,16
,2020-04321,39.7584,-105.01584,8/2/2020 19:55,19:55:00,3,0,0,WEST 29TH AVENUE & NORTH ZUNI STREET,1,1,0,0,1,1,0,0,25,0,0,0,0,1,4,2,8
,2020-04329,39.7699,-105.0147,8/2/2020 13:18,13:18:00,15,0,0,WYANDOT STREET NORTH  & 38TH AVENUE WEST,1,1,0,0,1,4,0,0,25,0,0,0,0,0,4,2,4
,2020-04340,39.79111,-105.02519,8/1/2020 10:42,10:42:00,1,0,0,FEDERAL BOULEVARD NORTH & 52ND AVENUE WEST,1,1,0,0,1,1,0,0,45,0,0,0,0,0,2,2,7
,2020-04349,39.69852553,-104.9035309,8/11/2020 9:50,9:50:00,1,0,0,SOUTH PARKER ROAD & QUEBEC STREET SOUTH,1,1,0,0,1,1,0,0,35,0,0,0,0,0,2,2,3
,2020-04359,39.70931654,-104.9875999,8/1/2020 14:35,14:35:00,6,0,0,DAKOTA AVENUE EAST 000  & BROADWAT STREET SOUTH,1,1,0,0,1,4,0,0,25,0,0,0,0,0,4,2,16
,2020-04373,39.77759052,-104.8347619,8/2/2020 21:09,21:09:00,6,0,0,4500 NORTH ANAHEIM COURT & EAST ALBROOK DRIVE,1,3,0,0,1,4,0,0,25,0,0,0,0,0,4,2,3
,2020-04377,39.7654,-104.9026,8/7/2020 21:54,21:54:00,15,0,0,35TH AVENUE EAST & QUEBEC STREET NORTH,1,3,0,0,1,3,0,0,35,0,0,0,0,0,4,2,8
,2020-04389,39.67849,-104.96875,7/11/2020 12:32,12:32:00,2,0,1,FRANKLIN STREET SOUTH & EVANS AVENUE EAST,1,1,0,0,1,1,0,0,30,1,0,0,0,2,4,2,13
,2020-04390,39.78008116,-104.7722289,8/2/2020 19:10,19:10:00,11,0,1,48TH AVENUE EAST & TOWER ROAD NORTH,1,1,0,0,1,1,0,0,25,0,1,0,0,2,4,2,3
,2020-04394,39.66771,-105.04068,8/2/2020 15:35,15:35:00,3,0,1,WEST YALE AVENUE & SOUTH QUITMAN STREET,1,1,0,0,1,1,0,0,30,0,0,0,0,1,4,2,13
,2020-04395,39.73311,-105.05324,7/22/2020 16:31,16:31:00,15,0,0,SHERIDAN BOULEVARD NORTH  & 10TH AVENUE WEST,1,1,0,0,1,4,0,0,35,0,0,0,0,0,2,2,5
,2020-04396,39.72559,-105.02514,8/2/2020 8:10,8:10:00,3,0,0,SIXTH AVENUE WB EXIT RAMP & FEDERAL BOULEVARD NORTH,1,1,0,0,1,1,0,0,35,0,0,0,0,0,2,2,13
,2020-04397,39.76685,-105.0112,8/7/2020 17:17,17:17:00,3,0,0,TEJON STREET NORTH & 36TH AVENUE WEST,1,1,0,0,1,2,0,0,35,0,0,0,0,0,4,2,7
,2020-04403,39.69,-104.97342,8/2/2020 10:51,10:51:00,5,0,0,I25NB & DOWNING STREET SOUTH,1,1,0,0,3,4,0,0,60,0,0,0,0,0,1,1,3
,2020-04406,39.78389,-104.83994,8/7/2020 17:22,17:22:00,10,0,0,12900 EAST ELGIN PLACE & NORTH TULSA COURT,1,1,1,0,1,2,0,0,25,0,0,0,0,0,4,2,1
,2020-04408,39.72027,-105.0251,8/2/2020 16:20,16:20:00,12,0,1,WEST SECOND AVENUE & NORTH FEDERAL BOULEVARD,1,1,0,0,1,4,0,0,35,0,0,0,0,2,4,2,13
,2020-04409,39.72362,-105.02519,8/2/2020 22:24,22:24:00,12,0,0,FEDERAL BOULEVARD NORTH  & FIFTH AVENUE WEST,1,3,0,0,1,4,0,0,40,0,0,0,0,0,2,2,13
,2020-04411,39.73842,-104.97873,7/31/2020 18:00,18:00:00,2,0,0,14TH AVENUE EAST & WASHINGTON STREET NORTH,1,1,0,0,1,1,0,0,0,1,0,0,0,0,4,2,16
,2020-04412,39.77109,-104.84704,7/15/2020 11:25,11:25:00,12,0,0,NORTH PEORIA STREET & EAST 39TH AVENUE,1,1,0,0,1,4,0,0,35,0,0,0,0,0,4,2,1
,2020-04413,39.68932,-104.94063,7/21/2020 23:55,23:55:00,12,0,0,SOUTH COLORADO BOULEVARD & EAST FLORIDA AVENUE,1,3,0,0,1,4,0,0,35,0,0,0,0,0,4,2,1
,2020-04415,39.77101,-104.98238,7/22/2020 23:57,23:57:00,5,0,0,RINGSBY COURT & 3400,1,2,0,0,3,4,0,0,30,0,0,0,0,0,4,1,16
,2020-04416,39.77829252,-104.9034319,8/2/2020 18:49,18:49:00,15,0,0,QUEBEC STREET NORTH & I70,1,1,0,0,1,4,0,0,35,0,0,0,0,0,2,2,13
,2020-04417,39.73843,-104.97991,7/21/2020 23:16,23:16:00,6,0,0,EAST 14TH AVENUE & NORTH PEARL STREET,1,4,0,0,1,4,0,0,30,0,0,0,0,0,4,2,13
,2020-04419,39.65407,-104.91292,8/2/2020 17:36,17:36:00,11,0,0,MONACO STREET SOUTH & GIRARD AVENUE EAST,1,1,0,0,1,1,0,0,0,0,0,1,0,0,4,2,16
,2020-04420,39.74015,-104.92343,7/31/2020 8:39,8:39:00,3,0,0,COLFAX AVENUE EAST & HUDSON STREET NORTH,1,1,0,0,1,1,0,0,30,0,0,0,0,0,2,2,16
,2020-04421,39.7983,-104.77212,8/2/2020 19:08,19:08:00,12,0,0,EAST 56TH AVENUE & NORTH TOWER ROAD,1,1,0,0,1,1,0,0,45,0,0,0,0,0,4,2,3
,2020-04422,39.6947,-105.02614,7/20/2020 18:59,18:59:00,5,0,0,ARIZONA AVENUE WEST  & GROVE STREET SOUTH,1,1,0,0,3,4,0,0,25,0,0,0,0,0,4,1,16
,2020-04425,39.76408,-105.04465,7/21/2020 19:10,19:10:00,6,0,0,UTICA STREET NORTH  & 34TH AVENUE WEST,1,1,1,0,1,4,0,0,25,0,0,0,0,0,4,2,5
,2020-04428,39.68487,-104.95945,7/19/2020 18:23,18:23:00,5,0,1,I25 NORTHBOUND & UNIVERSITY BOULEVARD SOUTH,1,1,0,0,1,4,0,0,60,0,0,0,1,2,1,1,7
,2020-04429,39.73691,-105.01235,8/2/2020 14:47,14:47:00,5,0,1,13TH AVENUE WEST & UMATILLA STREET NORTH,1,1,0,0,3,1,0,0,35,0,0,0,0,1,4,1,14
,2020-04430,39.72094,-104.98918,7/29/2020 17:25,17:25:00,3,0,0,THIRD AVENUE WEST & ACOMA STREET NORTH,1,1,0,0,1,1,0,0,25,0,0,0,0,0,4,2,3
,2020-04431,39.77273951,-104.79221,7/22/2020 20:16,20:16:00,1,0,1,40TH AVENUE EAST & AIRPORT BOULEVARD NORTH,1,1,0,0,1,1,0,0,40,0,0,0,0,2,4,2,13
,2020-04432,39.76651,-105.02529,7/24/2020 15:16,15:16:00,12,0,0,NORTH FEDERAL BOULEVARD & WEST 36TH AVENUE,1,1,0,0,1,4,0,0,35,0,0,0,0,0,4,2,13
,2020-04433,39.73801,-105.02515,7/22/2020 18:18,18:18:00,1,0,0,FEDERAL BOULEVARD NORTH & 14TH AVENUE WEST,1,1,0,0,1,1,0,0,35,0,0,0,0,1,2,2,13
,2020-04436,39.72559,-105.02514,7/25/2020 15:39,15:39:00,12,0,0,SIXTH AVENUE WEST & FEDERAL BOULEVARD NORTH,1,1,1,0,1,3,0,0,55,0,0,0,0,0,1,2,13
,2020-04437,39.74016,-104.90755,7/25/2020 9:56,9:56:00,5,0,0,COLFAX AVENUE EAST  & ONEIDA STREET NORTH,1,1,0,0,2,3,0,0,35,0,0,0,0,0,2,1,16
,2020-04439,39.65307,-104.88479,7/29/2020 16:15,16:15:00,12,0,0,HAMPDEN AVENUE EAST & YOSEMITE STREET SOUTH,1,1,0,0,1,3,0,0,40,0,0,0,0,0,2,2,3
,2020-04440,39.74346,-104.95917,7/25/2020 8:32,8:32:00,3,0,0,EAST 17TH AVENUE & NORTH JOSEPHINE STREET,1,1,0,0,1,1,0,0,30,0,0,0,0,0,4,2,8
,2020-04443,39.69039,-105.02506,8/1/2020 13:11,13:11:00,12,0,0,FEDERAL BOULEVARD SOUTH  & FLORIDA AVENUE WEST,1,1,0,0,1,4,0,0,40,0,0,0,0,0,2,2,13
,2020-04445,39.75829,-104.94059,8/3/2020 11:15,11:15:00,12,0,1,COLORADO BOULEVARD NORTH & 29TH AVENUE EAST,1,1,0,0,1,4,0,0,40,0,0,0,0,1,2,2,13
,2020-04449,39.77995,-104.94051,7/24/2020 22:42,22:42:00,15,0,0,I70 EASTBOUND & VASQUEZ BOULEVARD,1,4,0,0,1,4,0,0,65,0,0,0,0,0,1,2,13
,2020-04450,39.67099,-105.0194,8/1/2020 8:25,8:25:00,6,0,0,WEST HILLSIDE AVENUE & SOUTH CLAY STREET,1,1,0,0,1,4,0,0,25,0,0,0,0,0,4,2,13
,2020-04451,39.66674,-104.87263,7/24/2020 15:20,15:20:00,6,0,0,SOUTH ELMIRA STREET & EAST YALE AVENUE,1,1,0,0,1,4,0,0,25,0,0,0,0,0,4,2,3
,2020-04452,39.77988,-104.96717,7/25/2020 2:28,2:28:00,5,0,1,I70 EASTBOUND EXIT RAMP  TO & BRIGHTON BOULEVARD NORTH,11,4,0,1,3,4,0,0,,0,0,0,0,1,1,1,5
,2020-04453,39.68754,-104.92232,7/24/2020 15:23,15:23:00,8,0,0,SOUTH HOLLY STREET & EAST IOWA AVENUE,1,1,0,0,1,1,0,0,30,0,0,0,0,0,4,2,13
,2020-04454,39.93606238,-105.0063514,7/24/2020 22:00,22:00:00,5,0,0,PECOS STREET NORTH & 3400,11,3,0,1,1,4,0,0,25,0,0,0,0,0,4,1,3
,2020-04455,39.78327,-105.00643,7/24/2020 18:59,18:59:00,15,0,1,I70 WB & PECOS STREET NORTH,1,1,1,0,1,4,0,0,55,0,0,0,1,2,1,2,3
,2020-04458,39.78272051,-104.8154884,7/25/2020 8:58,8:58:00,6,0,0,EUGENE WAY NORTH  & 50TH AVENUE EAST,1,1,0,0,1,4,0,0,25,0,0,0,0,0,4,2,6
,2020-04460,39.78000253,-104.9891794,7/25/2020 5:50,5:50:00,15,0,0,I25 NORTHBOUND & I70,1,1,0,0,1,4,0,0,55,0,0,0,0,0,1,2,13
,2020-04461,39.65302154,-104.9374294,7/14/2020 12:04,12:04:00,12,0,0,EAST HAMPDEN AVENUE & SOUTH BELLAIRE STREET,1,1,0,0,1,1,0,0,40,0,0,0,0,0,4,2,5
,2020-04462,39.74375,-104.94065,7/24/2020 22:15,22:15:00,1,0,0,COLORADO BOULEVARD NORTH & 17TH AVENUE EAST,1,3,0,0,1,1,0,0,35,0,0,0,0,0,2,2,13
,2020-04463,39.74327,-104.98296,7/27/2020 19:36,19:36:00,12,0,0,300 EAST 17TH AVENUE & NORTH LOGAN STREET,1,2,0,0,1,4,0,0,30,0,0,0,0,0,4,2,5
,2020-04464,39.71941,-104.89627,7/29/2020 18:15,18:15:00,3,0,0,ACADEMY BOULEVARD & 7600,1,1,0,0,1,2,0,0,,0,0,0,0,0,4,2,8
,2020-04465,39.74446153,-105.0000289,8/9/2020 13:50,13:50:00,3,0,1,SPEER BOULEVARD NORTH & ARAPAHOE STREET WEST,1,1,0,0,1,1,0,0,40,0,0,0,0,2,4,2,1
,2020-04466,39.70779,-104.92523,7/25/2020 14:35,14:35:00,12,0,0,5200 LEETSDALE DRIVE & SOUTH FOREST STREET,11,1,0,1,1,4,0,0,35,0,0,0,0,0,4,2,3
,2020-04467,39.65639,-105.05056,7/27/2020 16:58,16:58:00,8,0,1,ZURICH STREET SOUTH & DARTMOUTH AVENUE WEST,1,1,0,0,1,2,0,0,25,0,0,0,0,2,4,2,13
,2020-04468,39.70734,-105.01099,8/9/2020 13:39,13:39:00,5,0,0,TEJON STREET SOUTH  & CUSTER PLACE WEST,1,1,1,0,1,4,0,0,25,0,0,0,0,0,4,1,16
,2020-04469,39.68388,-105.05319,7/26/2020 15:55,15:55:00,12,0,0,SHERIDAN BOULEVARD SOUTH  & MEXICO AVENUE WEST,1,1,1,0,1,3,0,0,45,0,0,0,0,1,2,2,3
,2020-04470,39.78384,-105.00644,7/25/2020 18:23,18:23:00,3,0,0,48TH AVENUE WEST & I70 WB EXIT RAMP,1,1,0,0,1,6,0,0,25,0,0,0,0,0,1,2,16
,2020-04471,39.77412,-104.88279,8/9/2020 6:27,6:27:00,6,0,1,CENTRAL PARK BOULEVARD NORTH & 40TH AVENUE EAST,1,2,1,0,1,4,0,0,30,0,0,0,0,1,4,2,1
,2020-04472,39.73845,-104.99649,8/9/2020 11:25,11:25:00,5,0,0,14TH AVENUE WEST & GALAPAGO STREET NORTH,1,1,0,0,3,3,0,0,30,0,0,0,0,0,4,1,13
,2020-04473,39.74015,-104.91664,8/9/2020 17:20,17:20:00,15,0,1,COLFAX AVENUE EAST  & KEARNEY STREET NORTH,1,1,0,0,1,3,0,0,35,0,0,0,0,1,2,2,7
,2020-04474,39.68945,-105.03669,8/9/2020 13:12,13:12:00,2,0,1,FLORIDA AVENUE WEST & NEWTON STREET SOUTH,1,1,0,0,1,1,0,0,30,1,0,0,0,2,4,2,13
,2020-04475,39.66034,-104.95845,8/9/2020 10:56,10:56:00,3,0,0,EAST DARTMOUTH AVENUE & SOUTH JOSEPHINE STREET,1,1,1,0,1,1,0,0,25,0,0,0,0,0,4,2,13
,2020-04476,39.74395,-105.02996,7/27/2020 19:50,19:50:00,3,0,0,NORTH IRVING STREET & WEST 17TH AVENUE,1,2,0,0,1,1,0,0,30,0,0,0,0,0,4,2,13
,2020-04477,39.68489489,-104.9510043,8/9/2020 12:16,12:16:00,12,0,0,I25 NORTHBOUND & MM 208.80,1,1,0,0,1,4,0,0,55,0,0,0,0,0,1,2,13
,2020-04478,39.67845,-104.93377,7/27/2020 17:50,17:50:00,12,0,0,EVANS AVENUE EAST & I25 NORTHBOUND,1,1,0,0,1,4,0,0,35,0,0,0,0,0,4,2,3
,2020-04479,39.77949412,-104.9269564,7/27/2020 23:16,23:16:00,15,0,1,I70 WB & FOREST STREET NORTH,1,4,0,0,1,4,0,0,55,0,0,0,0,2,1,2,13
,2020-04480,39.72931453,-105.0148294,7/30/2020 7:00,7:00:00,15,0,0,I25 NORTHBOUND & WEST EIGHTH AVENUE,1,1,0,0,1,4,0,0,55,0,0,0,0,0,1,2,1
,2020-04481,39.77893,-104.95414,8/10/2020 15:21,15:21:00,3,0,1,NORTH CLAYTON STREET & EAST 45TH AVENUE,1,1,0,0,1,1,0,0,25,0,0,0,1,2,4,2,1
,2020-04482,39.75325692,-104.9733387,8/9/2020 0:00,0:00:00,6,0,0,DOWNING STREET NORTH & 25TH AVENUE EAST,1,3,0,0,1,4,0,0,25,0,0,0,0,0,4,2,14
,2020-04483,39.77833,-104.97924,7/27/2020 21:54,21:54:00,5,0,0,WASHINGTON STREET NORTH & 45TH AVENUE EAST,1,3,1,0,2,4,0,0,30,0,0,0,0,0,4,1,7
,2020-04484,39.79034,-104.87585,7/25/2020 18:30,18:30:00,15,0,0,NORTH DALLAS STREET & EAST 51ST AVENUE,1,1,0,0,1,4,0,0,35,0,0,0,0,0,4,2,14
,2020-04485,39.74001,-104.96846,7/8/2020 20:32,20:32:00,6,0,0,COLFAX AVENUE EAST & FRANKLIN STREET NORTH,1,1,0,0,1,4,0,0,45,0,0,0,0,0,2,2,14
,2020-04486,39.69295,-104.939,7/25/2020 11:21,11:21:00,14,0,0,4100 EAST LOUISIANA AVENUE & SOUTH COLORADO BOULEVARD,1,1,0,0,1,4,0,1,30,0,0,0,0,0,4,2,1
,2020-04487,39.84842,-104.67307,8/9/2020 15:40,15:40:00,12,0,0,8400 PENA BOULEVARD & 8400,1,1,0,0,1,7,0,0,,0,0,0,0,0,4,2,13
,2020-04488,39.66213,-105.0204,8/9/2020 10:34,10:34:00,6,0,0,CORNELL AVENUE WEST  & BRYANT STREET SOUTH,1,1,0,0,1,4,0,0,25,0,0,0,0,0,4,2,16
,2020-04489,39.62412,-104.88977,7/28/2020 6:30,6:30:00,1,0,0,EAST BELLEVIEW AVENUE & SOUTH DTC BOULEVARD,1,1,0,0,1,1,0,0,30,0,0,0,0,0,4,2,16
,2020-04490,39.73049,-104.94183,7/25/2020 10:20,10:20:00,6,0,0,NINTH AVENUE EAST & COLORADO BOULEVARD NORTH,1,1,0,0,1,3,0,0,25,0,0,0,0,0,4,2,13
,2020-04491,39.76574,-104.95975,5/10/2020 18:39,18:39:00,3,0,0,YORK STREET NORTH & 35TH AVENUE EAST,1,1,0,0,1,1,0,0,30,0,0,0,0,0,4,2,16
,2020-04494,39.78341352,-104.9315884,1/21/2020 17:30,17:30:00,3,0,0,48TH AVENUE EAST & DAHLIA STREET SOUTH,1,1,1,0,1,1,0,0,30,0,0,0,0,0,4,1,16
,2020-04511,39.77583,-104.86574,6/12/2020 21:19,21:19:00,12,0,0,I70 WB & HAVANA STREET NORTH,1,3,1,0,1,4,0,0,65,0,0,0,0,0,1,2,8
,2020-04528,39.77505,-104.8099,8/9/2020 15:21,15:21:00,10,0,0,EAST ANDREWS DRIVE & NORTH CHAMBERS ROAD,1,1,0,0,1,1,0,0,45,0,0,0,0,0,4,2,13
,2020-04538,39.76928,-105.01587,8/8/2020 20:50,20:50:00,3,0,0,WEST 38TH AVENUE & NORTH ZUNI STREET,1,3,0,0,1,1,0,0,35,0,0,0,0,0,4,2,13
,2020-04539,39.7438,-104.88699,7/28/2020 17:18,17:18:00,3,0,0,EAST 17TH AVENUE & NORTH XANTHIA STREET,1,1,0,0,1,1,0,0,25,0,0,0,0,0,4,2,14
,2020-04561,39.73665,-105.04984,8/9/2020 16:18,16:18:00,6,0,0,4900 WEST 13TH AVENUE & 4900 WEST,1,1,0,0,1,4,0,0,25,0,0,0,0,0,4,2,4
,2020-04570,39.7452,-104.99221,7/24/2020 16:49,16:49:00,6,0,0,CALIFORNIA STREET & 16TH STREET,1,1,0,0,1,4,0,0,30,0,0,0,0,0,4,2,1
,2020-04573,39.70898,-104.87538,7/27/2020 14:10,14:10:00,12,0,0,EAST ALAMEDA AVENUE & SOUTH DAYTON STREET,1,1,0,0,1,3,0,0,35,0,0,0,0,0,4,2,3
,2020-04574,39.75464,-104.89072,7/26/2020 7:58,7:58:00,5,0,0,26TH AVENUE EAST & CENTRAL PARK BOULEVARD NORTH,1,3,0,0,4,1,0,0,25,0,0,0,0,0,4,1,5
,2020-04575,39.7039,-105.02039,7/24/2020 21:01,21:01:00,3,0,0,WEST EXPOSITION AVENUE & SOUTH CLAY STREET,11,4,0,7,1,1,0,0,30,0,0,0,0,0,4,2,8
,2020-04576,39.74336,-104.98738,8/8/2020 22:36,22:36:00,10,0,0,17TH STREET & NORTH BROADWAY STREET,1,3,0,0,1,1,0,0,30,0,0,0,0,0,4,2,8
,2020-04581,39.71834,-104.98261,7/27/2020 16:15,16:15:00,3,0,0,EAST FIRST AVENUE & NORTH LOGAN STREET,1,1,0,0,1,1,0,0,25,0,0,0,0,1,4,2,1
,2020-04582,39.7073,-104.92226,7/12/2020 22:13,22:13:00,12,0,0,LEETSDALE DRIVE & SOUTH HOLLY STREET,1,3,0,0,1,4,0,1,35,0,0,0,0,0,4,2,13
,2020-04583,39.75409,-104.98685,7/27/2020 16:05,16:05:00,12,0,0,1000 PARK AVENUE WEST & ARAPAHOE STREET,1,1,0,0,1,4,0,0,30,0,0,0,0,0,4,2,7
,2020-04584,39.72434,-104.9407,7/27/2020 17:00,17:00:00,12,0,0,COLORADO BOULEVARD NORTH & FIFTH AVENUE EAST,1,1,0,0,1,3,0,0,35,0,0,0,0,0,2,2,3
,2020-04585,39.76650253,-105.0252919,8/8/2020 13:56,13:56:00,9,0,1,FEDERAL BOULEVARD NORTH & 36TH AVENUE WEST,1,1,0,0,1,4,0,0,35,0,0,0,1,3,2,1,13
,2020-04587,39.78922,-104.97828,8/8/2020 14:54,14:54:00,3,0,0,51ST AVENUE EAST & WASHINGTON STREET NORTH,1,1,0,0,1,1,0,0,35,0,0,0,0,0,4,2,3
,2020-04590,39.78306252,-104.9006419,8/7/2020 15:35,15:35:00,1,0,0,NORTHFIELD QUEBEC STREET NORTH & 270 HIGHWAY WB ENTRANCE RAMP,1,1,1,0,1,1,0,0,40,0,0,0,0,0,2,2,8
,2020-04591,39.73287,-104.9598,7/27/2020 13:55,13:55:00,10,0,0,1000 NORTH YORK STREET & EAST 11TH AVENUE,1,1,0,0,1,2,0,0,30,0,0,0,0,0,4,2,8
,2020-04592,39.67568,-105.05327,8/8/2020 14:54,14:54:00,3,0,0,SHERIDAN BOULEVARD SOUTH & WARREN AVENUE WEST,1,1,0,0,1,1,0,0,40,0,0,0,0,0,2,2,1
,2020-04593,39.78379,-104.98581,8/7/2020 14:25,14:25:00,6,0,0,NORTH LINCOLN STREET & EAST 48TH AVENUE,1,1,0,0,1,4,0,0,25,0,0,0,0,1,4,2,1
,2020-04594,39.72565,-104.98604,8/6/2020 23:07,23:07:00,3,0,0,EAST SIXTH AVENUE & EAST SPEER BOULEVARD,1,3,0,0,1,1,0,0,30,0,0,0,0,0,4,2,1
,2020-04595,39.768,-104.90256,7/30/2020 12:30,12:30:00,15,0,0,3600 NORTH QUEBEC STREET & EAST 36TH AVENUE,1,1,0,0,1,4,0,0,45,0,0,0,0,0,4,2,16
,2020-04596,39.76912,-104.9953,8/6/2020 8:15,8:15:00,1,0,0,38TH AVENUE WEST & FOX STREET NORTH,1,1,0,0,1,1,0,0,35,0,0,0,0,0,4,2,7
,2020-04597,39.72565,-104.98626,7/30/2020 23:40,23:40:00,3,0,0,SIXTH AVENUE EAST & LINCOLN STREET NORTH,1,3,0,0,1,1,0,0,30,0,0,0,0,1,4,2,3
,2020-04598,39.67275,-104.87531,8/9/2020 0:07,0:07:00,11,0,1,DAYTON STREET & 2400,1,2,1,0,1,4,0,0,,0,1,0,0,0,4,1,13
,2020-04599,39.73537,-104.97955,7/30/2020 22:30,22:30:00,6,0,0,PEARL STREET NORTH  & 13TH AVENUE EAST,1,3,0,0,1,2,0,0,25,0,0,0,0,0,4,2,16