id,drcog_id,latitude,longitude,crashtime,time,crashtype,numbkilled,numbinjurd,drcoglocat,rdconditin,lightngcon,roadcntgrd,weatherco,location,roaddescrp,schoolzone,constrzone,splimit,bikeinv,pedinv,sctrinv,motoinv,svrty,rdsystem,ttlvehcls,hcf
,2020-04600,39.74384,-105.02681,8/7/2020 21:07,21:07:00,6,0,0,GROVE STREET NORTH  & 17TH AVENUE WEST,1,4,1,0,1,4,0,0,,0,0,0,0,0,4,2,16
,2020-04601,39.77797,-104.76731,8/8/2020 23:12,23:12:00,10,0,1,EAST 45TH AVENUE & NORTH BISCAY STREET,1,3,0,0,1,1,0,0,25,0,0,0,0,2,4,2,5
,2020-04603,39.74631,-104.96476,8/8/2020 10:34,10:34:00,6,0,1,2000 NORTH HIGH STREET & EAST 21ST AVENUE,1,1,0,0,1,4,0,0,30,0,0,0,0,3,4,2,3
,2020-04604,39.77562,-104.86574,8/7/2020 23:20,23:20:00,12,0,0,I70 EASTBOUND & HAVANA STREET NORTH,1,3,0,0,1,4,0,0,65,0,0,0,0,0,1,2,13
,2020-04605,39.72627254,-105.0528094,7/25/2020 0:33,0:33:00,3,0,0,SHERIDAN BOULEVARD NORTH & SIXTH AVENUE WB ENTRANCE / EXIT RAMPS,1,3,0,0,1,1,0,0,35,0,0,0,0,0,2,2,16
,2020-04607,39.73662,-105.04047,8/9/2020 0:15,0:15:00,6,0,0,NORTH QUITMAN STREET & WEST 13TH AVENUE,1,3,1,0,1,4,0,0,25,0,0,0,0,0,4,2,3
,2020-04627,39.68952554,-105.0156799,8/8/2020 20:19,20:19:00,12,0,0,FLORIDA AVENUE 2400 WEST & SOUTH ZUNI STREET,1,3,0,0,1,1,0,0,30,0,0,0,0,0,4,2,13
,2020-04628,39.78012,-104.95297,8/4/2020 19:06,19:06:00,12,0,0,I70 WB & VASQUEZ BOULEVARD NORTH,1,1,0,0,1,4,0,1,65,0,0,0,0,0,1,2,13
,2020-04639,39.7401,-104.99702,8/8/2020 17:54,17:54:00,3,0,2,WELTON STREET & COLFAX AVENUE WEST,1,1,0,0,1,1,0,0,30,0,0,0,0,2,2,2,14
,2020-04648,39.67927,-104.91267,8/4/2020 13:57,13:57:00,15,0,0,2000 SOUTH MONACO STREET & EAST EVANS AVENUE,1,1,0,0,1,4,0,0,35,0,0,0,0,0,4,2,14
,2020-04678,39.70138,-104.98745,7/31/2020 14:58,14:58:00,15,0,1,I25 NORTHBOUND & BROADWAY STREET SOUTH,1,1,0,0,1,8,0,0,65,0,0,0,1,3,1,3,1
,2020-04681,39.74013253,-104.9904394,8/19/2020 22:00,22:00:00,3,0,0,14TH STREET & COLFAX AVENUE WEST,1,3,0,0,1,1,0,0,,0,0,0,0,0,4,2,16
,2020-04701,39.74042054,-105.0531919,8/21/2020 16:13,16:13:00,12,0,0,COLFAX AVENUE WEST & SHERIDAN BOULEVARD,1,1,0,0,1,1,0,0,35,0,0,0,0,0,2,2,16
,2020-04775,39.69656,-104.86596,8/3/2020 10:38,10:38:00,3,0,0,MISSISSIPPI AVENUE EAST & HAVANA STREET SOUTH,1,1,0,0,1,1,0,0,35,0,0,0,0,1,2,3,13
,2020-04776,39.68589,-105.02388,8/3/2020 4:20,4:20:00,6,0,0,2800 WEST MEXICO AVENUE & SOUTH DECATUR STREET,1,3,0,0,1,4,0,0,25,0,0,0,0,1,4,3,2
,2020-04777,39.76443,-105.00213,7/23/2020 22:20,22:20:00,6,0,0,KALAMATH STREET NORTH & 34TH AVENUE WEST,1,3,0,0,1,4,0,0,,0,0,0,0,0,4,3,1
,2020-04779,39.76442,-105.02517,8/3/2020 16:42,16:42:00,12,0,0,NORTH FEDERAL BOULEVARD & WEST 34TH AVENUE,1,1,0,0,1,4,0,0,35,0,0,0,0,0,4,3,13
,2020-04781,39.7434,-104.93015,8/6/2020 20:13,20:13:00,15,0,0,17TH AVENUE EAST & ELM STREET NORTH,1,1,0,0,1,1,0,0,30,0,0,0,0,0,4,3,13
,2020-04782,39.74948,-104.97336,7/31/2020 14:56,14:56:00,12,0,0,NORTH DOWNING STREET & EAST 22ND AVENUE,1,1,0,0,1,3,0,0,35,0,0,0,0,0,4,3,16
,2020-04783,39.79169,-104.82123,8/1/2020 11:48,11:48:00,6,0,0,CRYSTAL STREET NORTH  & 52ND AVENUE EAST,1,1,0,0,1,4,0,0,25,0,0,0,0,0,4,3,14
,2020-04784,39.73443,-104.97299,7/30/2020 21:04,21:04:00,6,0,0,1100 NORTH DOWNING STREET & EAST 12TH AVENUE,1,3,0,0,1,3,0,0,25,0,0,0,0,0,4,5,5
,2020-04785,39.78451,-104.83894,7/2/2020 2:03,2:03:00,6,0,0,12900 EAST ELGIN DRIVE & NORTH TITAN COURT,1,3,0,0,1,4,0,0,25,0,0,0,0,0,4,3,14
,2020-04786,39.72932,-105.01483,7/31/2020 18:15,18:15:00,12,0,0,I25 & WEST EIGHTH AVENUE,1,1,0,0,1,4,0,0,65,0,0,0,0,0,1,3,1
,2020-04787,39.76306,-105.03578,7/22/2020 13:36,13:36:00,12,0,0,MEADE STREET NORTH  & 32ND AVENUE WEST,1,1,0,0,1,4,0,0,25,0,0,0,0,1,4,3,13
,2020-04789,39.72568,-105.01322,8/2/2020 12:52,12:52:00,12,0,0,I25 NORTHBOUND & WEST SIXTH AVENUE,1,1,0,0,1,4,0,0,65,0,0,0,0,0,1,3,13
,2020-04790,39.63324,-104.90632,8/3/2020 15:52,15:52:00,12,0,0,I225 SOUTHBOUND & I25 NORTHBOUND / SOUTHBOUND RAMP SPLIT,1,1,0,0,1,4,0,0,55,0,0,0,0,1,1,3,13
,2020-04791,39.75132,-105.01653,7/30/2020 7:02,7:02:00,12,0,3,I25 NORTHBOUND & 23RD AVENUE WEST,1,1,0,0,1,4,0,0,65,0,0,0,0,1,1,4,13
,2020-04792,39.67475,-104.87244,7/30/2020 17:15,17:15:00,12,0,0,9800 EAST ILIFF AVENUE & 9800 EAST,1,1,0,0,1,3,0,0,35,0,0,0,0,0,4,3,3
,2020-04793,39.69663,-104.98743,7/30/2020 10:19,10:19:00,12,0,0,SOUTH BROADWAY STREET & WEST MISSISSIPPI AVENUE,1,1,0,0,1,3,0,0,35,0,0,0,0,0,4,3,1
,2020-04795,39.73602,-104.98107,8/2/2020 21:20,21:20:00,6,0,0,PENNSYLVANIA STREET NORTH & 12TH AVENUE EAST,1,3,0,0,1,4,0,0,25,0,0,0,0,0,4,3,3
,2020-04797,39.72571,-105.00015,7/29/2020 20:21,20:21:00,12,0,0,WEST SIXTH AVENUE & NORTH KALAMATH STREET,1,3,0,0,1,4,0,0,40,0,0,0,0,0,4,3,13
,2020-04799,39.7029,-104.91284,6/3/2020 11:01,11:01:00,12,0,0,SOUTH MONACO STREET & LEETSDALE DRIVE,1,1,1,0,1,3,0,0,35,0,0,0,0,0,4,3,13
,2020-04800,39.74481,-104.96224,7/29/2020 11:54,11:54:00,10,0,0,18TH AVENUE EAST & VINE STREET NORTH,1,1,0,0,1,1,0,0,,0,0,0,0,0,4,3,7
,2020-04801,39.77995,-104.94051,8/3/2020 12:52,12:52:00,12,0,0,I70 EASTBOUND EXIT RAMP SPLIT  TO & COLORADO BOULEVARD NORTH [NB],1,1,0,0,1,8,0,0,65,0,0,0,0,0,1,3,3
,2020-04802,39.70563,-105.0371,7/5/2020 17:47,17:47:00,6,0,0,SOUTH NEWTON STREET & WEST CENTER AVENUE,1,1,0,0,1,4,0,0,25,0,0,0,0,0,4,3,13
,2020-04803,39.66265,-105.0351,7/29/2020 23:13,23:13:00,6,0,1,2900 SOUTH LOWELL BOULEVARD & WEST DARTMOUTH AVENUE,1,3,1,0,1,4,0,0,25,0,0,0,0,2,4,3,5
,2020-04804,39.69783,-104.90161,8/2/2020 14:38,14:38:00,12,0,0,PARKER ROAD SOUTH  & QUEBEC STREET SOUTH,1,1,0,0,1,4,0,0,35,0,0,0,0,0,2,3,13
,2020-04805,39.75829,-104.94059,7/30/2020 23:12,23:12:00,3,0,0,29TH AVENUE EAST & COLORADO BOULEVARD NORTH,1,3,0,0,1,1,0,0,30,0,0,0,0,0,4,3,13
,2020-04806,39.77988,-104.96717,8/3/2020 7:27,7:27:00,15,0,0,I70 EASTBOUND & BRIGHTON BOULEVARD NORTH,1,1,0,0,1,4,0,0,65,0,0,0,0,0,1,3,13
,2020-04808,39.71121,-104.9989,8/1/2020 11:50,11:50:00,12,0,0,I25 NORTHBOUND & ALAMEDA AVENUE WEST,1,1,0,0,1,4,0,0,65,0,0,0,0,0,1,4,3
,2020-04809,39.70918,-105.01775,7/29/2020 21:15,21:15:00,6,0,0,BRYANT STREET NORTH & DAKOTA AVENUE WEST,1,3,0,0,1,4,0,0,25,0,0,0,0,0,4,4,5
,2020-04811,39.77657,-105.05324,8/1/2020 14:15,14:15:00,12,0,1,SHERIDAN BOULEVARD NORTH & 44TH AVENUE WEST,1,1,0,0,1,1,0,0,35,0,0,0,0,1,2,4,13
,2020-04812,39.77583,-104.86574,8/2/2020 14:37,14:37:00,12,0,2,I70 WB & HAVANA STREET NORTH,1,1,0,0,1,4,0,0,65,0,0,0,0,2,1,3,13
,2020-04818,39.78406153,-104.9893594,8/19/2020 19:57,19:57:00,12,0,0,I25 & EAST 48TH AVENUE,1,3,0,0,1,4,0,0,55,0,0,0,0,0,1,2,13
,2020-04946,39.74744,-104.90345,8/10/2020 15:02,15:02:00,1,0,0,EAST MONTVIEW BOULEVARD & NORTH QUEBEC STREET,1,1,1,0,1,1,0,0,30,0,0,0,0,1,4,2,1
,2020-04947,39.62378,-104.90141,8/5/2020 8:46,8:46:00,12,0,0,I25 & BELLEVIEW AVENUE EAST,1,1,0,0,1,4,0,0,60,0,0,0,0,0,1,4,13
,2020-04948,39.74257,-104.93666,8/5/2020 0:36,0:36:00,6,0,0,BATAVIA PLACE EAST  & CLERMONT STREET NORTH,1,3,0,0,2,4,0,0,25,0,0,0,0,0,4,2,5
,2020-04950,39.77319,-104.80988,8/6/2020 11:56,11:56:00,12,0,0,NORTH CHAMBERS ROAD & EAST 40TH AVENUE,1,1,0,0,1,1,0,0,40,0,0,0,0,0,4,3,13
,2020-04951,39.67865,-105.01103,8/6/2020 11:00,11:00:00,12,0,0,WEST EVANS AVENUE & SOUTH TEJON STREET,1,1,0,0,1,4,0,0,30,0,0,0,0,0,4,3,3
,2020-04953,39.75166,-104.98729,8/5/2020 15:28,15:28:00,12,0,0,2100 CHAMPA STREET & 22ND STREET,1,1,0,0,1,4,0,0,30,0,0,0,0,0,4,3,1
,2020-04954,39.72892,-104.99953,8/6/2020 16:54,16:54:00,3,0,0,900 WEST EIGHTH AVENUE & NORTH KALAMATH STREET,1,1,0,0,1,5,0,0,25,0,0,0,0,0,4,3,7
,2020-04955,39.7438,-104.88817,8/5/2020 20:16,20:16:00,3,0,0,EAST 17TH AVENUE & NORTH WILLOW STREET,1,3,0,0,1,1,0,0,35,0,0,0,0,0,4,3,8
,2020-04957,39.68758,-104.99206,8/4/2020 10:04,10:04:00,12,0,0,SANTA FE DRIVE SOUTH & IOWA AVENUE WEST,1,1,0,0,1,3,0,0,35,0,0,0,0,1,2,3,1
,2020-04958,39.74397553,-105.0532279,8/5/2020 16:45,16:45:00,12,0,0,SHERIDAN BOULEVARD NORTH & 17TH AVENUE WEST,1,1,0,0,1,4,0,0,35,0,0,0,0,1,2,3,13
,2020-04959,39.78027,-104.98956,8/6/2020 14:48,14:48:00,12,0,0,I70 WB & I25 SOUTHBOUND EXIT RAMP TO,1,1,0,0,1,8,0,0,65,0,0,0,0,0,1,2,13
,2020-04962,39.69113,-104.94065,8/4/2020 15:27,15:27:00,12,0,0,SOUTH COLORADO BOULEVARD & EAST ARKANSAS AVENUE,1,1,0,0,1,1,0,0,45,0,0,0,0,0,4,3,16
,2020-04963,39.76188,-104.94058,7/4/2020 23:45,23:45:00,12,0,0,EAST MLK BOULEVARD & NORTH COLORADO BOULEVARD,1,3,0,0,1,1,0,0,35,0,0,0,0,0,4,3,5
,2020-04966,39.77656,-105.01352,7/24/2020 13:13,13:13:00,3,0,2,VALLEJO STREET NORTH & 44TH AVENUE WEST,1,1,0,0,1,1,0,0,25,0,0,0,0,2,4,3,13
,2020-04967,39.7837,-104.77212,8/10/2020 7:30,7:30:00,3,0,0,NORTH TOWER ROAD & EAST GREEN VALLEY RANCH BOULEVARD,1,1,0,0,1,1,0,0,40,0,0,0,0,0,4,2,7
,2020-04968,39.72548053,-105.0130699,7/22/2020 15:47,15:47:00,12,0,2,I25 SOUTHBOUND & SIXTH AVENUE WEST,1,1,0,0,1,4,0,0,65,0,0,0,0,1,1,3,1
,2020-04969,39.68294,-104.94055,7/23/2020 17:04,17:04:00,12,0,0,I25 SOUTHBOUND & COLORADO BOULEVARD SOUTH,1,1,0,0,1,4,0,0,65,0,0,0,0,0,1,3,3
,2020-04970,39.70040654,-105.0226819,8/6/2020 22:37,22:37:00,6,0,0,800 SOUTH DECATUR STREET & WEST KENTUCKY AVENUE,1,4,0,0,1,4,0,0,25,0,0,0,0,0,4,4,3
,2020-04971,39.77025134,-104.9719701,8/10/2020 7:57,7:57:00,12,0,0,38TH STREET & WALNUT STREET,1,1,1,0,1,4,0,0,30,0,0,0,0,0,4,2,13
,2020-04972,39.7241,-105.05325,8/4/2020 14:28,14:28:00,12,0,0,SHERIDAN BOULEVARD NORTH & FIFTH AVENUE WEST,1,1,0,0,1,4,0,0,40,0,0,0,0,1,2,3,3
,2020-04973,39.75278,-104.98741,7/22/2020 22:19,22:19:00,15,0,0,22ND STREET & BROADWAY STREET NORTH,1,3,0,0,1,1,0,0,30,0,0,0,0,0,4,2,13
,2020-04975,39.74824,-104.98647,7/23/2020 22:44,22:44:00,3,0,0,20TH STREET & WELTON STREET,1,3,0,0,1,1,0,0,30,0,0,0,0,1,4,3,8
,2020-04976,39.72562,-104.92723,7/24/2020 11:22,11:22:00,12,0,0,5100 EAST SIXTH AVENUE & NORTH FAIRFAX STREET,1,1,0,0,1,4,0,0,35,0,0,0,0,0,4,4,4
,2020-04977,39.70019,-104.94068,7/22/2020 15:40,15:40:00,12,0,1,COLORADO BOULEVARD SOUTH & KENTUCKEY AVENUE EAST,1,1,0,0,1,3,0,0,35,0,0,0,0,1,2,3,3
,2020-04978,39.78307152,-104.9009119,7/24/2020 14:55,14:55:00,12,0,0,NORTHFIELD QUEBEC STREET NORTH & I270 NB/WB ON RAMP AT METER,11,1,0,0,1,8,0,0,40,0,0,0,0,0,1,3,13
,2020-04979,39.72506654,-105.0324919,8/4/2020 8:05,8:05:00,12,0,1,SIXTH AVENUE WEST EASTBOUND & KNOX COURT NORTH,1,1,2,0,1,4,0,0,55,0,0,0,0,1,2,4,13
,2020-04980,39.71119,-104.99714,7/23/2020 12:22,12:22:00,3,0,0,WEST ALAMEDA AVENUE & SOUTH SANTA FE DRIVE,1,1,0,0,1,1,0,0,30,0,0,0,0,0,4,3,13
,2020-04981,39.8344075,-104.7154895,7/24/2020 15:00,15:00:00,5,0,0,PENA BOULEVARD  & GUN CLUB ROAD,11,1,0,1,2,4,0,0,,0,0,0,0,0,4,1,7
,2020-04982,39.72456,-105.04053,7/24/2020 23:43,23:43:00,15,0,0,4000 WEST FIFTH AVENUE & NORTH OSCEOLA STREET,1,3,0,0,1,4,0,0,25,0,0,0,0,0,4,3,3
,2020-04983,39.67472053,-104.8783309,7/24/2020 17:50,17:50:00,15,0,0,DAYTON STREET SOUTH & ILIFF AVENUE EAST,1,1,0,0,1,3,0,0,35,0,0,0,0,0,4,2,3
,2020-04984,39.65309,-104.92046,8/10/2020 11:38,11:38:00,12,0,0,HAMPDEN AVENUE EAST & IVY WAY SOUTH,1,1,1,0,1,3,0,0,40,0,0,0,0,0,2,2,14
,2020-04985,39.75447,-104.95976,7/24/2020 18:08,18:08:00,3,0,0,EAST 26TH AVENUE & NORTH YORK STREET,1,1,0,0,1,1,0,0,35,0,0,0,0,0,4,2,13
,2020-04986,39.76929,-105.02524,7/25/2020 16:55,16:55:00,10,0,0,FEDERAL BOULEVARD NORTH & 38TH AVENUE WEST,11,1,0,1,1,1,0,0,35,0,0,0,0,0,2,3,13
,2020-04987,39.74034,-105.04166,8/10/2020 6:46,6:46:00,12,0,0,COLFAX AVENUE WEST & RALEIGH STREET NORTH,1,1,0,0,1,1,0,0,30,0,0,0,0,0,2,2,2
,2020-04988,39.69306,-105.01411,7/6/2020 0:28,0:28:00,11,0,1,LOUISIANA AVENUE WEST  & VALLEJO STREET SOUTH,1,3,0,0,1,4,0,0,25,0,1,0,0,1,4,2,1
,2020-04989,39.69658,-104.95932,8/10/2020 8:54,8:54:00,15,0,0,EAST MISSISSIPPI AVENUE & SOUTH UNIVERSITY BOULEVARD,1,1,0,0,1,3,0,0,30,0,0,0,0,1,4,2,16
,2020-04990,39.63428,-104.9071,7/24/2020 7:31,7:31:00,15,0,2,I25 SOUTHBOUND & I225 NORTHBOUND EXIT GORE POINT,1,1,0,0,1,4,0,0,65,0,0,0,0,1,1,4,16
,2020-04991,39.67847,-104.92869,7/24/2020 11:08,11:08:00,12,0,0,4900 EAST EVANS AVENUE & SOUTH DAHLIA STREET,1,1,0,0,1,4,0,0,35,0,0,0,0,0,4,3,13
,2020-04992,39.74013,-104.94066,8/10/2020 9:53,9:53:00,12,0,0,COLFAX AVENUE EAST & COLORADO BOULEVARD NORTH,1,1,0,0,1,3,0,0,30,0,0,0,0,0,2,2,14
,2020-04993,39.75537,-105.01269,8/10/2020 13:06,13:06:00,12,0,0,I25 SOUTHBOUND & SPEER BOULEVARD NORTH,1,1,0,0,1,4,0,0,55,0,0,0,0,0,1,2,7
,2020-04995,39.72412,-104.94375,8/8/2020 11:55,11:55:00,6,0,0,3600 EAST FIFTH AVENUE & NORTH MONROE STREET,1,1,0,0,1,4,0,0,25,0,0,0,0,0,4,2,16
,2020-04996,39.65312,-104.90303,8/4/2020 21:30,21:30:00,12,0,0,7200 EAST HAMPDEN AVENUE & SOUTH POPLAR STREET,1,3,0,0,1,4,0,0,40,0,0,0,0,0,4,2,13
,2020-04997,39.79831,-104.8096,7/24/2020 12:55,12:55:00,12,0,0,EAST 56TH AVENUE & NORTH CHAMBERS ROAD,1,1,0,0,1,3,0,0,40,0,0,0,0,0,4,3,5
,2020-04998,39.72908,-104.97408,8/8/2020 11:53,11:53:00,3,0,0,EAST EIGHTH AVENUE & NORTH CORONA STREET,1,1,0,0,1,1,0,0,35,0,0,0,0,0,4,2,13
,2020-05002,39.70185,-105.03243,8/10/2020 9:38,9:38:00,6,0,0,KNOX COURT SOUTH  & KENTUCKY AVENUE WEST,1,1,0,0,1,4,0,0,25,0,0,0,0,0,4,2,16
,2020-05003,39.65309,-104.89408,8/10/2020 12:45,12:45:00,3,0,0,HAMPDEN AVENUE EAST & ULSTER STREET SOUTH,1,1,1,0,1,1,0,0,45,0,0,0,0,0,2,2,8
,2020-05005,39.72906,-104.97759,7/28/2020 7:14,7:14:00,3,0,0,EAST EIGHTH AVENUE & NORTH CLARKSON STREET,1,1,0,0,1,1,0,0,30,0,0,0,0,0,4,3,13
,2020-05006,39.78012,-104.95297,8/4/2020 19:00,19:00:00,12,0,0,I70 WB & VASQUEZ BOULEVARD NORTH,1,1,0,0,1,4,0,0,55,0,0,0,0,0,1,2,13
,2020-05007,39.70061,-104.90942,8/9/2020 17:20,17:20:00,15,0,0,LEETSDALE DRIVE  & ONEIDA STREET SOUTH,1,1,0,0,1,2,0,0,35,0,0,0,0,0,2,2,7
,2020-05009,39.62388,-104.89933,8/8/2020 9:52,9:52:00,10,0,0,SOUTH SYRACUSE STREET & EAST BELLEVIEW AVENUE,1,1,0,0,1,1,0,0,35,0,0,0,0,1,4,2,8
,2020-05010,39.75132,-105.01653,8/10/2020 13:18,13:18:00,5,0,0,I25 & WEST 23RD AVENUE,1,1,0,0,1,4,0,0,55,0,0,0,0,0,1,1,14
,2020-05011,39.72929,-104.90347,8/6/2020 23:48,23:48:00,6,0,0,NORTH QUEBEC STREET & EAST EIGHTH AVENUE,1,3,0,0,1,4,0,0,25,0,0,0,0,0,4,4,5
,2020-05012,39.7531,-104.98794,8/8/2020 13:30,13:30:00,12,0,0,1000 22ND STREET & ARAPAHOE STREET,1,1,0,0,1,4,0,0,25,0,0,0,0,0,4,2,13
,2020-05013,39.77856252,-104.9034184,8/6/2020 23:18,23:18:00,12,0,2,I70 EASTBOUND & NORTHFIELD QUEBEC STREET NORTH,1,3,0,0,1,4,0,1,65,0,0,0,0,3,1,3,5
,2020-05014,39.74034,-105.03698,7/25/2020 9:55,9:55:00,10,0,1,COLFAX AVENUE WEST & NEWTON STREET NORTH,1,1,0,0,1,1,0,0,30,0,0,0,0,2,2,2,7
,2020-05015,39.76214,-105.03461,8/8/2020 13:47,13:47:00,2,0,1,32ND AVENUE WEST & LOWELL BOULEVARD NORTH,1,1,0,0,1,1,0,0,25,1,0,0,0,2,4,2,13
,2020-05018,39.73046,-104.98956,8/8/2020 10:51,10:51:00,3,0,0,NINTH AVENUE WEST  & ACOMA STREET NORTH,1,1,0,0,1,2,0,0,25,0,0,0,0,0,4,2,13
,2020-05019,39.63657344,-104.8906106,7/21/2020 17:44,17:44:00,12,0,1,I25 & I225 NORTHBOUND EXIT GORE POINT,1,1,0,0,1,4,0,0,65,0,0,0,0,1,1,4,3
,2020-05020,39.74012,-104.9588,8/9/2020 17:45,17:45:00,2,0,1,COLFAX AVENUE EAST & JOSEPHINE STREET NORTH,1,1,0,0,1,2,0,0,30,1,0,0,0,2,2,2,13
,2020-05024,39.75513553,-105.0127189,8/8/2020 12:06,12:06:00,15,0,0,I25 NORTHBOUND & SPEER BOULEVARD SOUTH,1,1,0,0,1,4,0,0,65,0,0,0,0,0,1,2,2
,2020-05025,39.71338,-105.03729,8/9/2020 19:03,19:03:00,3,0,3,SOUTH NEWTON STREET & WEST CEDAR AVENUE,1,1,0,0,1,1,0,0,25,0,0,0,0,2,4,2,7
,2020-05026,39.73293,-105.02867,8/9/2020 14:31,14:31:00,3,0,0,NORTH HOOKER STREET & WEST 10TH AVENUE,1,1,0,0,1,1,0,0,30,0,0,0,0,0,4,2,3
,2020-05027,39.77799,-104.90821,8/7/2020 19:21,19:21:00,5,0,0,STAPLETON DRIVE EAST & ONEIDA STREET NORTH,1,1,0,0,3,3,0,1,,0,0,0,0,0,4,1,16
,2020-05030,39.74,-104.96477,8/9/2020 14:35,14:35:00,12,0,0,COLFAX AVENUE EAST & HIGH STREET NORTH,1,1,0,0,1,3,0,0,30,0,0,0,0,0,2,2,13
,2020-05031,39.72412,-104.99755,8/7/2020 19:22,19:22:00,3,0,1,WEST FIFTH AVENUE & NORTH INCA STREET,1,1,0,0,1,1,0,0,25,0,0,0,0,2,4,2,13
,2020-05033,39.67875,-104.96327,8/7/2020 20:10,20:10:00,5,0,0,EVANS AVENUE EAST & 200,1,2,0,0,3,4,0,0,45,0,0,0,0,0,4,1,5
,2020-05035,39.67846,-104.9252,8/8/2020 15:44,15:44:00,3,0,0,EVANS AVENUE EAST & GRAPE STREET SOUTH,1,1,0,0,1,1,0,0,30,0,0,0,0,0,4,2,3
,2020-05036,39.78360251,-104.791382,8/7/2020 18:22,18:22:00,12,0,0,NORTH PENA BOULEVARD & EAST GREEN VALLEY RANCH BOULEVARD,1,1,1,0,1,3,0,0,40,0,0,0,0,0,4,2,13
,2020-05038,39.74192,-105.05094,8/8/2020 16:13,16:13:00,3,0,0,16TH AVENUE WEST  & YATES STREET,1,1,0,0,1,5,0,0,20,0,0,0,0,0,4,2,4
,2020-05039,39.76711,-104.95698,8/8/2020 2:18,2:18:00,6,0,0,36TH AVENUE EAST  & COLUMBINE,1,3,0,0,1,4,0,0,,0,0,0,0,0,4,2,13
,2020-05042,39.74406,-105.00061,8/7/2020 17:43,17:43:00,12,0,0,NORTH SPEER BOULEVARD & ARAPAHOE STREET,1,1,0,0,1,3,0,0,30,0,0,0,0,0,4,2,8
,2020-05043,39.72932,-105.01505,8/8/2020 7:37,7:37:00,5,0,0,I25 & EIGHTH AVENUE EXIT GORE POINT,1,1,0,0,3,8,0,0,65,0,0,0,0,0,1,1,16
,2020-05044,39.7368,-104.95281,8/9/2020 14:45,14:45:00,10,0,0,EAST 13TH AVENUE & NORTH FILLMORE STREET,1,1,0,0,1,1,0,0,25,0,0,0,0,0,4,2,7
,2020-05046,39.69783,-104.90161,8/7/2020 8:48,8:48:00,12,0,0,PARKER ROAD SOUTH  & QUEBEC STREET SOUTH,1,1,0,0,1,4,0,0,35,0,0,0,0,0,2,3,13
,2020-05085,39.76868,-105.01438,5/31/2020 9:52,9:52:00,6,0,0,3700 NORTH WYANDOT STREET & WEST 38TH AVENUE,1,1,0,0,1,4,0,0,25,0,0,0,0,0,4,3,1
,2020-05121,39.67866,-105.01277,7/21/2020 18:17,18:17:00,12,0,0,2100 WEST EVANS AVENUE & SOUTH PLATTE RIVER DRIVE,1,1,0,0,1,4,0,0,35,0,0,0,0,1,4,3,3
,2020-05123,39.77401,-104.84703,7/22/2020 6:50,6:50:00,12,0,0,I70 EASTBOUND EXIT RAMP  TO & PEORIA STREET NORTH,1,1,0,0,1,8,0,0,45,0,0,0,0,0,1,3,13
,2020-05126,39.71113,-104.98216,8/7/2020 19:33,19:33:00,12,0,0,400 EAST ALAMEDA AVENUE & SOUTH LOGAN STREET,1,1,0,0,1,1,0,0,35,0,0,0,0,0,4,2,13
,2020-05134,39.67849,-104.96875,7/22/2020 12:04,12:04:00,12,0,0,EAST EVANS AVENUE & SOUTH FRANKLIN STREET,1,1,0,0,1,3,0,0,30,0,0,0,0,0,4,3,13
,2020-05137,39.74375,-104.94065,7/25/2020 17:55,17:55:00,5,0,0,17TH AVENUE EAST & COLORADO BOULEVARD NORTH,1,1,0,0,3,3,0,0,35,0,0,0,0,0,2,1,5
,2020-05138,39.68946,-105.02971,7/21/2020 20:02,20:02:00,3,0,0,FLORIDA AVENUE WEST & IRVING STREET SOUTH,1,3,0,0,1,2,0,0,,0,0,0,0,1,4,3,14
,2020-05140,39.75602,-105.0192,7/24/2020 16:23,16:23:00,6,0,0,NORTH BRYANT STREET & WEST 27TH AVENUE,1,1,1,0,1,4,0,0,25,0,0,0,0,0,4,3,5
,2020-05145,39.71121,-104.9989,7/21/2020 19:10,19:10:00,12,0,0,I25 NORTHBOUND & EXIT 207B GORE POINT,1,1,0,0,1,8,0,0,65,0,0,0,0,0,1,3,3
,2020-05148,39.74044,-105.01416,7/21/2020 17:15,17:15:00,12,0,0,I25 & COLFAX AVENUE WEST,1,1,0,0,1,4,0,0,65,0,0,0,0,0,1,3,1
,2020-05157,39.74155,-105.03932,7/18/2020 8:45,8:45:00,6,0,0,WEST COLFAX AVENUE & PERRY STREET 1500 NORTH,1,1,0,0,1,3,0,0,25,0,0,0,0,0,4,3,16
,2020-05159,39.77856252,-104.9034184,7/22/2020 7:16,7:16:00,12,0,0,I70 WB & QUEBEC STREET NORTH,1,1,0,0,1,4,0,0,65,0,0,0,0,0,1,4,13
,2020-05160,39.70604953,-104.9408584,7/12/2020 17:15,17:15:00,12,0,0,COLORADO BOULEVARD SOUTH & CHERRY CREEK SOUTH DRIVE,1,1,1,0,1,1,0,0,35,0,0,0,0,0,2,2,2
,2020-05161,39.7983,-104.77212,7/29/2020 11:20,11:20:00,12,0,0,EAST 56TH AVENUE & NORTH TOWER ROAD,1,1,0,0,1,3,0,0,30,0,0,0,0,1,4,3,13
,2020-05163,39.74032153,-105.0139519,7/29/2020 12:12,12:12:00,3,0,1,I25 SOUTHBOUND OFF RAMP & COLFAX AVENUE WEST,1,2,1,0,1,1,0,0,35,0,0,0,0,1,2,2,13