id,drcog_id,latitude,longitude,crashtime,time,crashtype,numbkilled,numbinjurd,drcoglocat,rdconditin,lightngcon,roadcntgrd,weatherco,location,roaddescrp,schoolzone,constrzone,splimit,bikeinv,pedinv,sctrinv,motoinv,svrty,rdsystem,ttlvehcls,hcf
,2020-05164,39.76562052,-104.9404894,7/29/2020 15:38,15:38:00,12,0,0,COLORADO BOULEVARD NORTH & 35TH AVENUE WEST,1,1,0,0,1,4,0,0,35,0,0,0,0,0,2,3,13
,2020-05165,39.72548053,-105.0130699,7/29/2020 15:27,15:27:00,12,0,0,I25 NORTHBOUND & SIXTH AVENUE,1,1,0,0,1,4,0,0,55,0,0,0,0,0,1,4,3
,2020-05166,39.71156,-104.94071,7/12/2020 19:21,19:21:00,12,0,0,EAST ALAMEDA AVENUE & SOUTH COLORADO BOULEVARD,1,1,0,0,1,4,0,0,30,0,0,0,0,0,4,3,5
,2020-05167,39.68473,-104.95945,7/28/2020 17:24,17:24:00,12,0,0,I25 SOUTHBOUND & SOUTH UNIVERSITY BOULEVARD,1,1,0,0,1,4,0,0,65,0,0,0,0,0,1,3,7
,2020-05168,39.75213,-104.98668,7/29/2020 15:27,15:27:00,12,0,0,CHAMPA STREET & 22ND STREET,1,1,0,0,1,1,0,0,25,0,0,0,0,0,4,3,14
,2020-05169,39.68181254,-104.9924779,7/19/2020 22:15,22:15:00,12,0,0,SANTA FE DRIVE SOUTH  & JEWELL AVENUE WEST,1,3,0,0,1,4,0,1,45,0,0,0,0,1,2,3,1
,2020-05170,39.77667,-104.84703,7/21/2020 14:23,14:23:00,1,0,0,NORTH PEORIA STREET & EAST 44TH AVENUE,1,1,0,0,1,1,0,0,35,0,0,0,0,0,4,3,13
,2020-05173,39.70735453,-104.9406694,7/7/2020 15:49,15:49:00,3,0,0,COLORADO BOULEVARD SOUTH & VIRGINIA AVENUE EAST,1,1,0,0,1,1,0,0,35,0,0,0,0,0,2,2,14
,2020-05174,39.76568,-104.99495,7/16/2020 8:46,8:46:00,12,0,0,PARK AVENUE WEST & NORTH GLOBEVILLE ROAD,1,1,0,0,1,3,0,0,35,0,0,0,0,0,4,2,1
,2020-05175,39.77995,-104.94051,7/27/2020 15:32,15:32:00,12,0,1,I70 EASTBOUND & COLORADO BOULEVARD NORTH,1,1,0,0,1,4,0,0,65,0,0,0,0,1,1,3,1
,2020-05176,39.72548053,-105.0130699,7/29/2020 7:27,7:27:00,12,0,0,I25 & SIXTH AVENUE WEST,1,1,0,0,1,4,0,0,65,0,0,0,0,0,1,3,13
,2020-05178,39.68055,-105.03802,7/20/2020 8:14,8:14:00,6,0,0,2000 SOUTH OSCEOLA WAY & WEST EVANS AVENUE,1,1,0,0,1,4,0,0,25,0,0,0,0,0,4,3,13
,2020-05180,39.67475,-104.8753,8/3/2020 16:36,16:36:00,1,0,0,ILIFF AVENUE EAST & DAYTON WAY SOUTH,1,1,0,0,1,1,0,0,40,0,0,0,0,0,4,2,16
,2020-05182,39.71702,-104.89557,8/9/2020 0:30,0:30:00,15,0,0,EAST LOWRY BOULEVARD & EAST FAIRMOUNT DRIVE,1,3,0,0,1,6,0,0,35,0,0,0,0,0,4,2,7
,2020-05185,39.72908,-104.97294,8/9/2020 17:14,17:14:00,10,0,0,EIGHTH AVENUE EAST  & DOWNING STREET NORTH,1,3,0,0,1,3,0,0,30,0,0,0,0,0,4,2,8
,2020-05187,39.77476,-105.04628,8/1/2020 19:01,19:01:00,6,0,0,WEST 43RD AVENUE & NORTH VRAIN STREET,1,1,0,0,1,4,0,0,25,0,0,0,0,0,4,3,5
,2020-05188,39.68589,-105.02262,7/23/2020 6:20,6:20:00,6,0,0,MEXICO AVENUE & 2700 WEST,1,1,1,0,1,4,0,0,25,0,0,0,0,0,4,3,1
,2020-05189,39.67846,-104.91439,7/22/2020 14:20,14:20:00,3,0,0,EVANS AVENUE & 6300,1,1,0,0,1,2,0,0,35,0,0,0,0,0,4,3,3
,2020-05190,39.77401,-104.84703,7/22/2020 18:04,18:04:00,12,0,0,I70 EASTBOUND & PEORIA STREET NORTH,1,1,1,0,1,4,0,0,65,0,0,0,0,0,1,3,16
,2020-05192,39.72566,-105.05326,8/7/2020 11:00,11:00:00,1,0,0,SHERIDAN BOULEVARD NORTH & SIXTH AVENUE EASTBOUND ENTRANCE / EXIT RAMPS,1,1,1,0,1,1,0,0,35,0,0,0,0,0,2,2,13
,2020-05193,39.74482,-104.97212,7/22/2020 15:05,15:05:00,12,0,0,EAST 18TH AVENUE & NORTH MARION STREET,1,1,0,0,1,4,0,0,30,0,0,0,0,1,4,3,1
,2020-05194,39.79846,-104.86606,7/22/2020 12:00,12:00:00,12,0,0,EAST 56TH AVENUE & NORTH HAVANA STREET,1,1,0,0,1,3,0,0,40,0,0,0,0,1,4,5,3
,2020-05196,39.69854,-104.90354,8/1/2020 12:13,12:13:00,10,0,0,LEETSDALE DRIVE & SOUTH QUEBEC STREET,1,1,0,0,1,1,0,0,40,0,0,0,0,1,4,2,13
,2020-05198,39.76183152,-104.9128504,8/3/2020 14:36,14:36:00,1,0,0,EAST MARTIN LUTHER KING BOULEVARD & NORTH MONACO PARKWAY,1,1,0,0,1,1,0,0,35,0,0,0,0,0,4,2,13
,2020-05204,39.76796053,-104.9949709,7/30/2020 10:59,10:59:00,8,0,2,PARK AVENUE WEST & I25 NORTHBOUND EXIT RAMP,1,1,1,0,1,1,0,0,35,0,0,0,0,1,4,2,5
,2020-05213,39.77425152,-104.8471099,7/16/2020 20:50,20:50:00,5,0,1,I70 WB & PEORIA STREET NORTH,1,3,1,0,3,4,0,0,55,0,0,0,0,2,1,3,14
,2020-05218,39.75444,-105.02522,8/5/2020 13:15,13:15:00,12,0,0,FEDERAL BOULEVARD NORTH  & 26TH AVENUE WEST,1,1,1,0,1,2,0,0,35,0,0,0,0,0,2,2,13
,2020-05219,39.77295,-105.05324,8/6/2020 10:37,10:37:00,2,0,1,41ST AVENUE WEST & SHERIDAN BOULEVARD NORTH,1,1,1,0,1,1,0,0,25,1,0,0,0,2,2,2,16
,2020-05221,39.79106,-105.00768,8/5/2020 10:41,10:41:00,6,0,0,52ND AVENUE WEST  & PECOS STREET NORTH,1,1,1,0,1,2,0,0,30,0,0,0,0,0,4,2,13
,2020-05262,39.6176,-105.09193,7/9/2020 15:08,15:08:00,12,0,0,WADSWORTH BOULEVARD SOUTH  & CROSS DRIVE WEST,1,1,0,0,1,4,0,0,40,0,0,0,0,0,2,3,3
,2020-05263,39.72943,-105.03839,8/5/2020 20:58,20:58:00,6,0,0,800 NORTH OSCEOLA STREET & WEST NINTH AVENUE,1,3,1,0,1,4,0,0,25,0,0,0,0,0,4,3,16
,2020-05264,39.69028,-104.98749,8/7/2020 17:11,17:11:00,6,0,0,1400 SOUTH BROADWAY STREET & EAST ARKANSAS AVENUE,1,1,0,0,1,4,0,0,35,0,0,0,0,0,4,5,2
,2020-05287,39.65497,-104.88298,8/5/2020 15:45,15:45:00,6,0,0,GIRARD AVENUE EAST & AKRON STREET SOUTH,1,1,0,0,1,4,0,0,25,0,0,0,0,0,4,3,1
,2020-05289,39.66768,-105.03496,8/8/2020 20:39,20:39:00,1,0,1,WEST YALE AVENUE & SOUTH LOWELL BOULEVARD,1,3,0,0,1,1,0,0,35,0,0,0,1,3,4,3,13
,2020-05301,39.72548053,-105.0130699,8/7/2020 17:39,17:39:00,12,0,0,I25 NORTHBOUND & SIXTH AVENUE,1,1,0,0,1,4,0,0,55,0,0,0,0,0,1,3,13
,2020-05304,39.72811,-104.99852,7/22/2020 22:22,22:22:00,6,0,0,SANTA FE DRIVE NORTH & 700,1,3,0,0,1,4,0,0,,0,0,0,0,0,4,3,13
,2020-05328,39.68489954,-104.9594704,8/9/2020 1:43,1:43:00,12,0,0,I25 SOUTHBOUND & SOUTH UNIVERSITY BOULEVARD,1,3,0,0,1,4,0,0,60,0,0,0,0,0,1,3,1
,2020-05341,39.70146,-104.98753,8/7/2020 23:35,23:35:00,3,0,1,BROADWAY STREET SOUTH & I25 ENTRANCE / EXIT RAMPS,1,3,0,0,1,1,0,0,35,0,0,0,0,1,4,3,13
,2020-05345,39.74016,-105.00524,8/8/2020 19:04,19:04:00,12,0,0,COLFAX AVENUE WEST & OSAGE STREET NORTH,1,1,1,0,1,1,0,0,45,0,0,0,0,0,2,3,3
,2020-05415,39.65304,-104.93687,8/7/2020 11:00,11:00:00,12,0,0,HAMPDEN AVENUE EAST  & BIRCH STREET SOUTH,1,1,1,0,1,4,0,0,40,0,0,0,0,0,2,3,13
,2020-05441,39.69445,-105.02536,8/9/2020 20:25,20:25:00,5,0,0,FEDERAL BOULEVARD SOUTH & 1225,1,3,0,0,3,4,0,0,35,0,0,0,0,0,2,1,1
,2020-05442,39.68956,-105.05327,8/9/2020 19:18,19:18:00,1,0,0,SHERIDAN BOULEVARD SOUTH & FLORIDA AVENUE WEST,1,1,0,0,1,1,0,0,40,0,0,0,0,0,2,2,5
,2020-05443,39.74776483,-105.0358303,8/9/2020 21:15,21:15:00,6,0,0,MEADE STREET & 2015 NORTH,1,3,0,0,1,4,0,0,25,0,0,0,0,0,4,2,3
,2020-05446,39.77556574,-104.8653567,4/9/2020 3:30,3:30:00,5,0,0,I70 EASTBOUND EXIT RAMP  TO & HAVANA STREET NORTH,1,3,0,0,3,8,0,0,55,0,0,0,0,0,2,1,1
,2020-05451,39.76564,-104.91761,8/9/2020 20:45,20:45:00,12,0,0,NORTH KEARNEY STREET & EAST 35TH AVENUE,1,3,0,0,1,4,0,0,25,0,0,0,0,0,4,2,13
,2020-05455,39.71128,-104.90349,8/10/2020 6:30,6:30:00,12,0,0,SOUTH QUEBEC STREET & EAST ALAMEDA AVENUE,1,1,0,0,1,1,0,0,30,0,0,0,0,1,4,2,3
,2020-06878,39.72929,-104.90347,8/6/2020 23:48,23:48:00,6,0,0,NORTH QUEBEC STREET & EAST EIGHTH AVENUE,1,3,0,0,1,4,0,0,25,0,0,0,0,0,4,7,5
,2020-06880,39.67844,-104.93398,7/27/2020 17:20,17:20:00,12,0,2,I25 SOUTHBOUND ON RAMP & EVANS AVENUE EAST,1,1,1,0,1,8,0,0,55,0,0,0,0,1,1,3,13
,2020-06899,39.74165,-104.97478,7/18/2020 14:00,14:00:00,3,1,1,16TH AVENUE EAST & OGDEN STREET NORTH,1,1,0,0,1,1,0,0,30,0,0,0,1,4,4,2,13
,2020-06911,39.7417,-104.91203,8/14/2020 6:46,6:46:00,5,1,0,MONACO STREET  & 16TH AVENUE EAST,1,1,0,0,3,4,0,0,30,0,0,0,0,4,4,1,2
,2020-07109,39.74035,-105.05321,8/5/2020 18:07,18:07:00,12,0,0,COLFAX AVENUE WEST & SHERIDAN BOULEVARD NORTH,1,1,0,0,1,4,0,0,35,0,0,0,0,0,2,2,13
,2020-07186,39.68955,-105.05268,8/3/2020 11:14,11:14:00,12,0,0,5100 WEST FLORIDA AVENUE & SOUTH SHERIDAN BOULEVARD,1,1,0,0,1,4,0,0,25,0,0,0,0,1,4,2,13
,2020-07187,39.67846,-104.91738,8/4/2020 9:45,9:45:00,12,0,0,6100 EAST EVANS AVENUE & SOUTH LEYDEN STREET,1,1,0,0,1,4,0,0,30,0,0,0,1,1,4,2,13
,2020-07191,39.67573,-104.99599,8/3/2020 22:00,22:00:00,6,0,0,GALAPAGO STREET SOUTH  & WARREN AVENUE WEST,1,1,0,0,1,4,0,0,25,0,0,0,0,0,4,2,13
,2020-07194,39.71842,-105.04669,7/20/2020 0:36,0:36:00,6,0,0,100 NORTH WINONA COURT & WEST SECOND AVENUE,1,3,0,0,1,3,0,0,25,0,0,0,0,0,4,2,1
,2020-07195,39.79846,-104.86606,8/3/2020 13:40,13:40:00,10,0,0,EAST 56TH AVENUE & NORTH HAVANA STREET,1,1,0,0,1,3,0,0,40,0,0,0,0,1,4,2,13
,2020-07201,39.77658861,-104.9894083,8/4/2020 9:53,9:53:00,12,0,0,I25 & MP 210,1,1,0,0,1,4,0,0,65,0,0,0,0,0,1,2,13
,2020-07202,39.71111,-104.97101,8/4/2020 15:00,15:00:00,15,0,0,EAST ALAMEDA AVENUE & SOUTH LAFAYETTE STREET,1,1,0,0,1,3,0,0,30,0,0,0,0,0,4,2,3
,2020-07203,39.72932,-105.01483,8/4/2020 13:29,13:29:00,15,0,1,I25 NORTHBOUND & WEST EIGHTH AVENUE,1,1,0,0,1,4,0,0,65,0,0,0,0,1,1,2,13
,2020-07205,39.78991,-104.95816,8/4/2020 11:51,11:51:00,5,0,0,YORK STREET NORTH & 5160,1,1,0,0,5,2,0,0,10,0,0,0,0,0,3,1,3
,2020-07207,39.72576,-105.03512,8/4/2020 17:15,17:15:00,12,0,0,SIXTH AVENUE WEST & LOWELL BOULEVARD NORTH,1,1,0,0,1,4,0,0,55,0,0,0,0,0,2,2,1
,2020-07212,39.67847,-104.92261,8/4/2020 8:11,8:11:00,15,0,0,5500 EAST EVANS AVENUE & SOUTH GRAPE STREET,1,1,1,0,1,4,0,0,35,0,0,0,0,0,4,2,3
,2020-07213,39.65308,-104.91845,8/2/2020 15:20,15:20:00,12,0,0,I25 SOUTHBOUND & EAST HAMPDEN AVENUE,1,1,0,0,1,4,0,0,65,0,0,0,0,0,1,2,13
,2020-07214,39.73286,-104.97643,8/4/2020 9:10,9:10:00,6,0,0,1000 NORTH EMERSON STREET & EAST 11TH AVENUE,1,1,0,0,1,4,0,0,25,0,0,0,0,0,4,2,13
,2020-07218,39.78378,-104.94052,8/4/2020 18:40,18:40:00,5,0,0,COLORADO BOULEVARD NORTH & 48TH AVENUE EAST,1,1,0,0,3,1,0,0,30,0,0,0,0,0,4,2,14
,2020-07220,39.73764,-104.97414,8/3/2020 11:50,11:50:00,6,0,0,CORONA STREET NORTH  & 14TH AVENUE EAST,1,1,0,0,1,4,0,0,30,0,0,0,0,0,4,2,13
,2020-07221,39.64041,-105.02997,8/5/2020 19:50,19:50:00,8,0,0,4100 SOUTH IRVING STREET & WEST OXFORD AVENUE,1,1,3,0,1,4,0,0,30,0,0,0,0,0,4,2,14
,2020-07225,39.67143,-104.99833,8/4/2020 14:10,14:10:00,9,0,0,PLATTE RIVER DRIVE SOUTH & 2500,1,1,0,0,1,4,0,0,25,0,0,0,0,0,4,1,14
,2020-07226,39.78527,-104.88308,8/3/2020 13:50,13:50:00,3,0,0,NORTH CENTRAL PARK BOULEVARD & EAST NORTHFIELD BOULEVARD,1,1,0,0,1,1,0,0,40,0,0,0,0,1,4,2,8
,2020-07227,39.74033,-105.0303,8/4/2020 18:04,18:04:00,5,0,0,COLFAX AVENUE WEST  & JULLIAN STREET NORTH,1,1,0,0,3,4,0,0,35,0,0,0,0,0,2,1,5
,2020-07230,39.75635,-105.0509,8/4/2020 13:51,13:51:00,6,0,1,YATES STREET NORTH  & 28TH AVENUE WEST,1,1,1,0,1,4,0,0,25,0,0,0,0,2,4,2,3
,2020-07232,39.67846,-104.91439,8/4/2020 13:00,13:00:00,3,0,0,EVANS AVENUE EAST & 6300,1,1,0,0,1,2,0,0,35,0,0,0,0,0,4,2,3
,2020-07233,39.72559,-105.02514,8/4/2020 17:58,17:58:00,12,0,0,SIXTH AVENUE EASTBOUND ENTRANCE RAMP METER FROM & FEDERAL BOULEVARD NORTH,1,1,1,0,1,8,0,0,45,0,0,0,0,0,2,2,3
,2020-07234,39.71139553,-104.9073514,8/3/2020 14:00,14:00:00,15,0,0,EAST ALAMEDA AVENUE & NORTH ONEIDA STREET,1,1,0,0,1,3,0,0,30,0,0,0,0,0,4,2,3
,2020-07235,39.78426,-105.00643,8/4/2020 16:05,16:05:00,12,0,0,4800 NORTH PECOX STREET & WEST DIXIE PLACE,1,1,1,0,1,4,0,0,35,0,0,0,0,0,4,2,13
,2020-07237,39.65312054,-104.9047189,8/3/2020 17:20,17:20:00,12,0,0,HAMPDEN AVENUE EAST & POPLAR STREET SOUTH,1,1,0,0,1,3,0,0,40,0,0,0,0,0,2,2,3
,2020-07238,39.69036,-104.91289,8/6/2020 10:32,10:32:00,12,0,0,EAST CHERRY CREEK SOUTH DRIVE & SOUTH MONACO STREET,1,1,0,0,1,3,0,0,30,0,0,0,0,0,4,2,13
,2020-07243,39.77841,-104.91288,8/4/2020 0:06,0:06:00,12,0,1,I70 WB & MONACO STREET NORTH,1,3,0,0,1,4,0,0,65,0,0,0,0,1,1,2,1
,2020-07248,39.67127354,-104.9875189,8/5/2020 16:40,16:40:00,5,0,0,BROADWAY STREET SOUTH & HARVARD AVENUE WEST,1,1,0,0,2,5,0,0,,0,0,0,0,0,4,1,1
,2020-07249,39.79355,-104.90342,8/6/2020 9:07,9:07:00,1,0,0,EAST 53RD PLACE & NORTH QUEBEC STREET,1,1,0,0,1,1,0,0,40,0,0,0,0,0,4,2,13
,2020-07251,39.7506,-105.0358,8/4/2020 10:44,10:44:00,6,0,0,MEADE STREET NORTH  & 29TH AVENUE WEST,1,1,1,0,1,4,0,0,25,0,0,0,0,0,4,2,16
,2020-07255,39.71119,-104.98758,8/5/2020 14:30,14:30:00,6,0,0,BROADWAY STREET SOUTH & 200,1,1,0,0,1,4,0,0,35,0,0,0,0,0,4,2,16
,2020-07257,39.67839254,-104.9935579,8/3/2020 19:59,19:59:00,15,0,0,SANTA FE DRIVE SOUTH & EVANS AVENUE WEST,1,3,0,0,1,4,0,1,55,0,0,0,0,0,2,2,7
,2020-07259,39.67488254,-104.9875189,8/5/2020 15:20,15:20:00,12,0,0,SOUTH BROADWAY STREET & EAST ILIFF AVENUE,1,1,0,0,1,3,0,0,35,0,0,0,0,0,4,2,14
,2020-07260,39.68932,-104.94063,8/5/2020 15:35,15:35:00,12,0,0,COLORADO BOULEVARD SOUTH & FLORIDA AVENUE EAST,1,1,0,0,1,3,0,0,35,0,0,0,0,0,2,2,14
,2020-07262,39.69675,-105.02506,8/1/2020 21:00,21:00:00,3,0,0,MISSISSIPPI AVENUE WEST & FEDERAL BOULEVARD SOUTH,1,3,0,0,1,1,0,0,35,0,0,0,0,1,2,2,7
,2020-07263,39.74762053,-105.0532279,8/5/2020 16:13,16:13:00,12,0,0,SHERIDAN BOULEVARD NORTH & 20TH AVENUE WEST,1,1,0,0,1,2,0,0,35,0,0,0,0,0,2,2,2
,2020-07266,39.70658,-104.97337,8/3/2020 15:35,15:35:00,5,0,0,DOWNING STREET SOUTH & 500,1,1,0,0,1,4,0,0,25,0,0,0,0,0,4,1,14
,2020-07268,39.67844653,-104.9111575,8/5/2020 14:20,14:20:00,12,0,0,EVANS AVENUE & 5000 EAST,1,1,0,0,1,3,0,0,35,0,0,0,0,0,4,2,3
,2020-07342,39.67085953,-104.8660505,8/29/2020 18:50,18:50:00,12,0,0,HAVANA STREET SOUTH & PARKER ROAD SOUTH,1,1,0,0,1,4,0,0,45,0,0,0,0,0,2,2,13
,2020-07350,39.67121,-104.95933,9/7/2020 15:30,15:30:00,15,0,0,SOUTH UNIVERSITY BOULEVARD & EAST HARVARD AVENUE,1,1,0,0,1,3,0,0,30,0,0,0,0,0,4,2,13
,2020-07351,39.71292,-104.9734,9/7/2020 20:47,20:47:00,3,0,0,CEDAR AVENUE EAST & DOWNING STREET SOUTH,1,3,0,0,1,1,0,0,25,0,0,0,0,0,4,2,13
,2020-07362,39.78924,-105.02518,8/29/2020 15:53,15:53:00,1,0,0,FEDERAL BOULEVARD NORTH & 51ST AVENUE WEST,1,1,0,0,1,1,0,0,35,0,0,0,0,0,2,2,13
,2020-07367,39.74619,-104.98612,9/7/2020 17:20,17:20:00,15,0,0,NORTH LINCOLN STREET & EAST 19TH AVENUE,1,1,0,0,1,3,0,0,25,0,0,0,0,0,4,2,16
,2020-07371,39.78248652,-104.9400709,9/8/2020 4:22,4:22:00,3,0,1,EAST 46TH AVENUE / I70 WB OFF RAMP & NORTH COLORADO BOULEVARD,11,3,0,1,1,1,0,0,35,0,0,0,0,2,4,2,2
,2020-07374,39.67558,-104.98552,9/7/2020 19:45,19:45:00,6,0,0,SHERMAN STREET & 2261 SHERMAN STREET,1,1,0,0,1,5,0,0,,0,0,0,0,0,4,2,14
,2020-07383,39.72548053,-105.0130699,8/28/2020 17:36,17:36:00,15,0,2,SIXTH AVENUE WEST & I25 NORTHBOUND,1,1,0,1,1,4,0,0,65,0,0,0,0,1,2,3,13
,2020-07384,39.7837,-104.77212,8/28/2020 14:25,14:25:00,3,0,0,NORTH TOWER ROAD & EAST GREEN VALLEY RANCH BOULEVARD,1,1,0,0,1,1,0,0,40,0,0,0,0,0,4,2,16
,2020-07385,39.75646,-104.98631,9/8/2020 1:30,1:30:00,6,0,0,LAWRENCE STREET  & 25TH STREET,11,3,0,1,1,4,0,0,30,0,0,0,0,0,4,3,3
,2020-07387,39.78011,-104.98956,8/31/2020 0:05,0:05:00,15,0,0,I25 SOUTHBOUND & I70 EASTBOUND,1,3,0,0,1,4,0,0,55,0,0,0,0,0,1,2,13
,2020-07388,39.76199,-104.95975,8/31/2020 6:55,6:55:00,3,0,0,EAST MLK BOULEVARD & NORTH YORK STREET,1,1,0,0,1,1,0,0,35,0,0,0,0,0,4,2,13
,2020-07390,39.78558,-104.9783,8/30/2020 21:27,21:27:00,12,0,0,NORTH WASHINGTON STREET & EAST 49TH AVENUE,1,3,0,0,1,4,0,0,30,0,0,0,0,0,4,2,14
,2020-07391,39.71966,-104.96336,8/30/2020 7:26,7:26:00,6,0,0,100 NORTH RACE STREET & EAST FIRST AVENUE,1,1,0,0,1,4,0,0,25,0,0,0,0,0,4,2,16
,2020-07392,39.77828,-104.91288,8/30/2020 20:45,20:45:00,15,0,1,I70 EASTBOUND & MONACO STREET NORTH,1,3,0,0,1,4,0,0,65,0,0,0,1,2,1,2,14
,2020-07393,39.70934,-104.9876,8/30/2020 10:16,10:16:00,10,0,0,EAST DAKOTA AVENUE & SOUTH BROADWAY STREET,1,1,0,0,1,1,0,0,30,0,0,0,0,0,4,2,8
,2020-07394,39.72936,-105.02516,8/31/2020 18:12,18:12:00,12,0,0,FEDERAL BOULEVARD NORTH  & NINTH AVENUE WEST,1,1,0,0,1,4,0,0,35,0,0,0,0,1,2,2,13
,2020-07396,39.79838951,-104.7873005,8/31/2020 5:49,5:49:00,12,0,0,5900 NORTH PENA BOULEVARD & EAST 56TH AVENUE,1,3,0,0,1,4,0,0,65,0,0,0,0,1,4,2,14
,2020-07398,39.76938,-105.04629,8/28/2020 13:43,13:43:00,3,0,2,VRAIN STREET NORTH & 38TH AVENUE WEST,1,1,1,0,1,1,0,0,25,0,0,0,0,2,4,2,13
,2020-07399,39.75473,-104.90581,8/31/2020 7:11,7:11:00,2,0,1,26TH AVENUE EAST & PONTIAC STREET NORTH,1,2,0,0,1,1,0,0,30,1,0,0,0,2,4,2,14
,2020-07400,39.71107154,-105.0238384,8/30/2020 21:43,21:43:00,12,0,0,WEST ALAMEDA AVENUE & SOUTH ELIOT STREET,1,3,1,0,1,1,0,0,35,0,0,0,0,0,4,2,3
,2020-07401,39.66748,-104.92567,8/20/2020 7:30,7:30:00,12,0,0,I25 SOUTHBOUND & MM 202,1,1,0,0,1,4,0,0,65,0,0,0,0,0,1,2,13
,2020-07402,39.74741,-104.92819,8/29/2020 12:10,12:10:00,12,0,0,5100 EAST MONTVIEW BOULEVARD & NORTH ELM STREET,1,1,0,0,1,3,0,0,30,0,0,0,0,0,4,2,3
,2020-07403,39.73505,-104.96226,8/29/2020 19:48,19:48:00,6,0,0,NORTH VINE STREET & EAST 12TH AVENUE,1,3,0,0,1,4,0,0,25,0,0,0,0,0,4,6,14
,2020-07405,39.78039255,-104.9669254,9/8/2020 8:40,8:40:00,12,0,0,I70 EASTBOUND ON SLIP RAMP & BRIGHTON BOULEVARD NORTHBOUND,11,1,0,1,1,8,0,0,30,0,0,0,0,0,1,2,7
,2020-07411,39.65308,-104.91845,9/4/2020 7:00,7:00:00,1,0,0,HAMPDEN AVENUE EAST & I25 SOUTHBOUND ON RAMP,1,1,1,0,1,1,0,0,40,0,0,0,0,0,2,3,13
,2020-07412,39.65311,-104.89876,9/7/2020 22:02,22:02:00,15,0,0,EAST HAMPDEN AVENUE & SOUTH TAMARAC DRIVE,11,3,0,1,1,4,0,0,35,0,0,0,0,0,4,2,13
,2020-07416,39.78051552,-104.9592679,9/8/2020 0:54,0:54:00,5,0,1,I70 EASTBOUND EXIT RAMP  TO & YORK STREET NORTH / 45TH AVENUE EAST,11,3,0,1,3,4,0,0,65,0,0,0,0,1,1,3,3
,2020-07417,39.77294,-105.02523,9/4/2020 13:53,13:53:00,3,0,0,FEDERAL BOULEVARD NORTH & 41ST AVENUE WEST,1,1,1,0,1,1,0,0,35,0,0,0,0,1,2,2,13
,2020-07420,39.69385,-104.94063,8/19/2020 10:09,10:09:00,12,0,0,COLORADO BOULEVARD 1200 SOUTH & EAST ARIZONA AVENUE,1,1,0,0,1,4,0,0,35,0,0,0,0,0,4,3,13
,2020-07425,39.71118,-105.01808,8/19/2020 12:30,12:30:00,12,0,0,ALAMEDA AVENUE WEST & BRYANT STREET SOUTH,1,1,0,0,1,1,0,1,35,0,0,0,0,0,2,3,1
,2020-07427,39.74218,-105.04868,9/4/2020 4:00,4:00:00,6,0,0,WOLFF STREET NORTH & 16TH AVENUE WEST,1,3,0,0,3,4,0,0,25,0,0,0,0,0,4,3,5
,2020-07428,39.78857051,-104.8446484,8/2/2020 0:39,0:39:00,6,0,0,NORTH QUENTIN STREET & NORTH BEEKMAN PLACE,1,3,0,0,1,4,0,0,25,0,0,0,0,0,4,4,5
,2020-07429,39.65305,-104.87566,9/7/2020 13:30,13:30:00,12,0,0,HAMPDEN AVENUE EAST & DAYTON STREET SOUTH,1,1,0,0,1,3,0,0,35,0,0,0,0,0,2,3,3
,2020-07430,39.68005,-104.98715,7/16/2020 9:59,9:59:00,1,0,0,BROADWAY STREET SOUTH & 2000,1,1,0,0,1,3,0,0,30,0,0,0,0,1,4,3,13
,2020-07431,39.81734806,-104.9733217,8/16/2020 20:24,20:24:00,6,0,1,DOWNING STREET & 400 SOUTH,1,4,0,0,1,4,0,0,30,0,0,0,0,1,4,3,2
,2020-07433,39.77856252,-104.9034184,8/19/2020 5:54,5:54:00,12,0,0,I70 WB & QUEBEC STREET NORTH,1,1,0,0,1,4,0,0,65,0,0,0,0,0,1,5,13
,2020-07436,39.77287,-104.83383,8/19/2020 16:33,16:33:00,12,0,0,I70 EASTBOUND & I225 SOUTHBOUND,1,1,0,0,1,4,0,0,65,0,0,0,0,0,1,5,3
,2020-07440,39.6677,-105.05129,7/18/2020 21:55,21:55:00,12,0,0,5100 WEST YALE AVENUE & SOUTH SHERIDAN BOULEVARD,1,3,0,0,1,1,0,0,35,0,0,0,0,0,4,2,5
,2020-07442,39.73301,-105.04047,9/4/2020 18:15,18:15:00,3,0,0,WEST 10TH AVENUE & NORTH QUITMAN STREET,1,1,0,0,1,1,0,0,25,0,0,0,0,0,4,4,14
,2020-07445,39.76095,-105.00433,9/7/2020 20:32,20:32:00,12,0,0,I25 NORTHBOUND & 20TH STREET,1,3,0,0,1,4,0,0,65,0,0,0,0,0,1,2,13
,2020-07448,39.78379,-104.79797,8/19/2020 15:34,15:34:00,11,0,0,GREEN VALLEY RANCH BOULEVARD EAST & MEMPHIS STREET NORTH,1,1,0,0,1,1,0,0,40,0,0,1,0,1,4,1,13
,2020-07451,39.76449,-104.95976,8/29/2020 18:26,18:26:00,3,0,0,EAST BRUCE RANDOLPH AVENUE & NORTH YORK STREET,1,1,0,0,1,1,0,0,30,0,0,0,0,0,4,2,8
,2020-07457,39.72571,-104.99857,9/4/2020 6:25,6:25:00,10,0,1,WEST SIXTH AVENUE & NORTH SANTA FE DRIVE,1,1,0,0,1,1,0,0,30,0,0,0,0,2,4,2,13
,2020-07458,39.76561,-104.92231,9/7/2020 20:00,20:00:00,6,0,0,NORTH HOLLY STREET & EAST 35TH AVENUE,1,3,0,0,1,4,0,0,25,0,0,0,0,0,4,2,16