id,drcog_id,latitude,longitude,crashtime,time,crashtype,numbkilled,numbinjurd,drcoglocat,rdconditin,lightngcon,roadcntgrd,weatherco,location,roaddescrp,schoolzone,constrzone,splimit,bikeinv,pedinv,sctrinv,motoinv,svrty,rdsystem,ttlvehcls,hcf
,2020-07467,39.78406,-104.98956,2/28/2020 7:35,7:35:00,12,0,0,I25 SOUTHBOUND & 48TH AVENUE WEST,1,1,0,0,1,4,0,0,55,0,0,0,0,0,1,4,13
,2020-07484,39.67476,-104.87084,9/7/2020 18:45,18:45:00,15,0,0,EAST ILIFF AVENUE & SOUTH PARKER ROAD,1,1,0,0,1,3,0,0,30,0,0,0,0,0,4,2,16
,2020-07501,39.64112,-104.90138,8/30/2020 12:25,12:25:00,6,0,0,PRINCETON AVENUE  & ROSEMARY STREET SOUTH,1,1,0,0,1,4,0,0,25,0,0,0,0,0,4,2,16
,2020-07503,39.74587,-104.96223,8/30/2020 15:05,15:05:00,6,0,0,VINE STREET NORTH  & 18TH AVENUE EAST,1,1,0,0,1,4,0,0,30,0,0,0,0,0,4,2,13
,2020-07504,39.74085,-104.9799,8/30/2020 10:15,10:15:00,15,0,0,PEARL STREET NORTH  & COLFAX AVENUE EAST,1,1,0,0,1,2,0,0,30,0,0,0,0,0,4,2,13
,2020-07505,39.77075,-104.75342,8/26/2020 8:35,8:35:00,3,0,0,HIMILAYA ROAD NORTH & 40TH AVENUE EAST,1,1,0,0,1,1,0,0,35,0,0,0,0,1,4,2,1
,2020-07507,39.77562,-104.86574,8/31/2020 17:00,17:00:00,12,0,0,I70 EASTBOUND & HAVANA STREET NORTH,1,1,0,0,1,4,0,0,65,0,0,0,0,0,1,3,7
,2020-07508,39.63657344,-104.8906106,8/30/2020 23:20,23:20:00,15,0,0,I225 NORTHBOUND FLYOVER RAMP TO & I70 WB,1,3,1,0,1,8,0,0,65,0,0,0,0,0,1,2,1
,2020-07509,39.67475653,-104.8708519,8/29/2020 14:00,14:00:00,12,0,0,SOUTH PARKER ROAD & EAST ILIFF AVENUE,1,1,0,0,1,4,0,0,45,0,0,0,0,1,4,3,7
,2020-07510,39.75537,-105.01269,8/31/2020 7:30,7:30:00,12,0,0,I25 & SPEER BOULEVARD NORTH,1,1,0,0,1,4,0,0,65,0,0,0,0,0,1,3,13
,2020-07511,39.74739,-104.94064,8/31/2020 14:19,14:19:00,3,0,2,COLORADO BOULEVARD NORTH & MONTVIEW BOULEVARD EAST,1,1,0,0,1,1,0,0,35,0,0,0,0,1,2,3,1
,2020-07513,39.78239,-104.84701,8/31/2020 9:55,9:55:00,12,0,0,NORTH PEORIA STREET & EAST ALBROOK DRIVE,1,1,0,0,1,4,0,0,35,0,0,0,0,1,4,2,13
,2020-07514,39.68886,-105.04897,8/30/2020 21:32,21:32:00,6,0,0,WOLCOTT COURT SOUTH  & FLORIDA VE WEST,1,4,0,0,1,3,0,0,25,0,0,0,0,0,4,2,16
,2020-07515,39.74325,-104.97545,8/30/2020 20:21,20:21:00,6,0,2,900 EAST 17TH AVENUE & NORTH OGDEN STREET,1,3,0,0,1,4,0,0,25,0,0,0,0,2,4,2,5
,2020-07516,39.73688,-104.97301,8/26/2020 19:30,19:30:00,11,0,1,DOWNING STREET NORTH & 13TH AVENUE EAST,1,1,0,0,1,3,0,0,30,0,0,1,0,0,4,2,16
,2020-07518,39.83327,-104.728,8/28/2020 15:48,15:48:00,5,0,0,PENA BOULEVARD  & GUN CLUB ROAD NORTH,1,1,0,0,3,4,0,0,65,0,0,0,0,0,4,2,1
,2020-07519,39.73919,-104.96347,8/30/2020 8:50,8:50:00,3,0,0,RACE STREET NORTH & 1400,1,1,0,0,1,2,0,0,25,0,0,0,0,0,4,2,3
,2020-07520,39.68489489,-104.9510043,8/30/2020 14:25,14:25:00,12,0,0,I25 NORTHBOUND & MM 208.75,1,1,0,0,1,4,0,0,55,0,0,0,0,0,1,5,13
,2020-07522,39.71119,-105.00272,8/31/2020 10:45,10:45:00,12,0,0,1200 WEST ALAMEDA AVENUE & SOUTH LIPAN STREET,1,1,0,0,1,3,0,0,35,0,0,0,0,0,4,2,13
,2020-07524,39.75513553,-105.0127189,8/30/2020 22:55,22:55:00,5,0,0,I25 NORTHBOUND & SPEER BOULEVARD NORTH,1,3,0,0,1,4,0,0,55,0,0,0,0,0,1,2,16
,2020-07526,39.75513553,-105.0127189,8/21/2020 19:49,19:49:00,5,0,0,I25 SOUTHBOUND & NORTH SPEER BOULEVARD,1,1,0,0,2,4,0,0,55,0,0,0,0,0,1,1,16
,2020-07527,39.77767,-104.95716,8/28/2020 16:11,16:11:00,5,0,0,COLUMBINE STREET NORTH & 44TH AVENUE EAST,1,1,0,0,3,1,0,0,35,0,0,0,0,1,4,1,14
,2020-07528,39.72842,-105.05324,8/28/2020 16:01,16:01:00,3,0,0,SHERIDAN BOULEVARD NORTH  & EIGHTH AVENUE WEST,1,1,1,0,1,2,0,0,35,0,0,0,0,1,2,2,13
,2020-07529,39.63324,-104.90632,8/29/2020 20:11,20:11:00,9,0,0,I225 SOUTHBOUND & I25 NORTHBOUND / SOUTHBOUND RAMP SPLIT,1,4,1,0,1,4,0,0,55,0,0,0,0,0,1,2,13
,2020-07531,39.7113,-104.91286,8/31/2020 6:16,6:16:00,12,0,0,EAST ALAMEDA AVENUE & SOUTH MONACO STREET,1,1,0,0,1,3,0,0,35,0,0,0,0,0,4,2,13
,2020-07532,39.67369,-104.86953,8/31/2020 12:28,12:28:00,12,0,0,PARKER ROAD 2300 SOUTH & EAST ILIFF AVENUE,1,1,0,0,1,3,0,0,35,0,0,0,0,0,4,2,3
,2020-07533,39.71111,-104.97981,8/29/2020 13:09,13:09:00,12,0,0,600 EAST ALAMEDA AVENUE & SOUTH WASHINGTON STREET,11,1,0,1,1,3,0,0,30,0,0,0,0,1,4,3,3
,2020-07534,39.71127216,-104.9990768,8/30/2020 14:00,14:00:00,12,0,0,I25 NORTHBOUND & ALAMEDA AVENUE EAST,1,1,0,0,1,4,0,0,55,0,0,0,0,0,1,3,13
,2020-07535,39.72552,-105.01336,9/8/2020 17:21,17:21:00,12,0,0,I25 & WEST SIXTH AVENUE,11,1,0,2,1,4,0,0,55,0,0,0,0,0,1,3,8
,2020-07536,39.76911,-104.9953,5/23/2020 0:53,0:53:00,5,0,1,I25 SOUTHBOUND EXIT RAMP & FOX STREET,1,3,0,0,2,1,0,0,30,0,0,0,0,2,1,1,3
,2020-07538,39.70398,-105.05325,8/29/2020 8:01,8:01:00,1,0,0,SHERIDAN BOULEVARD SOUTH & GILL PLACE WEST,1,1,1,0,1,1,0,0,35,0,0,0,0,0,2,2,13
,2020-07541,39.69853,-104.90355,8/27/2020 15:50,15:50:00,12,0,0,SOUTH QUEBEC STREET & LEETSDALE DRIVE,1,1,0,0,1,3,0,0,30,0,0,0,0,0,4,2,3
,2020-07542,39.72951,-105.05324,8/28/2020 14:28,14:28:00,6,0,0,SHERIDAN BOULEVARD NORTH & EIGHTH AVENUE WEST,1,1,0,0,1,4,0,0,35,0,0,0,0,0,2,2,16
,2020-07543,39.79837,-104.75326,8/28/2020 12:31,12:31:00,3,0,0,IRELAND STREET NORTH & 56TH AVENUE EAST,1,1,0,0,1,1,0,0,45,0,0,0,0,0,4,2,3
,2020-07567,39.78200053,-105.0064414,8/31/2020 8:49,8:49:00,15,0,0,47TH AVENUE WEST  & PECOS STREET NORTH,1,1,0,0,1,4,0,0,30,0,0,0,1,1,4,2,8
,2020-07587,39.74013,-104.94066,8/31/2020 12:59,12:59:00,15,0,0,COLORADO BOULEVARD NORTH & COLFAX AVENUE EAST,1,1,0,0,1,2,0,0,35,0,0,0,0,0,2,2,1
,2020-07597,39.7384,-104.96478,8/31/2020 12:55,12:55:00,12,0,0,1800 EAST 14TH AVENUE & NORTH HIGH STREET,1,1,0,0,1,3,0,0,30,0,0,0,0,1,4,2,13
,2020-07614,39.77968,-104.97916,8/31/2020 15:19,15:19:00,5,0,0,I70 WB ENTRANCE RAMP  & WASHINGTON STREET NORTH,1,1,1,0,3,8,0,0,35,0,0,0,0,0,4,1,14
,2020-07617,39.72548053,-105.0130699,8/31/2020 15:03,15:03:00,15,0,0,I25 SOUTHBOUND & SIXTH AVENUE WEST,1,1,1,0,1,4,0,0,65,0,0,0,0,0,1,2,7
,2020-07619,39.76188,-104.94058,7/10/2020 18:30,18:30:00,12,0,0,COLORADO BOULEVARD NORTH  & MLK BOULEVARD EAST,1,1,0,0,1,4,0,0,35,0,0,0,0,0,2,2,1
,2020-07645,39.79010052,-104.8660189,8/31/2020 15:40,15:40:00,12,0,0,5100 NORTH HAVANA STREET & EAST 51ST AVENUE,1,1,0,0,1,4,0,0,45,0,0,0,0,0,4,2,13
,2020-07654,39.72932,-105.01483,8/31/2020 16:00,16:00:00,12,0,0,I25 NORTHBOUND & EIGHTH AVENUE WEST,1,1,1,0,1,4,0,0,55,0,0,0,0,0,1,2,3
,2020-07659,39.72914,-105.04164,9/8/2020 13:55,13:55:00,6,0,1,RALEIGH STREET NORTH  & SEVENTH AVENUE WEST,11,1,1,1,1,3,0,0,25,0,0,0,0,2,4,2,16
,2020-07668,39.77995752,-104.9410699,9/8/2020 14:02,14:02:00,12,0,0,COLORADO BOULEVARD & I70 EXIT RAMP,11,1,0,1,1,1,0,0,35,0,0,0,0,0,2,2,13
,2020-07670,39.78545,-105.00642,8/28/2020 19:50,19:50:00,3,0,1,PECOS STREET NORTH & DIXIE PLACE WEST,1,2,0,0,1,2,0,0,35,0,0,0,0,2,4,2,13
,2020-07672,39.74489,-104.98612,9/8/2020 10:35,10:35:00,3,0,0,EAST 18TH AVENUE & NORTH LINCOLN STREET,11,1,1,1,1,1,0,0,30,0,0,0,0,0,4,2,8
,2020-07674,39.7194,-104.94071,8/28/2020 15:30,15:30:00,12,0,0,COLORADO BOULEVARD NORTH & SECOND AVENUE EAST,11,1,0,1,1,4,0,0,35,0,0,0,0,0,2,2,3
,2020-07675,39.68226,-105.05523,9/8/2020 9:15,9:15:00,12,0,0,5200 WEST JEWELL AVENUE & SOUTH SHERIDAN BOULEVARD,11,1,1,1,1,3,0,0,35,0,0,0,0,0,4,2,3
,2020-07676,39.65321954,-104.9183404,8/28/2020 20:49,20:49:00,15,0,0,I25 SOUTHBOUND & EAST HAMPDEN AVENUE,11,3,1,0,1,4,0,0,65,0,0,0,0,0,1,2,1
,2020-07677,39.63872,-105.08163,8/29/2020 12:11,12:11:00,12,0,0,WADSWORTH BOULEVARD & 4400 SOUTH,1,1,0,0,1,4,0,0,40,0,0,0,0,1,4,2,14
,2020-07680,39.70022,-104.90822,8/28/2020 17:15,17:15:00,12,0,0,LEETSDALE DRIVE  & ONEIDA STREET SOUTH,1,1,0,0,1,4,0,0,35,0,0,0,0,1,2,2,3
,2020-07682,39.67889654,-105.0374194,8/29/2020 4:15,4:15:00,5,0,1,EVANS AVENUE WEST  & OSECOLA STREET SOUTH,1,4,0,0,2,4,0,0,30,0,0,0,0,2,4,2,14
,2020-07683,39.68489489,-104.9510043,9/8/2020 15:01,15:01:00,12,0,0,I25 NORTHBOUND OFF RAMP & I70,11,1,0,1,1,8,0,0,55,0,0,0,0,0,1,2,13
,2020-07684,39.63931,-104.88512,8/29/2020 13:10,13:10:00,1,0,0,YOSEMITE STREET SOUTH & I225 NORTHBOUND,1,1,0,0,1,1,0,0,35,0,0,0,0,0,4,2,13
,2020-07685,39.73687,-105.00219,8/29/2020 15:07,15:07:00,6,0,0,1100 WEST 13TH AVENUE & NORTH MARIPOSA STREET,1,1,0,0,1,5,0,0,,0,0,0,0,0,4,2,13
,2020-07688,39.71127,-105.04326,8/28/2020 23:36,23:36:00,5,0,0,ALAMEDA AVENUE WEST & STUART STREET SOUTH,1,3,0,0,2,1,0,0,35,0,0,0,0,0,4,1,5
,2020-07689,39.76927,-105.01898,9/8/2020 12:35,12:35:00,3,0,0,BRYANT STREET NORTH & 38TH AVENUE WEST,11,1,1,1,1,1,0,0,25,0,0,0,0,1,4,2,13
,2020-07690,39.71031,-105.02981,9/8/2020 12:39,12:39:00,3,0,0,SOUTH IRVING STREET & WEST NEVADA PLACE,11,1,0,2,1,1,0,0,30,0,0,0,0,1,4,2,13
,2020-07691,39.76742,-104.92461,9/8/2020 14:19,14:19:00,6,0,0,36TH AVENUE EAST & GRAPE STREET NORTH,11,1,0,1,1,4,0,0,30,0,0,0,0,0,4,2,10
,2020-07692,39.71097,-105.0288,8/29/2020 2:57,2:57:00,15,0,0,3200 WEST ALAMEDA AVENUE & SOUTH IRVING STREET,1,3,0,0,1,4,0,0,35,0,0,0,0,0,4,2,14
,2020-07696,39.69676,-105.01569,9/8/2020 13:34,13:34:00,3,0,0,MISSISSIPPI AVENUE WEST & ZUNI STREET SOUTH,11,1,0,1,1,1,0,0,35,0,0,0,0,0,4,2,3
,2020-07698,39.71843,-105.05328,9/8/2020 13:15,13:15:00,3,0,0,FIRST AVENUE WEST & SHERIDAN BOULEVARD NORTH,11,1,1,2,1,2,0,0,25,0,0,0,0,0,4,2,1
,2020-07699,39.78386353,-105.0369514,9/6/2020 21:30,21:30:00,6,0,0,NEWTON STREET NORTH  & 48TH AVENUE WEST,1,1,1,0,1,4,0,0,25,0,0,0,0,0,4,2,16
,2020-07700,39.71034,-104.98277,8/29/2020 15:21,15:21:00,3,0,0,LOGAN STREET SOUTH  & ALAMEDA AVENUE EAST,1,1,0,0,1,2,0,0,30,0,0,0,0,0,4,2,7
,2020-07703,39.63575,-104.89352,8/29/2020 7:54,7:54:00,12,0,0,I225 SOUTHBOUND & TAMARAC STREET SOUTH,1,1,0,0,1,4,0,0,55,0,0,0,0,0,1,2,3
,2020-07704,39.78018253,-104.9891794,9/8/2020 9:50,9:50:00,9,0,0,I25 NORTHBOUND EXIT RAMP  TO & I70 EASTBOUND,11,1,1,1,1,8,0,0,40,0,0,0,0,0,1,1,13
,2020-07705,39.70395,-105.02508,9/8/2020 14:31,14:31:00,1,0,0,FEDERAL BOULEVARD SOUTH & EXPOSITION AVENUE WEST,11,1,1,2,1,1,0,0,40,0,0,0,0,1,2,2,7
,2020-07707,39.72553453,-104.9407909,8/28/2020 21:45,21:45:00,15,0,0,COLORADO BOULEVARD NORTH & SIXTH AVENUE EAST,1,3,0,0,1,3,0,0,35,0,0,0,0,0,2,2,14
,2020-07710,39.71464,-104.94069,8/28/2020 20:20,20:20:00,1,0,0,COLORADO BOULEVARD SOUTH & BAYAUD AVENUE EAST,11,3,0,1,1,1,0,0,35,0,0,0,0,0,2,2,13
,2020-07711,39.78368,-105.05324,9/8/2020 15:46,15:46:00,12,0,0,I70 WB EXIT RAMP  TO & SHERIDAN BOULEVARD NORTHBOUND /SB,11,1,0,1,1,4,0,0,65,0,0,0,0,0,1,2,13
,2020-07713,39.76928,-105.00529,7/17/2020 7:35,7:35:00,6,0,0,NORTH OSAGE STREET & WEST 38TH AVENUE,1,1,0,0,1,4,0,0,25,0,0,0,0,0,4,2,13
,2020-07715,39.75709,-105.01805,9/3/2020 22:38,22:38:00,3,0,0,SPEER BOULEVARD NORTH & 2700,1,4,0,0,1,2,0,0,35,0,0,0,0,1,4,2,3
,2020-07720,39.78012,-104.95297,8/23/2020 15:50,15:50:00,12,0,0,I70 WB OFF RAMP & VASQUEZ BOULEVARD NORTH,1,1,1,0,1,1,0,0,30,0,0,0,0,0,2,2,1
,2020-07722,39.76442,-104.93185,9/4/2020 13:55,13:55:00,12,0,0,3300 NORTH DAHLIA STREET & EAST 33RD AVENUE,1,1,1,0,1,2,0,0,10,0,0,0,0,0,4,2,13
,2020-07723,39.70569,-105.0251,6/21/2020 16:24,16:24:00,2,0,0,CENTER AVENUE WEST & FEDERAL BOULEVARD SOUTH,1,1,0,0,1,1,0,0,30,1,0,0,0,1,2,2,16
,2020-07725,39.65499,-104.86668,3/16/2020 20:24,20:24:00,12,0,0,HAVANA STREET SOUTH & GIRARD AVENUE WEST,1,3,0,0,1,3,0,0,45,0,0,0,0,0,2,2,13
,2020-07727,39.72568,-105.01323,1/9/2020 12:08,12:08:00,12,0,1,I25 NORTHBOUND & SIXTH AVENUE WEST,1,1,1,0,1,4,0,0,55,0,0,0,0,2,1,2,1
,2020-07729,39.68948,-105.02622,9/3/2020 23:40,23:40:00,15,0,0,3000 WEST FLORIDA AVENUE & SOUTH FEDERAL BOULEVARD,1,3,0,0,1,4,0,0,35,0,0,0,0,0,4,2,13
,2020-07730,39.77833,-104.97924,5/23/2020 6:26,6:26:00,1,0,1,I70 EASTBOUND ENTRANCE / EXIT RAMPS & WASHINGTON STREET NORTH,1,1,1,0,1,1,0,0,35,0,0,0,0,2,1,2,14
,2020-07731,39.74035,-105.05321,9/4/2020 1:03,1:03:00,3,0,1,SHERIDAN BOULEVARD NORTH & COLFAX AVENUE WEST,1,3,0,0,1,1,0,0,35,0,0,0,0,3,2,2,5
,2020-07732,39.65336696,-105.0565475,7/25/2020 23:11,23:11:00,8,0,2,5500 WEST HAMPDEN AVENUE  SOUTH FRONTAGE & SOUTH SHERIDAN BOULEVARD,1,3,0,0,1,4,0,0,35,0,0,0,0,2,4,2,5
,2020-07733,39.72383,-104.8842,2/10/2020 7:59,7:59:00,12,0,0,EAST LOWRY BOULEVARD & NORTH YOSEMITE STREET,4,1,0,0,1,3,0,0,30,0,0,0,0,0,4,2,16
,2020-07734,39.79833,-104.76269,7/11/2020 23:58,23:58:00,12,0,2,EAST 56TH AVENUE & NORTH DUNKIRK STREET,1,3,0,0,1,1,0,0,45,0,0,0,0,1,4,2,3
,2020-07735,39.73081,-105.01535,1/6/2020 6:45,6:45:00,15,0,0,I25 NORTHBOUND & MM 209,1,3,1,0,1,4,0,0,55,0,0,0,0,0,1,2,13
,2020-07736,39.75442,-104.98738,9/3/2020 14:28,14:28:00,12,0,0,NORTH BROADWAY STREET & PARK AVENUE WEST,1,1,0,0,1,3,0,0,35,0,0,0,0,0,4,2,13
,2020-07740,39.74759,-105.0239,9/5/2020 13:30,13:30:00,12,0,0,2900 WEST 20TH AVENUE & NORTH FEDERAL BOULEVARD,1,1,2,0,1,5,0,0,,0,0,0,0,0,4,2,13
,2020-07742,39.76839,-104.99482,8/13/2020 13:18,13:18:00,15,0,0,I25 & PARK AVENUE,1,1,0,0,1,4,0,0,55,0,0,0,0,0,1,2,1
,2020-07745,39.66778,-105.05326,8/22/2020 19:37,19:37:00,3,0,0,SHERIDAN BOULEVARD SOUTH & YALE AVENUE WEST,1,3,1,0,1,1,0,0,40,0,0,0,0,1,2,2,16
,2020-07749,39.78034452,-104.9410699,9/8/2020 19:00,19:00:00,5,0,0,I70 EASTBOUND & COLORADO BOULEVARD,11,2,0,2,2,4,0,0,65,0,0,0,0,0,1,1,13
,2020-07755,39.77639,-104.9498,9/8/2020 16:06,16:06:00,15,0,0,43RD AVENUE EAST & STEELE STREET NORTH,11,1,0,2,1,1,0,0,25,0,0,0,0,0,4,2,1
,2020-07756,39.71945058,-104.9985709,6/24/2020 9:50,9:50:00,15,0,0,I25 NORTHBOUND ON RAMP FROM & SANTA FE DRIVE NORTHBOUND,1,1,1,0,1,8,0,0,45,0,0,0,0,0,4,2,7
,2020-07758,39.74487,-104.98108,9/8/2020 16:49,16:49:00,3,0,0,18TH AVENUE EAST & PENNSYLVANIA STREET NORTH,11,1,1,2,1,1,0,0,30,0,0,0,0,0,4,2,13
,2020-07759,39.67842,-104.95939,8/14/2020 14:25,14:25:00,12,0,0,SOUTH UNIVERSITY BOULEVARD & EAST EVANS AVENUE,1,1,0,0,1,3,0,0,35,0,0,0,0,0,4,2,3
,2020-07760,39.67849,-104.96757,8/14/2020 18:59,18:59:00,9,0,1,EVANS AVENUE EAST & GILPIN STREET SOUTH,1,1,0,0,1,1,0,0,35,0,0,0,1,2,4,1,13
,2020-07761,39.72733,-105.05325,7/15/2020 11:15,11:15:00,3,0,0,SIXTH AVENUE EASTBOUND EXIT RAMP TO & SHERIDAN BOULEVARD NORTH,1,1,0,0,1,1,0,0,35,0,0,0,0,0,2,2,3
,2020-07762,39.76017553,-105.0092899,9/7/2020 13:23,13:23:00,6,0,0,BOULDER STREET NORTH  & 17TH AVENUE WEST,1,1,1,0,1,2,0,0,25,0,0,0,0,0,4,2,16
,2020-07763,39.76715,-105.03302,9/3/2020 8:06,8:06:00,6,0,0,37TH AVENUE & 3430 WEST,1,1,0,0,1,4,0,0,25,0,0,0,0,0,4,2,5
,2020-07767,39.72554,-105.01313,8/14/2020 12:40,12:40:00,12,0,0,I25 NORTHBOUND & SIXTH AVENUE WEST,1,1,0,0,1,4,0,0,65,0,0,0,0,0,1,3,13
,2020-07768,39.74000353,-104.9920099,8/31/2020 14:00,14:00:00,12,0,0,I25 NORTHBOUND EXIT LANE TO & SIXTH AVENUE WEST EXIT GORE POINT,1,1,0,0,1,4,0,0,65,0,0,0,0,0,1,2,3
,2020-07770,39.77842,-104.90357,8/4/2020 13:23,13:23:00,5,0,0,I70 WB EXIT  TO & NORTHFIELD QUEBEC STREET NORTH,1,1,1,0,3,4,0,1,55,0,0,0,0,0,1,1,7
,2020-07782,39.77293,-105.02523,8/14/2020 12:43,12:43:00,12,0,0,FEDERAL BOULEVARD NORTH  & 41ST AVENUE WEST,1,1,1,0,1,1,0,0,30,0,0,0,0,0,2,2,13
,2020-07783,39.71784,-104.92226,8/14/2020 14:05,14:05:00,12,0,0,NORTH HOLLY STREET & EAST FIRST AVENUE,1,1,0,0,1,3,0,0,25,0,0,0,0,0,4,2,3
,2020-07785,39.77583,-104.86574,8/14/2020 15:14,15:14:00,12,0,0,I70 WB & HAVANA STREET NORTH,1,1,0,0,1,4,0,0,55,0,0,0,0,0,1,2,3
,2020-07790,39.77074,-104.75514,7/4/2020 15:06,15:06:00,6,0,0,19900 EAST 40TH AVENUE & NORTH HIMALAYA ROAD,1,1,0,2,1,4,0,0,25,0,0,0,0,0,4,3,13
,2020-07800,39.78368,-105.05324,8/14/2020 18:32,18:32:00,9,0,0,I70 WB & SHERIDAN BOULEVARD NORTH,1,1,1,0,1,4,0,0,65,0,0,0,0,0,1,3,13
,2020-07802,39.73081,-105.01535,7/14/2020 17:04,17:04:00,12,0,0,I25 NORTHBOUND & EXIT GORE POINT TO SIXTH AVENUE WEST,1,1,0,0,1,4,0,0,65,0,0,0,0,0,1,2,1
,2020-07803,39.74034,-105.03932,8/14/2020 19:45,19:45:00,11,0,1,PERRY STREET NORTH & COLFAX AVENUE WEST,1,1,0,0,1,1,0,0,25,0,1,0,0,2,2,1,4
,2020-07805,39.71833,-104.97391,8/14/2020 14:09,14:09:00,3,0,1,NORTH CORONA STREET & EAST SPEER BOULEVARD,1,1,0,0,1,1,0,0,35,0,0,0,0,2,4,2,1
,2020-07806,39.65309,-104.92174,8/14/2020 16:26,16:26:00,12,0,0,HAMPDEN AVENUE EAST & IVANHOE STREET SOUTH,1,1,1,0,1,4,0,0,40,0,0,0,0,0,2,2,3
,2020-07811,39.76565,-104.90581,7/24/2020 7:45,7:45:00,10,0,0,7100 EAST 35TH AVENUE & NORTH POPLAR STREET,1,1,0,0,1,2,0,0,30,0,0,0,0,0,4,2,13
,2020-07814,39.75036553,-104.9819704,8/14/2020 15:44,15:44:00,3,0,0,PARK AVENUE WEST & GLENARM PLACE,1,1,0,0,1,3,0,0,25,0,0,0,0,0,4,2,13
,2020-07824,39.7311,-104.92695,8/14/2020 14:30,14:30:00,3,0,0,HALE PARKWAY EAST & NINTH AVENUE EAST,1,1,0,0,1,1,0,0,30,0,0,0,0,0,4,2,8
,2020-07827,39.72942,-105.0373,8/14/2020 17:18,17:18:00,15,0,0,NEWTON STREET NORTH  & NINTH AVENUE WEST,1,1,0,0,1,4,0,0,25,0,0,0,0,0,4,2,13
,2020-07829,39.6831,-104.94055,8/14/2020 15:54,15:54:00,12,0,0,I25 NORTHBOUND & SOUTH COLORADO BOULEVARD,1,1,1,0,1,4,0,0,60,0,0,0,0,0,1,3,16
,2020-07837,39.78381,-104.94792,8/14/2020 15:32,15:32:00,1,0,1,VASQUEZ BOULEVARD NORTH & 48TH AVENUE EAST,1,1,0,0,1,1,0,0,45,0,0,0,0,2,2,2,8
,2020-07841,39.77949412,-104.9269564,8/14/2020 13:15,13:15:00,12,0,0,I70 WB & FORREST STREET NORTH,1,1,1,0,1,4,0,0,65,0,0,0,0,0,1,2,3
,2020-07842,39.74,-104.96412,8/4/2020 18:20,18:20:00,6,0,0,COLFAX AVENUE 1900 EAST & RACE STREET,1,1,0,0,1,4,0,0,30,0,0,0,0,0,4,2,14
,2020-07843,39.77422,-104.99819,8/3/2020 10:25,10:25:00,5,0,0,42ND AVENUE WEST & INCA STREET NORTH,1,1,0,0,2,1,0,0,25,0,0,0,0,0,4,1,3
,2020-07845,39.70926,-104.98729,8/1/2020 14:35,14:35:00,6,0,0,DAKOTA AVENUE EAST  & BROADWAY STREET SOUTH,1,1,0,0,1,4,0,0,25,0,0,0,0,0,4,2,16
,2020-07846,39.78615,-104.83702,8/5/2020 19:19,19:19:00,5,0,0,ANDREWS DRIVE EAST & URSALA STREET NORTH,1,1,0,0,2,1,0,0,25,0,0,0,0,0,4,1,1
,2020-07847,39.74013,-104.94066,8/4/2020 16:58,16:58:00,12,0,0,NORTH COLORADO BOULEVARD & EAST COLFAX AVENUE,1,1,0,0,1,3,0,0,,0,0,0,0,1,4,2,14
,2020-07848,39.73518,-104.98919,8/4/2020 17:15,17:15:00,1,0,1,100 WEST 12TH AVENUE & NORTH ACOMA STREET,1,1,0,0,1,4,0,0,25,0,0,0,1,3,4,2,13
,2020-07849,39.74491,-104.99426,7/24/2020 20:15,20:15:00,12,0,0,STOUT STREET & 15TH STREET,1,3,0,0,1,1,0,0,35,0,0,0,0,0,4,2,16
,2020-07850,39.7647,-105.02138,7/24/2020 17:55,17:55:00,6,0,0,34TH AVENUE & 2731 WEST,1,1,0,0,1,4,0,0,25,0,0,0,0,0,4,2,16
,2020-07851,39.75988,-104.8908,7/27/2020 16:51,16:51:00,2,0,1,MLK BOULEVARD EAST & CENTRAL PARK BOULEVARD NORTH,1,1,0,0,1,1,0,0,30,1,0,0,0,3,4,2,13
,2020-07852,39.75143,-105.02198,8/3/2020 10:47,10:47:00,6,0,0,2300 NORTH DECATUR STREET & WEST 23RD AVENUE,1,1,1,0,1,4,0,0,25,0,0,0,0,0,4,2,14
,2020-07853,39.74746,-104.89168,8/1/2020 9:10,9:10:00,5,0,0,NORTH VALENTIA STREET & EAST MONTVIEW BOULEVARD,1,1,0,0,2,4,0,0,35,0,0,0,0,0,4,1,14
,2020-07877,39.67841,-104.94075,8/14/2020 8:02,8:02:00,1,0,0,EVANS AVENUE EAST & COLORADO BOULEVARD SOUTH,1,1,0,0,1,1,0,0,35,0,0,0,0,1,2,3,13
,2020-07891,39.62413,-104.88526,8/17/2020 13:15,13:15:00,12,0,0,SOUTH YOSEMITE STREET & EAST BELLEVIEW STREET,1,1,0,0,1,3,0,0,30,0,0,0,0,0,4,2,3
,2020-07895,39.78239,-104.84701,9/8/2020 16:12,16:12:00,3,0,0,PEORIA STREET NORTH & 47TH AVENUE EAST,11,1,0,2,1,2,0,0,15,0,0,0,0,0,4,2,14
,2020-07898,39.76056,-105.02523,8/17/2020 12:45,12:45:00,12,0,0,FEDERAL BOULEVARD NORTH  & SPEER BOULEVARD,1,1,1,0,1,3,0,0,30,0,0,0,0,0,2,2,13
,2020-07900,39.77968,-104.97916,8/17/2020 20:43,20:43:00,15,0,0,I70 WB & WASHINGTON STREET NORTH,1,1,0,0,1,4,0,0,,0,0,0,0,0,1,2,16