id,drcog_id,latitude,longitude,crashtime,time,crashtype,numbkilled,numbinjurd,drcoglocat,rdconditin,lightngcon,roadcntgrd,weatherco,location,roaddescrp,schoolzone,constrzone,splimit,bikeinv,pedinv,sctrinv,motoinv,svrty,rdsystem,ttlvehcls,hcf
,2020-07918,39.71142253,-104.9407909,8/17/2020 16:40,16:40:00,12,0,0,COLORADO BOULEVARD SOUTH & ALAMEDA AVENUE EAST,1,1,0,0,1,3,0,0,35,0,0,0,0,0,2,2,3
,2020-07938,39.71119,-105.00272,8/17/2020 10:55,10:55:00,12,0,0,ALAMEDA AVENUE WEST & 1200,1,1,0,0,1,4,0,0,30,0,0,0,0,0,2,2,16
,2020-07949,39.77302,-104.80526,8/17/2020 20:50,20:50:00,11,0,1,40TH AVENUE EAST  & ANDREWS DRIVE EAST,1,3,0,0,1,4,0,0,0,0,1,0,0,2,4,1,16
,2020-07950,39.67224,-105.05327,8/20/2020 18:26,18:26:00,1,0,1,SHERIDAN BOULEVARD SOUTH & LAKERIDGE ROAD,1,1,1,0,1,1,0,0,40,0,0,0,0,3,2,2,3
,2020-07951,39.75513553,-105.0127189,8/18/2020 11:24,11:24:00,12,0,0,I25 SOUTHBOUND & SPEER BOULEVARD,1,1,0,0,1,4,0,0,55,0,0,0,0,0,1,2,3
,2020-07953,39.74011,-105.00007,8/18/2020 11:05,11:05:00,9,0,0,COLFAX AVENUE WEST & KALAMATH STREET NORTH,1,1,0,0,1,1,0,0,30,0,0,0,0,0,2,3,1
,2020-07954,39.72748753,-105.0186904,8/21/2020 10:00,10:00:00,12,0,0,NORTH BRYANT STREET & WEST SEVENTH AVENUE,1,1,0,0,1,3,0,0,30,0,0,0,0,0,4,2,13
,2020-07956,39.71139,-104.91765,8/18/2020 10:30,10:30:00,12,0,0,EAST ALAMEDA AVENUE & SOUTH KEARNEY STREET,1,1,0,0,1,3,0,0,35,0,0,0,0,0,4,2,13
,2020-07957,39.68747354,-104.9407819,8/21/2020 12:33,12:33:00,12,0,0,COLORADO BOULEVARD SOUTH  & IOWA AVENUE WEST,1,1,1,0,1,1,0,0,30,0,0,0,0,0,2,2,13
,2020-07958,39.77125,-104.90235,8/18/2020 11:06,11:06:00,15,0,0,QUEBEC STREET NORTH  & SMITH ROAD,1,1,0,0,1,4,0,0,35,0,0,0,0,0,4,2,13
,2020-07959,39.72908,-104.97409,8/18/2020 12:30,12:30:00,15,0,0,1000 EAST EIGHTH AVENUE & NORTH DOWNING STREET,1,1,0,0,1,4,0,0,30,0,0,0,0,0,4,2,13
,2020-07960,39.71653,-104.98088,8/17/2020 8:30,8:30:00,6,0,0,500 EAST ELLSWORTH AVENUE & SOUTH PEARL STREET,1,1,0,0,1,4,0,0,25,0,0,0,0,0,4,2,16
,2020-07961,39.73688,-104.97988,8/21/2020 13:45,13:45:00,12,0,0,EAST 13TH AVENUE & NORTH PEARL STREET,1,1,0,0,1,3,0,0,35,0,0,0,0,0,4,2,13
,2020-07962,39.72261,-104.9826,8/18/2020 9:35,9:35:00,3,0,0,SPEER BOULEVARD EAST & LOGAN STREET NORTH,1,1,0,0,1,1,0,0,30,0,0,0,0,0,4,2,8
,2020-07963,39.72911,-104.95903,8/17/2020 19:44,19:44:00,8,0,1,EAST EIGHTH AVENUE & NORTH JOSEPHINE STREET,1,3,0,0,1,1,0,0,,0,0,0,1,1,4,2,3
,2020-07965,39.73686,-104.99647,8/21/2020 12:10,12:10:00,3,0,0,NORTH SPEER BOULEVARD & WEST 13TH AVENUE,1,1,0,0,1,1,0,0,35,0,0,0,0,0,4,2,8
,2020-07966,39.79828,-104.87548,8/21/2020 15:03,15:03:00,12,0,0,9500 EAST 56TH AVENUE & NORTH DALLAS STREET,1,1,0,0,1,4,0,0,40,0,0,0,0,0,4,2,3
,2020-07967,39.77704,-104.88003,8/21/2020 16:22,16:22:00,12,0,0,I70 WB & I270 WB,1,1,0,0,1,4,0,0,55,0,0,0,0,0,1,3,3
,2020-07968,39.72911,-104.96019,8/18/2020 6:03,6:03:00,3,0,1,EAST EIGHTH AVENUE & NORTH YORK STREET,1,1,0,0,1,1,0,0,30,0,0,0,0,2,4,2,13
,2020-07969,39.73387,-104.99351,8/18/2020 8:00,8:00:00,12,0,0,WEST 11TH AVENUE & NORTH SPEER BOULEVARD,1,1,0,0,1,1,0,0,25,0,0,0,0,0,4,2,14
,2020-07970,39.78378,-104.94052,8/21/2020 9:50,9:50:00,15,0,0,EAST 48TH AVENUE & NORTH COLORADO BOULEVARD,1,1,0,0,1,1,0,0,25,0,0,0,0,0,4,2,7
,2020-07971,39.67943,-104.9316,8/21/2020 13:37,13:37:00,12,0,0,DAHLIA STREET NORTH  & PACIFIC PLACE,1,1,0,0,1,2,0,0,25,0,0,0,0,0,4,2,13
,2020-07973,39.72548053,-105.0130699,8/18/2020 10:40,10:40:00,12,0,3,I25 & SIXTH AVENUE WEST,1,1,0,0,1,4,0,0,55,0,0,0,0,1,1,3,13
,2020-07974,39.78236,-104.86582,8/18/2020 14:11,14:11:00,12,0,0,NORTH HAVANA STREET & EAST 47TH AVENUE,1,1,0,0,1,1,0,0,45,0,0,0,0,0,4,2,13
,2020-07975,39.67846,-104.91281,8/21/2020 10:52,10:52:00,12,0,0,EAST EVANS AVENUE & SOUTH MONACO STREET,1,1,0,0,1,4,0,0,35,0,0,0,0,0,4,2,13
,2020-07977,39.62378,-104.90141,8/18/2020 8:30,8:30:00,5,0,0,I25 NORTHBOUND & BELLEVIEW AVENUE EAST,1,1,0,0,1,4,0,0,65,0,0,0,0,0,1,2,14
,2020-07979,39.72554,-105.01313,8/21/2020 14:02,14:02:00,12,0,0,I25 NORTHBOUND ON RAMP & SIXTH AVENUE WEST,1,1,1,0,1,8,0,0,55,0,0,0,0,0,1,2,13
,2020-07980,39.72911,-104.94291,8/21/2020 12:59,12:59:00,3,0,0,EIGHTH AVENUE EAST & JACKSON STREET NORTH,1,1,0,0,1,1,0,0,30,0,0,0,0,0,4,2,14
,2020-07981,39.68207,-104.90821,8/17/2020 17:50,17:50:00,12,0,0,SOUTH ONEIDA STREET & EAST JEWELL AVENUE,1,1,0,0,1,3,0,0,25,0,0,0,0,0,4,2,3
,2020-07982,39.78260803,-104.9985394,8/21/2020 10:30,10:30:00,12,0,0,I70 EASTBOUND & MM 274,1,1,0,0,1,4,0,0,65,0,0,0,0,0,1,3,16
,2020-07984,39.78011,-104.98956,8/21/2020 13:38,13:38:00,12,0,0,I25 SOUTHBOUND & I70,1,1,0,0,1,4,0,0,55,0,0,0,0,0,1,4,3
,2020-07985,39.71706,-104.97722,8/18/2020 1:10,1:10:00,6,0,0,25 NORTH EMERSON STREET & EAST ELLSWORTH AVENUE,1,3,0,0,1,4,0,0,25,0,0,0,0,0,4,4,2
,2020-07986,39.68224,-105.02979,8/20/2020 18:33,18:33:00,3,0,0,WEST JEWELL AVENUE & SOUTH IRVING STREET,1,1,0,0,1,1,0,0,30,0,0,0,0,0,4,2,16
,2020-07987,39.75199,-104.97696,8/21/2020 12:31,12:31:00,3,0,0,EAST 24TH AVENUE & NORTH CLARKSON STREET,1,1,0,0,1,1,0,0,25,0,0,0,0,0,4,2,13
,2020-07988,39.7794,-104.97915,8/14/2020 18:09,18:09:00,15,0,0,I70 EASTBOUND ENTRANCE RAMP  FROM & WASHINGTON STREET NORTH,1,1,0,0,1,8,0,0,55,0,0,0,0,0,1,2,13
,2020-07989,39.71498,-105.02509,7/9/2020 13:35,13:35:00,11,1,0,FEDERAL BOULEVARD SOUTH & BAYAUD AVENUE,1,1,1,0,1,4,0,0,0,0,1,0,0,4,2,1,16
,2020-07990,39.75808,-105.02131,8/21/2020 12:19,12:19:00,2,0,0,SPEER BOULEVARD NORTH & 2899,1,1,0,0,1,2,0,0,0,1,0,0,0,0,4,2,16
,2020-07991,39.71111,-104.97456,8/18/2020 5:35,5:35:00,3,0,0,EAST ALAMEDA AVENUE & SOUTH CORONA STREET,1,3,0,0,1,1,0,0,25,0,0,0,0,1,4,2,1
,2020-07993,39.72548053,-105.0130699,8/21/2020 15:21,15:21:00,12,0,0,I25 & SIXTH AVENUE WEST,1,1,0,0,1,4,0,0,55,0,0,0,0,0,1,2,13
,2020-07994,39.72931453,-105.0148294,8/21/2020 15:20,15:20:00,12,0,0,I25 NORTHBOUND & EIGHTH AVENUE,1,1,0,0,1,4,0,0,55,0,0,0,0,0,1,2,13
,2020-07995,39.69318,-105.05319,8/6/2020 20:45,20:45:00,1,0,0,SOUTH SHERIDAN BOULEVARD & WEST LOUISIANA AVENUE,1,3,0,0,1,1,0,0,40,0,0,0,0,0,4,2,16
,2020-07996,39.77373,-104.81827,8/21/2020 11:53,11:53:00,12,0,0,14800 EAST ANDREWS DRIVE & NORTH EUGENE WAY,1,1,0,0,1,4,0,0,25,0,0,0,0,0,4,2,3
,2020-07997,39.78327,-105.00643,8/21/2020 9:15,9:15:00,12,0,0,PECOS STREET NORTH & I70 EASTBOUND ENTRANCE RAMP,1,1,0,0,1,6,0,0,20,0,0,0,0,0,4,2,13
,2020-07998,39.73688,-104.97988,8/18/2020 7:50,7:50:00,12,0,0,EAST 13TH AVENUE & NORTH PEARL STREET,1,1,0,0,1,1,0,0,30,0,0,0,1,1,4,2,14
,2020-07999,39.72413,-104.95946,8/20/2020 15:00,15:00:00,12,0,0,NORTH UNIVERSITY BOULEVARD & EAST FIFTH AVENUE,1,1,0,0,1,3,0,0,30,0,0,0,0,1,4,2,3
,2020-08000,39.67846,-104.93339,8/21/2020 14:25,14:25:00,12,0,0,4600 EAST EVANS AVENUE & SOUTH DEXTER STREET,1,1,0,0,1,4,0,0,30,0,0,0,0,0,4,2,13
,2020-08001,39.73846,-104.99764,8/17/2020 21:22,21:22:00,10,0,0,SPEER BOULEVARD NORTH & 14TH AVENUE WEST,1,3,0,0,1,1,0,0,45,0,0,0,0,0,4,2,8
,2020-08003,39.75118453,-105.0369694,8/20/2020 23:41,23:41:00,5,0,0,23RD AVENUE WEST & NEWTON STREET NORTH,1,3,0,0,3,1,0,0,25,0,0,0,0,0,4,1,14
,2020-08004,39.78433153,-105.0250894,8/13/2020 6:25,6:25:00,15,0,0,I70 WB & FEDERAL BOULEVARD NORTH,1,1,1,0,1,4,0,0,65,0,0,0,0,0,1,2,1
,2020-08005,39.78260803,-104.9985394,8/21/2020 5:55,5:55:00,12,0,0,I70 WB & MM 280,1,1,0,0,1,4,0,0,65,0,0,0,0,0,1,5,3
,2020-08006,39.65304,-104.93282,8/21/2020 15:50,15:50:00,12,0,0,HAMPDEN AVENUE EAST  & DAHLIA STREET SOUTH,1,1,0,0,1,3,0,0,35,0,0,0,0,0,2,2,3
,2020-08007,39.70024,-104.94068,8/21/2020 10:02,10:02:00,12,0,0,COLORADO BOULEVARD  & OHIO AVENUE EAST,1,1,0,0,1,3,0,0,35,0,0,0,0,0,2,3,13
,2020-08008,39.77401,-104.84703,8/18/2020 16:36,16:36:00,12,0,0,I70 EASTBOUND & PEORIA STREET NORTH,1,1,0,0,1,4,0,0,55,0,0,0,0,0,1,2,13
,2020-08009,39.67851,-104.97343,8/21/2020 5:37,5:37:00,3,0,0,EVANS AVENUE EAST & DOWNING STREET SOUTH,1,1,0,0,1,1,0,0,30,0,0,0,0,0,4,2,13
,2020-08010,39.74559,-104.99515,8/18/2020 15:33,15:33:00,2,0,0,15TH STREET & CHAMPA STREET,1,1,0,0,1,5,0,0,25,1,0,0,0,1,4,2,8
,2020-08011,39.68863,-105.02029,7/20/2020 2:23,2:23:00,12,0,0,CLAY STREET SOUTH  & FLORIDA AVENUE WEST,1,3,0,0,1,3,0,0,25,0,0,0,0,0,4,2,13
,2020-08012,39.76927,-105.02052,8/10/2020 11:55,11:55:00,1,0,0,WEST 68TH AVENUE & NORTH CLAY STREET,1,1,0,0,1,1,0,0,30,0,0,0,0,0,4,2,13
,2020-08013,39.63838,-105.04886,8/13/2020 8:50,8:50:00,5,0,1,WOLFF STREET & 4306 SOUTH,1,1,0,0,3,2,0,0,35,0,0,0,0,2,4,1,2
,2020-08014,39.71117054,-105.0191989,8/20/2020 17:21,17:21:00,6,0,0,CANOSA COURT SOUTH  & ALAMEDA AVENUE WEST,1,1,0,0,1,4,0,0,25,0,0,0,0,0,2,2,16
,2020-08015,39.76746,-104.90345,8/10/2020 13:00,13:00:00,15,0,0,NORTH QUEBEC STREET & EAST 36TH AVENUE,1,1,0,0,1,3,0,0,40,0,0,0,0,1,4,2,13
,2020-08016,39.71529253,-104.9591194,8/18/2020 12:09,12:09:00,15,0,0,SOUTH UNIVERSITY BOULEVARD & CHERRY CREEK DRIVE NORTH,1,1,0,0,1,1,0,0,30,0,0,0,0,0,4,2,13
,2020-08017,39.77728,-104.88278,8/21/2020 5:55,5:55:00,12,0,0,I70 WB & CENTRAL PARK BOULEVARD NORTH,1,2,0,0,1,4,0,0,55,0,0,0,0,0,1,3,13
,2020-08018,39.72254,-104.94738,8/10/2020 16:00,16:00:00,6,0,0,FOURTH AVENUE EAST & COOK STREET NORTH,1,1,0,0,1,4,0,0,25,0,0,0,0,0,4,2,3
,2020-08019,39.76929,-105.0112,8/21/2020 16:20,16:20:00,3,0,0,TEJON STREET NORTH & 38TH AVENUE WEST,1,1,0,0,1,1,0,0,30,0,0,0,0,0,4,2,16
,2020-08020,39.67846,-104.91281,8/20/2020 10:15,10:15:00,12,0,0,EAST EVANS AVENUE & SOUTH MONACO STREET,1,1,0,0,1,3,0,0,35,0,0,0,0,0,4,2,10
,2020-08021,39.75602,-105.02527,8/18/2020 13:15,13:15:00,12,0,0,FEDERAL BOULEVARD NORTH & 27TH AVENUE WEST,1,1,0,0,1,4,0,0,35,0,0,0,0,0,2,3,16
,2020-08022,39.66774,-105.08146,8/21/2020 17:41,17:41:00,12,0,0,WADSWORTH BOULEVARD SOUTH & YALE AVENUE WEST,1,1,0,0,1,4,0,0,40,0,0,0,0,1,2,2,7
,2020-08023,39.73688,-104.97988,8/12/2020 18:10,18:10:00,12,0,0,NORTH PEARL STREET & EAST 13TH AVENUE,1,1,0,0,1,3,0,0,25,0,0,0,0,0,4,2,16
,2020-08024,39.76094953,-105.0043309,8/13/2020 7:45,7:45:00,12,0,1,I25 & 20TH STREET WEST,1,1,0,0,1,4,0,0,55,0,0,0,0,1,1,4,4
,2020-08025,39.79099151,-104.7961295,8/20/2020 18:37,18:37:00,6,0,0,EAST 53RD PLACE & NORTH MEMPHIS PLACE,1,1,0,0,1,4,0,0,15,0,0,0,0,0,4,2,7
,2020-08026,39.75107,-104.98289,8/7/2020 20:30,20:30:00,15,0,0,PARK AVENUE WEST & WELTON STREET,1,2,0,0,1,4,0,0,30,0,0,0,0,0,4,2,1
,2020-08027,39.75651,-104.9406,8/18/2020 16:42,16:42:00,3,0,0,COLORADO BOULEVARD NORTH & 28TH AVENUE EAST,1,1,0,0,1,1,0,0,35,0,0,0,0,1,2,2,13
,2020-08028,39.65086,-105.05308,8/20/2020 19:12,19:12:00,12,0,0,3600 SOUTH SHERIDAN BOULEVARD & WEST HAMPDEN AVENUE FRONTAGE ROAD,1,1,1,0,1,1,0,0,40,0,0,0,0,1,4,2,13
,2020-08029,39.73204,-104.97064,8/20/2020 19:07,19:07:00,6,0,0,EAST 10TH AVENUE & NORTH LAFAYETTE STREET,1,3,0,0,1,4,0,0,25,0,0,0,0,0,4,3,8
,2020-08030,39.67262,-104.86822,8/7/2020 14:00,14:00:00,12,0,0,PARKER ROAD SOUTH & HARVARD AVENUE EAST,1,1,0,0,1,1,0,0,35,0,0,0,0,1,2,2,5
,2020-08031,39.76416,-104.94094,8/12/2020 23:44,23:44:00,5,0,0,COLORADO BOULEVARD NORTH & 3375,1,3,1,0,3,2,0,0,45,0,0,0,0,0,2,1,3
,2020-08032,39.72912,-104.94399,8/20/2020 16:23,16:23:00,10,0,0,EAST EIGHTH AVENUE & NORTH GARFIELD STREET,1,1,0,0,1,1,0,0,35,0,0,0,0,0,4,2,1
,2020-08034,39.63908442,-105.0503313,8/13/2020 8:51,8:51:00,10,0,0,QUINCY & 5600 WEST,1,1,0,0,1,1,0,0,35,0,0,0,0,0,4,2,13
,2020-08035,39.78,-104.95932,8/10/2020 6:20,6:20:00,9,0,0,I70 EASTBOUND & YORK STREET NORTH,1,1,0,0,1,4,0,0,55,0,0,0,0,1,1,3,16
,2020-08036,39.67846,-104.90723,8/12/2020 16:10,16:10:00,12,0,0,EVANS AVENUE & 6900 EAST,1,1,0,0,1,4,0,0,35,0,0,0,0,0,4,2,3
,2020-08037,39.76094953,-105.0043309,8/21/2020 16:47,16:47:00,12,0,0,I25 NORTHBOUND ON RAMP & 20TH STREET,1,1,0,1,1,8,0,0,45,0,0,0,0,0,1,2,13
,2020-08038,39.65310254,-104.8987384,8/12/2020 19:00,19:00:00,12,0,0,HAMPDEN AVENUE EAST & TAMARAC STREET SOUTH,1,1,0,0,1,1,0,0,35,0,0,0,0,0,2,2,3
,2020-08039,39.72958,-104.94069,8/12/2020 22:11,22:11:00,12,0,0,COLORADO BOULEVARD NORTH  & EIGHTH AVENUE EAST,1,3,0,0,1,3,0,0,35,0,0,0,0,0,2,2,3
,2020-08040,39.74044,-105.01416,8/18/2020 16:57,16:57:00,12,0,0,I25 SOUTHBOUND & COLFAX AVENUE WEST,1,1,0,0,1,4,0,0,55,0,0,0,0,0,1,2,1
,2020-08041,39.74152,-105.03308,8/8/2020 18:49,18:49:00,2,0,0,CONEJOS PLACE WEST & KING STREET NORTH,1,2,0,0,1,1,0,0,35,1,0,0,0,0,4,2,3
,2020-08042,39.69837,-104.98714,8/20/2020 20:55,20:55:00,1,0,0,BROADWAY STREET SOUTH  & TENNESSEE AVENUE EAST,1,3,0,0,1,1,0,0,45,0,0,0,0,0,4,2,13
,2020-08043,39.77662753,-105.0252109,8/21/2020 7:50,7:50:00,1,0,0,NORTH FEDERAL BOULEVARD & WEST 44TH AVENUE,1,1,0,0,1,1,0,0,35,0,0,0,0,0,4,2,13
,2020-08044,39.61441,-105.0913,8/18/2020 13:50,13:50:00,12,0,0,WADSWORTH BOULEVARD SOUTH & CROSS DRIVE WEST,1,1,0,0,1,3,0,0,40,0,0,0,0,0,2,2,3
,2020-08045,39.76138,-104.97212,8/12/2020 17:00,17:00:00,6,0,0,3100 NORTH MARION STREET & NORTH MARION STREET / NORTH LAFAYETTE STREET ALLEY,1,4,0,0,1,5,0,0,15,0,0,0,0,0,4,2,16
,2020-08046,39.69113,-104.97224,8/8/2020 19:47,19:47:00,5,0,0,ARKANSAS AVENUE EAST & MARION STREET SOUTH,1,2,0,0,3,1,0,0,30,0,0,0,0,0,4,1,1
,2020-08048,39.77325,-104.76698,8/21/2020 5:20,5:20:00,6,0,0,18900 EAST 43RD AVENUE & BISCAY STREET,1,3,0,0,1,4,0,0,25,0,0,0,0,0,4,2,3
,2020-08049,39.71134,-104.92138,8/12/2020 17:30,17:30:00,10,0,1,5600 EAST ALAMEDA AVENUE & SOUTH HOLLY STREET,1,1,0,0,1,3,0,0,35,0,0,0,0,0,4,2,8
,2020-08050,39.74016,-104.9128,8/18/2020 13:17,13:17:00,3,0,0,MONACO STREET NORTH & COLFAX AVENUE EAST,1,1,0,0,1,1,0,0,35,0,0,0,0,1,2,2,14
,2020-08051,39.67845,-104.99336,8/8/2020 14:29,14:29:00,12,0,0,SANTA FE DRIVE SOUTH & EVANS AVENUE WEST,1,1,1,0,1,4,0,0,20,0,0,0,0,0,2,2,14
,2020-08052,39.74483,-104.96845,8/10/2020 9:20,9:20:00,2,0,0,FRANKLIN STREET NORTH & 18TH AVENUE EAST,1,1,0,0,1,1,0,0,25,1,0,0,0,0,4,2,13
,2020-08053,39.74281,-104.97213,8/20/2020 18:25,18:25:00,3,0,0,NORTH MARION STREET & PARK AVENUE,1,1,0,0,1,1,0,0,30,0,0,0,0,0,4,2,8
,2020-08054,39.65311,-104.89876,8/12/2020 21:35,21:35:00,1,0,0,HAMPDEN AVENUE EAST & TAMARAC STREET SOUTH,1,3,0,0,1,1,0,0,35,0,0,0,0,0,2,2,13
,2020-08055,39.79839,-104.78638,8/16/2020 20:10,20:10:00,1,0,0,EAST 56TH AVENUE & PENA BOULEVARD INBOUND,1,4,0,0,1,1,0,0,30,0,0,0,0,0,4,2,13
,2020-08056,39.74011,-105.00007,8/13/2020 2:30,2:30:00,3,0,0,KALAMATH STREET NORTH & COLFAX AVENUE WEST,1,3,0,0,1,1,0,0,35,0,0,0,0,0,2,2,13
,2020-08058,39.71311849,-104.9996956,8/13/2020 7:24,7:24:00,15,0,0,I25 NORTHBOUND & CEDAR AVENUE WEST,1,1,0,0,1,4,0,0,55,0,0,0,0,0,1,3,1
,2020-08059,39.68758,-104.99206,8/11/2020 7:20,7:20:00,1,0,0,SANTA FE DRIVE SOUTH & IOWA AVENUE WEST,1,1,0,0,1,1,0,0,35,0,0,0,0,0,2,2,3
,2020-08060,39.75323,-104.96964,8/12/2020 19:46,19:46:00,6,0,0,EAST 25TH AVENUE & NORTH HUMBOLDT STREET,1,3,0,0,1,4,0,0,25,0,0,0,0,0,4,2,3
,2020-08061,39.74812453,-105.0042589,8/21/2020 20:09,20:09:00,5,0,0,AURARIA PARKWAY & 12TH STREET,1,4,1,0,3,4,0,0,35,0,0,0,0,1,4,1,5
,2020-08062,39.70586,-104.92697,8/16/2020 21:45,21:45:00,6,0,0,500 SOUTH FOREST STREET & LEESTDALE DRIVE,1,3,0,0,1,4,0,0,30,0,0,0,0,0,4,2,5
,2020-08063,39.77289,-104.96594,8/18/2020 12:40,12:40:00,3,0,0,WILLIAMS STREET NORTH & 40TH STREET EAST,1,1,0,0,1,1,0,0,25,0,0,0,0,0,4,2,13
,2020-08064,39.67678,-105.03584,8/16/2020 21:30,21:30:00,6,0,0,2200 SOUTH MEADE STREET & WEST ILIFF AVENUE,1,1,1,0,1,4,0,0,25,0,0,0,0,0,4,2,16
,2020-08065,39.77583,-104.86574,8/11/2020 11:30,11:30:00,3,0,0,HAVANA STREET NORTH & I70 WB EXIT RAMP,1,1,0,0,1,1,0,0,35,0,0,0,0,0,1,2,7
,2020-08067,39.74506,-104.98741,8/16/2020 12:50,12:50:00,11,0,2,18TH STREET & BROADWAY STREET NORTH,1,1,0,0,1,1,0,0,0,0,0,1,0,2,4,1,16
,2020-08068,39.74005,-104.98358,8/16/2020 14:48,14:48:00,10,0,0,NORTH GRANT STREET & EAST COLFAX AVENUE,1,1,0,0,1,1,0,0,30,0,0,0,0,0,4,2,3
,2020-08069,39.73045,-104.9874,8/11/2020 14:39,14:39:00,3,0,0,WEST NINTH AVENUE & NORTH BROADWAY STREET,1,1,0,0,1,1,0,0,30,0,0,0,0,0,4,2,13
,2020-08070,39.77988,-104.96717,8/11/2020 9:37,9:37:00,5,0,0,I70 EASTBOUND ENTRANCE RAMP  FROM & BRIGHTON BOULEVARD NORTH,1,1,0,0,3,8,0,0,35,0,0,0,0,1,1,1,13
,2020-08071,39.77803,-104.84703,8/16/2020 22:22,22:22:00,1,0,4,EAST 45TH AVENUE & NORTH PEORIA AT,1,3,0,0,1,1,0,0,35,0,0,0,0,3,4,2,7
,2020-08072,39.70687,-104.87785,8/17/2020 10:58,10:58:00,15,0,0,9400 EAST CENTER AVENUE & SOUTH CLINTON STREET,1,1,0,0,1,4,0,0,25,0,0,0,0,1,4,2,15
,2020-08073,39.72548053,-105.0130699,8/17/2020 8:08,8:08:00,15,0,0,I25 SOUTHBOUND ON RAMP & SIXTH AVENUE EASTBOUND OFF RAMP MERGE POINT,1,1,1,0,1,8,0,0,65,0,0,0,0,0,1,2,13
,2020-08074,39.70651,-104.91983,8/11/2020 9:44,9:44:00,3,0,0,LEETSDALE DRIVE & JERSEY STREET SOUTH,1,1,0,0,1,1,0,0,25,0,0,0,0,0,2,2,13
,2020-08075,39.71473,-104.98094,8/16/2020 21:30,21:30:00,6,0,0,500 EAST BAYAUD AVENUE & SOUTH PENNSYLVANIA STREET,1,1,0,0,1,4,0,0,25,0,0,0,0,0,4,2,16
,2020-08076,39.77421,-104.84704,8/17/2020 8:00,8:00:00,12,0,0,I70 WB & PEORIA STREET NORTH,1,1,0,0,1,4,0,0,55,0,0,0,0,1,1,4,13
,2020-08077,39.65304,-104.93169,8/17/2020 9:50,9:50:00,1,0,0,DAHLIA STREET SOUTH & COLFAX AVENUE EAST,1,1,0,0,1,1,0,0,35,0,0,0,0,0,2,2,13
,2020-08078,39.73686,-104.97414,8/10/2020 14:45,14:45:00,3,0,0,EAST 13TH AVENUE & NORTH CORONA STREET,1,1,0,0,1,1,0,0,30,0,0,0,0,0,4,3,13
,2020-08079,39.78738252,-104.9449399,8/11/2020 0:46,0:46:00,5,0,0,EAST 50TH AVENUE & NORTH VASQUEZ FRONTAGE ROAD,1,4,3,0,4,1,0,0,30,0,0,0,0,0,4,1,1
,2020-08080,39.74479,-104.98921,8/11/2020 13:30,13:30:00,15,0,0,17TH STREET & GLENARM PLACE,1,1,0,0,1,1,0,0,30,0,0,0,0,0,4,2,13
,2020-08081,39.77071,-105.05208,8/17/2020 8:32,8:32:00,6,0,0,ZENOBIA STREET & 3800 NORTH,1,1,0,0,1,4,0,0,25,0,0,0,0,0,4,2,3
,2020-08082,39.73537,-104.97955,7/30/2020 22:30,22:30:00,6,0,0,PEARL STREET NORTH  & 13TH AVENUE EAST,1,3,0,0,1,2,0,0,25,0,0,0,0,0,4,2,16
,2020-08083,39.74000353,-104.9920099,8/18/2020 13:55,13:55:00,12,0,0,I70 WB ENTRANCE RAMP FROM & I225 NORTHBOUND,1,1,0,0,1,8,0,0,65,0,0,0,0,0,1,2,4
,2020-08084,39.72931453,-105.0148294,8/11/2020 18:22,18:22:00,12,0,0,I25 NORTHBOUND & EIGHTH AVENUE WEST,1,1,1,0,1,4,0,0,55,0,0,0,0,0,1,2,7
,2020-08085,39.7818,-104.73703,8/11/2020 11:05,11:05:00,15,0,0,GREEN VALLEY RANCH BOULEVARD EAST & ORLEANS STREET NORTH,1,1,0,0,1,3,0,0,40,0,0,0,0,1,4,2,1
,2020-08086,39.77856252,-104.9034184,8/12/2020 14:30,14:30:00,3,0,0,QUEBEC STREET NORTH & I70 EASTBOUND ENTRANCE / EXIT RAMPS,1,1,0,0,1,1,0,0,35,0,0,0,0,0,2,2,13
,2020-08087,39.67842,-104.95939,8/17/2020 1:23,1:23:00,3,0,0,EAST EVANS AVENUE & SOUTH UNIVERSITY BOULEVARD,1,3,0,0,1,1,0,0,30,0,0,0,0,0,4,2,13
,2020-08088,39.70898,-104.87538,8/10/2020 18:05,18:05:00,12,0,0,EAST ALAMEDA AVENUE & SOUTH DAYTON STREET,1,1,0,0,1,1,0,0,35,0,0,0,0,0,4,2,3
,2020-08089,39.77759052,-104.8347619,8/16/2020 20:47,20:47:00,3,0,0,ANAHEIM COURT NORTH  & ALBROOK DRIVE EAST,1,3,0,0,1,3,0,0,35,0,0,0,0,0,4,2,1
,2020-08090,39.76809081,-104.9406513,8/11/2020 16:44,16:44:00,3,0,1,COLORADO BOULEVARD 4700 NORTH & I70 WB OFF RAMP,1,1,0,0,1,1,0,0,35,0,0,0,0,1,4,2,3
,2020-08091,39.72928754,-105.0251884,8/16/2020 14:21,14:21:00,12,0,2,SIXTH AVENUE WB & FEDERAL BOULEVARD NORTH,1,1,0,0,1,4,0,0,45,0,0,0,0,2,2,2,13
,2020-08092,39.74559,-104.99515,8/12/2020 15:40,15:40:00,10,0,0,15TH STREET & CHAMPA STREET,1,1,0,0,1,1,0,0,25,0,0,0,0,0,4,2,8
,2020-08093,39.73764,-104.9874,8/16/2020 14:05,14:05:00,6,0,0,BROADWAY STREET NORTH  & 13TH AVENUE EAST,1,1,0,0,1,4,0,0,30,0,0,0,0,0,4,2,1