id,drcog_id,latitude,longitude,crashtime,time,crashtype,numbkilled,numbinjurd,drcoglocat,rdconditin,lightngcon,roadcntgrd,weatherco,location,roaddescrp,schoolzone,constrzone,splimit,bikeinv,pedinv,sctrinv,motoinv,svrty,rdsystem,ttlvehcls,hcf
,2020-08094,39.77714,-104.88298,8/17/2020 5:20,5:20:00,15,0,0,I70 EASTBOUND EXIT RAMP  TO & CENTRAL PARK BOULEVARD NORTH,1,2,0,0,1,4,0,0,65,0,0,0,0,0,1,2,13
,2020-08095,39.74379,-104.90346,8/11/2020 14:50,14:50:00,12,0,0,EAST 17TH AVENUE & NORTH QUEBEC STREET,1,1,0,0,1,4,0,0,30,0,0,0,0,0,4,2,1
,2020-08096,39.69113,-104.94065,8/13/2020 13:35,13:35:00,12,0,0,COLORADO BOULEVARD SOUTH  & ARKANSAS DRIVE EAST,1,1,0,0,1,4,0,0,35,0,0,0,0,0,2,2,16
,2020-08097,39.73677,-104.94618,8/11/2020 6:35,6:35:00,3,0,0,EAST 13TH AVENUE & NORTH MADISON STREET,1,1,0,0,1,1,0,0,25,0,0,0,0,0,4,2,13
,2020-08098,39.69478,-104.95934,8/11/2020 7:40,7:40:00,8,0,1,EAST ARIZONA AVENUE & SOUTH UNIVERSITY BOULEVARD,1,1,0,0,1,1,0,0,25,0,0,0,0,2,4,2,16
,2020-08099,39.66407,-105.05325,8/10/2020 13:01,13:01:00,12,0,0,SHERIDAN BOULEVARD SOUTH  & BATES AVENUE WEST,1,1,1,0,1,3,0,0,30,0,0,0,0,1,2,2,13
,2020-08100,39.65321954,-104.9183404,8/17/2020 1:20,1:20:00,15,0,0,I25 SOUTHBOUND & HAMPDEN AVENUE EAST,1,3,0,0,1,4,0,0,,0,0,0,0,0,1,2,13
,2020-08101,39.72373,-105.03126,8/10/2020 21:08,21:08:00,6,0,0,400 NORTH JULLIAN STREET & WEST FOURTH AVENUE,1,3,0,0,1,4,0,0,25,0,0,0,0,1,4,2,5
,2020-08102,39.78004,-104.98919,8/17/2020 8:13,8:13:00,12,0,0,I25 NORTHBOUND EXIT RAMP [SPLIT]  TO & I70 EASTBOUND / WB,1,1,0,0,1,8,0,0,55,0,0,0,0,0,1,2,1
,2020-08103,39.67866,-105.0192,8/10/2020 16:01,16:01:00,1,0,0,2600 WEST EVANS AVENUE & SOUTH CLAY STREET,1,1,0,0,1,2,0,0,30,0,0,0,0,0,4,2,13
,2020-08104,39.77025553,-104.9719579,8/13/2020 15:20,15:20:00,12,0,0,1400 EAST 38TH STREET & WALNUT STREET,1,1,0,0,1,4,0,0,30,0,0,0,0,0,4,2,14
,2020-08105,39.72554,-105.01313,8/11/2020 15:23,15:23:00,12,0,1,I25 NORTHBOUND & SIXTH AVENUE WEST,1,1,1,0,1,4,0,0,55,0,0,0,0,1,1,3,7
,2020-08106,39.63324,-104.90632,8/10/2020 10:55,10:55:00,12,0,0,I225 SOUTHBOUND & I25 NORTHBOUND / SOUTHBOUND [SPLIT]  TO,1,1,0,0,1,4,0,0,55,0,0,0,0,1,1,5,13
,2020-08107,39.72564,-104.98744,8/11/2020 12:27,12:27:00,11,0,1,BROADWAY STREET NORTH & SIXTH AVENUE EAST,1,1,0,0,1,1,0,0,35,0,1,0,0,2,4,1,13
,2020-08108,39.78012,-104.95297,8/17/2020 10:15,10:15:00,5,0,0,I70 WB ENTRANCE RAMP  FROM & VASQUEZ BOULEVARD NORTH,1,1,0,0,1,4,0,0,65,0,0,0,0,0,1,2,13
,2020-08109,39.67843,-104.95651,8/13/2020 15:39,15:39:00,3,0,0,COLUMBINE STREET SOUTH & EVANS AVENUE EAST EAST,1,1,0,0,1,1,0,0,25,0,0,0,0,0,4,2,7
,2020-08110,39.74824,-104.98647,8/11/2020 16:35,16:35:00,12,0,0,20TH STREET & WELTON STREET,1,1,1,0,1,3,0,0,30,0,0,0,0,0,4,2,13
,2020-08113,39.77562,-104.86574,8/13/2020 14:46,14:46:00,12,0,0,I70 EASTBOUND & HAVANA STREET NORTH,1,1,0,0,1,4,0,0,55,0,0,0,0,0,1,2,16
,2020-08117,39.72561,-104.93271,8/17/2020 11:30,11:30:00,15,0,0,4700 EAST SIXTH AVENUE & NORTH DAHLIA STREET,1,1,0,0,1,4,0,0,25,0,0,0,0,0,4,2,13
,2020-08119,39.70255,-105.01332,8/12/2020 6:37,6:37:00,6,0,0,2100 WEST OHIO AVENUE & SOUTH VALLEJO STREET,1,1,0,0,1,4,0,0,25,0,0,0,0,0,4,2,16
,2020-08121,39.71745,-105.01095,8/13/2020 16:25,16:25:00,12,0,0,NORTH TEJON STREET & WEST IRVINGTON PLACE,1,1,0,0,1,1,0,0,25,0,0,0,0,0,4,2,3
,2020-08127,39.72548053,-105.0130699,9/2/2020 17:56,17:56:00,12,0,1,I25 NORTHBOUND & SIXTH AVENUE WEST,1,1,0,0,1,4,0,0,65,0,0,0,0,1,1,3,7
,2020-08129,39.77562,-104.86574,8/13/2020 16:36,16:36:00,15,0,0,I70 EASTBOUND & HAVANA STREET NORTH,1,1,0,0,1,4,0,0,65,0,0,0,0,0,1,2,13
,2020-08133,39.76203,-104.98259,9/2/2020 17:30,17:30:00,15,0,0,WALNUT STREET & 29TH STREET,1,1,0,0,1,3,0,0,30,0,0,0,0,0,4,2,8
,2020-08142,39.78015,-105.00645,9/2/2020 19:56,19:56:00,1,0,0,PECOS STREET NORTH & 46TH AVENUE WEST,1,3,0,0,1,1,0,0,35,0,0,0,0,1,4,2,16
,2020-08143,39.78332,-104.92228,9/2/2020 15:48,15:48:00,6,0,0,HOLLY STREET NORTH  & 48TH AVENUE EAST,1,1,0,0,1,2,0,0,30,0,0,0,0,0,4,4,7
,2020-08145,39.73829,-104.92578,8/6/2020 16:55,16:55:00,12,0,0,NORTH GLENCOE STREET & EAST 14TH AVENUE,1,1,0,0,1,4,0,0,25,0,0,0,0,0,4,3,6
,2020-08147,39.74001553,-104.9706709,8/21/2020 16:27,16:27:00,6,0,0,COLFAX AVENUE EAST & LAFAYETTE STREET NORTH,1,1,0,0,1,3,0,0,30,0,0,0,0,0,2,2,8
,2020-08149,39.77988,-104.96717,9/2/2020 12:54,12:54:00,12,0,0,I70 EASTBOUND & BRIGHTON BOULEVARD NORTH,1,1,0,0,1,4,0,0,55,0,0,0,0,0,1,2,1
,2020-08152,39.69743,-104.98282,8/13/2020 15:42,15:42:00,12,0,0,I25 NORTHBOUND & LOGAN STREET SOUTH,1,1,0,0,1,4,0,0,55,0,0,0,0,0,1,2,3
,2020-08188,39.78207,-104.90354,8/13/2020 17:37,17:37:00,15,0,0,QUEBEC STREET NORTH  & I70 WB ON RAMP,1,1,0,0,1,4,0,0,30,0,0,0,0,0,2,2,13
,2020-08191,39.72206,-105.02334,8/13/2020 17:01,17:01:00,6,0,0,2800 WEST FOURTH AVENUE & NORTH DECATUR STREET,1,1,0,0,1,4,0,0,25,0,0,0,0,0,4,2,13
,2020-08199,39.74001,-104.97586,9/3/2020 12:59,12:59:00,6,0,0,COLFAX AVENUE EAST & 900,1,1,0,0,1,4,0,0,30,0,0,0,0,0,2,2,16
,2020-08201,39.7801,-104.95343,9/3/2020 9:37,9:37:00,12,0,0,NORTH VASQUEZ BOULEVARD & EAST 46TH AVENUE,1,1,0,0,1,4,0,0,,0,0,0,0,0,4,2,14
,2020-08204,39.74962753,-105.0003304,8/13/2020 21:24,21:24:00,3,0,0,15TH STREET & BLAKE STREET,1,3,0,0,1,1,0,0,25,0,0,0,0,0,4,2,5
,2020-08205,39.72932,-105.01483,8/17/2020 14:48,14:48:00,12,0,0,I25 NORTHBOUND & EIGHTH AVENUE WEST,1,1,0,0,1,4,0,0,65,0,0,0,0,0,1,2,13
,2020-08206,39.69476,-104.95003,8/13/2020 10:40,10:40:00,3,0,0,EAST ARIZONA AVENUE & SOUTH STEELE STREET,1,1,0,0,1,1,0,0,25,0,0,0,0,2,4,2,13
,2020-08207,39.7485,-105.00322,8/14/2020 6:52,6:52:00,3,0,1,AURARIA PARKWAY & NORTH SPEER BOULEVARD,1,1,0,0,1,1,0,0,35,0,0,0,0,2,4,2,3
,2020-08208,39.77995,-104.94067,8/13/2020 11:42,11:42:00,12,0,0,COLORADO BOULEVARD NORTH & I70 EASTBOUND ENTRANCE / EXIT RAMPS,1,1,0,0,1,3,0,0,35,0,0,0,0,0,2,2,3
,2020-08209,39.68951,-105.01571,8/13/2020 11:19,11:19:00,3,0,0,WEST FLORIDA AVENUE & SOUTH ZUNI STREET,1,1,0,0,1,1,0,0,25,0,0,0,0,0,4,2,13
,2020-08210,39.73687,-104.97761,8/12/2020 13:18,13:18:00,3,0,3,EAST 13TH AVENUE & NORTH CLARKSON STREET,1,1,0,0,1,1,0,0,30,0,0,0,0,2,4,2,8
,2020-08211,39.74902453,-104.9802199,8/11/2020 20:44,20:44:00,3,0,0,COURT PLACE & PARK AVENUE WEST STREET,1,3,0,0,1,1,0,0,,0,0,0,0,0,4,2,13
,2020-08212,39.75036,-104.98201,8/13/2020 13:00,13:00:00,3,0,0,GLENARM PLACE & PARK AVENUE WEST,1,1,0,0,1,1,0,0,25,0,0,0,0,0,4,2,13
,2020-08213,39.68487,-104.95945,8/13/2020 9:26,9:26:00,12,0,1,I25 NORTHBOUND OFF SLIP RAMP & UNIVERSITY BOULEVARD SOUTH,1,1,0,0,1,8,0,0,45,0,0,0,0,1,4,2,13
,2020-08214,39.74482,-104.97212,8/13/2020 9:35,9:35:00,3,0,0,EAST 18TH AVENUE & NORTH MARION STREET,1,1,0,0,1,1,0,0,25,0,0,0,0,1,4,2,14
,2020-08215,39.72773,-104.98814,8/3/2020 9:09,9:09:00,10,0,0,SPEER BOULEVARD  & BANNOCK STREET,1,1,0,0,1,1,0,0,35,0,0,0,0,1,4,2,8
,2020-08216,39.71119,-104.99714,8/13/2020 18:35,18:35:00,12,0,0,SOUTH SANTA FE DRIVE & WEST ALAMEDA AVENUE,1,1,1,0,1,3,0,0,35,0,0,0,0,0,4,2,7
,2020-08217,39.76762,-104.97536,8/13/2020 17:35,17:35:00,3,0,0,WALNUT STREET & 35TH STREET,1,1,0,0,1,1,0,0,35,0,0,0,0,0,4,3,7
,2020-08218,39.74061,-104.98911,8/17/2020 8:50,8:50:00,15,0,0,COLFAX AVENUE WEST  & BROADWAY STREET NORTH,1,1,0,0,1,4,0,0,30,0,0,0,0,0,2,2,16
,2020-08219,39.72548053,-105.0130699,8/14/2020 11:19,11:19:00,15,0,0,I25 NORTHBOUND & SIXTH AVENUE WEST,1,1,1,0,1,4,0,0,55,0,0,0,0,0,1,2,3
,2020-08220,39.71119753,-104.9129404,8/17/2020 16:39,16:39:00,12,0,0,200 SOUTH MONACO PARKWAY & EAST ALAMEDA AVENUE,1,1,0,0,1,4,0,0,35,0,0,0,0,1,4,4,14
,2020-08221,39.68489954,-104.9594704,8/13/2020 9:26,9:26:00,12,0,0,UNIVERSITY BOULEVARD SOUTH & I25 WB OFF SLIP RAMP GORE POINT,1,1,0,0,1,4,0,0,35,0,0,0,0,0,4,2,13
,2020-08222,39.68952554,-105.0461404,8/14/2020 8:06,8:06:00,15,0,0,1400 SOUTH VRAIN WAY & WEST FLORIDA AVENUE,1,1,1,0,1,4,0,0,25,0,0,0,0,0,4,2,7
,2020-08223,39.67847,-104.92869,8/17/2020 11:40,11:40:00,12,0,0,4800 EAST EVANS AVENUE & SOUTH DAHLIA STREET,1,1,0,0,1,4,0,0,30,0,0,0,0,0,4,2,13
,2020-08224,39.77425152,-104.8471099,8/13/2020 10:06,10:06:00,12,0,0,I70 EASTBOUND OFF RAMP  TO & PEORIA STREET,1,1,1,0,1,8,0,0,35,0,0,0,0,0,4,2,13
,2020-08225,39.78004,-104.98919,8/14/2020 5:04,5:04:00,15,0,0,I25 NORTHBOUND EXIT RAMP [SPLIT]  TO & I70 EASTBOUND / WB,1,2,0,0,1,8,0,0,65,0,0,0,0,0,1,2,3
,2020-08226,39.66751,-104.86611,8/17/2020 16:38,16:38:00,1,0,3,HAVANA STREET SOUTH & YALE AVENUE EAST,1,1,0,0,1,1,0,0,45,0,0,0,0,2,2,2,1
,2020-08227,39.63139,-104.88522,8/13/2020 17:35,17:35:00,12,0,0,SOUTH YOSEMITE STREET & EAST UNION AVENUE,1,1,0,0,1,1,0,0,35,0,0,0,0,0,4,2,3
,2020-08228,39.72412,-104.99755,8/14/2020 9:19,9:19:00,6,0,0,FIFTH AVENUE WEST  & SANTA FE DRIVE NORTH,1,1,0,0,1,4,0,0,25,0,0,0,0,0,4,2,16
,2020-08230,39.78321,-104.95926,8/14/2020 6:55,6:55:00,6,0,1,4700 NORTH YORK STREET & EAST 48TH AVENUE,1,1,0,0,1,4,0,0,35,0,0,0,0,1,4,5,5
,2020-08231,39.69757,-104.99271,8/13/2020 10:36,10:36:00,15,0,0,PLATTE RIVER DRIVE SOUTH  & TENNESSEE AVENUE WEST,1,1,0,0,1,4,0,0,45,0,0,0,0,0,2,2,13
,2020-08232,39.78737694,-104.9889096,8/14/2020 11:30,11:30:00,15,0,0,I25 SOUTHBOUND & 50TH AVENUE WEST,1,1,0,0,1,4,0,0,65,0,0,0,0,0,1,3,13
,2020-08233,39.74083,-104.97747,6/27/2020 3:24,3:24:00,6,0,0,1500 NORTH CLARKSON STREET & EAST COLFAX AVENUE,1,3,0,0,1,4,0,0,30,0,0,0,0,0,4,2,2
,2020-08234,39.75488,-105.04402,8/17/2020 15:55,15:55:00,3,0,0,TENNYSON STREET NORTH & 26TH AVENUE WEST,1,1,0,0,1,1,0,0,25,0,0,0,0,0,4,2,13
,2020-08235,39.69566,-104.90351,8/14/2020 11:44,11:44:00,3,0,0,SOUTH QUEBEC STREET & EAST MISSISSIPPI AVENUE,1,1,0,0,1,1,0,0,30,0,0,0,0,0,4,2,13
,2020-08236,39.77378514,-105.0532414,8/13/2020 11:25,11:25:00,12,0,0,SHERIDAN BOULEVARD NORTHBOUND & 1300 NORTH,1,1,0,0,1,4,0,0,35,0,0,0,0,0,4,2,7
,2020-08237,39.75305,-104.98548,7/11/2020 16:55,16:55:00,1,0,0,PARK AVENUE WEST & CHAMPA STREET,1,1,0,0,1,1,0,0,30,0,0,0,0,0,4,2,13
,2020-08238,39.74198,-104.89991,8/30/2020 10:51,10:51:00,6,0,0,ROSEMARY STREET NORTH & 16TH AVENUE EAST,1,1,0,0,1,4,0,0,25,0,0,0,0,0,4,2,3
,2020-08239,39.78011,-104.94981,8/14/2020 12:39,12:39:00,12,0,0,I70 WB & STEELE STREET NORTH,1,1,0,0,1,4,0,0,55,0,0,0,0,0,1,3,3
,2020-08240,39.72975,-104.99123,8/13/2020 17:53,17:53:00,3,0,0,NORTH SPEER BOULEVARD & NORTH BANNOCK STREET,1,1,0,0,1,1,0,0,30,0,0,0,0,1,4,2,8
,2020-08241,39.6239,-104.90402,8/13/2020 9:57,9:57:00,15,0,0,EAST BELLEVIEW AVENUE & SOUTH QUEBEC STREET,1,1,0,0,1,4,0,0,35,0,0,0,0,0,4,2,13
,2020-08242,39.75576,-104.98896,8/13/2020 16:55,16:55:00,15,0,0,PARK AVENUE WEST & LARIMER STREET,1,1,0,0,1,4,0,0,35,0,0,0,0,0,4,2,13
,2020-08244,39.74523,-104.99164,9/1/2020 21:23,21:23:00,6,0,0,1600 CALIFORNIA STREET & 16TH STREET,1,3,1,0,1,4,0,0,30,0,0,0,0,0,4,2,13
,2020-08245,39.75606,-104.86897,8/13/2020 22:35,22:35:00,6,0,0,GENEVA STREET NORTH & 2755,1,3,0,0,1,4,0,0,25,0,0,0,0,0,4,2,3
,2020-08246,39.73829,-104.93385,8/18/2020 15:02,15:02:00,6,0,0,CHERRY STREET NORTH & 14TH AVENUE EAST,1,1,0,0,1,4,0,0,25,0,0,0,0,0,4,2,16
,2020-08247,39.78384,-105.00644,8/17/2020 11:01,11:01:00,3,0,0,PECOS STREET NORTH & 48TH AVENUE WEST / I70 ENTRANCE / EXIT RAMPS,1,1,0,0,1,1,0,0,15,0,0,0,0,1,1,2,1
,2020-08249,39.76928,-105.00176,8/14/2020 11:43,11:43:00,12,0,0,WEST 38TH AVENUE & NORTH LIPAN STREET,1,1,0,0,1,4,0,0,35,0,0,0,0,0,4,2,3
,2020-08251,39.69663,-104.98743,8/13/2020 22:50,22:50:00,12,0,0,SOUTH BROADWAY STREET & EAST MISSISSIPPI AVENUE,1,3,0,0,1,1,0,0,35,0,0,0,0,0,4,2,13
,2020-08252,39.63324,-104.90633,3/17/2020 21:10,21:10:00,12,0,0,I25 NORTHBOUND ENTRANCE RAMP FROM & I225 SOUTHBOUND,1,4,0,0,1,8,0,0,55,0,0,0,0,0,1,3,13
,2020-08254,39.71121,-104.99913,9/3/2020 13:09,13:09:00,12,0,2,I25 SOUTHBOUND & ALAMEDA AVENUE WEST,1,1,0,0,1,4,0,0,55,0,0,0,0,1,1,4,13
,2020-08255,39.77196,-104.97411,8/12/2020 10:55,10:55:00,12,0,0,38TH STREET & 1600,1,1,1,0,1,4,0,0,30,0,0,0,0,0,4,2,16
,2020-08256,39.73685,-104.98739,8/13/2020 21:08,21:08:00,9,0,0,13TH AVENUE EAST & BROADWAY STREET NORTH,1,3,0,0,1,4,0,0,0,0,1,0,0,0,4,1,16
,2020-08258,39.73689,-104.9823,9/3/2020 9:46,9:46:00,10,0,0,NORTH LOGAN STREET & EAST 13TH AVENUE,1,1,0,0,1,1,0,0,25,0,0,0,0,0,4,2,14
,2020-08259,39.72932,-105.01483,8/14/2020 11:23,11:23:00,12,0,0,I25 & EIGHTH AVENUE WEST,1,1,0,0,1,4,0,0,55,0,0,0,0,0,1,3,3
,2020-08260,39.65301,-104.94068,8/14/2020 10:46,10:46:00,12,0,0,COLORADO BOULEVARD SOUTH & HAMPDEN AVENUE EAST,1,1,0,0,1,3,0,0,35,0,0,0,0,0,2,2,13
,2020-08261,39.67844,-104.93398,8/14/2020 10:30,10:30:00,5,0,1,I25 SOUTHBOUND & EVANS AVENUE EXIT GORE POINT,1,1,0,0,3,4,0,0,60,0,0,0,0,1,1,1,10
,2020-08262,39.84475,-104.66791,6/21/2020 18:00,18:00:00,5,0,0,PENA BOULEVARD & 8200,11,1,0,1,5,4,0,0,45,0,0,0,0,0,3,1,8
,2020-08263,39.76928,-105.02407,9/3/2020 10:38,10:38:00,12,0,0,2900 WEST 38TH AVENUE & NORTH FEDERAL BOULEVARD,1,1,1,0,1,4,0,0,35,0,0,0,0,0,4,2,13
,2020-08264,39.76806,-104.99941,9/7/2020 14:29,14:29:00,6,0,0,JASON STREET NORTH & 37TH AVENUE WEST,1,1,0,0,1,4,0,0,25,0,0,0,0,0,4,2,13
,2020-08265,39.71828,-104.95922,9/3/2020 13:20,13:20:00,15,0,0,UNIVERSITY BOULEVARD NORTH  & FIRST AVENUE EAST,1,1,0,0,1,3,0,0,30,0,0,0,0,0,4,2,3
,2020-08266,39.757,-104.98212,9/3/2020 12:10,12:10:00,6,0,0,2600 CURTIS STREET & 27TH STREET,1,1,0,0,1,4,0,0,30,0,0,0,0,0,4,2,16
,2020-08267,39.74481,-104.96224,9/3/2020 12:28,12:28:00,3,0,0,EAST 18TH AVENUE & NORTH VINE STREET,1,1,0,0,1,1,0,0,25,0,0,0,0,0,4,2,14
,2020-08268,39.77846,-104.92229,9/3/2020 11:21,11:21:00,12,0,0,I70 WB & HOLLY STREET NORTH,1,1,0,0,1,4,0,0,65,0,0,0,0,0,1,2,3
,2020-08269,39.71116,-104.98758,9/3/2020 11:29,11:29:00,12,0,0,WEST ALAMEDA AVENUE & SOUTH BROADWAY STREET,1,1,0,0,1,4,0,0,30,0,0,0,0,0,4,3,13
,2020-08270,39.6804,-104.92228,9/3/2020 12:42,12:42:00,3,0,0,ASBURY AVENUE EAST & HOLLY STREET SOUTH,1,1,0,0,1,1,0,0,30,0,0,0,0,0,4,2,13
,2020-08271,39.74008752,-104.9011279,8/14/2020 8:55,8:55:00,12,0,0,COLFAX AVENUE EAST & ROSLYN STREET NORTH,11,1,0,0,1,1,0,0,30,0,0,0,0,1,2,2,3
,2020-08272,39.74016,-104.9128,8/13/2020 13:28,13:28:00,12,0,0,COLFAX AVENUE EAST & MONACO STREET NORTH,1,1,0,0,1,3,0,0,35,0,0,0,0,1,2,2,3
,2020-08273,39.63428,-104.9071,9/7/2020 19:09,19:09:00,5,0,0,I225 SOUTHBOUND EXIT RAMP  TO & YOSEMITE STREET,1,3,1,0,2,4,0,0,45,0,0,0,0,0,1,1,13
,2020-08274,39.77452,-104.92232,8/14/2020 8:01,8:01:00,15,0,0,EAST SMITH ROAD & NORTH HOLLY STREET,1,1,0,0,1,1,0,0,30,0,0,0,0,0,4,2,14
,2020-08275,39.73289,-104.90346,9/7/2020 11:28,11:28:00,3,0,1,NORTH QUEBEC STREET & EAST 11TH AVENUE,1,1,1,0,1,1,0,0,30,0,0,0,0,3,4,2,13
,2020-08276,39.69674,-105.02036,8/14/2020 11:53,11:53:00,3,0,0,WEST MISSISSIPPI AVENUE & SOUTH CLAY STREET,1,1,0,0,1,1,0,0,25,0,0,0,0,0,4,2,13
,2020-08277,39.77032,-104.97885,9/3/2020 11:19,11:19:00,2,0,0,BRIGHTON BOULEVARD NORTH & 35TH STREET,1,1,0,0,1,1,0,0,0,1,0,0,0,1,4,2,16
,2020-08278,39.70803,-105.03969,9/3/2020 16:45,16:45:00,3,0,0,WEST VIRGINIA AVENUE & SOUTH PERRY STREET,1,1,0,0,1,1,0,0,25,0,0,0,0,0,4,2,3
,2020-08279,39.67845,-104.93377,9/3/2020 16:57,16:57:00,12,0,1,I25 NORTHBOUND ON RAMP & EAST EVANS AVENUE,1,1,1,0,1,8,0,0,35,0,0,0,0,1,1,2,13
,2020-08280,39.78012,-104.95297,9/3/2020 9:59,9:59:00,3,0,0,STEELE STREET / VASQUEZ BOULEVARD & I70 WB EXIT RAMP,1,1,0,0,1,1,0,0,35,0,0,0,0,0,2,2,13
,2020-08281,39.72548053,-105.0130699,9/3/2020 12:31,12:31:00,12,0,0,I25 NORTHBOUND & SIXTH AVENUE,1,1,0,0,1,4,0,0,65,0,0,0,0,0,1,2,13
,2020-08282,39.70061,-104.90942,9/3/2020 9:43,9:43:00,12,0,0,LEETSDALE DRIVE  & ONEIDA STREET SOUTH,1,1,0,0,1,4,0,0,35,0,0,0,0,1,2,3,3
,2020-08283,39.76922,-104.92933,8/13/2020 13:03,13:03:00,3,0,0,NORTH ELM STREET & EAST 38TH AVENUE,1,1,0,0,1,1,0,0,25,0,0,0,0,1,4,2,13
,2020-08284,39.78744,-105.0346,8/15/2020 17:51,17:51:00,6,0,0,3636 WEST 50TH AVENUE & NORTH LOWELL BOULEVARD,1,1,0,0,1,4,0,0,35,0,0,0,0,0,4,2,7
,2020-08285,39.78002,-104.93166,9/3/2020 10:20,10:20:00,12,0,0,I70 EASTBOUND EXIT RAMP  TO & DAHLIA STREET NORTH,1,1,1,0,1,8,0,0,35,0,0,0,0,1,1,2,14
,2020-08286,39.73842,-104.97761,8/15/2020 14:56,14:56:00,15,0,0,EAST 14TH AVENUE & NORTH CLARKSON STREET,1,1,0,0,1,1,0,0,30,0,0,0,0,0,4,2,8
,2020-08287,39.71056,-104.90351,8/13/2020 11:46,11:46:00,12,0,0,400 SOUTH QUEBEC STREET & EAST VIRGINIA AVENUE,1,1,0,0,1,4,0,0,30,0,0,0,0,0,4,2,13
,2020-08288,39.73686,-104.99531,8/14/2020 7:50,7:50:00,12,0,0,WEST 13TH AVENUE & NORTH FOX STREET,1,1,1,0,1,1,0,0,30,0,0,0,0,0,4,2,13
,2020-08289,39.75411,-105.00157,9/7/2020 11:35,11:35:00,6,0,0,WAWETTA STREET  & 17TH STREET,1,1,0,0,1,4,0,0,30,0,0,0,0,0,4,2,13
,2020-08293,39.72442,-104.99084,9/3/2020 13:26,13:26:00,6,0,0,BANNOCK STREET NORTH  & EIGHTH AVENUE WEST,1,1,1,0,1,4,0,0,30,0,0,0,0,0,4,2,16
,2020-08295,39.77021,-105.02054,9/2/2020 14:50,14:50:00,6,0,0,CLAY STREET NORTH & DENVER PLACE WEST,1,1,0,0,1,1,0,0,25,0,0,0,0,0,4,2,16
,2020-08296,39.72891,-104.99861,9/7/2020 14:30,14:30:00,3,0,0,NORTH SANTA FE DRIVE & WEST EIGHTH AVENUE,1,1,0,0,1,1,0,0,35,0,0,0,0,0,4,2,13
,2020-08297,39.70384,-104.95002,9/2/2020 21:42,21:42:00,5,0,0,EAST EXPOSITION AVENUE & SOUTH STEELE STREET,1,3,0,0,3,4,0,0,30,0,0,0,0,1,4,1,5
,2020-08301,39.76690752,-104.9536294,9/3/2020 8:38,8:38:00,3,0,0,36TH AVENUE EAST & FILLMORE STREET EAST,1,1,0,0,1,1,0,0,25,0,0,0,0,0,4,2,14
,2020-08303,39.6995,-105.02508,8/15/2020 17:42,17:42:00,5,0,1,FEDERAL BOULEVARD SOUTH  & FORD PLACE WEST,1,1,0,0,3,3,0,0,35,0,0,0,1,2,2,1,16
,2020-08305,39.71116,-104.98758,9/2/2020 20:43,20:43:00,11,0,0,ALAMEDA AVENUE EAST & BROADWAY STREET SOUTH,1,3,1,0,1,1,0,0,30,0,1,0,0,0,4,1,13
,2020-08306,39.83174,-104.94057,9/3/2020 3:00,3:00:00,14,0,0,COLORADO BOULEVARD NORTH  & BRUCE RANDOLPH AVENUE EAST,1,3,0,0,1,4,0,0,35,0,0,0,0,1,2,2,5
,2020-08307,39.72932,-105.01483,8/15/2020 16:05,16:05:00,12,0,0,I25 NORTHBOUND & WEST EIGHTH AVENUE,1,1,0,0,1,4,0,0,65,0,0,0,0,0,1,3,3
,2020-08309,39.71298,-104.98632,9/3/2020 7:47,7:47:00,3,0,1,SOUTH LINCOLN STREET & EAST CEDAR AVENUE,1,1,0,0,1,1,0,0,30,0,0,0,0,2,4,2,13
,2020-08311,39.72564,-104.98744,9/3/2020 7:49,7:49:00,15,0,0,BROADWAY STREET NORTH & SIXTH AVENUE WEST,1,1,0,0,1,1,0,0,35,0,0,0,0,0,4,2,13
,2020-08314,39.78625,-105.00642,9/2/2020 20:53,20:53:00,12,0,0,WEST 50TH AVENUE & NORTH PECOS STREET,1,3,0,0,1,4,0,0,30,0,0,0,0,0,4,2,3
,2020-08315,39.75576,-104.98896,9/7/2020 16:30,16:30:00,10,0,0,PARK AVENUE WEST & LARIMER STREET,1,1,0,0,1,1,0,0,30,0,0,0,0,0,4,2,8
,2020-08316,39.65335,-105.05321,9/7/2020 16:48,16:48:00,1,0,0,HAMPDEN AVENUE EASTBOUND ENTRANCE RAMP FROM & SHERIDAN BOULEVARD,1,1,0,0,1,1,0,0,35,0,0,0,0,0,2,2,13
,2020-08339,39.71783,-104.94859,9/3/2020 8:59,8:59:00,12,0,0,ADAMS STREET NORTH & FIRST AVENUE EAST,1,1,0,0,1,4,0,0,25,0,0,0,0,0,4,2,13
,2020-08345,39.77505,-104.8099,9/3/2020 8:51,8:51:00,10,0,0,EAST ANDREWS DRIVE & NORTH CHAMBERS ROAD,1,1,0,0,1,1,0,0,25,0,0,0,0,0,4,2,13
,2020-08401,39.65898,-104.84895,8/19/2020 0:40,0:40:00,2,0,0,PARKER ROAD SOUTH  & PRIVATE ROAD,1,3,0,0,1,2,0,0,10,1,0,0,0,0,4,2,14
,2020-08403,39.62378,-104.90141,8/18/2020 17:30,17:30:00,15,0,0,I25 NORTHBOUND & EAST BELLEVIEW AVENUE,1,1,0,0,1,4,0,0,65,0,0,0,0,0,1,2,14
,2020-08417,39.73681,-104.95628,8/18/2020 19:00,19:00:00,6,0,0,ELIZABETH STREET NORTH & 13TH AVENUE EAST,1,1,0,0,1,4,0,0,25,0,0,0,0,0,4,2,14