id,drcog_id,latitude,longitude,crashtime,time,crashtype,numbkilled,numbinjurd,drcoglocat,rdconditin,lightngcon,roadcntgrd,weatherco,location,roaddescrp,schoolzone,constrzone,splimit,bikeinv,pedinv,sctrinv,motoinv,svrty,rdsystem,ttlvehcls,hcf
,2020-08419,39.77425152,-104.8471099,9/3/2020 9:15,9:15:00,15,0,0,PEORIA STREET EXIT RAMP  FROM & I70 EASTBOUND,1,1,0,0,1,8,0,0,35,0,0,0,0,0,1,2,8
,2020-08420,39.77425152,-104.8471099,9/2/2020 23:00,23:00:00,15,0,0,PEORIA STREET & I70 WB ENTRANCE / EXIT RAMPS,1,3,0,0,1,1,0,0,35,0,0,0,0,1,4,2,8
,2020-08426,39.65309,-104.91293,9/3/2020 9:29,9:29:00,3,0,0,MONACO STREET SOUTH & HAMPDEN AVENUE EAST,1,1,0,0,1,2,0,0,35,0,0,0,0,0,2,2,13
,2020-08442,39.7113,-104.91286,8/18/2020 18:10,18:10:00,12,0,0,EAST ALAMEDA AVENUE & SOUTH MONACO STREET,1,1,0,0,1,3,0,0,30,0,0,0,0,0,4,2,3
,2020-08444,39.70291,-105.02508,9/3/2020 13:51,13:51:00,1,0,0,FEDERAL BOULEVARD SOUTH & KENTUCKY AVENUE WEST,1,1,0,0,1,1,0,0,40,0,0,0,0,0,2,2,7
,2020-08447,39.73294,-105.02637,9/3/2020 16:00,16:00:00,3,0,0,NORTH GROVE STREET & WEST 10TH AVENUE,1,1,0,0,1,1,0,0,25,0,0,0,0,0,4,2,16
,2020-08448,39.63414,-104.90674,9/3/2020 17:50,17:50:00,12,0,1,I25 & I225 NORTHBOUND APPROXIMATELY,1,1,0,0,1,4,0,0,65,0,0,0,0,1,1,3,1
,2020-08449,39.71117,-104.99001,9/3/2020 17:19,17:19:00,12,0,0,WEST ALAMEDA AVENUE & SOUTH BANNOCK STREET,1,1,0,0,1,3,0,0,35,0,0,0,0,0,4,2,2
,2020-08454,39.72548053,-105.0130699,9/3/2020 13:09,13:09:00,12,0,1,I25 NORTHBOUND & SIXTH AVENUE,1,1,0,0,1,4,0,0,55,0,0,0,0,1,1,2,13
,2020-08457,39.72554,-105.01313,9/6/2020 11:30,11:30:00,12,0,3,I25 NORTHBOUND OFF RAMP & EXIT GORE POINT TO SIXTH AVENUE WEST,1,1,1,0,1,8,0,0,65,0,0,0,0,1,1,3,3
,2020-08458,39.76202,-105.01584,9/3/2020 13:37,13:37:00,12,0,0,NORTH ZUNI STREET & WEST 32ND AVENUE,1,1,0,0,1,3,0,0,30,0,0,0,0,0,4,2,13
,2020-08460,39.69856,-105.05076,9/3/2020 15:47,15:47:00,12,0,0,MORRISON ROAD & SOUTH YATES STREET 2/479A,1,1,1,0,1,1,0,0,30,0,0,0,0,0,4,2,3
,2020-08461,39.63139,-104.88522,9/3/2020 13:59,13:59:00,1,0,0,EAST UNION AVENUE & SOUTH YOSEMITE STREET,1,1,0,0,1,1,0,0,35,0,0,0,0,0,4,2,7
,2020-08466,39.74044,-105.01397,9/3/2020 13:55,13:55:00,5,0,0,I25 NORTHBOUND & COLFAX AVENUE WEST,1,1,1,0,1,4,0,0,55,0,0,0,0,0,1,2,13
,2020-08467,39.76796053,-104.9949709,9/3/2020 17:50,17:50:00,12,0,0,I25 NORTHBOUND & PARK AVENUE WEST,1,1,1,0,1,4,0,0,65,0,0,0,0,0,1,2,13
,2020-08468,39.78345,-105.03458,9/3/2020 15:53,15:53:00,9,0,0,I70 WB & LOWELL BOULEVARD NORTH EXIT RAMP,1,1,1,0,1,4,0,0,55,0,0,0,0,0,1,1,16
,2020-08469,39.66555,-105.08146,7/29/2020 10:43,10:43:00,1,0,0,WADSWORTH BOULEVARD SOUTH & AMHERST AVENUE WEST,1,1,0,0,1,1,0,0,40,0,0,0,0,0,2,2,13
,2020-08470,39.74742,-104.91879,7/29/2020 12:15,12:15:00,6,0,0,JASMINE STREET NORTH & MONTVIEW BOULEVARD EAST,1,1,0,0,1,4,0,0,25,0,0,0,0,0,4,2,16
,2020-08475,39.75508153,-104.9880994,7/29/2020 20:56,20:56:00,3,0,0,PARK AVENUE WEST & LAWRENCE STREET,1,3,1,0,1,1,0,0,30,0,0,0,0,0,4,2,16
,2020-08485,39.71131,-104.89289,7/29/2020 11:01,11:01:00,5,0,0,8501 EAST ALAMEDA AVENUE & PRIVATE PROPERTY,1,1,0,0,3,4,0,0,35,0,0,0,0,0,4,1,16
,2020-08486,39.78327,-105.00643,7/29/2020 17:37,17:37:00,5,0,0,I70 WB & PECOS STREET NORTH,1,1,1,0,3,4,0,0,55,0,0,0,0,0,1,1,3
,2020-08488,39.77746,-105.00172,7/29/2020 4:00,4:00:00,6,0,0,4400 NORTH LIPAN STREET & WEST 44TH AVENUE,1,3,0,0,1,4,0,0,25,0,0,0,0,0,4,2,16
,2020-08489,39.69757,-104.99271,7/29/2020 10:40,10:40:00,12,0,0,1000 SOUTH PLATTE RIVER DRIVE & WEST MISSISSIPPI AVENUE,1,1,0,0,1,3,0,0,45,0,0,0,0,0,4,2,1
,2020-08492,39.79844,-104.89411,7/29/2020 7:55,7:55:00,5,0,0,56TH AVENUE EAST & UINTA STREET NORTH,1,1,0,0,3,1,0,0,35,0,0,0,0,1,4,2,16
,2020-08493,39.72261,-104.9826,7/29/2020 16:51,16:51:00,8,0,0,EAST SPEER BOULEVARD & NORTH LOGAN STREET,1,1,0,0,1,1,0,0,30,0,0,0,0,0,4,2,13
,2020-08494,39.72552,-105.01336,7/29/2020 16:36,16:36:00,12,0,0,I25 & WEST SIXTH AVENUE,1,1,0,0,1,4,0,0,55,0,0,0,0,0,1,2,3
,2020-08497,39.71124,-105.03849,9/3/2020 17:44,17:44:00,12,0,0,3900 WEST ALAMEDA AVENUE & SOUTH PERRY STREET,1,1,0,0,1,4,0,0,35,0,0,0,0,0,4,2,13
,2020-08498,39.65124,-104.92937,7/29/2020 8:20,8:20:00,12,0,0,EAST HAPPY CANYON ROAD & SOUTH ELM WAY,1,1,0,0,1,1,0,0,25,0,0,0,0,0,4,2,13
,2020-08499,39.71116,-105.02329,7/29/2020 11:44,11:44:00,6,0,1,ALAMEDA AVENUE WEST  & DECATUR STREET SOUTH,1,1,0,0,1,4,0,0,,0,0,0,0,2,2,2,16
,2020-08501,39.78327,-105.00643,7/29/2020 12:20,12:20:00,12,0,3,I70 WB & PECOS STREET NORTH,1,1,1,0,1,4,0,0,65,0,0,0,0,2,1,2,1
,2020-08502,39.71112,-104.98038,9/3/2020 16:10,16:10:00,15,0,0,ALAMEDA AVENUE EAST  & PERAL STREET SOUTH,1,1,0,0,1,3,0,0,30,0,0,0,0,0,4,2,3
,2020-08505,39.77667,-104.84703,7/29/2020 12:35,12:35:00,12,0,0,PEORIA STREET NORTH & 44TH AVENUE EAST,1,1,0,0,1,1,0,0,35,0,0,0,0,1,4,2,13
,2020-08509,39.7614,-105.01584,8/21/2020 17:20,17:20:00,12,0,0,3100 NORTH ZUNI STREET & WEST 31ST AVENUE,1,1,0,0,1,4,0,0,30,0,0,0,0,0,4,3,16
,2020-08514,39.78922,-104.97828,9/4/2020 8:30,8:30:00,12,0,0,EAST 51ST AVENUE & NORTH WASHINGTON STREET,1,1,0,0,1,3,0,0,30,0,0,0,0,0,4,2,13
,2020-08515,39.71117,-105.02994,9/4/2020 17:03,17:03:00,3,0,0,ALAMEDA AVENUE WEST & IRVING STREET SOUTH,1,2,0,0,1,1,0,0,35,0,0,0,0,1,2,2,3
,2020-08554,39.65311,-104.89876,9/4/2020 13:15,13:15:00,1,0,0,TAMARAC DRIVE SOUTH & HAMPDEN AVENUE EAST,1,1,0,0,1,1,0,0,30,0,0,0,0,0,2,2,7
,2020-08555,39.78004,-104.98919,9/6/2020 16:37,16:37:00,15,0,1,I25 & I70 EASTBOUND EXIT GORE POINT,1,1,0,0,1,8,0,0,55,0,0,0,0,1,4,2,1
,2020-08557,39.7112,-104.99777,9/4/2020 20:28,20:28:00,12,0,0,1000 WEST ALAMEDA AVENUE & SOUTH SANTA FE DRIVE,1,3,0,0,1,1,0,0,35,0,0,0,0,1,4,2,3
,2020-08560,39.66274,-104.91289,9/6/2020 13:40,13:40:00,1,0,0,SOUTH MONACO STREET & EAST CORNELL AVENUE,1,1,0,0,1,1,0,0,35,0,0,0,0,0,4,2,13
,2020-08561,39.77562,-104.86574,8/19/2020 12:57,12:57:00,15,0,0,I70 EASTBOUND & HAVANA STREET NORTH,1,1,0,0,1,4,0,0,55,0,0,0,0,0,1,2,13
,2020-08562,39.63548,-104.89372,8/18/2020 21:11,21:11:00,12,0,0,I225 NORTHBOUND EXIT RAMP / FRONTALGE ROAD & YOSEMITE STREET RAMP SPLIT,1,3,1,0,1,8,0,0,35,0,0,0,0,0,1,2,13
,2020-08563,39.74003,-104.97309,9/4/2020 12:08,12:08:00,12,0,0,DOWNING STREET NORTH & COLFAX AVENUE EAST,1,1,0,0,1,1,0,0,30,0,0,0,0,0,2,2,14
,2020-08564,39.78,-104.95932,9/4/2020 10:30,10:30:00,15,0,0,I70 EASTBOUND & YORK STREET NORTH,1,1,0,0,1,4,0,0,65,0,0,0,0,0,1,2,3
,2020-08565,39.67846,-104.91281,9/4/2020 12:35,12:35:00,3,0,0,EVANS AVENUE EAST & MONACO STREET SOUTH,1,1,0,0,1,2,0,0,35,0,0,0,0,0,4,2,13
,2020-08566,39.78433153,-105.0250894,8/31/2020 22:30,22:30:00,3,0,0,FEDERAL BOULEVARD SOUTHBOUND & I70 WB EIXT RAMP,11,3,0,1,1,1,0,0,35,0,0,0,0,0,2,3,9
,2020-08567,39.7472,-104.98736,9/4/2020 11:15,11:15:00,10,0,0,19TH STREET & WELTON STREET,1,1,0,0,1,1,0,0,30,0,0,0,0,0,4,2,8
,2020-08569,39.77935,-105.02506,7/28/2020 4:42,4:42:00,5,0,1,FEDEERAL BOULEVARD NORTH & 4500,1,3,0,0,2,1,0,0,35,0,0,0,0,3,2,1,5
,2020-08572,39.7838,-104.92228,7/29/2020 16:17,16:17:00,15,0,0,EAST 48TH AVENUE & NORTH HOLLY STREET,1,1,0,0,1,4,0,0,30,0,0,0,0,0,4,2,14
,2020-08577,39.74032153,-105.0139519,9/6/2020 14:37,14:37:00,1,0,0,COLFAX AVENUE WEST & I25 SOUTHBOUND ENTRANCE RAMP,1,1,0,0,1,1,0,0,35,0,0,0,0,0,2,2,2
,2020-08579,39.72923,-104.93493,9/4/2020 8:49,8:49:00,3,0,0,CLERMONT STREET NORTH & EIGHTH AVENUE EAST,1,1,0,0,1,1,0,0,25,0,0,0,0,0,4,2,14
,2020-08582,39.62555354,-104.9053804,8/19/2020 13:40,13:40:00,6,0,0,OLIVE STREET SOUTH & CHENANGO DRIVE EAST,1,1,0,0,1,4,0,0,25,0,0,0,0,0,4,2,16
,2020-08585,39.87832751,-105.0251479,8/30/2020 3:05,3:05:00,12,0,0,FEDERAL BOULEVARD NORTH & 100,1,3,0,0,1,1,0,0,35,0,0,0,0,1,2,2,5
,2020-08586,39.69397,-105.0027,8/19/2020 15:39,15:39:00,6,0,0,1200 SOUTH MARIPOSA STREET & WEST ARIZONA AVENUE,1,1,0,0,1,4,0,0,25,0,0,0,0,0,4,2,3
,2020-08587,39.78364,-104.79138,8/19/2020 13:33,13:33:00,1,0,0,PENA BOULEVARD OUTBOUND & EAST GREEN VALLEY RANCH BOULEVARD,1,1,0,0,1,1,0,0,35,0,0,0,0,0,4,2,13
,2020-08590,39.66759,-104.91464,8/19/2020 14:59,14:59:00,3,0,0,EAST YALE AVENUE & SOUTH LINDEN COURT,1,1,0,0,1,1,0,0,10,0,0,0,0,0,4,2,14
,2020-08591,39.66756,-104.94068,9/4/2020 11:18,11:18:00,1,0,0,COLORADO BOULEVARD SOUTH & YALE AVENUE EAST,1,1,0,0,1,1,0,0,35,0,0,0,0,0,2,2,13
,2020-08592,39.68638,-105.03251,8/29/2020 1:00,1:00:00,6,0,0,1600 SOUTH KNOX COURT & WEST IOWA AVENUE,1,4,0,0,1,4,0,0,25,0,0,0,0,0,4,2,5
,2020-08594,39.71301,-105.02268,8/19/2020 15:48,15:48:00,3,0,0,CEDAR AVENUE WEST & DECATUR STREET SOUTH,1,1,1,0,1,1,0,0,25,0,0,0,0,0,4,2,8
,2020-08599,39.72502366,-105.0121681,8/19/2020 14:06,14:06:00,5,0,1,I25 NORTHBOUND ON RAMP FROM & SIXTH AVENUE WEST EASTBOUND,1,1,1,0,3,8,0,0,45,0,0,0,0,3,1,1,3
,2020-08601,39.65696355,-105.0297919,8/29/2020 0:26,0:26:00,6,0,0,FLOYD AVENUE WEST  & IRVING STREET SOUTH,1,3,0,0,1,4,0,0,25,0,0,0,0,0,4,2,1
,2020-08602,39.65321954,-104.9183404,8/19/2020 16:00,16:00:00,12,0,0,HAMPDEN AVENUE EAST & I25 NORTHBOUND ENTRANCE RAMP,1,1,0,0,1,3,0,0,35,0,0,0,0,0,2,2,13
,2020-08604,39.77503,-105.0042,7/2/2020 7:10,7:10:00,6,0,0,4300 NORTH NAVAJO STREET & WEST 44TH AVENUE,1,4,0,0,1,4,0,0,25,0,0,0,0,0,4,4,16
,2020-08608,39.77162,-104.94067,8/19/2020 16:11,16:11:00,12,0,0,COLORADO BOULEVARD NORTH & I70 EASTBOUND,1,1,0,0,1,4,0,0,35,0,0,0,0,0,2,2,2
,2020-08609,39.77227,-104.8099,8/29/2020 14:58,14:58:00,12,0,0,NORTH CHAMBERS ROAD & EAST ANDREWS DRIVE,1,1,0,0,1,1,0,0,40,0,0,0,0,1,4,2,13
,2020-08613,39.74479,-104.98921,8/29/2020 12:32,12:32:00,10,0,1,17TH STREET & GLENARM PLACE,1,1,0,0,1,1,0,0,30,0,0,0,0,1,4,2,8
,2020-08614,39.72548053,-105.0130699,8/29/2020 21:00,21:00:00,5,0,0,I25 NORTHBOUND & SIXTH AVENUE WEST,1,3,0,0,3,4,0,0,60,0,0,0,0,0,1,1,13
,2020-08616,39.69666254,-104.9919019,8/30/2020 0:25,0:25:00,1,0,1,SANTA FE DRIVE SOUTH & MISSISSIPPI AVENUE WEST,1,3,0,0,1,1,0,0,35,0,0,0,0,2,2,2,5
,2020-08620,39.75278,-104.98741,8/29/2020 23:34,23:34:00,15,0,0,CURTIS STREET & BROADWAY STREET NORTH,1,3,0,0,1,1,0,0,30,0,0,0,0,0,4,2,14
,2020-08621,39.72491,-104.99629,8/1/2020 12:32,12:32:00,3,0,0,GALAPAGO STREET NORTH  & SIXTH AVENUE WEST,1,1,0,0,1,1,0,0,25,0,0,0,0,0,4,2,1
,2020-08624,39.63548,-104.89372,8/19/2020 14:30,14:30:00,1,0,0,TAMARAC STREET SOUTH & I225 NORTHBOUND ENTRANCE / EXIT RAMPS,1,1,0,0,1,1,0,0,35,0,0,0,0,0,4,2,3
,2020-08626,39.77656451,-104.8098995,8/30/2020 0:58,0:58:00,12,0,0,4500 NORTH CHAMBERS STREET & EAST 46TH AVENUE,1,3,0,0,1,4,0,0,35,0,0,0,0,0,4,2,5
,2020-08629,39.75104,-104.94062,8/19/2020 15:27,15:27:00,12,0,0,COLORADO BOULEVARD NORTH & 23RD AVENUE EAST,1,1,0,0,1,3,0,0,35,0,0,0,0,0,2,2,16
,2020-08630,39.75213,-104.98668,8/19/2020 14:14,14:14:00,15,0,0,CHAMPA STREET & 22ND STREET,1,1,0,0,1,1,0,0,30,0,0,0,0,0,4,2,8
,2020-08631,39.68933,-104.93948,8/19/2020 16:05,16:05:00,3,0,0,EAST FLORIDA AVENUE & SOUTH ALBION STREET,1,1,0,0,1,1,0,0,25,0,0,0,0,1,4,2,7
,2020-08633,39.73602,-104.98107,8/19/2020 14:42,14:42:00,12,0,0,1200 NORTH PENNSYLVANIA STREET & WEST 13TH AVENUE,1,1,0,0,1,4,0,0,25,0,0,0,0,0,4,2,13
,2020-08634,39.74921,-105.00088,8/29/2020 20:08,20:08:00,15,0,0,1400 BLAKE STREET & 15TH STREET,1,3,0,0,1,3,0,0,25,0,0,0,0,0,4,2,13
,2020-08635,39.6875,-104.95005,8/29/2020 13:00,13:00:00,3,0,0,SOUTH STEELE STREET & EAST IOWA AVENUE,1,1,0,0,1,1,0,0,25,0,0,0,0,0,4,2,13
,2020-08637,39.78116,-104.96241,8/29/2020 19:23,19:23:00,6,0,0,4600 NORTH VINE STREET & EAST 47TH AVENUE,1,1,0,0,1,4,0,0,25,0,0,0,0,0,4,2,7
,2020-08638,39.71105,-104.86597,8/13/2020 17:43,17:43:00,15,0,0,ALAMEDA AVENUE EAST & HAVANA STREET SOUTH,1,1,0,0,1,3,0,0,45,0,0,0,0,0,2,2,13
,2020-08639,39.67337954,-105.0227179,9/5/2020 0:03,0:03:00,6,0,0,WESLEY AVENUE WEST  & DECATUR STREET SOUTH,1,3,0,0,1,4,0,0,25,0,0,0,0,0,4,2,1
,2020-08641,39.6854,-105.02979,9/5/2020 1:55,1:55:00,6,0,0,IRVING STREET SOUTH  & COLORADO AVENUE WEST,1,3,2,0,1,4,0,0,25,0,0,0,0,0,4,2,3
,2020-08642,39.70395,-105.02508,9/4/2020 21:29,21:29:00,3,0,0,FEDERAL BOULEVARD SOUTH & EXPOSITION AVENUE WEST,1,3,0,0,1,1,0,0,30,0,0,0,0,0,2,2,13
,2020-08643,39.63575,-104.89352,9/4/2020 13:25,13:25:00,12,0,0,I225 SOUTHBOUND & TAMARAC STREET SOUTH,1,1,0,0,1,4,0,0,55,0,0,0,0,1,1,3,14
,2020-08644,39.67981,-104.94498,9/5/2020 14:00,14:00:00,6,0,0,2000 SOUTH MONROE STREET & EAST EVANS AVENUE,1,3,0,0,1,4,0,0,30,0,0,0,0,0,4,2,14
,2020-08645,39.75566,-105.00438,9/4/2020 12:35,12:35:00,6,0,0,1600 LITTLE RAVEN STREET & 15TH STREET,1,1,0,0,1,4,0,0,30,0,0,0,0,0,4,2,7
,2020-08646,39.693,-104.97927,8/18/2020 15:00,15:00:00,12,0,0,EAST LOUISIANA AVENUE & SOUTH WASHINGTON STREET,1,1,0,0,1,3,0,0,25,0,0,0,0,0,4,2,3
,2020-08647,39.78360251,-104.791382,9/4/2020 10:00,10:00:00,12,0,0,4700 PENA BOULEVARD INBOUND & NORTH GREEN VALLEY RANCH BOULEVARD,1,1,0,0,1,4,0,0,65,0,0,0,0,0,4,2,1
,2020-08648,39.74739,-104.94064,8/19/2020 18:01,18:01:00,2,0,0,MONTVIEW BOULEVARD EAST & COLORADO BOULEVARD NORTH,1,2,0,0,1,1,0,0,35,1,0,0,0,0,2,2,14
,2020-08649,39.77141,-104.84853,8/18/2020 5:27,5:27:00,6,0,1,EAST 39TH AVENUE & NORTH PARIS STREET,1,1,0,0,1,4,0,0,25,0,0,0,0,2,4,2,14
,2020-08650,39.70519,-104.91727,9/4/2020 18:20,18:20:00,3,0,0,LEETSDALE DRIVE  & JERSEY STREET SOUTH,1,1,0,0,1,2,0,0,45,0,0,0,0,0,2,2,14
,2020-08651,39.73511,-104.9128,9/4/2020 15:22,15:22:00,12,0,0,NORTH MONACO STREET & EAST 12TH AVENUE,1,1,0,0,1,4,0,0,30,0,0,0,0,0,4,2,7
,2020-08652,39.74003,-104.97309,9/4/2020 13:02,13:02:00,12,0,0,DOWNING STREET NORTH & COLFAX AVENUE EAST,1,1,0,0,1,3,0,0,30,0,0,0,0,0,2,2,14
,2020-08653,39.72908,-104.97178,9/4/2020 16:00,16:00:00,8,0,0,NORTH MARION STREET & EAST EIGHTH AVENUE,1,1,0,0,1,1,0,0,30,0,0,0,0,0,4,2,13
,2020-08654,39.67485554,-105.0017389,9/4/2020 16:21,16:21:00,6,0,0,ILIFF AVENUE WEST  & LIPAN STREET SOUTH,1,1,0,0,1,4,0,0,25,0,0,0,0,0,4,2,16
,2020-08655,39.70124,-105.02508,9/4/2020 20:38,20:38:00,12,0,0,FEDERAL BOULEVARD SOUTH  & KENTUCKY AVENUE WEST,1,3,0,0,1,4,0,0,35,0,0,0,0,1,2,2,13
,2020-08656,39.71782,-104.93162,9/5/2020 11:04,11:04:00,3,0,0,EAST FIRST AVENUE & NORTH DAHLIA STREET,1,1,0,0,1,1,0,0,25,0,0,0,0,0,4,2,13
,2020-08657,39.74379,-104.89991,9/4/2020 15:52,15:52:00,12,0,0,EAST 17TH AVENUE & NORTH ROSEMARY STREET,1,1,0,0,1,3,0,0,25,0,0,0,0,0,4,2,7
,2020-08658,39.73686553,-104.9941114,9/4/2020 8:19,8:19:00,15,0,0,WEST 13TH AVENUE & ELATI STREET,1,1,0,0,1,4,0,0,30,0,0,0,0,0,4,2,13
,2020-08659,39.78368,-105.05324,8/19/2020 19:26,19:26:00,15,0,0,I70 WB & SHERIDAN BOULEVARD NORTH,1,1,0,0,1,4,0,0,65,0,0,0,0,0,1,2,3
,2020-08660,39.72909,-104.9874,9/4/2020 14:46,14:46:00,3,0,0,WEST EIGHTH AVENUE & NORTH BROADWAY STREET,1,1,1,0,1,1,0,0,30,0,0,0,0,0,4,2,13
,2020-08661,39.77587152,-104.8659199,9/4/2020 16:30,16:30:00,12,0,0,I70 EASTBOUND & HAVANA STREET NORTH,1,1,0,0,1,4,0,0,65,0,0,0,0,0,1,2,3
,2020-08662,39.78360251,-104.791382,9/4/2020 12:04,12:04:00,12,0,0,INBOUND PENA BOULEVARD & GREEN VALLEY RANCH BOULEVARD,1,1,0,0,1,4,0,0,65,0,0,0,0,0,4,2,16
,2020-08663,39.78039255,-104.9669254,9/4/2020 7:11,7:11:00,15,0,0,I70 EASTBOUND & BRIGHTON BOULEVARD,1,1,0,0,1,4,0,0,65,0,0,0,0,0,1,2,13
,2020-08666,39.78021,-104.98919,9/4/2020 3:45,3:45:00,5,0,0,I25 NORTHBOUND & I70,1,5,0,0,2,4,0,0,55,0,0,0,0,0,1,1,5
,2020-08667,39.72559,-105.02514,9/4/2020 8:47,8:47:00,15,0,0,SIXTH AVENUE EASTBOUND EXIT RAMP & FEDERAL BOULEVARD NORTH,1,1,0,0,1,1,0,0,30,0,0,0,0,0,2,2,13
,2020-08670,39.68758,-104.98751,9/4/2020 15:55,15:55:00,15,0,0,BROADWAY STREET SOUTH  & IOWA AVENUE EAST,1,1,0,0,1,4,0,0,30,0,0,0,0,0,4,2,7
,2020-08671,39.75537,-105.01269,9/4/2020 9:30,9:30:00,15,0,0,I25 & SPEER BOULEVARD NORTH,1,1,0,0,1,4,0,0,65,0,0,0,0,0,1,2,13
,2020-08673,39.77421,-104.84704,8/19/2020 20:02,20:02:00,15,0,0,PEORIA STREET NORTH & I70 WB EXIT RAMP,1,3,0,0,1,1,0,0,35,0,0,0,0,0,4,2,3
,2020-08674,39.67841,-104.96126,8/19/2020 16:45,16:45:00,12,0,0,EVANS AVENUE & 2300 EAST,1,1,0,0,1,4,0,0,35,0,0,0,0,0,4,2,14
,2020-08675,39.75829,-104.94059,9/4/2020 6:47,6:47:00,15,0,0,COLORADO BOULEVARD NORTH & 29TH AVENUE EAST,1,1,0,0,1,1,0,0,30,0,0,0,0,0,2,2,13
,2020-08679,39.76805,-105.00118,9/5/2020 21:53,21:53:00,6,0,0,37TH AVENUE WEST  & LIPAN STREET NORTH,1,3,0,0,1,4,0,0,25,0,0,0,0,0,4,2,5
,2020-08680,39.77732952,-104.8829389,9/5/2020 20:55,20:55:00,12,0,0,I70 EASTBOUND & CENTRAL PARK BOULEVARD NORTH,1,3,0,0,1,4,0,0,55,0,0,0,0,0,1,2,13
,2020-08684,39.67844654,-104.9316019,8/19/2020 11:05,11:05:00,12,0,0,4700 EAST EVANS AVENUE & SOUTH DAHLIA STREET,1,1,0,0,1,1,0,0,35,0,0,0,0,0,4,2,3
,2020-08685,39.77078,-104.74435,9/5/2020 23:00,23:00:00,6,0,0,40TH AVENUE & 20840 EAST,1,3,0,0,1,4,0,0,25,0,0,0,0,0,4,2,3
,2020-08686,39.68758,-104.99206,8/19/2020 6:40,6:40:00,12,0,0,SANTA FE DRIVE SOUTH & IOWA AVENUE WEST,1,1,0,0,1,1,0,0,40,0,0,0,0,0,2,2,13
,2020-08687,39.76697,-104.94748,8/19/2020 10:36,10:36:00,1,0,1,EAST 36TH AVENUE & NORTH COOK STREET,1,1,0,0,1,1,0,0,25,0,0,0,0,2,4,2,1
,2020-08688,39.76083,-104.98589,8/28/2020 19:30,19:30:00,12,0,0,BLAKE STREET & 27TH STREET,1,3,1,0,1,1,0,0,25,0,0,0,0,0,4,2,13
,2020-08689,39.78557,-104.98758,9/5/2020 20:51,20:51:00,6,0,0,WEST 49TH AVENUE & NORTH BROADWAY STREET,1,4,0,0,1,4,0,0,30,0,0,0,0,0,4,3,14
,2020-08690,39.75449,-104.96841,8/29/2020 23:03,23:03:00,3,0,0,26TH AVENUE EAST & FRANKLIN STREET NORTH,1,3,0,0,1,1,0,0,25,0,0,0,0,1,4,2,7
,2020-08692,39.69637,-104.93173,9/5/2020 21:45,21:45:00,6,0,0,DAHLIA STREET SOUTH  & KANSAS DRIVE EAST,1,3,0,0,3,4,0,0,25,0,0,0,0,0,4,2,2
,2020-08693,39.69559,-104.9223,8/28/2020 13:50,13:50:00,12,0,0,EAST CHERRY CREEK NORTH ALY & SOUTH HOLLY STREET,1,1,0,0,1,1,0,0,30,0,0,0,0,0,4,2,1
,2020-08694,39.69859,-105.02508,8/19/2020 9:25,9:25:00,5,0,0,FEDERAL BOULEVARD SOUTH & TENNESSEE AVENUE WEST,1,1,0,0,2,1,0,0,35,0,0,0,0,0,4,1,2
,2020-08696,39.76839,-104.99482,9/2/2020 6:55,6:55:00,12,0,0,I25 SOUTHBOUND & PARK AVENUE WEST,1,1,0,0,1,4,0,0,65,0,0,0,0,0,1,2,13
,2020-08697,39.74014,-104.93724,9/5/2020 14:46,14:46:00,3,0,0,COLFAX AVENUE EAST & BELAIRE STREET NORTH,1,1,0,0,1,1,0,0,20,0,0,0,0,1,2,2,13
,2020-08698,39.74988,-104.99832,9/5/2020 23:22,23:22:00,2,0,1,16TH STREET & MARKET STREET,1,3,0,0,1,3,0,0,0,1,0,0,0,1,4,2,16
,2020-08701,39.73681,-104.9586,9/6/2020 8:44,8:44:00,3,0,0,JOSEPHINE STREET NORTH & 13TH AVENUE EAST,1,1,0,0,1,1,0,0,35,0,0,0,0,0,4,2,13
,2020-08702,39.69386,-104.97341,8/19/2020 12:15,12:15:00,12,0,0,1200 SOUTH DOWNING STREET & EAST LOUISIANA AVENUE,1,1,0,0,1,3,0,0,30,0,0,0,0,0,4,2,13
,2020-08704,39.73686,-104.99647,9/6/2020 13:01,13:01:00,15,0,0,SPEER BOULEVARD NORTH & 13TH AVENUE WEST,1,1,0,0,1,3,0,0,35,0,0,0,0,0,4,2,4
,2020-08705,39.75632,-105.01584,9/6/2020 13:25,13:25:00,9,0,1,ZUNI STREET NORTH  & SPEER BOULEVARD NORTH,1,1,1,0,1,4,0,0,30,0,0,0,0,2,4,1,13
,2020-08706,39.74743,-104.91281,9/5/2020 13:41,13:41:00,3,0,0,MONTVIEW BOULEVARD EAST & MONACO STREET NORTH,1,1,0,0,1,1,0,0,35,0,0,0,0,0,4,2,13
,2020-08707,39.75119353,-105.0205084,9/5/2020 22:17,22:17:00,1,0,0,23RD AVENUE WEST & CLAY STREET NORTH,1,3,0,0,1,1,0,0,35,0,0,0,1,1,4,2,13
,2020-08708,39.80903405,-104.8814773,9/6/2020 12:34,12:34:00,1,0,0,EAST 62ND AVENUE & NORTH TOWER ROAD,1,1,0,0,1,1,0,0,45,0,0,0,0,0,4,2,13
,2020-08709,39.67844,-104.93398,9/5/2020 21:45,21:45:00,15,0,1,I25 SOUTHBOUND & EVANS AVENUE,1,3,1,0,1,4,0,0,60,0,0,0,0,1,1,4,16