id,drcog_id,latitude,longitude,crashtime,time,crashtype,numbkilled,numbinjurd,drcoglocat,rdconditin,lightngcon,roadcntgrd,weatherco,location,roaddescrp,schoolzone,constrzone,splimit,bikeinv,pedinv,sctrinv,motoinv,svrty,rdsystem,ttlvehcls,hcf
,2020-08729,39.7558,-104.99871,6/23/2020 12:00,12:00:00,6,0,0,WEWATTA STREET & 19TH STREET,1,1,0,0,1,7,0,0,25,0,0,0,0,0,4,2,13
,2020-08737,39.79629,-104.84717,8/27/2020 14:30,14:30:00,3,0,0,55TH AVENUE EAST & PEORIA STREET NORTH,1,1,0,0,1,1,0,0,35,0,0,0,0,0,4,2,3
,2020-08741,39.76095,-105.00433,9/3/2020 18:17,18:17:00,12,0,1,I25 NORTHBOUND & 20TH STREET,1,2,0,0,1,4,0,0,65,0,0,0,0,2,1,2,7
,2020-08745,39.74487,-104.98108,9/5/2020 8:17,8:17:00,12,0,1,18TH AVENUE EAST & PENNSYLVANIA STREET NORTH,1,1,0,0,1,1,0,0,35,0,0,0,1,2,4,2,8
,2020-08746,39.7329,-104.98192,9/5/2020 5:59,5:59:00,6,0,1,LOGAN STREET & 1042 NORTH,1,1,0,0,1,4,0,0,30,0,0,0,0,1,4,3,16
,2020-08749,39.74086,-104.98359,8/23/2020 13:28,13:28:00,12,0,1,GRANT STREET NORTH  & COLFAX AVENUE EAST,1,1,0,0,1,4,0,0,30,0,0,0,0,2,4,2,16
,2020-08756,39.78559,-104.84408,8/21/2020 12:28,12:28:00,15,0,0,ANDREWS DRIVE EAST & SCRANTON STREET NORTH,1,1,0,0,1,3,0,0,25,0,0,0,0,0,4,2,5
,2020-08760,39.76727,-104.95083,9/5/2020 5:45,5:45:00,5,0,0,3610 NORTH STREET PAUL STREET & EAST 36TH AVENUE,1,1,0,0,3,5,0,0,,0,0,0,0,0,4,1,16
,2020-08764,39.72534,-104.91276,8/22/2020 12:10,12:10:00,12,0,0,EAST SIXTH AVENUE & NORTH MONACO STREET,1,1,0,0,1,1,0,0,30,0,0,0,0,0,4,2,16
,2020-08779,39.78011,-104.98956,8/19/2020 12:24,12:24:00,15,0,0,I25 SOUTHBOUND & I70,1,1,0,0,1,4,0,0,65,0,0,0,0,0,1,2,10
,2020-08790,39.7576,-104.97444,8/28/2020 2:35,2:35:00,6,0,0,30TH STREET & WELTON STREET,1,3,0,0,1,4,0,0,35,0,0,0,0,0,4,2,14
,2020-08793,39.76322,-105.01586,9/3/2020 19:08,19:08:00,14,0,0,33RD AVENUE WEST & ZUNI STREET NORTH,1,2,0,0,1,4,0,0,25,0,0,0,0,0,4,3,13
,2020-08798,39.73687,-104.97069,9/3/2020 18:29,18:29:00,5,0,0,13TH AVENUE EAST & LAFAYETTE STREET NORTH,1,1,0,0,1,4,0,0,35,0,0,0,0,0,4,1,14
,2020-08804,39.78327,-105.00643,9/3/2020 12:15,12:15:00,5,0,0,I70 WB & PECOS STREET NORTH,1,1,0,0,3,4,0,0,65,0,0,0,0,0,1,2,14
,2020-08806,39.74034,-105.0346,9/4/2020 17:35,17:35:00,3,0,0,LOWELL BOULEVARD NORTH & COLFAX AVENUE WEST,1,1,0,0,1,1,0,0,25,0,0,0,0,0,2,2,13
,2020-08807,39.75964,-104.99541,9/3/2020 21:17,21:17:00,6,0,0,NORTH FOX STREET & WEST 30TH AVENUE,1,3,0,0,1,4,0,0,15,0,0,0,0,0,4,2,13
,2020-08810,39.77650157,-105.0497491,8/10/2020 10:39,10:39:00,6,0,0,XAVIER STREET & 900 NORTH,1,1,0,0,1,4,0,0,25,0,0,0,0,0,4,2,1
,2020-08813,39.78384,-105.00644,9/4/2020 20:41,20:41:00,3,0,0,48TH AVENUE WEST & PECOS STREET NORTH,1,2,0,0,1,6,0,0,25,0,0,0,0,0,1,2,13
,2020-08816,39.7825,-104.82015,9/2/2020 20:00,20:00:00,6,0,0,4900 NORTH DURHAM COURT & EAST 49TH PLACE,1,2,0,0,1,4,0,0,25,0,0,0,0,0,4,2,6
,2020-08817,39.6572,-105.05626,9/7/2020 0:25,0:25:00,6,0,0,DARTMOUTH AVENUE WEST & 5775,1,3,0,0,5,4,0,0,,0,0,0,0,0,3,3,1
,2020-08818,39.74744,-104.90345,9/4/2020 13:41,13:41:00,1,0,1,EAST MONTVIEW BOULEVARD & NORTH QUEBEC STREET,1,1,0,0,1,1,0,0,30,0,0,0,0,2,4,2,13
,2020-08819,39.77562,-104.86574,8/18/2020 16:47,16:47:00,12,0,1,I70 EASTBOUND & HAVANA STREET NORTH,1,1,0,0,1,4,0,1,55,0,0,0,0,2,1,3,1
,2020-08824,39.69312554,-105.0250579,9/6/2020 21:43,21:43:00,12,0,0,SOUTH FEDERAL BOULEVARD & WEST LOUISIANA AVENUE,1,3,0,0,1,1,0,0,40,0,0,0,0,0,4,2,1
,2020-08825,39.66080305,-104.8915879,9/6/2020 8:31,8:31:00,6,0,0,NORTH WILLOW STREET & 1400,1,1,0,0,1,4,0,0,25,0,0,0,0,0,4,2,7
,2020-08826,39.78746,-105.02522,9/5/2020 16:20,16:20:00,3,0,0,50TH AVENUE EAST & FEDERAL BOULEVARD NORTH,1,1,0,0,1,1,0,0,35,0,0,0,0,0,2,2,14
,2020-08827,39.66768,-104.97349,9/6/2020 11:47,11:47:00,3,0,0,YALE AVENUE EAST & DOWNING STREET SOUTH,1,1,0,0,1,1,0,0,,0,0,0,0,0,4,2,13
,2020-08828,39.75483,-105.02376,9/5/2020 16:00,16:00:00,12,0,0,2900 WEST 26TH AVENUE & NORTH FEDERAL BOULEVARD,1,1,0,0,1,4,0,0,35,0,0,0,0,0,4,2,16
,2020-08829,39.74248,-104.98612,9/6/2020 10:32,10:32:00,15,0,0,1600 NORTH LINCOLN STREET & EAST 17TH AVENUE,1,1,0,0,1,4,0,0,30,0,0,0,0,0,4,2,13
,2020-08830,39.74619,-104.98612,9/6/2020 16:05,16:05:00,5,0,0,EAST 19TH AVENUE & NORTH LINCOLN STREET,1,1,1,0,3,1,0,0,30,0,0,0,0,0,4,1,13
,2020-08835,39.75112,-104.97931,9/5/2020 3:00,3:00:00,6,0,0,TREMONT PLACE & 2400,1,3,0,0,1,4,0,0,25,0,0,0,0,0,4,2,16
,2020-08837,39.67841,-104.94075,9/5/2020 18:32,18:32:00,3,0,0,COLORADO BOULEVARD SOUTH & EVANS AVENUE EAST,1,1,0,0,1,1,0,0,15,0,0,0,0,0,2,2,13
,2020-08840,39.74489,-104.98612,9/6/2020 15:12,15:12:00,3,0,1,LINCOLN STREET NORTH & 18TH AVENUE EAST,1,1,0,0,1,1,0,0,25,0,0,0,1,3,4,2,3
,2020-08841,39.72568,-105.01322,9/6/2020 8:49,8:49:00,15,0,0,I25 NORTHBOUND & SIXTH AVENUE WEST,1,1,0,0,1,8,0,0,45,0,0,0,0,0,1,2,16
,2020-08843,39.78381,-104.94792,9/6/2020 23:02,23:02:00,15,0,0,I70 EASTBOUND EXIT RAMP TO & VASQUEZ BOULEVARD NORTH,1,3,1,0,1,8,0,0,20,0,0,0,0,0,4,2,13
,2020-08844,39.66573,-105.06072,9/6/2020 18:00,18:00:00,6,0,0,GOLDEN WAY & 2700 SOUTH,1,1,1,0,1,4,0,0,25,0,0,0,0,0,4,2,7
,2020-08845,39.75132,-105.01653,9/7/2020 10:24,10:24:00,12,0,0,I25 NORTHBOUND & 23RD AVENUE WEST,1,1,1,0,1,4,0,0,65,0,0,0,0,0,1,2,13
,2020-08846,39.72568,-105.01322,9/5/2020 9:50,9:50:00,12,0,0,I25 NORTHBOUND & SIXTH AVENUE WEST,1,1,0,0,1,4,0,0,55,0,0,0,0,1,1,2,16
,2020-08847,39.74003,-104.9811,9/5/2020 13:50,13:50:00,6,0,0,1400 NORTH PENNSYLVANIA STREET & EAST COLFAX AVENUE,1,1,0,0,1,3,0,0,25,0,0,0,0,0,4,3,14
,2020-08849,39.7563,-105.01584,9/6/2020 16:02,16:02:00,1,0,0,NORTH SPEER BOULEVARD & NORTH ZUNI STREET,1,1,1,0,1,1,0,0,35,0,0,0,0,1,4,2,3
,2020-08852,39.78565,-105.05325,2/28/2020 18:15,18:15:00,15,0,0,NORTH SHERIDAN BOULEVARD & WEST 49TH AVENUE,1,3,0,0,1,4,0,0,35,0,0,0,0,0,4,2,14
,2020-08853,39.73922,-104.97991,8/31/2020 18:21,18:21:00,6,0,0,1400 NORTH PEARL STREET & EAST 14TH AVENUE,1,1,0,0,1,4,0,0,25,0,0,0,0,0,4,2,5
,2020-08854,39.77401,-104.84703,9/6/2020 13:00,13:00:00,12,0,0,I70 EASTBOUND EXIT  TO & PEORIA STREET EXIT RAMP,1,1,0,0,1,4,0,0,55,0,0,0,0,0,1,2,13
,2020-08855,39.7289,-104.99758,7/12/2020 18:42,18:42:00,15,0,0,NORTH INCA STREET & WEST EIGHTH AVENUE,1,1,0,0,1,4,0,0,25,0,0,0,0,0,4,2,3
,2020-08856,39.71163,-104.95917,8/31/2020 18:15,18:15:00,3,0,0,UNIVERSITY BOULEVARD SOUTH & 200,1,1,0,0,1,2,0,0,30,0,0,0,0,0,4,2,3
,2020-08857,39.74013,-104.94066,8/31/2020 6:43,6:43:00,12,0,0,COLORADO BOULEVARD NORTH & COLFAX AVENUE EAST,14,1,0,0,1,1,0,0,35,0,0,0,0,0,2,2,1
,2020-08858,39.65302739,-104.9374221,8/25/2020 17:00,17:00:00,12,0,0,HAMPDEN AVENUE EAST & BELAIRE STREET SOUTH,1,1,0,0,1,3,0,0,35,0,0,0,0,0,2,4,3
,2020-08859,39.76336153,-104.9876989,8/22/2020 19:14,19:14:00,12,0,0,28TH STREET & NORTH BRIGHTON BOULEVARD,1,1,0,0,1,1,0,0,25,0,0,0,0,0,4,2,13
,2020-08860,39.74326,-104.97989,9/6/2020 14:45,14:45:00,1,0,0,EAST 17TH AVENUE & NORTH PEARL STREET,1,1,0,0,1,1,0,0,30,0,0,0,0,0,4,2,13
,2020-08862,39.77842,-104.90357,8/22/2020 21:14,21:14:00,12,0,0,I70 WB EXIT RAMP TO & NORTHFIELD QUEBEC STREET NORTH,1,3,0,0,1,8,0,0,45,0,0,0,0,0,1,2,1
,2020-08863,39.67846,-104.93162,8/31/2020 17:50,17:50:00,12,0,0,EAST EVANS AVENUE & SOUTH DAHLIA STREET,1,1,0,0,1,3,0,0,35,0,0,0,0,0,4,2,16
,2020-08864,39.74677,-104.99185,8/31/2020 16:10,16:10:00,15,0,0,STOUT STREET & 17TH STREET,1,1,0,0,1,1,0,0,30,0,0,0,0,0,4,2,13
,2020-08865,39.78052,-104.9405,8/31/2020 13:23,13:23:00,12,0,0,4500 NORTH COLORADO BOULEVARD & I70 EASTBOUND ON RAMP,1,1,0,0,1,4,0,1,25,0,0,0,0,0,4,2,13
,2020-08866,39.78503,-104.84427,3/26/2020 10:45,10:45:00,15,0,0,4800 NORTH SCRANTON STREET & NORTH ANDREWS STREET,1,1,0,0,1,4,0,0,25,0,0,0,0,0,4,2,14
,2020-08867,39.75537,-105.01269,8/31/2020 16:39,16:39:00,12,0,0,I25 & SPEER BOULEVARD NORTH,1,1,0,0,1,4,0,0,55,0,0,0,0,0,1,2,13
,2020-08868,39.69197,-104.94182,7/29/2020 14:00,14:00:00,12,0,0,1355 SOUTH COLORADO BOULEVARD & PVT PROP PKG GARAGE,1,1,0,0,5,2,0,0,,0,0,0,0,0,3,2,6
,2020-08869,39.6531,-104.90909,9/6/2020 17:30,17:30:00,1,0,0,HAMPDEN AVENUE EAST & ONEIDA STREET SOUTH,1,1,0,0,1,1,0,0,45,0,0,0,0,0,2,2,13
,2020-08870,39.76978,-104.99121,8/24/2020 9:04,9:04:00,5,0,1,GLOBEVILLE ROAD NORTH  & BROADWAY STREET NORTH,1,1,1,0,2,4,0,0,35,0,0,0,0,2,4,1,16
,2020-08871,39.68758,-104.98751,8/31/2020 14:20,14:20:00,3,0,0,SOUTH BROADWAY STREET & WEST IOWA AVENUE,1,1,0,0,1,1,0,0,25,0,0,0,0,0,4,2,3
,2020-08872,39.72559,-105.02514,8/24/2020 9:55,9:55:00,12,0,0,SIXTH AVENUE WB EXIT RAMP & FEDERAL BOULEVARD NORTH,1,1,1,0,1,1,0,0,35,0,0,0,0,0,2,2,13
,2020-08873,39.76746,-104.90345,8/1/2020 13:17,13:17:00,12,0,0,EAST 36TH AVENUE & NORTH QUEBEC STREET,1,1,0,0,1,1,0,0,35,0,0,0,0,0,4,2,5
,2020-08874,39.76746,-104.90345,8/31/2020 14:45,14:45:00,15,0,0,EAST 36TH AVENUE & NORTH QUEBEC STREET,1,1,0,0,1,1,0,0,45,0,0,0,0,0,4,2,7
,2020-08876,39.62855,-104.90393,8/5/2020 7:30,7:30:00,15,0,0,I25 NORTHBOUND ON RAMP & I225 NORTHBOUND ON RAMP EXIT GORE POINT,1,1,0,0,1,8,0,0,45,0,0,0,0,0,1,2,1
,2020-08877,39.74327,-104.98234,8/25/2020 14:13,14:13:00,6,0,0,NORTH LOGAN STREET & EAST 17TH AVENUE,1,1,0,0,1,4,0,0,25,0,0,0,0,0,4,3,8
,2020-08879,39.74381,-104.88582,8/26/2020 14:19,14:19:00,3,0,0,NORTH XENIA STREET & EAST 17TH AVENUE,1,1,0,0,1,1,0,0,25,0,0,0,0,0,4,2,13
,2020-08880,39.75162,-104.98783,8/31/2020 17:00,17:00:00,5,0,0,2111 CHAMPA STREET & BROADWAY,1,1,0,0,3,4,0,0,25,0,0,0,0,0,4,1,6
,2020-08881,39.69297,-104.97341,8/31/2020 16:10,16:10:00,12,0,0,SOUTH DOWNING STREET & EAST LOUISIANA AVENUE,1,1,0,0,1,3,0,0,25,0,0,0,0,0,4,2,3
,2020-08882,39.74157,-104.89403,8/22/2020 23:30,23:30:00,6,0,0,ULSTER STREET NORTH & 1500,1,3,0,0,1,4,0,0,,0,0,0,0,0,4,2,13
,2020-08883,39.72566,-105.05326,9/7/2020 3:00,3:00:00,3,0,0,SHERIDAN BOULEVARD NORTH & SIXTH AVENUE WEST,1,3,0,0,1,1,0,0,35,0,0,0,0,1,2,2,13
,2020-08884,39.75718,-105.01022,8/25/2020 15:10,15:10:00,12,0,2,I25 SOUTHBOUND & 15TH STREET,1,1,0,0,1,4,0,0,65,0,0,0,0,1,1,2,13
,2020-08885,39.75056,-104.99919,8/26/2020 14:41,14:41:00,11,0,1,16TH STREET & BLAKE STREET,1,1,0,0,1,1,0,0,0,1,0,0,0,2,4,1,16
,2020-08886,39.74032153,-105.0139519,8/18/2020 17:41,17:41:00,12,0,0,I25 & COLFAX AVENUE WEST,1,1,0,0,1,4,0,0,65,0,0,0,0,0,1,2,13
,2020-08887,39.78376,-105.03458,8/24/2020 14:07,14:07:00,3,0,0,NORTH LOWELL BOULEVARD & WEST 48TH AVENUE,1,1,1,0,1,1,0,0,35,0,0,0,0,0,4,2,5
,2020-08888,39.72314054,-105.0532504,8/25/2020 17:37,17:37:00,12,0,0,SHERIDAN BOULEVARD  & FOURTH AVENUE WEST,1,1,0,0,1,3,0,0,35,0,0,0,0,0,2,2,13
,2020-08889,39.67513,-105.02507,9/6/2020 16:52,16:52:00,1,0,0,ILIFF AVENUE WEST & FEDERAL BOULEVARD SOUTH,1,1,1,0,1,1,0,0,40,0,0,0,0,1,2,2,13
,2020-08891,39.76919,-104.97335,9/1/2020 7:53,7:53:00,12,0,0,WALNUT STREET & NORTH DOWNING STREET,1,1,0,0,1,4,0,0,30,0,0,0,0,0,4,2,3
,2020-08892,39.69659,-104.89173,9/1/2020 7:05,7:05:00,10,0,0,EAST MISSISSIPPI AVENUE & SOUTH VALENTIA STREET,1,1,0,0,1,1,0,0,40,0,0,0,0,0,4,3,7
,2020-08893,39.73203,-104.97868,8/26/2020 9:17,9:17:00,6,0,0,1000 NORTH WASHINGTON STREET & EAST 10TH AVENUE,14,5,3,7,1,1,0,0,25,0,0,0,0,0,4,2,14
,2020-08894,39.67476,-104.87084,8/31/2020 17:15,17:15:00,12,0,0,EAST ILIFF AVENUE & SOUTH PARKER ROAD,1,1,1,0,1,1,0,0,30,0,0,0,0,0,4,2,16
,2020-08895,39.71656153,-104.9921404,2/28/2020 16:54,16:54:00,6,0,0,CHEROKEE STREET SOUTH  & ELLSWORTH AVENUE WEST,1,1,1,0,1,4,0,0,30,0,0,0,0,0,4,2,14
,2020-08896,39.71828,-104.95922,9/1/2020 10:47,10:47:00,15,0,0,EAST FIRST AVENUE & NORTH UNIVERSITY BOULEVARD,1,1,0,0,1,3,0,0,30,0,0,0,0,0,4,4,10
,2020-08897,39.70651,-104.91983,8/26/2020 19:42,19:42:00,3,0,2,LEETSDALE DRIVE & SOUTH JERSEY STREET,1,2,0,0,1,1,0,0,25,0,0,0,0,2,4,2,1
,2020-08898,39.72568,-105.01323,8/18/2020 14:26,14:26:00,5,0,0,I25 NORTHBOUND & SIXTH AVENUE WEST,1,1,0,0,3,4,0,0,65,0,0,0,0,0,1,1,5
,2020-08899,39.77285,-104.86474,8/19/2020 17:30,17:30:00,3,0,0,40TH AVENUE EAST  & HAVANA STREET NORTH,1,1,0,0,1,2,0,0,35,0,0,0,0,0,4,2,1
,2020-08900,39.6831,-104.94055,9/1/2020 2:30,2:30:00,5,0,0,I25 NORTHBOUND & COLORADO BOULEVARD SOUTH,1,3,0,0,1,4,0,0,60,0,0,0,0,0,1,1,13
,2020-08901,39.76912,-104.9953,8/26/2020 13:06,13:06:00,2,0,1,38TH AVENUE WEST & FOX STREET NORTH,1,1,0,0,1,1,0,0,0,1,0,0,0,2,1,2,16
,2020-08902,39.75102,-104.90343,8/31/2020 20:26,20:26:00,1,0,0,23RD AVENUE EAST & QUEBEC STREET NORTH,11,3,0,1,1,1,0,0,30,0,0,0,0,0,4,2,13
,2020-08903,39.69883,-104.90436,8/26/2020 9:50,9:50:00,12,0,0,LEETSDALE DRIVE  & QUEBEC STREET SOUTH,1,1,0,0,1,4,0,1,35,0,0,0,0,1,2,2,1
,2020-08904,39.70674,-105.03911,7/25/2020 10:04,10:04:00,3,0,0,PATTON COURT SOUTH & MORRISON ROAD,1,1,0,0,1,1,0,0,30,0,0,0,0,0,4,2,1
,2020-08905,39.72548053,-105.0130699,9/1/2020 14:00,14:00:00,12,0,0,I25 NORTHBOUND & SIXTH AVENUE WEST,1,1,0,0,1,4,0,0,65,0,0,0,0,0,1,2,7
,2020-08909,39.74044,-105.01397,9/1/2020 11:30,11:30:00,15,0,1,I25 & COLFAX AVENUE WEST,1,1,0,0,1,4,0,0,65,0,0,0,0,1,1,2,13
,2020-08910,39.76019,-105.02512,9/1/2020 9:37,9:37:00,12,0,0,2900 NORTH SPEER BOULEVARD & NORTH FEDERAL BOULEVARD,1,1,1,0,1,4,0,0,30,0,0,0,0,0,4,2,13
,2020-08911,39.75372,-104.98636,8/26/2020 11:55,11:55:00,15,0,0,PARK AVENUE WEST & CURTIS STREET,1,1,0,0,1,1,0,0,30,0,0,0,0,0,4,5,1
,2020-08912,39.78239,-104.84701,8/26/2020 15:20,15:20:00,10,0,0,EAST 47TH AVENUE & NORTH PEORIA STREET,1,1,0,0,1,1,0,0,35,0,0,0,0,0,4,2,13
,2020-08913,39.73671,-104.94067,9/1/2020 8:00,8:00:00,10,0,0,13TH AVENUE EAST & COLORADO BOULEVARD NORTH,1,1,0,0,1,1,0,0,35,0,0,0,0,1,2,3,3
,2020-08914,39.71815454,-105.0251884,8/25/2020 10:10,10:10:00,3,0,1,FEDERAL BOULEVARD NORTH & FIRST AVENUE WEST,1,1,0,0,1,1,0,0,35,0,0,0,0,2,2,3,3
,2020-08915,39.75236353,-104.9846209,8/26/2020 8:47,8:47:00,12,0,0,PARK AVENUE WEST & STOUT STREET,1,1,0,0,1,1,0,0,30,0,0,0,0,0,4,2,14
,2020-08916,39.73846,-104.99689,9/1/2020 8:00,8:00:00,15,0,0,WEST 14TH AVENUE & NORTH SPEER BOULEVARD,1,1,0,0,1,1,0,0,25,0,0,0,0,0,4,2,13
,2020-08917,39.74086,-104.98359,9/1/2020 8:20,8:20:00,6,0,0,1500 NORTH GRANT STREET & WEST COLFAX AVENUE,1,1,0,0,1,4,0,0,25,0,0,0,0,0,4,2,14
,2020-08918,39.76148953,-104.9746309,9/1/2020 8:16,8:16:00,2,0,1,32ND STREET & CHAMPA STREET,1,1,0,0,1,1,0,0,25,1,0,0,0,2,4,3,1
,2020-08919,39.75214,-105.05324,9/1/2020 10:18,10:18:00,12,0,0,SHERIDAN BOULEVARD NORTH  & BYRON PLACE WEST,1,1,1,0,1,3,0,0,35,0,0,0,0,1,2,3,10
,2020-08921,39.69572,-104.98744,8/31/2020 21:30,21:30:00,11,0,1,BROADWAY STREET SOUTH  & MISSISSIPPI AVENUE EAST,11,3,0,0,1,4,0,0,0,0,1,0,0,2,4,1,16
,2020-08922,39.78306252,-104.9006419,9/1/2020 9:41,9:41:00,5,0,0,I270 WB & NORTHFIELD QUEBEC STREET NORTH,1,1,0,0,3,4,0,0,65,0,0,0,0,0,1,1,2
,2020-08923,39.70142354,-104.9874109,8/31/2020 23:10,23:10:00,12,0,0,I25 NORTHBOUND & LINCOLN STREET SOUTH,1,3,1,0,1,4,0,0,60,0,0,0,0,0,1,2,5
,2020-08924,39.76742,-105.02995,8/25/2020 19:11,19:11:00,3,0,0,WEST 37TH AVENUE & NORTH IRVING STREET,1,1,0,0,1,1,0,0,,0,0,0,0,1,4,2,13
,2020-08925,39.74015,-104.9105,9/1/2020 12:15,12:15:00,15,0,0,COLFAX AVENUE EAST & NIAGARA STREET NORTH,1,1,0,0,1,3,0,0,35,0,0,0,0,0,2,2,1
,2020-08926,39.78433153,-105.0250894,8/26/2020 1:12,1:12:00,5,0,1,I70 EASTBOUND & FEDERAL BOULEVARD NORTH,1,3,0,0,2,4,0,0,55,0,0,0,0,2,1,1,5
,2020-08927,39.79839,-104.90339,8/26/2020 17:40,17:40:00,1,0,0,EAST 56TH AVENUE & NORTH QUEBEC STREET,11,1,0,1,1,1,0,0,40,0,0,0,0,0,4,2,14
,2020-08928,39.78433153,-105.0250894,8/31/2020 19:50,19:50:00,1,0,0,FEDERAL BOULEVARD NORTH & I70 EASTBOUND ON RAMP,1,3,0,0,1,1,0,0,35,0,0,0,0,1,2,2,14
,2020-08929,39.72558,-104.97177,8/26/2020 9:52,9:52:00,6,0,0,SIXTH AVENUE EAST  & MARION STREET NORTH,1,1,0,0,1,4,0,0,30,0,0,0,0,0,4,2,13
,2020-08930,39.65308,-104.91826,8/26/2020 11:35,11:35:00,15,0,0,I25 NORTHBOUND & HAMPDEN AVENUE EAST,1,1,0,0,1,4,0,0,65,0,0,0,0,0,1,2,1
,2020-08931,39.71976,-105.02818,8/26/2020 8:17,8:17:00,6,0,0,SECOND AVENUE WEST  & HAZEL COURT NORTH,1,1,0,0,1,4,0,0,25,0,0,0,0,0,4,2,16
,2020-08932,39.74546,-104.96844,8/26/2020 16:39,16:39:00,6,0,0,FRANKLIN STREET NORTH  & 19TH AVENUE EAST,1,1,0,0,1,4,0,0,30,0,0,0,0,0,4,2,13
,2020-08933,39.69312,-105.04139,8/26/2020 13:44,13:44:00,3,0,0,QUITMAN STREET SOUTH & LOUISIANA AVENUE WEST,1,1,0,0,1,1,0,0,30,0,0,0,0,0,4,2,4
,2020-08934,39.7384,-104.96348,9/1/2020 13:20,13:20:00,11,0,0,RACE STREET NORTH & 14TH AVENUE EAST,1,1,0,0,1,1,0,0,30,0,1,0,0,1,4,1,3
,2020-08935,39.77421,-104.84704,8/26/2020 3:48,3:48:00,15,0,0,I70 WB EXIT RAMP & PEORIA STREET NORTH,1,3,0,0,1,1,0,0,45,0,0,0,0,0,4,2,13
,2020-08936,39.72322,-104.87536,9/1/2020 7:37,7:37:00,11,0,1,DAYTON STREET NORTH & FIFTH AVENUE EAST,1,1,1,0,1,3,0,0,30,0,1,0,0,3,4,1,16
,2020-08937,39.73841,-104.96847,8/26/2020 18:29,18:29:00,5,0,0,EAST 14TH AVENUE & NORTH FRANKLIN STREET,1,1,0,0,2,4,0,0,30,0,0,0,0,0,4,1,13
,2020-08938,39.78004,-104.98919,8/31/2020 23:45,23:45:00,5,0,1,I25 NORTHBOUND EXIT RAMP TO & I70 EASTBOUND,11,3,1,1,2,8,0,0,55,0,0,0,0,1,1,1,13
,2020-08939,39.74447,-105.00001,8/26/2020 13:29,13:29:00,12,0,0,ARAPAHOE STREET & NORTH SPEER BOULEVARD,1,1,0,0,1,1,0,0,30,0,0,0,0,0,4,2,3
,2020-08940,39.71801953,-104.9546419,9/1/2020 12:55,12:55:00,12,0,1,EAST FIRST AVENUE & NORTH DETROIT STREET,1,1,0,0,1,1,0,0,35,0,0,0,0,0,4,2,1
,2020-08941,39.73674,-104.91279,9/1/2020 11:33,11:33:00,12,0,0,1200 NORTH MONACO STREET & EAST 13TH AVENUE,1,1,0,0,1,1,0,0,30,0,0,0,0,0,4,2,14
,2020-08942,39.70643,-104.99679,8/26/2020 11:20,11:20:00,12,0,1,I25 NORTHBOUND ON RAMP & ENTRANCE GORE POINT FROM SANTA FE DRIVE SOUTH,1,1,1,0,1,8,0,0,45,0,0,0,0,1,1,2,13
,2020-08944,39.68227,-105.04898,9/1/2020 16:35,16:35:00,8,0,0,SOUTH WOLCOTT COURT & WEST JEWELL AVENUE,1,1,0,0,1,1,0,0,25,0,0,0,0,0,4,2,3
,2020-08945,39.74044,-105.01397,9/1/2020 15:28,15:28:00,12,0,0,I25 NORTHBOUND & COLFAX AVENUE WEST,1,1,0,0,1,4,0,0,55,0,0,0,0,0,1,2,5
,2020-08946,39.79806551,-104.8307299,8/31/2020 23:17,23:17:00,12,0,0,13200 EAST 56TH AVENUE & NORTH WORCHESTER STREET,11,4,0,1,1,4,0,0,45,0,0,0,0,0,4,2,1
,2020-08947,39.74489,-104.98742,9/1/2020 14:15,14:15:00,8,0,0,EAST 18TH AVENUE & NORTH BROADWAY STREET,1,1,1,0,1,1,0,0,30,0,0,0,0,0,4,2,13
,2020-08948,39.68294,-104.94055,9/1/2020 14:51,14:51:00,12,0,2,I25 SOUTHBOUND & COLORADO BOULEVARD LOOP ENTRANCE GORE POINT,1,1,0,0,1,4,0,0,60,0,0,0,0,2,1,2,1
,2020-08950,39.77421,-104.84704,9/1/2020 12:48,12:48:00,12,0,0,I70 WB ENTRANCE RAMP FROM & PEORIA STREET NORTH,1,1,0,0,1,8,0,0,65,0,0,0,0,0,1,2,13
,2020-08951,39.73849,-105.05322,5/21/2020 16:56,16:56:00,12,0,0,NORTH SHERIDAN BOULEVARD & WEST 14TH AVENUE,1,2,0,0,1,4,0,0,35,0,0,0,0,0,4,2,13
,2020-08952,39.76026,-105.02524,9/1/2020 16:38,16:38:00,12,0,0,NORTH SPEER BOULEVARD & NORTH FEDERAL BOULEVARD,1,1,0,0,1,1,0,0,35,0,0,0,0,0,4,2,13
,2020-08953,39.75278,-104.98741,9/1/2020 14:00,14:00:00,10,0,0,22ND STREET & NORTH BROADWAY STREET,1,1,0,0,1,1,0,0,30,0,0,0,0,0,4,2,13
,2020-08954,39.7723,-104.97455,9/1/2020 14:35,14:35:00,12,0,0,38TH STREET & WYNKOOP STREET,1,1,0,0,1,1,0,0,30,0,0,0,0,0,4,2,1
,2020-08955,39.72566,-104.99047,9/1/2020 15:55,15:55:00,3,0,0,NORTH BANNOCK STREET & WEST SIXTH AVENUE,11,2,0,0,1,1,0,0,30,0,0,0,0,0,4,2,13
,2020-08956,39.66503,-105.02606,9/1/2020 16:44,16:44:00,6,0,1,WEST AMHERST AVENUE & SOUTH GREEN COURT,1,1,1,0,1,3,0,0,25,0,0,0,0,3,4,5,1