id,drcog_id,latitude,longitude,crashtime,time,crashtype,numbkilled,numbinjurd,drcoglocat,rdconditin,lightngcon,roadcntgrd,weatherco,location,roaddescrp,schoolzone,constrzone,splimit,bikeinv,pedinv,sctrinv,motoinv,svrty,rdsystem,ttlvehcls,hcf
,2020-08957,39.74291,-104.99165,9/1/2020 14:50,14:50:00,10,0,0,15TH STREET & GLENARM PLACE,1,1,0,0,1,1,0,0,25,0,0,0,0,0,4,2,13
,2020-08959,39.73469,-104.94067,8/22/2020 20:25,20:25:00,1,0,0,NORTH COLORADO BOULEVARD & EAST 12TH AVENUE,1,3,0,0,1,1,0,0,35,0,0,0,0,1,4,2,5
,2020-08960,39.73843,-104.98741,8/15/2020 10:27,10:27:00,12,0,0,WEST 14TH AVENUE & NORTH BROADWAY STREET,1,1,0,1,1,1,0,0,30,0,0,0,0,0,4,2,3
,2020-08961,39.74194153,-104.9418709,9/1/2020 13:23,13:23:00,3,0,0,NORTH COLORADO HARRISON ALY & EAST 16TH AVENUE,1,1,0,0,1,5,0,0,10,0,0,0,0,0,4,2,1
,2020-08962,39.66033,-104.88995,9/1/2020 12:55,12:55:00,12,0,0,SOUTH XENIA STREET & EAST CORNELL DRIVE,1,1,0,0,1,1,0,0,20,0,0,0,0,1,4,2,10
,2020-08963,39.76202,-105.01216,9/1/2020 17:21,17:21:00,6,0,0,32ND AVENUE WEST & NORTH UMATILLA STREET,1,1,0,0,1,4,0,0,25,0,0,0,0,0,4,2,14
,2020-08994,39.65482957,-105.0531312,8/3/2020 12:19,12:19:00,12,0,0,SHERIDAN BOULEVARD SOUTH  & DARTMOUTH AVENUE WEST,1,1,0,0,1,4,0,0,30,0,0,0,0,0,2,2,13
,2020-08995,39.74276,-104.9874,8/18/2020 13:40,13:40:00,15,0,0,BROADWAY STREET NORTH  & 17TH AVENUE EAST,1,1,0,0,1,4,0,0,30,0,0,0,0,0,4,2,13
,2020-08999,39.7401,-104.9128,8/26/2020 13:25,13:25:00,3,0,0,COLFAX AVENUE EAST & MONACO STREET NORTH,1,1,0,0,1,1,0,0,30,0,0,0,0,1,2,2,3
,2020-09001,39.74326,-104.97615,9/2/2020 11:43,11:43:00,3,0,0,EAST 17TH AVENUE & NORTH EMERSON STREET,1,1,0,0,1,1,0,0,30,0,0,0,0,0,4,2,13
,2020-09005,39.69228,-104.97695,8/11/2020 16:41,16:41:00,5,0,1,I25 NORTHBOUND & SOUTH EMERSON STREET,1,1,0,0,3,4,0,0,55,0,0,0,0,1,1,1,1
,2020-09010,39.77385,-104.94054,8/26/2020 12:18,12:18:00,12,0,0,COLORADO BOULEVARD NORTH & 41ST AVENUE EAST,1,1,0,0,1,3,0,0,35,0,0,0,0,0,2,2,3
,2020-09030,39.72914,-104.95058,8/27/2020 8:30,8:30:00,12,0,0,3000 EAST EIGHTH AVENUE & NORTH STEELE STREET,1,1,0,0,1,1,0,0,30,0,0,0,0,0,4,2,3
,2020-09033,39.77779,-105.01819,8/26/2020 15:54,15:54:00,6,0,0,BEACH COURT NORTH  & 45TH AVENUE WEST,1,1,1,0,1,4,0,0,25,0,0,0,0,0,4,2,16
,2020-09034,39.74395,-105.03461,8/26/2020 19:07,19:07:00,3,0,0,NORTH LOWELL BOULEVARD & WEST 17TH AVENUE,1,2,0,0,1,1,0,0,25,0,0,0,0,1,4,2,13
,2020-09035,39.74001,-104.96785,8/21/2020 21:47,21:47:00,12,0,0,COLFAX AVENUE EAST & PARK AVENUE,1,3,0,0,1,4,0,0,25,0,0,0,0,1,4,2,13
,2020-09037,39.74744,-104.90345,9/4/2020 13:41,13:41:00,1,0,1,EAST MONTVIEW BOULEVARD & NORTH QUEBEC STREET,1,1,0,0,1,1,0,0,30,0,0,0,0,2,4,2,13
,2020-09039,39.71118,-104.9924,8/26/2020 16:50,16:50:00,1,0,0,WEST ALAMEDA AVENUE & SOUTH CHEROKEE STREET,1,1,0,0,1,1,0,0,30,0,0,0,0,1,4,2,3
,2020-09040,39.72726,-104.97877,8/26/2020 14:20,14:20:00,15,0,0,NORTH WASHINGTON STREET & EAST SEVENTH AVENUE,1,1,0,0,1,3,0,0,25,0,0,0,0,0,4,3,1
,2020-09044,39.6387,-105.09083,8/26/2020 13:40,13:40:00,12,0,0,8100 WEST QUINCY AVENUE & SOUTH AMMONS STREET,1,1,0,0,1,3,0,0,35,0,0,0,0,1,4,2,3
,2020-09061,39.77401,-104.84703,8/26/2020 21:45,21:45:00,15,0,0,I70 EASTBOUND EXIT RAMP TO & PEORIA STREET NORTHBOUND,1,3,0,0,1,1,0,0,35,0,0,0,0,0,4,2,3
,2020-09062,39.71114,-104.97101,8/26/2020 16:30,16:30:00,1,0,0,EAST ALAMEDA AVENUE & SOUTH LAFAYETTE STREET,1,1,0,0,1,1,0,0,30,0,0,0,0,0,4,2,3
,2020-09065,39.76186,-104.92345,8/27/2020 9:01,9:01:00,6,0,0,MLK BOULEVARD EAST & HUDSON STREET NORTH,1,1,0,0,3,4,0,0,30,0,0,0,0,0,4,2,14
,2020-09066,39.74044,-105.01416,8/27/2020 17:00,17:00:00,12,0,0,I25 SOUTHBOUND & WEST COLFAX AVENUE,1,1,0,0,1,4,0,0,65,0,0,0,0,0,1,2,14
,2020-09067,39.71209,-105.02034,7/31/2020 23:35,23:35:00,6,0,0,CLAY STREET SOUTH & WEST ALAMEDA AVENUE,1,4,0,0,1,4,0,0,30,0,0,0,0,0,4,3,14
,2020-09068,39.7621,-105.04877,8/27/2020 18:34,18:34:00,2,0,1,32ND AVENUE WEST & WOLFF STREET NORTH,1,1,0,0,1,1,0,0,30,1,0,0,0,2,4,2,3
,2020-09069,39.77401,-104.84703,8/27/2020 10:40,10:40:00,12,0,0,I70 EASTBOUND EXIT RAMP TO & PEORIA STREET NORTH,1,1,0,0,1,8,0,0,35,0,0,0,0,0,1,2,13
,2020-09070,39.7102,-104.97681,8/27/2020 17:46,17:46:00,6,0,0,300 SOUTH EMERSON STREET & EAST ALAMEDA AVENUE,1,1,0,0,1,4,0,0,25,0,0,0,0,0,4,2,9
,2020-09071,39.7384,-104.97185,8/2/2020 19:00,19:00:00,6,0,0,MARION STREET NORTH & 14TH AVENUE EAST,1,1,0,0,1,5,0,0,15,0,0,0,0,0,4,2,13
,2020-09073,39.78178,-104.77447,8/27/2020 20:35,20:35:00,3,0,0,EAST 47TH AVENUE & NORTH YAMPA STREET,1,3,0,0,1,1,0,0,30,0,0,0,0,1,4,2,5
,2020-09074,39.77846,-104.92229,8/18/2020 15:40,15:40:00,15,0,0,I70 WB & HOLLY STREET NORTH,1,1,0,0,1,4,0,1,65,0,0,0,0,0,1,2,1
,2020-09075,39.72566,-105.05326,8/7/2020 21:00,21:00:00,5,0,0,SIXTH AVENUE WEST & SHERIDAN BOULEVARD NORTH,1,3,0,0,1,4,0,0,55,0,0,0,0,0,2,2,14
,2020-09077,39.7723,-104.97455,8/27/2020 14:47,14:47:00,3,0,0,38TH STREET & WYNKOOP STREET,1,1,1,0,1,2,0,0,30,0,0,0,0,0,4,2,3
,2020-09078,39.63867,-104.89268,8/27/2020 16:30,16:30:00,1,0,0,SOUTH TAMARAC DRIVE & EAST QUINCY AVENUE,1,1,0,0,1,1,0,0,30,0,0,0,0,0,4,2,3
,2020-09079,39.77841,-104.91288,8/13/2020 12:37,12:37:00,15,0,0,I70 WB & MONACO STREET NORTH,1,1,0,0,1,4,0,0,65,0,0,0,0,0,1,2,14
,2020-09080,39.73043,-105.02602,8/22/2020 21:46,21:46:00,6,0,0,860 NORTH GROVE STREET & 860 WEST,1,3,0,0,1,4,0,0,25,0,0,0,0,1,4,2,5
,2020-09081,39.75278,-104.98741,8/27/2020 12:08,12:08:00,15,0,0,22ND STREET & BROADWAY STREET NORTH,1,1,0,0,1,1,0,0,30,0,0,0,0,0,4,2,8
,2020-09082,39.73843153,-104.9799004,8/27/2020 15:17,15:17:00,11,0,0,PEARL STREET NORTH & 14TH AVENUE EAST,1,1,0,0,1,1,0,0,0,0,0,1,0,1,4,2,16
,2020-09083,39.68932,-104.94063,8/27/2020 14:04,14:04:00,12,0,0,COLORADO BOULEVARD SOUTH & FLORIDA AVENUE EAST,1,1,0,0,1,1,0,0,35,0,0,0,0,1,2,2,13
,2020-09084,39.76469,-104.97396,8/23/2020 1:08,1:08:00,6,0,0,34TH STREET & ARAPAHOE STREET,1,3,0,0,1,1,0,0,25,0,0,0,0,0,4,2,1
,2020-09085,39.77708652,-104.8829299,8/7/2020 23:16,23:16:00,12,0,0,I70 & CENTRAL PARK AVENUE NORTH,1,3,0,0,1,4,0,0,65,0,0,0,0,0,1,2,13
,2020-09086,39.69658,-104.95991,8/27/2020 16:00,16:00:00,12,0,0,MISSISSIPPI AVENUE EAST & SOUTH UNIVERSITY BOULEVARD,1,1,0,0,1,3,0,0,25,0,0,0,0,0,4,2,3
,2020-09087,39.74743,-104.91399,8/19/2020 21:41,21:41:00,6,0,0,EAST MONTVIEW BOULEVARD & NORTH LOCUST STREET,1,4,0,0,1,4,0,0,25,0,0,0,0,0,4,2,16
,2020-09088,39.7767,-105.04273,8/23/2020 12:00,12:00:00,6,0,0,WEST 44TH AVENUE & NORTH STUART STREET,11,1,0,0,1,4,0,0,25,0,0,0,0,0,4,2,16
,2020-09089,39.7878419,-104.9443418,8/27/2020 10:02,10:02:00,15,0,0,I70 EASTBOUND EXIT GORE POINT TO & STEELE STREET / VASQUEZ BOULEVARD,1,1,0,0,1,8,0,0,55,0,0,0,0,0,1,2,7
,2020-09091,39.71835,-104.98624,8/2/2020 19:38,19:38:00,15,0,0,LINCOLN STREET NORTH & FIRST AVENUE EAST,1,1,0,0,1,1,0,0,30,0,0,0,0,0,4,1,13
,2020-09092,39.77319,-104.80988,8/27/2020 9:00,9:00:00,15,0,0,40TH AVENUE EAST & CHAMBERS ROAD NORTH,1,1,0,0,1,4,0,0,40,0,0,0,0,0,4,1,7
,2020-09095,39.6921,-104.99426,8/27/2020 13:38,13:38:00,12,0,0,HIGHWAY 85 & MM 209.60,1,1,0,0,1,4,0,0,45,0,0,0,0,0,2,2,3
,2020-09097,39.73999,-104.96224,8/27/2020 15:05,15:05:00,6,0,0,COLFAX AVENUE EAST & VINE STREET NORTH,1,1,0,0,1,4,0,0,35,0,0,0,0,0,2,2,13
,2020-09098,39.73829,-104.93038,8/27/2020 15:34,15:34:00,10,0,0,EAST 14TH AVENUE & NORTH EUDORA STREET,1,1,0,0,1,1,0,0,30,0,0,0,0,0,4,2,8
,2020-09099,39.78236,-104.86582,8/27/2020 17:42,17:42:00,12,0,0,EAST 47TH AVENUE & NORTH HAVANA STREET,1,1,0,0,1,1,0,0,35,0,0,0,0,0,4,2,13
,2020-09100,39.76852,-105.03923,8/25/2020 18:00,18:00:00,6,0,0,3700 NORTH PERRY STREET & WEST 38TH AVENUE,1,1,0,0,1,4,0,0,25,0,0,0,0,0,4,2,14
,2020-09101,39.74308,-105.04868,8/30/2020 7:10,7:10:00,6,0,0,WOLFF STREET NORTH & WEST 17TH AVENUE,1,1,1,0,1,4,0,0,25,0,0,0,0,0,4,2,2
,2020-09102,39.74000353,-104.9920099,8/30/2020 6:30,6:30:00,5,0,1,I25 NORTHBOUND ON RAMP ENTRANCE GORE POINT FROM & HAMPDEN AVENUE EAST,1,1,0,0,2,8,0,0,65,0,0,0,0,1,1,2,14
,2020-09103,39.77421,-104.84704,8/30/2020 17:24,17:24:00,1,0,1,PEORIA STREET NORTH & I70 WB ON RAMP,1,1,0,0,1,1,0,0,35,0,0,0,0,1,4,2,3
,2020-09104,39.69197,-105.02038,8/26/2020 22:33,22:33:00,6,0,0,CLAY STREET SOUTH & WEST LOUISIANA AVENUE,1,3,0,0,1,4,0,0,25,0,0,0,0,0,4,2,5
,2020-09105,39.74339,-104.93207,8/30/2020 10:40,10:40:00,2,0,1,17TH AVENUE EAST & DAHLIA STREET NORTH,1,1,0,0,1,1,0,0,25,1,0,0,0,2,4,2,14
,2020-09106,39.78382,-105.05384,8/27/2020 16:17,16:17:00,1,0,0,5200 WEST 48TH AVENUE & NORTH SHERIDAN BOULEVARD,1,1,0,0,1,2,0,0,35,0,0,0,0,0,4,2,13
,2020-09107,39.75108,-104.91285,8/26/2020 16:08,16:08:00,15,0,1,MONACO STREET NORTH & 23RD AVENUE EAST,1,1,0,0,1,3,0,0,30,0,0,0,0,1,4,3,1
,2020-09108,39.72893,-104.99404,8/28/2020 14:45,14:45:00,15,0,0,EIGHTH AVENUE WEST & ELATI STREET NORTH,1,1,0,0,1,3,0,0,30,0,0,0,0,0,4,2,7
,2020-09110,39.76836,-104.89965,8/27/2020 16:21,16:21:00,16,0,0,3600 NORTH SYRACUSE STREET & EAST 36TH AVENUE,1,1,0,0,5,7,0,0,20,0,0,0,0,0,3,2,13
,2020-09112,39.71656153,-104.9921404,8/28/2020 14:07,14:07:00,5,0,0,CHEROKEE STREET SOUTH & 2595 SOUTH CHEROKEE STREET,1,1,0,0,3,5,0,0,10,0,0,0,0,0,4,1,1
,2020-09113,39.75108,-104.91285,8/24/2020 18:49,18:49:00,3,0,0,NORTH MONACO STREET & EAST 23RD AVENUE,1,1,0,0,1,1,0,0,25,0,0,0,0,0,4,2,13
,2020-09114,39.69674,-105.01071,8/27/2020 15:45,15:45:00,3,0,0,WEST MISSISSIPPI AVENUE & SOUTH SHOSHONE STREET,1,1,0,0,1,2,0,0,15,0,0,0,0,0,4,2,9
,2020-09115,39.77386,-105.03931,8/27/2020 21:05,21:05:00,6,0,0,PERRY STREET NORTH & 42ND AVENUE WEST,1,3,0,0,1,4,0,0,25,0,0,0,0,0,4,3,3
,2020-09116,39.76116,-105.00476,8/30/2020 10:31,10:31:00,12,0,0,I25 SOUTHBOUND OFF RAMP TO & 20TH STREET,1,5,1,0,1,8,0,0,25,0,0,0,0,0,4,2,14
,2020-09117,39.67861,-105.00753,8/28/2020 7:57,7:57:00,12,0,0,EVANS AVENUE WEST & SOUTH PECOS STREET,1,1,0,0,1,4,0,0,30,0,0,0,0,0,4,4,13
,2020-09118,39.78196,-104.94044,8/28/2020 11:13,11:13:00,12,0,0,COLORADO BOULEVARD NORTH & 48TH AVENUE EAST,1,1,0,0,1,4,0,0,35,0,0,0,0,0,2,2,1
,2020-09119,39.79271,-104.81054,8/29/2020 18:00,18:00:00,6,0,0,EAST 54TH AVENUE & NORTH GRANBY STREET,1,4,0,0,1,4,0,0,20,0,0,0,0,0,4,2,16
,2020-09120,39.77287,-104.83383,8/27/2020 18:50,18:50:00,15,0,1,I70 EASTBOUND ENTRANCE GORE POINT TO & I225 SOUTHBOUND,1,1,1,0,1,8,0,0,65,0,0,0,0,1,1,2,14
,2020-09121,39.68473,-104.95945,8/28/2020 7:50,7:50:00,12,0,0,I25 & UNIVERSITY BOULEVARD SOUTH,1,1,0,0,1,4,0,0,65,0,0,0,0,0,1,2,13
,2020-09122,39.71702,-104.89557,8/28/2020 10:06,10:06:00,15,0,0,LOWRY BOULEVARD EAST & FAIRMOUNT DRIVE EAST,1,1,0,0,1,6,0,0,30,0,0,0,0,0,4,2,13
,2020-09123,39.74056,-104.98853,8/28/2020 15:57,15:57:00,10,0,0,COLFAX AVENUE WEST & 15TH STREET,11,1,0,1,1,1,0,0,30,0,0,0,0,0,2,2,3
,2020-09124,39.76073353,-104.9585614,8/28/2020 17:01,17:01:00,12,0,2,EAST 31ST AVENUE & JOSEPHINE STREET,1,1,0,0,1,1,0,0,35,0,0,0,0,2,4,2,5
,2020-09125,39.71305,-105.01102,8/27/2020 20:04,20:04:00,9,0,0,CEDAR AVENUE WEST & TEJON STREET SOUTH,1,4,1,0,1,4,0,0,25,0,0,0,0,0,4,2,10
,2020-09127,39.72566,-105.05326,8/27/2020 18:04,18:04:00,12,0,0,SIXTH AVENUE WEST & SHERIDAN BOULEVARD NORTH,1,1,1,0,1,4,0,0,50,0,0,0,0,0,2,3,13
,2020-09128,39.71816,-105.03611,8/28/2020 7:41,7:41:00,3,0,0,WEST FIRST AVENUE & NORTH MEADE STREET,1,1,0,0,1,1,0,0,35,0,0,0,0,0,4,2,13
,2020-09129,39.70124,-105.02508,9/1/2020 12:51,12:51:00,15,0,0,FEDERAL BOULEVARD SOUTH & KENTUCKY AVENUE WEST,1,1,0,0,1,4,0,1,30,0,0,0,0,0,2,2,13
,2020-09130,39.68949,-105.02506,8/28/2020 10:55,10:55:00,2,0,0,FEDERAL BOULEVARD SOUTH & FLORIDA AVENUE WEST,1,1,0,0,1,1,0,0,30,1,0,0,0,0,2,2,13
,2020-09131,39.78384453,-104.8999958,8/27/2020 16:40,16:40:00,12,0,0,I70 EASTBOUND EXIT GORE POINT TO & NORTHFIELD QUEBEC STREET,1,1,0,0,1,8,0,0,,0,0,0,0,0,1,3,16
,2020-09133,39.78368,-105.05324,8/30/2020 16:22,16:22:00,15,0,4,I70 & SHERIDAN BOULEVARD NORTH,1,1,1,0,1,4,0,0,65,0,0,0,0,1,1,2,16
,2020-09134,39.77562,-104.86574,8/23/2020 3:39,3:39:00,12,0,0,I70 & HAVANA STREET NORTH,1,3,0,0,1,4,0,0,65,0,0,0,0,0,1,2,14
,2020-09135,39.65307,-104.88479,8/28/2020 8:03,8:03:00,3,0,0,HAMPDEN AVENUE EAST & YOSEMITE STREET SOUTH,1,1,0,0,1,1,0,0,45,0,0,0,0,0,2,2,13
,2020-09136,39.77172,-105.00804,8/28/2020 14:40,14:40:00,3,0,0,NORTH QUIVAS STREET & WEST 40TH AVENUE,1,1,0,0,1,1,0,0,25,0,0,0,0,1,4,2,7
,2020-09137,39.77643,-104.96322,3/16/2020 20:17,20:17:00,6,0,0,43RD AVENUE EAST & RACE STREET NORTH,1,3,0,0,1,4,0,0,25,0,0,0,0,0,4,2,13
,2020-09138,39.69675,-105.02506,8/28/2020 8:00,8:00:00,11,0,1,FEDERAL BOULEVARD SOUTH & MISSISSIPPI AVENUE WEST,1,1,0,0,1,1,0,0,30,0,1,0,0,3,2,1,14
,2020-09139,39.75602,-105.02515,9/2/2020 7:00,7:00:00,12,0,0,FEDERAL BOULEVARD NORTH & 27TH AVENUE WEST,1,1,0,0,1,3,0,0,35,0,0,0,0,0,2,2,13
,2020-09140,39.74971,-104.98109,8/22/2020 17:51,17:51:00,12,0,0,PARK AVENUE WEST & TREMONT PLACE,1,1,0,0,1,3,0,0,30,0,0,0,0,1,4,2,1
,2020-09141,39.72627,-105.0528,9/2/2020 6:58,6:58:00,12,0,0,SIXTH AVENUE WEST & SHERIDAN BOULEVARD NORTH,1,1,0,0,1,4,0,0,65,0,0,0,0,0,2,2,13
,2020-09142,39.74015,-104.91877,8/28/2020 12:40,12:40:00,1,0,0,COLFAX AVENUE EAST & JASMINE STREET ROAD SOUTH,1,1,0,0,1,1,0,0,30,0,0,0,0,0,2,2,13
,2020-09143,39.70486,-104.97809,8/28/2020 15:46,15:46:00,6,0,0,CLARKSON STREET SOUTH & EXPOSITION AVENUE SOUTH,1,1,0,0,1,4,0,0,30,0,0,0,0,0,4,2,2
,2020-09144,39.74824,-104.98647,8/28/2020 16:44,16:44:00,3,0,0,20TH STREET & WELTON STREET,11,1,0,1,1,1,0,0,30,0,0,0,0,0,4,2,13
,2020-09145,39.73842,-104.97761,9/1/2020 17:35,17:35:00,15,0,0,NORTH CLARKSON STREET & EAST 14TH AVENUE,1,1,0,0,1,3,0,0,25,0,0,0,0,0,4,2,3
,2020-09146,39.71116,-104.98758,8/17/2020 17:15,17:15:00,15,0,0,EAST ALAMEDA AVENUE & SOUTH BROADWAY STREET,1,1,0,0,1,3,0,0,30,0,0,0,0,0,4,2,16
,2020-09147,39.77249,-105.04343,9/2/2020 5:59,5:59:00,6,0,0,4300 WEST 41ST AVENUE & NORTH TENNYSON STREET,1,3,0,0,1,4,0,0,25,0,0,0,0,0,4,2,13
,2020-09148,39.74016,-105.00524,9/1/2020 22:44,22:44:00,5,0,0,COLFAX AVENUE WEST & SEVENTH STREET,1,3,0,0,3,1,0,0,35,0,0,0,0,0,2,1,8
,2020-09149,39.6894,-104.99218,9/1/2020 13:10,13:10:00,1,0,1,SANTA FE DRIVE SOUTH & FLORIDA AVENUE WEST,1,1,0,0,1,1,0,0,45,0,0,0,0,1,2,2,7
,2020-09151,39.71388,-104.98567,9/1/2020 23:23,23:23:00,6,0,0,MAPLE AVENUE EAST & LINCOLN STREET SOUTH,1,3,0,0,1,5,0,0,30,0,0,0,0,0,4,2,3
,2020-09153,39.67865,-105.01103,8/28/2020 15:00,15:00:00,8,0,0,WEST EVANS AVENUE & SOUTH TEJON STREET,11,1,0,1,1,2,0,0,30,0,0,0,0,0,4,2,13
,2020-09154,39.67845,-104.93378,8/28/2020 16:13,16:13:00,15,0,0,I25 NORTHBOUND DISTRIBUTOR RAMP FROM & EVANS AVENUE EAST,1,1,0,0,1,8,0,0,40,0,0,0,0,0,1,2,5
,2020-09155,39.69476,-104.94063,8/27/2020 14:15,14:15:00,3,0,0,COLORADO BOULEVARD SOUTH & ARIZONA AVENUE EAST,1,1,0,0,1,1,0,0,35,0,0,0,0,0,2,2,8
,2020-09156,39.72027,-105.02511,8/31/2020 0:24,0:24:00,10,0,0,FEDERAL BOULEVARD NORTH & SECOND AVENUE WEST,1,4,0,0,1,1,0,0,40,0,0,0,0,0,2,2,5
,2020-09157,39.77066,-104.97928,8/28/2020 15:44,15:44:00,6,0,0,35TH STREET & BRIGHTON BOULEVARD NORTH,11,1,1,1,1,4,0,0,25,0,0,0,0,0,4,2,3
,2020-09159,39.65835,-105.0297,8/31/2020 22:15,22:15:00,6,0,0,IRVING STREET SOUTH & FLOYD AVENUE WEST,1,3,0,0,1,4,0,0,20,0,0,0,1,0,4,3,5
,2020-09160,39.71471,-104.9403,8/28/2020 18:28,18:28:00,3,0,0,LEETSDALE AVENUE & BAYAUD AVENUE EAST,11,1,0,1,1,1,0,0,25,0,0,0,0,0,2,2,13
,2020-09161,39.6896,-105.00241,9/1/2020 20:24,20:24:00,5,0,0,FLORIDA AVENUE & 1200,1,3,0,0,3,4,0,0,25,0,0,0,0,0,4,2,1
,2020-09162,39.73801,-105.02515,8/31/2020 11:53,11:53:00,12,0,1,FEDERAL BOULEVARD NORTH & 14TH AVENUE WEST,1,1,0,0,1,1,0,0,,0,0,0,0,1,2,2,16
,2020-09163,39.72156,-104.88776,9/1/2020 19:30,19:30:00,15,0,0,EAST LOWRY BOULEVARD & NORTH WILLOW CIRCLE,1,1,0,0,1,3,0,0,25,0,0,0,0,0,4,2,3
,2020-09164,39.68221,-105.03718,9/1/2020 19:20,19:20:00,10,0,0,WEST JEWELL AVENUE & SOUTH NEWTON STREET,1,2,0,0,1,1,0,0,30,0,0,0,0,0,4,2,1
,2020-09165,39.71476,-104.98627,9/1/2020 18:15,18:15:00,15,0,0,SOUTH LINCOLN STREET & EAST BAYAUD AVENUE,1,1,0,0,1,3,0,0,30,0,0,0,0,0,4,2,8
,2020-09166,39.72343,-105.02512,8/28/2020 12:30,12:30:00,15,0,0,FEDERAL BOULEVARD NORTH & FIFTH AVENUE WEST,1,1,0,0,1,1,0,0,35,0,0,0,0,0,2,2,14
,2020-09167,39.75170653,-104.9837299,9/1/2020 22:04,22:04:00,6,0,0,CALIFORNIA STREET & PARK AVENUE WEST,1,3,0,0,1,4,0,0,25,0,0,0,0,0,4,2,5
,2020-09168,39.78303,-104.90063,7/10/2020 16:45,16:45:00,15,0,0,NORTHFIELD QUEBEC STREET & I270 EASTBOUND RAMPS,1,1,0,0,1,1,0,0,40,0,0,0,0,0,4,2,13
,2020-09169,39.67847,-104.92261,8/28/2020 12:10,12:10:00,3,0,0,EVANS AVENUE EAST & HOLLY STREET SOUTH,1,1,0,0,1,2,0,0,35,0,0,0,0,0,4,2,13
,2020-09171,39.76094953,-105.0043309,9/2/2020 6:47,6:47:00,12,0,0,I25 & 20TH STREET,1,1,0,0,1,4,0,0,65,0,0,0,0,0,1,2,3
,2020-09172,39.74566,-104.91756,8/20/2020 15:07,15:07:00,11,0,1,19TH AVENUE EAST & KEARNEY STREET NORTH,1,1,0,0,1,1,0,0,25,0,1,0,0,2,4,1,16
,2020-09173,39.73923,-104.98109,8/25/2020 12:00,12:00:00,6,0,0,PENNSYLVANIA STREET NORTH & 1400 NORTH,1,1,0,0,1,4,0,0,25,0,0,0,0,0,4,2,16
,2020-09175,39.67846,-104.91281,8/20/2020 15:28,15:28:00,12,0,0,EAST EVANS AVENUE & SOUTH MONACO STREET,1,1,0,0,1,1,0,0,35,0,0,0,0,0,4,2,14
,2020-09176,39.73051,-105.00409,8/22/2020 17:56,17:56:00,6,0,0,WEST NINTH AVENUE & NORTH NAVAJO STREET,1,1,0,0,1,4,0,0,25,0,0,0,0,0,4,2,7
,2020-09178,39.79512,-104.88571,8/31/2020 15:00,15:00:00,10,0,0,XENIA STREET NORTH & 54TH AVENUE EAST,1,1,0,0,1,4,0,0,25,0,0,0,0,0,4,2,13
,2020-09184,39.69583,-105.02506,8/22/2020 5:16,5:16:00,5,0,0,FEDERAL BOULEVARD SOUTH & ARIZONA AVENUE WEST,1,3,0,0,2,4,0,0,45,0,0,0,0,0,2,1,7
,2020-09185,39.72548053,-105.0130699,8/22/2020 12:06,12:06:00,12,0,0,I25 & SIXTH AVENUE WEST,1,1,0,0,1,4,0,0,65,0,0,0,0,0,1,2,13
,2020-09186,39.75574753,-104.9889994,8/23/2020 21:24,21:24:00,10,0,0,PARK AVENUE WEST & LARIMER STREET,1,3,0,0,1,1,0,0,35,0,0,0,1,0,4,2,13
,2020-09187,39.76571953,-104.9948314,8/24/2020 5:40,5:40:00,10,0,0,PARK AVENUE WEST & NORTH GLOBEVILLE ROAD,1,3,0,0,1,2,0,0,35,0,0,0,0,0,4,2,7
,2020-09188,39.62519,-105.10408,8/22/2020 6:33,6:33:00,5,0,0,9500 WEST BELLWOOD PLACE & WEST BELLWOOD PLACE,1,1,1,0,3,4,0,0,25,0,0,0,0,0,4,1,5
,2020-09189,39.72667,-104.98743,8/22/2020 19:46,19:46:00,10,0,0,EAST SPEER BOULEVARD & NORTH BROADWAY STREET,1,1,0,0,1,1,0,0,35,0,0,0,0,0,4,2,13
,2020-09190,39.73606,-104.98612,8/20/2020 17:20,17:20:00,12,0,0,LINCOLN STREET NORTH & EAST 12TH AVENUE,1,1,0,0,1,4,0,0,30,0,0,0,0,1,4,3,13
,2020-09191,39.68029,-104.96756,8/23/2020 19:01,19:01:00,3,0,0,EAST ASBURY AVENUE & SOUTH GILPIN STREET,1,1,0,0,1,1,0,0,25,0,0,0,0,0,4,2,8
,2020-09192,39.7658,-104.98323,8/22/2020 11:31,11:31:00,5,0,0,31ST STREET & 1702 31ST STREET,1,1,0,0,1,4,0,0,25,0,0,0,0,0,4,1,13
,2020-09193,39.69674,-105.02375,8/23/2020 19:25,19:25:00,15,0,0,MISSISSIPPI AVENUE WEST & SOUTH FEDERAL BOULEVARD,1,2,0,0,1,4,0,0,30,0,0,0,0,0,4,2,13
,2020-09194,39.75792,-104.99177,8/24/2020 6:09,6:09:00,3,0,0,PARK AVENUE WEST & WAZEE STREET,1,1,0,0,1,1,0,0,35,0,0,0,0,0,4,2,1
,2020-09195,39.71936,-105.0251,8/23/2020 18:22,18:22:00,12,0,1,FEDERAL BOULEVARD NORTH & FIRST AVENUE,1,1,0,0,1,4,0,0,30,0,0,0,0,1,2,2,3
,2020-09196,39.71017,-104.9966,8/20/2020 15:25,15:25:00,12,0,0,300 SOUTH SANTA FE DRIVE & WEST ALAMEDA AVENUE,1,1,0,0,1,4,0,0,35,0,0,0,0,0,4,2,13