id,drcog_id,latitude,longitude,crashtime,time,crashtype,numbkilled,numbinjurd,drcoglocat,rdconditin,lightngcon,roadcntgrd,weatherco,location,roaddescrp,schoolzone,constrzone,splimit,bikeinv,pedinv,sctrinv,motoinv,svrty,rdsystem,ttlvehcls,hcf
,2020-09197,39.69657,-104.94061,8/21/2020 20:39,20:39:00,15,0,0,COLORADO BOULEVARD SOUTH & MISSISSIPPI AVENUE EAST,1,3,0,0,1,4,0,0,35,0,0,0,0,0,2,2,8
,2020-09198,39.70641,-105.03226,8/20/2020 17:02,17:02:00,5,0,0,KNOX COURT SOUTH & 570 SOUTH KNOX COURT,1,1,0,0,3,5,0,0,25,0,0,0,0,0,4,1,7
,2020-09199,39.69294,-104.94063,8/20/2020 15:19,15:19:00,12,0,0,COLORADO BOULEVARD SOUTH & LOUISIANA AVENUE EAST,1,1,0,0,1,1,0,0,35,0,0,0,0,0,2,2,1
,2020-09200,39.65118,-104.88482,8/22/2020 5:40,5:40:00,1,0,0,EAST JEFFERSON AVENUE & SOUTH YOSEMITE STREET,1,1,1,0,1,1,0,0,35,0,0,0,0,1,4,2,13
,2020-09201,39.77782,-104.82148,8/23/2020 17:55,17:55:00,6,0,0,DURHAM COURT NORTH & 4465 NORTH DURHAM COURT,1,1,0,0,1,2,0,0,25,0,0,0,0,0,4,2,5
,2020-09202,39.71895,-105.03247,8/20/2020 15:10,15:10:00,12,0,0,KNOX COURT & WEST FIRST AVENUE,1,1,0,0,1,4,0,0,25,0,0,0,0,0,4,2,13
,2020-09203,39.68472,-104.95047,8/20/2020 17:38,17:38:00,12,0,2,I25 & STEELE STREET SOUTH,1,1,0,0,1,4,0,0,55,0,0,0,0,1,1,3,1
,2020-09204,39.73044,-104.9836,8/21/2020 21:51,21:51:00,3,0,0,NORTH GRANT STREET & EAST NINTH AVENUE,1,3,0,0,1,3,0,0,30,0,0,0,0,0,4,2,16
,2020-09205,39.70673,-105.02754,8/23/2020 21:31,21:31:00,6,0,0,WEST CUSTER PLACE & SOUTH HAZEL COURT,1,4,0,0,1,4,0,0,25,0,0,0,0,0,4,2,16
,2020-09206,39.75468,-104.98514,8/25/2020 16:02,16:02:00,3,0,0,24TH STREET & CURTIS STREET,1,1,0,0,1,1,0,0,30,0,0,0,0,0,4,2,8
,2020-09207,39.72565153,-104.9862994,8/14/2020 8:39,8:39:00,12,0,0,SIXTH AVENUE & NORTH LINCOLN STREET,1,1,1,0,1,4,0,0,30,0,0,0,0,0,4,2,16
,2020-09208,39.67844,-104.93398,8/24/2020 7:24,7:24:00,12,0,5,I25 SOUTHBOUND OFF RAMP TO & EVANS AVENUE EAST,1,1,1,0,1,8,0,0,60,0,0,0,0,2,1,3,1
,2020-09209,39.74659,-104.99645,8/22/2020 12:25,12:25:00,15,0,0,15TH STREET & CURTIS STREET,1,1,0,0,1,4,0,0,30,0,0,0,0,0,4,2,13
,2020-09210,39.70703,-104.92098,8/25/2020 10:20,10:20:00,12,0,0,LEETSDALE DRIVE & JERSEY STREET SOUTH,1,1,0,0,1,2,0,0,35,0,0,0,0,0,2,2,13
,2020-09211,39.66665,-105.08146,8/22/2020 9:59,9:59:00,12,0,1,WADSWORTH BOULEVARD SOUTH & YALE AVENUE WEST,1,1,0,0,1,4,0,0,45,0,0,0,0,1,2,2,13
,2020-09212,39.73682,-104.95744,8/22/2020 0:00,0:00:00,6,0,0,COLUMBINE STREET NORTH & 13TH AVENUE EAST,1,3,0,0,1,4,0,0,25,0,0,0,0,0,4,2,16
,2020-09213,39.71828,-104.95922,8/5/2020 6:48,6:48:00,2,0,1,FIRST AVENUE EAST & UNIVERSITY BOULEVARD NORTH,1,1,0,0,1,1,0,0,30,1,0,0,0,3,4,2,3
,2020-09214,39.74000353,-104.9920099,8/15/2020 23:25,23:25:00,12,0,0,I225 SOUTHBOUND OFF RAMP TO & TAMARAC STREET SOUTH,1,3,1,0,1,8,0,0,35,0,0,0,0,0,1,2,13
,2020-09215,39.70866,-105.05326,8/11/2020 6:45,6:45:00,15,0,2,SHERIDAN BOULEVARD NORTH & VIRGINIA AVENUE WEST,1,1,1,0,1,4,0,0,35,0,0,0,0,2,2,2,1
,2020-09216,39.74829,-104.99864,8/22/2020 16:30,16:30:00,15,0,0,15TH STREET & LARIMER STREET,1,1,0,0,1,4,0,0,30,0,0,0,0,0,4,2,8
,2020-09217,39.77421,-104.84704,8/23/2020 17:38,17:38:00,5,0,0,PEORIA STREET NORTH & I70 WB RAMPS,1,1,0,0,2,4,0,0,,0,0,0,0,0,4,1,5
,2020-09218,39.66863,-104.94068,8/23/2020 14:28,14:28:00,2,0,1,COLORADO BOULEVARD SOUTH & DICKENSON WAY EAST,1,1,0,0,1,2,0,0,0,1,0,0,0,2,2,2,16
,2020-09219,39.67847,-104.94222,7/26/2020 0:13,0:13:00,12,0,1,3600 EAST EVANS AVENUE & SOUTH MONROE STREET,1,3,0,0,1,4,0,0,30,0,0,0,0,3,4,2,16
,2020-09220,39.69657,-104.94061,8/23/2020 10:23,10:23:00,2,0,0,COLORADO BOULEVARD SOUTH & MISSISSIPPI AVENUE EAST,1,1,0,0,1,1,0,0,0,1,0,0,0,0,2,2,16
,2020-09221,39.6849,-104.90351,8/6/2020 14:49,14:49:00,3,0,1,CHERRY CREEK SOUTH DRIVE EAST & QUEBEC STREET SOUTH,1,1,0,0,1,1,0,0,35,0,0,0,1,2,4,2,13
,2020-09222,39.67755,-105.0351,8/15/2020 20:05,20:05:00,12,0,0,LOWELL BOULEVARD SOUTH & WEST WARREN AVENUE,1,2,0,0,1,2,0,0,25,0,0,0,0,0,4,2,13
,2020-09223,39.72250153,-104.9787304,9/2/2020 17:07,17:07:00,3,0,0,FOURTH AVENUE EAST & WASHINGTON STREET,1,1,0,0,1,1,0,0,30,0,0,0,0,0,4,2,13
,2020-09224,39.76142,-104.90346,8/22/2020 12:38,12:38:00,12,0,0,EAST MLK BOULEVARD & NORTH QUEBEC STREET,1,1,0,0,1,1,0,0,35,0,0,0,0,0,4,2,3
,2020-09225,39.69643,-104.97428,8/14/2020 7:30,7:30:00,6,0,1,CORONA STREET SOUTH & MISSISSIPPI AVENUE EAST,1,1,0,0,1,4,0,0,25,0,0,0,0,1,4,2,5
,2020-09226,39.72561,-104.951,8/23/2020 17:54,17:54:00,10,0,0,EAST SIXTH AVENUE & NORTH STREET PAUL STREET,1,2,0,0,1,1,0,0,30,0,0,0,0,0,4,2,8
,2020-09227,39.71816,-105.0288,8/21/2020 21:20,21:20:00,6,0,0,3200 WEST FIRST AVENUE & WEST IRVING STREET,1,3,0,0,1,4,0,0,35,0,0,0,0,0,4,3,5
,2020-09228,39.73829,-104.93385,8/25/2020 8:31,8:31:00,10,0,0,14TH AVENUE EAST & CHERRY STREET NORTH,1,1,0,0,1,1,0,0,30,0,0,0,0,0,4,2,14
,2020-09229,39.72911,-104.95903,8/22/2020 15:41,15:41:00,10,0,0,EAST EIGHTH AVENUE & NORTH JOSEPHINE STREET,1,1,1,0,1,1,0,0,30,0,0,0,0,0,4,2,8
,2020-09230,39.65431,-105.03761,8/8/2020 5:31,5:31:00,12,0,1,HAMPDEN AVENUE WEST & 4100 WEST,1,2,0,0,1,4,0,0,65,0,0,0,0,1,1,2,16
,2020-09231,39.77664,-105.04335,9/2/2020 19:40,19:40:00,6,0,0,4300 WEST 44TH AVENUE & NORTH STUART STREET,1,3,0,0,1,4,0,0,30,0,0,0,0,0,4,2,16
,2020-09232,39.78014,-104.96709,8/25/2020 16:18,16:18:00,12,0,0,I70 & MM 275,1,1,0,0,1,4,0,0,55,0,0,0,0,0,1,2,1
,2020-09233,39.74492,-104.99426,8/15/2020 19:15,19:15:00,11,0,0,15TH STREET & STOUT STREET,1,1,0,0,1,1,0,0,25,0,1,0,0,0,4,1,13
,2020-09234,39.74014,-104.9269,8/23/2020 13:00,13:00:00,3,0,0,COLFAX AVENUE EAST & FOREST STREET NORTH,1,1,0,0,1,1,0,0,35,0,0,0,0,0,2,2,8
,2020-09235,39.77834,-104.98761,8/15/2020 21:17,21:17:00,5,0,0,EAST 45TH AVENUE & NORTH BROADWAY STREET,1,4,1,0,4,4,0,0,30,0,0,0,0,1,4,1,14
,2020-09236,39.72093,-105.0016,8/25/2020 16:31,16:31:00,6,0,0,NORTH LIPAN STREET & WEST THIRD AVENUE,1,1,0,0,1,1,0,0,30,0,0,0,0,0,4,2,13
,2020-09237,39.74246,-104.9799,8/19/2020 13:40,13:40:00,6,0,0,PEARL STREET NORTH & 17TH AVENUE WEST,1,1,0,0,1,4,0,0,25,0,0,0,0,0,4,2,16
,2020-09238,39.76188,-104.94058,5/15/2020 21:23,21:23:00,15,0,0,COLORADO BOULEVARD NORTH & MLK BOULEVARD EAST,1,3,0,0,1,1,0,0,35,0,0,0,0,0,2,2,13
,2020-09239,39.71163,-105.03452,8/16/2020 0:19,0:19:00,5,0,0,LOWELL BOULEVARD & 272 SOUTH,1,4,0,0,3,4,0,0,,0,0,0,0,0,4,1,16
,2020-09240,39.69475,-104.97459,8/14/2020 7:30,7:30:00,5,0,0,SOUTH CORONA STREET & EAST ARIZAON AVENUE,1,1,0,0,2,1,0,0,25,0,0,0,0,0,4,1,5
,2020-09241,39.75967,-105.00178,8/16/2020 5:42,5:42:00,12,0,0,LITTLE RAVEN STREET & 20TH STREET,1,2,0,0,1,1,0,0,25,0,0,0,0,0,4,2,3
,2020-09242,39.73051,-104.9592,5/25/2020 0:11,0:11:00,9,0,0,EAST NINTH AVENUE & NORTH JOSEPHINE STREET,1,3,1,0,1,4,0,0,,0,0,0,0,1,4,2,16
,2020-09243,39.76796053,-104.9949709,8/15/2020 23:00,23:00:00,1,0,3,PARK AVENUE WEST & I25 NORTHBOUND ON RAMP,1,3,0,0,1,1,0,0,35,0,0,0,0,1,4,2,13
,2020-09244,39.71229,-105.03246,8/16/2020 4:36,4:36:00,6,0,0,KNOX COURT SOUTH & WEST ALAMEDA AVENUE,1,3,1,0,1,4,0,0,30,0,0,0,0,0,4,2,5
,2020-09245,39.78388,-105.04394,8/22/2020 19:34,19:34:00,5,0,0,NORTH TENNYSON STREET & WEST 48TH AVENUE,1,2,1,0,2,4,0,0,,0,0,0,0,0,4,1,3
,2020-09246,39.79331,-104.95701,7/23/2020 12:36,12:36:00,3,0,1,BRIGHTON BOULEVARD NORTH & COLUMBINE STREET NORTH,1,1,0,0,1,1,0,0,35,0,0,0,1,3,4,2,3
,2020-09247,39.75482,-105.02682,9/2/2020 18:44,18:44:00,6,0,0,WEST 26TH AVENUE & NORTH GROVE STREET,1,1,0,0,1,4,0,0,30,0,0,0,0,0,4,2,3
,2020-09248,39.71659,-105.00018,8/24/2020 15:45,15:45:00,3,0,0,NORTH KALAMATH STREET & WEST ELLSWORTH AVENUE,1,1,0,0,1,1,0,0,35,0,0,0,0,0,4,2,3
,2020-09249,39.71464,-104.94069,8/25/2020 5:45,5:45:00,1,0,1,COLORADO BOULEVARD SOUTH & BAYAUD AVENUE EAST,1,3,0,0,1,1,0,0,25,0,0,0,0,1,2,2,13
,2020-09250,39.71702,-104.89557,8/25/2020 7:50,7:50:00,15,0,0,FAIRMOUNT DRIVE EAST & LOWRY BOULEVARD EAST,1,1,0,0,1,6,0,0,15,0,0,0,0,0,4,2,7
,2020-09252,39.6984,-104.95933,9/2/2020 12:31,12:31:00,15,0,0,UNIVERSITY BOULEVARD SOUTH & TENNESSEE AVENUE EAST,1,1,0,0,1,4,0,0,30,0,0,0,0,0,4,2,13
,2020-09253,39.73204,-104.98749,8/23/2020 10:26,10:26:00,10,0,0,EAST 10TH AVENUE & NORTH BROADWAY STREET,1,1,0,0,1,1,0,0,30,0,0,0,0,0,4,2,8
,2020-09254,39.713,-105.02508,8/24/2020 14:50,14:50:00,12,0,0,FEDERAL BOULEVARD SOUTH & CEDAR AVENUE WEST,1,1,0,0,1,1,0,0,30,0,0,0,0,0,2,2,3
,2020-09255,39.70492,-105.02753,8/23/2020 14:05,14:05:00,6,0,0,HAZEL COURT SOUTH & 600 SOUTH,1,1,0,0,1,4,0,0,25,0,0,0,0,0,4,2,3
,2020-09257,39.72554,-105.01313,8/24/2020 16:17,16:17:00,12,0,0,I25 NORTHBOUND OFF RAMP TO & HIGHWAY 6 EASTBOUND,1,1,0,0,1,8,0,0,55,0,0,0,0,0,1,2,13
,2020-09258,39.74198,-105.01459,7/29/2020 7:55,7:55:00,12,0,0,I25 & AURARIA PARKWAY,1,1,0,0,1,4,0,0,55,0,0,0,0,0,1,2,1
,2020-09259,39.67846,-104.93162,9/2/2020 13:22,13:22:00,12,0,0,EAST EVANS AVENUE & SOUTH DAHLIA STREET,1,1,0,0,1,4,0,0,35,0,0,0,0,0,4,2,13
,2020-09260,39.78549,-104.89627,9/2/2020 14:15,14:15:00,15,0,1,NORTHFIELD BOULEVARD EAST & TRENTON STREET NORTH,1,1,0,0,1,4,0,0,35,0,0,0,0,3,4,2,10
,2020-09261,39.72548053,-105.0130699,8/21/2020 18:54,18:54:00,12,0,0,I25 SOUTHBOUND ON RAMP FROM & HIGHWAY 6,1,2,1,0,1,8,0,0,65,0,0,0,0,0,1,2,13
,2020-09262,39.72191,-104.98151,7/22/2020 17:36,17:36:00,15,0,0,600 EAST SPEER BOULEVARD & SOUTH PEARL STREET,11,1,0,1,1,4,0,0,30,0,0,0,0,0,4,3,1
,2020-09263,39.78597,-104.76369,8/21/2020 21:36,21:36:00,6,0,0,4900 NORTH CATHAY COURT & EAST 50TH AVENUE,1,3,0,0,1,2,0,0,10,0,0,0,0,0,4,2,6
,2020-09264,39.74006,-104.94159,8/1/2020 18:15,18:15:00,12,0,3,COLFAX AVENUE EAST & HARRISON STREET,1,1,0,0,1,4,0,0,35,0,0,0,0,1,2,2,13
,2020-09265,39.71078,-104.99865,8/22/2020 12:55,12:55:00,12,0,0,I25 NORTHBOUND ON RAMP LOOP FROM & SANTA FE DRIVE NORTHBOUND,1,1,0,0,1,8,0,0,45,0,0,0,1,0,1,2,5
,2020-09266,39.73988,-104.94917,7/30/2020 11:52,11:52:00,6,0,0,COLFAX AVENUE EAST & ADAMS STREET NORTH,1,1,0,0,1,4,0,0,30,0,0,0,0,0,2,2,13
,2020-09267,39.75104,-104.93394,8/16/2020 23:45,23:45:00,3,0,0,EAST 23RD AVENUE & NORTH CHERRY STREET,1,3,0,0,1,1,0,0,30,0,0,0,0,0,4,3,1
,2020-09268,39.70643,-104.99679,9/2/2020 15:18,15:18:00,15,0,0,I25 SOUTHBOUND EXIT GORE POINT TO & SANTA FE DRIVE SOUTH,1,1,1,0,1,11,0,0,65,0,0,0,0,0,1,2,7
,2020-09269,39.71702,-104.89572,8/24/2020 17:55,17:55:00,10,0,0,LOWRY BOULEVARD EAST & FAIRMOUNT DRIVE EAST,1,1,0,0,1,1,0,0,30,0,0,0,0,0,4,2,8
,2020-09270,39.74379,-104.90346,9/2/2020 14:30,14:30:00,12,0,0,NORTH QUEBEC STREET & EAST 17TH AVENUE,1,1,0,0,1,3,0,0,30,0,0,0,0,0,4,3,3
,2020-09271,39.73801,-105.02515,8/1/2020 18:11,18:11:00,1,0,0,FEDERAL BOULEVARD NORTH & 14TH AVENUE WEST,1,1,1,0,1,1,0,0,40,0,0,0,0,0,2,2,1
,2020-09272,39.78625109,-104.791086,8/22/2020 10:10,10:10:00,5,0,0,PENA BOULEVARD & 6500,1,1,0,0,3,4,0,0,65,0,0,0,0,0,4,1,14
,2020-09273,39.78378,-104.94052,8/18/2020 17:56,17:56:00,12,0,0,COLORADO BOULEVARD NORTH & 48TH AVENUE EAST,1,1,0,0,1,4,0,1,35,0,0,0,0,0,2,2,13
,2020-09274,39.71211,-104.98755,8/20/2020 21:23,21:23:00,15,0,1,SOUTH BROADWAY STREET & WEST BYERS PLACE,1,3,0,0,1,1,0,0,30,0,0,0,1,3,4,2,16
,2020-09275,39.77505,-104.8099,7/2/2020 21:37,21:37:00,3,0,0,EAST ANDREWS DRIVE & NORTH CHAMBERS ROAD,1,4,0,0,1,1,0,0,40,0,0,0,0,0,4,2,14
,2020-09277,39.73648,-104.93501,8/24/2020 17:52,17:52:00,3,0,0,EAST 13TH AVENUE & NORTH CLERMONT STREET,1,1,0,0,1,1,0,0,25,0,0,0,0,1,4,2,14
,2020-09278,39.74016,-104.89999,8/24/2020 15:17,15:17:00,12,0,1,COLFAX AVENUE EAST AVENUE & ROSEMARY STREET NORTH,1,1,0,0,1,3,0,0,35,0,0,0,0,1,2,3,16
,2020-09279,39.75239,-104.98461,8/24/2020 12:20,12:20:00,2,0,1,STOUT STREET & PARK AVENUE WEST,1,1,0,0,1,1,0,0,0,1,0,0,0,2,4,2,16
,2020-09280,39.71156,-104.94071,9/2/2020 17:10,17:10:00,12,0,0,COLORADO BOULEVARD SOUTH & ALAMEDA AVENUE EAST,1,1,0,0,1,3,0,0,30,0,0,0,0,0,2,3,14
,2020-09281,39.71657,-105.03247,9/2/2020 15:13,15:13:00,3,0,0,WEST ELLSWORTH AVENUE & NORTH KNOX COURT,1,1,0,0,1,1,0,0,25,0,0,0,0,0,4,2,3
,2020-09282,39.7073,-104.92226,8/24/2020 18:35,18:35:00,15,0,0,LEETSDALE DRIVE & HOLLY STREET SOUTH,1,1,0,0,1,3,0,0,35,0,0,0,0,0,2,2,3
,2020-09283,39.76142,-104.90346,9/2/2020 16:55,16:55:00,3,0,0,MLK BOULEVARD EAST & QUEBEC STREET NORTH,1,1,0,0,1,1,0,0,40,0,0,0,0,0,4,2,8
,2020-09285,39.78260803,-104.9985394,9/2/2020 8:06,8:06:00,12,0,0,I70 WB & MM 276.0,1,1,0,0,1,4,0,0,65,0,0,0,0,0,1,2,13
,2020-09286,39.75342,-104.98802,8/19/2020 11:22,11:22:00,3,0,0,ARAPAHOE STREET & NORTH BROADWAY,1,1,0,0,1,5,0,0,,0,0,0,0,1,4,2,14
,2020-09287,39.77421,-104.84704,9/2/2020 14:20,14:20:00,5,0,0,I70 EASTBOUND  & PEORIA STREET NORTH,1,1,0,0,2,4,0,0,65,0,0,0,0,0,1,1,13
,2020-09288,39.71478,-104.98752,8/24/2020 16:34,16:34:00,2,0,1,BROADWAY STREET SOUTH & BAYAUD AVENUE EAST,1,1,0,0,1,1,0,0,0,1,0,0,0,2,4,2,16
,2020-09289,39.76441,-104.97602,8/15/2020 20:42,20:42:00,6,0,0,LAWRENCE STREET & 33RD STREET,1,4,0,0,1,4,0,0,25,0,0,0,0,0,4,2,13
,2020-09290,39.77968,-104.97916,8/24/2020 22:40,22:40:00,12,0,0,I70 WB ON RAMP  FROM & WASHINGTON STREET NORTH,1,3,1,0,1,8,0,0,55,0,0,0,0,0,1,2,13
,2020-09291,39.75838452,-104.8989679,8/22/2020 10:40,10:40:00,6,0,0,29TH PLACE EAST  & SYRACUSE STREET NORTH,1,1,0,0,1,4,0,0,25,0,0,0,0,0,4,2,13
,2020-09292,39.76304,-105.00074,8/24/2020 23:35,23:35:00,6,0,0,ROCKMOUNT DRIVE  & 19TH STREET,1,3,0,0,1,4,0,0,25,0,0,0,0,0,4,2,13
,2020-09293,39.72314054,-105.0532504,7/29/2020 17:11,17:11:00,15,0,1,SHERIDAN BOULEVARD NORTH & FOURTH AVENUE WEST,1,1,0,0,1,4,0,0,40,0,0,0,0,1,2,3,1
,2020-09294,39.72568,-105.01323,8/1/2020 15:15,15:15:00,12,0,1,I25 NORTHBOUND & SIXTH AVENUE WEST,1,1,0,0,1,4,0,0,55,0,0,0,0,1,1,2,1
,2020-09295,39.71033,-105.03402,9/2/2020 15:45,15:45:00,10,0,0,MORRISON ROAD & WEST NEVADA PLACE,1,1,0,0,1,1,0,0,35,0,0,0,0,0,4,2,14
,2020-09296,39.78291,-105.00642,8/19/2020 6:50,6:50:00,9,0,0,PECOS STREET NORTH  & 4700,1,1,1,0,1,1,0,0,25,0,0,0,0,0,4,2,14
,2020-09298,39.73668,-104.98931,7/30/2020 11:20,11:20:00,2,0,1,13TH AVENUE WEST & BANNOCK STREET NORTH,1,1,0,0,1,3,0,0,25,1,0,0,0,2,4,2,16
,2020-09299,39.67846,-104.93245,9/2/2020 12:12,12:12:00,12,0,0,4700 EAST EVANS AVENUE & SOUTH DAHLIA STREET,1,1,0,0,1,3,0,0,35,0,0,0,0,0,4,2,1
,2020-09300,39.78237,-104.85901,9/2/2020 11:28,11:28:00,6,0,0,EAST 47TH AVENUE & NORTH KINGSTON STREET,1,3,0,0,1,1,0,0,35,0,0,0,0,0,4,2,16
,2020-09301,39.78554,-104.9783,9/2/2020 13:57,13:57:00,12,0,0,4800 NORTH WASHINGTON STREET & WEST 48TH AVENUE,1,1,1,0,1,4,0,0,35,0,0,0,0,0,4,2,13
,2020-09302,39.69457,-104.97412,8/14/2020 7:30,7:30:00,6,0,1,CARONA STREET NORTH  & LOUISISANA AVENUE EAST,1,1,0,0,1,5,0,0,10,0,0,0,0,1,4,2,5
,2020-09303,39.73999,-104.95978,9/2/2020 12:11,12:11:00,3,0,0,COLFAX AVENUE EAST AVENUE & YORK STREET NORTH,1,1,0,0,1,1,0,0,30,0,0,0,0,0,2,2,4
,2020-09304,39.78372,-104.77448,7/26/2020 19:46,19:46:00,3,0,0,GREEN VALLEY RANCH BOULEVARD EAST & YAMPA STREET NORTH,1,1,0,0,1,1,0,0,45,0,0,0,0,0,4,2,5
,2020-09305,39.78625109,-104.791086,8/22/2020 10:35,10:35:00,12,0,0,PENA BOULEVARD IN BOUND & 6500,1,1,0,0,1,4,0,0,65,0,0,0,0,0,4,2,14
,2020-09306,39.66749,-104.92548,8/25/2020 9:55,9:55:00,12,0,1,I25 NORTHBOUND OFF RAMP  TO & YALE AVENUE EAST,1,1,1,0,1,3,0,0,45,0,0,0,0,1,1,2,7
,2020-09307,39.65304,-104.93169,8/24/2020 16:55,16:55:00,1,0,0,HAMPDEN AVENUE EAST & DAHLIA STREET SOUTH,1,1,0,0,1,1,0,0,35,0,0,0,0,0,2,2,3
,2020-09311,39.71116,-104.98637,9/2/2020 13:15,13:15:00,6,0,0,SOUTH LINCOLN STREET & EAST ALAMEDA AVENUE,1,1,0,0,1,3,0,0,30,0,0,0,0,0,4,2,3
,2020-09312,39.72506654,-105.0324919,8/12/2020 7:50,7:50:00,12,0,0,SIXTH AVENUE WEST & KNOX COURT NORTH,1,1,0,0,1,4,0,0,65,0,0,0,0,0,2,2,13
,2020-09314,39.7146772,-105.0008205,9/2/2020 9:40,9:40:00,12,0,1,I25 SOUTHBOUND & BAYAUD AVENUE WEST,1,1,0,0,1,4,0,0,65,0,0,0,0,1,1,3,3
,2020-09317,39.73846,-104.99689,9/2/2020 9:17,9:17:00,15,0,0,WEST 14TH AVENUE & NORTH SPEER BOULEVARD,1,1,0,0,1,1,0,0,25,0,0,0,0,0,4,2,14
,2020-09321,39.78327,-105.00643,9/2/2020 9:35,9:35:00,9,0,0,PECOS STREET NORTH & I70 EASTBOUND ON RAMP,1,1,0,0,1,6,0,0,10,0,0,0,0,0,4,1,13
,2020-09322,39.75162,-105.003,9/2/2020 11:31,11:31:00,15,0,0,15TH STREET & WEWATTA STREET,1,1,0,0,1,1,0,0,30,0,0,0,0,0,4,2,14
,2020-09323,39.72565,-104.98626,9/2/2020 8:25,8:25:00,10,0,0,SIXTH AVENUE EAST & LINCOLN STREET NORTH,1,1,0,0,1,1,0,0,30,0,0,0,0,0,4,2,13
,2020-09346,39.74019,-104.95743,7/31/2020 12:45,12:45:00,6,0,0,COLFAX AVENUE EAST AVENUE & COLUMBINE STREET NORTH,1,1,0,0,1,4,0,0,30,0,0,0,0,0,2,2,13
,2020-09352,39.74044,-105.01397,9/2/2020 7:04,7:04:00,3,0,0,I25 SOUTHBOUND EXIT RAMP TO & COLFAX AVENUE WEST AVENUE,1,1,0,0,1,1,0,0,40,0,0,0,0,0,2,2,3
,2020-09386,39.77287,-104.83383,8/23/2020 22:41,22:41:00,15,0,0,I70 EASTBOUND & I225 SOUTHBOUND,1,4,0,0,1,4,0,0,65,0,0,0,0,0,1,2,1
,2020-09387,39.77856252,-104.9034184,8/24/2020 7:50,7:50:00,10,0,0,I70 EASTBOUND OFF RAMP  TO & NORTHFIEL QUEBEC STREET NORTH,1,1,0,0,1,3,0,0,40,0,0,0,0,0,2,2,13
,2020-09388,39.76927,-104.91269,8/24/2020 5:55,5:55:00,3,0,0,NORTH MONACO STREET & EAST 38TH AVENUE,1,4,0,0,1,1,0,0,25,0,0,0,0,1,4,2,7
,2020-09389,39.63569969,-104.8937735,8/21/2020 10:17,10:17:00,15,0,2,i225 sb & I25,1,1,0,0,1,4,0,0,65,0,0,0,0,1,1,4,13
,2020-09390,39.78675,-104.86585,8/23/2020 23:44,23:44:00,3,0,0,49TH AVENUE EAST & HAVANA STREET NORTH,1,3,1,0,1,1,0,0,40,0,0,0,0,0,4,2,13
,2020-09391,39.72525,-105.0334,8/24/2020 7:59,7:59:00,12,0,0,SIXTH AVENUE WEST  & FEDERAL BOULEVARD NORTH,1,1,0,0,1,4,0,0,65,0,0,0,0,0,2,3,13
,2020-09664,39.7113,-104.91286,8/11/2020 13:20,13:20:00,12,0,0,EAST ALAMEDA AVENUE & SOUTH MONACO STREET,1,1,0,0,1,3,0,0,30,0,0,0,0,0,4,2,3
,2020-09672,39.71464,-104.94069,8/21/2020 13:55,13:55:00,1,0,0,COLORADO BOULEVARD SOUTH & BAYAUD AVENUE EAST,1,1,0,0,1,1,0,0,35,0,0,0,0,0,2,3,3
,2020-09673,39.71656,-104.98625,8/12/2020 15:37,15:37:00,3,0,0,SOUTH LINCOLN STREET & EAST ELLSWORTH AVENUE,1,1,0,0,1,1,0,0,25,0,0,0,0,0,4,2,3
,2020-09680,39.74398,-105.05321,8/25/2020 11:30,11:30:00,1,0,1,SHERIDAN BOULEVARD NORTH & 17TH AVENUE WEST,1,1,1,0,1,1,0,0,35,0,0,0,0,1,2,2,13
,2020-09681,39.6895,-105.02038,8/19/2020 20:45,20:45:00,8,0,0,WEST FLORIDA AVENUE & SOUTH CLAY STREET,1,3,0,0,1,1,0,0,30,0,0,0,0,0,4,2,13
,2020-09682,39.75278,-104.98742,8/10/2020 19:45,19:45:00,10,0,0,22ND STREET & NORTH BROADWAY STREET,1,1,0,0,1,1,0,0,30,0,0,0,1,0,4,2,5
,2020-09683,39.71836,-104.9875,8/16/2020 15:00,15:00:00,12,0,0,EAST FIRST AVENUE & NORTH BROADWAY STREET,1,1,0,0,1,4,0,0,25,0,0,0,0,0,4,2,13
,2020-09684,39.68754554,-104.9921719,8/18/2020 21:44,21:44:00,3,0,3,SANTA FE DRIVE & IOWA AVENUE WEST,1,3,0,0,1,1,0,1,40,0,0,0,0,1,4,2,8
,2020-09686,39.78027,-104.98956,8/12/2020 9:02,9:02:00,12,0,1,I70 WB OFF RAMP TO & I25 SOUTHBOUND,1,1,0,0,1,8,0,0,55,0,0,0,0,1,1,2,1
,2020-09692,39.80123,-104.8844,8/25/2020 10:35,10:35:00,1,0,0,5700 NORTH CENTRAL PARK BOULEVARD & EAST 56TH AVENUE,1,1,0,0,1,4,0,0,30,0,0,0,0,1,4,2,13
,2020-09693,39.68819354,-105.0431704,8/11/2020 17:30,17:30:00,6,0,0,STUART STREET SOUTH & WEST IOWA AVENUE,1,1,0,0,1,4,0,0,25,0,0,0,0,0,4,2,7
,2020-09694,39.782,-104.90174,8/9/2020 11:55,11:55:00,12,0,0,QUEBEC STREET & NORTH SAND CREEK ROAD,1,1,1,0,1,1,0,0,35,0,0,0,0,1,4,2,13
,2020-09695,39.69662,-104.98038,8/14/2020 7:30,7:30:00,5,0,0,EAST MISSISSIPPI AVENUE & SOUTH PEARL STREET,1,1,0,0,2,1,0,0,25,0,0,0,0,1,4,1,5