id,drcog_id,latitude,longitude,crashtime,time,crashtype,numbkilled,numbinjurd,drcoglocat,rdconditin,lightngcon,roadcntgrd,weatherco,location,roaddescrp,schoolzone,constrzone,splimit,bikeinv,pedinv,sctrinv,motoinv,svrty,rdsystem,ttlvehcls,hcf
,2020-09698,39.69445,-105.00873,8/14/2020 17:00,17:00:00,3,0,0,RARITAN STREET NORTH  & MOSIER PLACE WEST,1,1,0,0,1,2,0,0,25,0,0,0,0,0,4,2,16
,2020-09701,39.74242,-104.96215,8/13/2020 12:05,12:05:00,6,0,0,VINE STREET NORTH  & 16TH AVENUE EAST,1,1,0,0,1,4,0,0,25,0,0,0,0,0,4,2,14
,2020-09707,39.74002,-104.96969,7/31/2020 15:08,15:08:00,9,0,1,COLFAX AVENUE EAST AVENUE & HUMBOLDT STREET NORTH,1,1,0,0,1,4,0,0,30,0,0,0,1,2,2,1,14
,2020-09708,39.70223,-105.03012,8/16/2020 11:20,11:20:00,14,0,1,3400 WEST OHIO AVENUE & SOUTH KNOX COURT,1,1,0,0,1,1,0,0,25,0,0,0,0,2,4,2,5
,2020-09709,39.73059,-104.97846,8/10/2020 4:30,4:30:00,6,0,0,WASHINGTON STREET NORTH  & PEARL STREET NORTH,1,3,0,0,1,5,0,0,15,0,0,0,0,0,4,5,5
,2020-09710,39.74963,-104.88666,8/19/2020 9:30,9:30:00,3,0,0,NORTH CENTRAL PARK BOULEVARD & EAST 23RD AVENUE,1,1,0,0,1,1,0,0,30,0,0,0,0,0,4,2,3
,2020-09715,39.7788,-104.81777,8/6/2020 4:00,4:00:00,6,0,0,ENID WAY NORTH  & 46TH AVENUE EAST,1,3,0,0,1,4,0,0,25,0,0,0,0,0,4,2,5
,2020-09717,39.74019,-104.95524,8/20/2020 8:06,8:06:00,3,0,0,COLFAX AVENUE EAST  [APPROX] & DETROIT STREET NORTH,1,1,0,0,1,2,0,0,,0,0,0,0,0,2,2,14
,2020-09722,39.7976,-104.83541,8/16/2020 16:31,16:31:00,8,0,0,EAST RANDOLPH PLACE & NORTH UVALDA STREET,1,1,0,0,1,4,0,0,15,0,0,0,0,1,4,2,7
,2020-09725,39.67866,-105.0192,8/14/2020 12:00,12:00:00,12,0,0,EVANS AVENUE WEST & SOUTH CLAY STREET,1,1,0,0,1,4,0,0,30,0,0,0,0,0,4,3,1
,2020-09728,39.78378,-104.94052,8/18/2020 17:56,17:56:00,12,0,0,COLORADO BOULEVARD NORTH & 48TH AVENUE EAST,1,1,0,0,1,4,0,1,35,0,0,0,0,0,2,3,13
,2020-09732,39.70897,-104.87539,8/20/2020 13:14,13:14:00,12,0,0,9600 EAST ALAMEDA AVENUE & SOUTH CLINTON STREET,1,1,0,0,1,4,0,0,40,0,0,0,0,0,4,2,13
,2020-09735,39.73686,-104.99165,8/20/2020 9:43,9:43:00,3,0,0,NORTH CHEROKEE STREET & WEST 13TH AVENUE,1,1,0,0,1,1,0,0,30,0,0,0,0,0,4,2,13
,2020-09737,39.752425,-104.9671678,8/2/2020 9:30,9:30:00,6,0,0,GILPIN STREET NORTH & EAST 24TH AVENUE,1,1,0,0,1,4,0,0,25,0,0,0,0,0,4,2,16
,2020-09741,39.77842,-104.90357,8/11/2020 19:07,19:07:00,5,0,0,I70 WB & NORTHFIELD QUEBEC STREET NORTH,1,1,0,0,3,4,0,1,65,0,0,0,0,0,1,1,1
,2020-09744,39.72731,-104.9407,8/20/2020 10:42,10:42:00,12,0,0,COLORADO BOULEVARD NORTH & SEVENTH AVENUE EAST,1,1,0,0,1,1,0,0,35,0,0,0,0,0,2,2,16
,2020-09745,39.75288,-104.99614,8/25/2020 12:35,12:35:00,6,0,0,BLAKE STREET SOUTH  & 19TH STREET,1,1,0,0,1,4,0,0,30,0,0,0,0,0,4,2,13
,2020-09746,39.74321,-104.96039,7/30/2020 9:25,9:25:00,12,0,0,EAST 17TH AVENUE & NORTH GAYLORD YORK ALY,1,1,0,0,1,4,0,0,30,0,0,0,0,0,4,2,1
,2020-09749,39.68489954,-104.9594704,8/16/2020 19:41,19:41:00,12,0,0,I25 NORTHBOUND OFF RAMP  TO & UNIVERSITY BOULEVARD SOUTH,1,2,1,0,1,4,0,0,60,0,0,0,0,0,1,2,13
,2020-09751,39.72548053,-105.0130699,8/17/2020 15:08,15:08:00,12,0,0,I25 NORTHBOUND & SIXTH AVENUE WEST,1,1,0,0,1,4,0,0,65,0,0,0,0,0,1,2,1
,2020-09756,39.74579,-104.92548,7/30/2020 3:45,3:45:00,6,0,0,GLENCOE STREET NORTH & EAST MONTVIEW AVENUE,1,3,0,0,1,4,0,0,20,0,0,0,0,1,4,2,3
,2020-09757,39.69659,-104.89173,8/12/2020 16:35,16:35:00,10,0,0,MISSISSIPPI AVENUE EAST & VALENTIA STREET SOUTH,1,1,0,0,1,1,0,0,30,0,0,0,0,0,4,2,16
,2020-09760,39.6894,-104.99218,8/12/2020 6:30,6:30:00,10,0,0,SANTA FE DRIVE SOUTH & FLORIDA AVENUE WEST,1,1,0,0,1,1,0,0,45,0,0,0,0,0,2,2,16
,2020-09761,39.66829,-104.95939,8/12/2020 13:50,13:50:00,6,0,0,UNIVERSITY BOULEVARD SOUTH & SOUTH VASSAR STREET,1,1,0,0,1,4,0,0,35,0,0,0,0,0,4,2,3
,2020-09764,39.73048,-104.91279,8/20/2020 11:20,11:20:00,12,0,0,NORTH MONACO STREET & EAST NINTH AVENUE,1,1,0,0,1,1,0,0,30,0,0,0,0,0,4,2,1
,2020-09765,39.65308,-104.91845,8/20/2020 0:08,0:08:00,5,0,1,HAMPDEN AVENUE EAST & I25 NORTHBOUND,1,3,0,0,3,1,0,0,,0,0,0,0,1,2,1,16
,2020-09766,39.66028,-104.85898,8/20/2020 8:02,8:02:00,1,0,0,DARTMOUTH AVENUE EAST & KENTON STREET SOUTH,1,1,0,0,1,1,0,0,35,0,0,0,0,0,4,2,13
,2020-09770,39.6981,-104.90213,8/14/2020 16:15,16:15:00,3,0,0,PARKER ROAD SOUTH  & MISSISSIPPI AVENUE EAST,1,1,0,0,1,2,0,0,40,0,0,0,0,0,2,2,5
,2020-09777,39.79028,-104.87217,8/12/2020 14:47,14:47:00,3,0,0,FLORENCE STREET NORTH & 51ST AVENUE EAST,1,1,0,0,1,2,0,0,,0,0,0,0,0,4,2,13
,2020-09778,39.78254,-104.7649,8/15/2020 17:15,17:15:00,6,0,0,ARGORNNE STREET NORTH & 47TH DRIVE EAST,1,1,0,0,1,4,0,0,30,0,0,0,0,0,4,2,16
,2020-09782,39.74002,-104.97874,8/19/2020 17:02,17:02:00,12,0,0,COLFAX AVENUE EAST AVENUE & WASHINGTON STREET NORTH,1,1,0,0,1,4,0,0,30,0,0,0,0,0,2,2,8
,2020-09783,39.78185,-104.98231,8/17/2020 18:12,18:12:00,6,0,0,47TH AVENUE EAST & LOGAN STREET NORTH,1,1,0,0,1,4,0,0,30,0,0,0,0,0,4,2,5
,2020-09786,39.65308,-104.91845,8/15/2020 14:47,14:47:00,15,0,0,I25 SOUTHBOUND & HAMPDEN AVENUE EAST,1,1,0,0,1,4,0,0,65,0,0,0,0,0,1,2,1
,2020-09787,39.79553,-104.79626,8/20/2020 14:50,14:50:00,3,0,0,MEMPHIS STREET NORTH & MAXWELL PLACE EAST,1,1,0,0,1,1,0,0,30,0,0,0,0,0,4,2,14
,2020-09788,39.72907,-104.98237,8/25/2020 15:24,15:24:00,10,0,0,EAST EIGHTH AVENUE & NORTH LOGAN STREET,1,1,1,0,1,1,0,0,30,0,0,0,0,1,4,2,13
,2020-09791,39.75513,-105.01272,8/20/2020 6:40,6:40:00,5,0,0,I25 NORTHBOUND OFF RAMP  TO & SPEER BOULEVARD NORTH,1,1,0,0,2,4,0,0,65,0,0,0,0,0,1,2,1
,2020-09794,39.64418,-104.89146,8/4/2020 6:40,6:40:00,14,0,0,SOUTH VINCENNES COURT & EAST MANSFIELD AVENUE,1,1,0,0,1,1,0,0,25,0,0,0,0,0,4,2,16
,2020-09795,39.74031254,-105.0531919,9/22/2020 13:30,13:30:00,3,0,0,COLFAX AVENUE & SHERIDAN BOULEVARD,1,1,0,0,1,1,0,0,,0,0,0,0,0,2,2,16
,2020-09801,39.66772,-105.02511,8/19/2020 7:43,7:43:00,1,0,0,FEDERAL BOULEVARD SOUTH & YALE AVENUE WEST,1,1,0,0,1,1,0,0,40,0,0,0,0,0,2,2,1
,2020-10134,39.73676,-104.94182,8/19/2020 12:08,12:08:00,15,0,0,EAST 13TH AVENUE & NORTH HARRISON STREET,1,1,0,0,1,4,0,0,30,0,0,0,0,1,4,2,1
,2020-10361,39.72015,-104.99858,8/20/2020 10:48,10:48:00,10,0,0,SANTA FE DRIVE NORTH  & 200,1,1,0,0,1,2,0,0,30,0,0,0,0,0,4,2,13
,2020-10362,39.77732952,-104.8829389,8/9/2020 2:40,2:40:00,5,0,0,I70 EASTBOUND & CENTRAL PARK BOULEVARD NORTH,1,3,0,0,1,4,0,1,55,0,0,0,0,0,1,1,5
,2020-10363,39.72565,-104.98626,8/20/2020 14:20,14:20:00,12,0,0,NORTH LINCOLN STREET & EAST SPEER BOULEVARD,1,1,0,0,1,4,0,0,35,0,0,0,0,0,4,2,13
,2020-10364,39.65306,-104.92615,8/11/2020 16:30,16:30:00,12,0,0,HAMPDEN AVENUE EAST & GLENCOE STREET SOUTH,1,1,0,0,1,3,0,0,30,0,0,0,0,0,2,3,3
,2020-10367,39.74034,-105.03582,8/25/2020 11:55,11:55:00,12,0,0,COLFAX AVENUE WEST AVENUE & MEADE STREET NORTH,1,1,0,0,1,1,0,0,30,0,0,0,0,0,2,3,14
,2020-10370,39.77423,-104.76372,8/21/2020 18:53,18:53:00,5,0,2,4300 NORTH CEYLON COURT & EAST 43RD AVENUE,1,1,0,0,2,4,0,0,25,0,0,0,0,3,4,1,5
,2020-10371,39.76017,-104.89897,8/11/2020 16:33,16:33:00,2,0,0,SYRACUSE STREET NORTH & MLK BOULEVARD EAST,1,1,0,0,1,1,0,0,0,1,0,0,0,0,4,2,16
,2020-10373,39.69854,-104.90354,8/16/2020 6:28,6:28:00,5,0,2,QUEBEC STREET SOUTH & LEETSDALE DRIVE,1,1,0,0,3,1,0,0,40,0,0,0,0,1,2,1,1
,2020-10378,39.70085,-104.99916,8/19/2020 7:36,7:36:00,6,0,0,800 SOUTH JASON STREET & WEST MISSISSIPPI AVENUE,1,1,0,0,1,4,0,0,30,0,0,0,0,0,4,2,16
,2020-10380,39.65321954,-104.9183404,8/19/2020 22:39,22:39:00,5,0,0,I25 NORTHBOUND ON RAMP & HAMPDEN AVENUE EAST,1,3,1,0,3,8,0,0,35,0,0,0,0,0,1,1,1
,2020-10384,39.70034,-105.03211,8/12/2020 12:30,12:30:00,3,0,0,KENTUCKY AVENUE WEST  & KNOX STREET SOUTH,1,1,0,0,1,2,0,0,15,0,0,0,0,0,4,2,3
,2020-10386,39.77761,-104.83478,8/25/2020 15:28,15:28:00,15,0,0,ALBROOK DRIVE EAST & ANAHEIM COURT NORTH,1,1,0,0,1,1,0,0,30,0,0,0,0,0,4,2,6
,2020-10387,39.75834,-104.99231,8/12/2020 14:28,14:28:00,12,0,0,1600 PARK AVENUE WEST & WAZEE STREET,1,1,0,0,1,4,0,0,30,0,0,0,0,0,4,3,13
,2020-10389,39.69113,-104.94065,8/12/2020 14:55,14:55:00,15,0,0,COLORADO BOULEVARD SOUTH & ARKANSAS AVENUE EAST,1,1,0,0,1,3,0,0,35,0,0,0,0,0,2,2,16
,2020-10391,39.71121,-104.99913,8/20/2020 5:48,5:48:00,15,0,0,I25 SOUTHBOUND OFF RAMP TO & ALAMEDA AVENUE WEST,1,1,0,0,1,1,0,0,35,0,0,0,0,0,2,2,13
,2020-10393,39.71298,-104.98632,8/10/2020 18:18,18:18:00,10,0,1,LINCOLN STREET SOUTH & CEDER AVENUE EAST,1,1,0,0,1,3,0,0,35,0,0,0,0,2,4,3,4
,2020-10394,39.7794,-104.97915,8/12/2020 14:49,14:49:00,5,0,0,I70 EASTBOUND & WASHINGTON STREET NORTH,11,1,1,0,3,8,0,0,25,0,0,0,0,0,4,1,14
,2020-10395,39.67846,-104.93162,8/12/2020 13:56,13:56:00,8,0,0,EAST EVANS AVENUE & SOUTH DAHLIA STREET,1,1,0,0,1,1,0,0,35,0,0,0,0,0,4,2,13
,2020-10396,39.6801,-104.94068,8/11/2020 21:36,21:36:00,5,0,0,COLORADO BOULEVARD SOUTH & COLORADO CENTER DRIVE EAST,1,3,0,0,3,4,0,0,35,0,0,0,0,0,2,1,5
,2020-10402,39.72544,-105.01867,8/20/2020 7:35,7:35:00,1,0,1,BRYANT STREET NORTH & SIXTH AVENUE WEST,1,1,0,0,1,1,0,0,25,0,0,0,0,3,2,2,13
,2020-10403,39.78009,-104.94051,8/16/2020 11:19,11:19:00,12,0,0,I70 WB OFF RAMP  TO & COLORADO BOULEVARD NORTH,1,1,0,0,1,8,0,0,25,0,0,0,0,0,1,2,7
,2020-10405,39.7794,-104.97915,8/12/2020 14:21,14:21:00,12,0,0,I70 EASTBOUND ON RAMP FROM & WASHINGTON STREET NORTH,3,1,1,0,1,8,0,0,55,0,0,0,0,0,1,2,13
,2020-10408,39.75844,-104.99714,7/31/2020 9:40,9:40:00,6,0,0,29TH AVENUE WEST & HURON STREET NORTH,1,1,0,0,5,4,0,0,25,0,0,0,0,0,3,2,14
,2020-10412,39.77969,-104.74192,8/15/2020 20:55,20:55:00,11,0,1,MALAYA STREET NORTH 4572 & 47TH AVENUE EAST,11,3,0,0,1,4,0,0,25,0,1,0,0,3,4,1,16
,2020-10414,39.74018,-104.95299,8/18/2020 12:00,12:00:00,6,0,0,COLFAX AVENUE EAST AVENUE & FILLMORE STREET NORTH,1,1,0,0,1,4,0,0,30,0,0,0,0,0,2,2,16
,2020-10417,39.73922,-105.02847,8/7/2020 18:26,18:26:00,6,0,0,14TH AVENUE WEST  & IRVING STREET NORTH,1,1,1,0,1,4,0,0,25,0,0,0,0,0,4,2,16
,2020-10420,39.70034,-105.0254,8/11/2020 8:45,8:45:00,12,0,0,KENTUCKY AVENUE 3000 WEST & SOUTH FEDERAL BOULEVARD,1,1,0,0,1,3,0,0,25,0,0,0,0,0,4,2,1
,2020-10422,39.74378,-104.97338,8/16/2020 16:40,16:40:00,3,0,0,DOWNING STREET NORTH & PARK AVENUE,1,1,0,0,1,1,0,0,30,0,0,0,0,0,4,2,13
,2020-10426,39.70675,-105.03244,8/16/2020 11:28,11:28:00,5,0,0,WEST CUSTER PLACE & SOUTH KNOX COURT,1,1,0,0,3,1,0,0,25,0,0,0,0,0,4,1,5
,2020-10427,39.74002,-104.97991,8/12/2020 14:26,14:26:00,15,0,0,COLFAX AVENUE EAST AVENUE & PEARL STREET NORTH,1,1,0,0,1,1,0,0,30,0,0,0,0,0,2,2,14
,2020-10434,39.73606,-104.98486,8/20/2020 13:20,13:20:00,3,0,0,SHERMAN STREET NORTH  & 1200,14,5,3,7,1,5,0,0,30,0,0,0,0,0,4,2,13
,2020-10435,39.72548053,-105.0130699,8/20/2020 10:00,10:00:00,12,0,1,I25 NORTHBOUND & SIXTH AVENUE WEST,1,1,0,0,1,4,0,0,55,0,0,0,0,1,1,2,13
,2020-10437,39.79185839,-104.74937,8/12/2020 9:22,9:22:00,6,0,0,5200 NORTH JERICHO STREET & EAST 52ND AVENUE,1,1,0,0,1,4,0,0,25,0,0,0,0,0,4,2,13
,2020-10438,39.65312,-104.91535,8/20/2020 8:25,8:25:00,3,0,0,LOCUST STREET SOUTH  & HAMPDEN AVENUE EAST,1,1,0,0,1,2,0,0,30,0,0,0,0,0,2,2,7
,2020-10441,39.76116,-105.00477,8/19/2020 6:40,6:40:00,15,0,0,I25 SOUTHBOUND & 20TH STREET,1,1,0,0,1,4,0,0,65,0,0,0,0,0,1,2,1
,2020-10442,39.7308,-104.99201,8/25/2020 14:10,14:10:00,3,0,0,SPEER BOULEVARD NORTH  & BANNOCK STREET,1,1,0,0,1,3,0,0,35,0,0,0,0,0,4,2,13
,2020-10446,39.65110454,-104.8848289,8/25/2020 14:30,14:30:00,1,0,0,SOUTH YOSEMITE STREET & EAST JEFFERSON AVENUE,1,1,0,0,1,1,0,0,35,0,0,0,0,0,4,2,3
,2020-10447,39.67851,-104.97343,8/25/2020 13:00,13:00:00,12,0,0,EAST EVANS AVENUE & SOUTH DOWNING STREET,1,1,0,0,1,3,0,0,35,0,0,0,0,0,4,2,3
,2020-10448,39.76095,-105.00433,8/20/2020 7:50,7:50:00,12,0,0,I25 NORTHBOUND & 20TH STREET,1,1,0,0,1,4,0,0,55,0,0,0,0,0,1,2,13
,2020-10449,39.68936,-104.90351,8/25/2020 10:55,10:55:00,15,0,0,QUEBEC STREET SOUTH & FLORIDA AVENUE EAST,1,1,0,0,1,1,0,0,35,0,0,0,0,0,4,2,16
,2020-10450,39.77291,-105.01122,8/20/2020 11:51,11:51:00,6,0,0,WEST 41ST AVENUE & NORTH TEJON STREET,1,1,0,0,1,4,0,0,35,0,0,0,0,0,4,2,13
,2020-10453,39.70959,-105.05086,8/19/2020 14:45,14:45:00,8,0,0,WEST DAKOTA AVENUE & SOUTH YATES STREET,1,1,0,0,1,1,0,0,25,0,0,0,0,0,4,2,7
,2020-10454,39.78002,-104.93166,8/18/2020 14:51,14:51:00,12,0,0,I70 EASTBOUND & MM 277,1,1,0,0,1,4,0,0,65,0,0,0,0,0,1,3,16
,2020-10461,39.76809081,-104.9406513,8/12/2020 9:33,9:33:00,12,0,0,COLORADO BOULEVARD SOUTHBOUND & 4000 NORTH,1,1,0,0,1,4,0,0,40,0,0,0,0,0,4,2,7
,2020-10462,39.77026,-105.02761,8/16/2020 9:25,9:25:00,3,0,0,WEST DENVER PLACE & NORTH GROVE STREET,1,1,1,0,1,1,0,0,25,0,0,0,0,1,4,2,3
,2020-10464,39.72923,-104.94069,8/12/2020 14:25,14:25:00,15,0,0,COLORADO BOULEVARD NORTH & EIGHTH AVENUE EAST,1,1,0,0,1,1,0,0,30,0,0,0,0,0,2,2,13
,2020-10466,39.72558,-104.97291,8/15/2020 23:36,23:36:00,12,0,0,NORTH DOWNING STREET & EAST SIXTH AVENUE,1,3,0,0,1,1,0,0,35,0,0,0,0,0,4,2,16
,2020-10471,39.77420637,-104.8469968,8/12/2020 8:30,8:30:00,3,0,0,NORTH PEORIA STREET & I70 WB OFF RAMP,1,1,0,0,1,1,0,0,35,0,0,0,0,0,4,2,8
,2020-10472,39.65565,-105.05321,8/25/2020 12:55,12:55:00,6,0,0,SHERIDAN BOULEVARD SOUTH  & DARTMOUTH AVENUE WEST,1,1,0,0,1,3,0,0,40,0,0,0,0,0,2,2,3
,2020-10473,39.75624,-104.98485,8/25/2020 15:21,15:21:00,3,0,0,25TH STREET & ARAPAHOE STREET,1,1,0,0,1,5,0,0,10,0,0,0,0,0,4,2,1
,2020-10474,39.67286,-105.04171,8/7/2020 8:12,8:12:00,11,0,1,HARVARD AVENUE WEST & RALEIGH STREET SOUTH,1,1,0,0,1,1,0,0,25,0,1,0,0,2,4,1,16
,2020-10476,39.65304,-104.872,8/11/2020 17:30,17:30:00,15,0,0,EAST HAMPDEN AVENUE & SOUTH FLORENCE STREET,1,1,0,0,1,3,0,0,35,0,0,0,0,0,4,2,13
,2020-10480,39.73848,-105.04868,8/16/2020 4:13,4:13:00,6,0,0,WOLFF STREET NORTH & 14TH AVENUE WEST,1,4,0,0,1,4,0,0,25,0,0,0,1,0,4,5,1
,2020-10487,39.78009,-104.94051,8/12/2020 13:54,13:54:00,12,0,0,I70 WB & COLORADO BOULEVARD NORTH,1,1,0,0,1,4,0,0,65,0,0,0,0,0,1,2,13
,2020-10489,39.67114,-104.99519,8/12/2020 3:45,3:45:00,5,0,1,SANTA FE DRIVE SOUTH  & EVANS AVENUE WEST,1,3,0,0,1,4,0,1,60,0,0,0,0,1,2,1,7
,2020-10493,39.65308,-104.91826,8/11/2020 20:40,20:40:00,12,0,0,I25 NORTHBOUND & HAMPDEN AVENUE EAST,1,3,0,0,1,4,0,1,55,0,0,0,0,0,1,2,5
,2020-10494,39.67847,-104.92227,8/11/2020 20:57,20:57:00,1,0,0,HOLLY STREET SOUTH & EVANS AVENUE EAST,1,3,0,0,1,1,0,0,35,0,0,0,0,0,4,2,13
,2020-10499,39.69656,-104.98008,8/14/2020 7:30,7:30:00,6,0,1,MISSISSIPPI AVENUE EAST  & PEARL STREET SOUTH,1,1,0,0,1,4,0,0,25,0,0,0,0,1,4,2,5
,2020-10667,39.77894,-104.95824,6/3/2020 17:36,17:36:00,6,0,0,EAST 45TH AVENUE & NORTH JOSEPHINE STREET,1,1,0,0,1,1,0,0,25,0,0,0,0,0,4,2,16
,2020-10769,39.75848,-105.02523,9/10/2020 20:24,20:24:00,3,0,0,FEDERAL BOULEVARD NORTH & 29TH AVENUE WEST,1,3,0,0,1,1,0,0,30,0,0,0,0,0,2,2,16
,2020-10771,39.78179351,-104.779169,9/28/2020 6:35,6:35:00,5,0,0,47TH AVENUE EAST & VENTURA STREET NORTH,1,1,0,0,2,1,0,0,30,0,0,0,0,0,4,1,14
,2020-10773,39.74003,-104.97143,9/27/2020 18:38,18:38:00,12,0,0,COLFAX AVENUE EAST 1200  & LAFAYETTE STREET,11,3,0,1,1,4,0,0,30,0,0,0,0,0,2,2,13
,2020-10774,39.67842,-104.95939,9/27/2020 20:33,20:33:00,12,0,0,SOUTH UNIVERSITY BOULEVARD & EAST EVANS AVENUE,11,3,1,1,1,1,0,0,30,0,0,0,0,1,4,3,13
,2020-10775,39.7654,-104.9026,9/27/2020 20:05,20:05:00,1,0,0,EAST 36TH AVENUE & NORTH QUEBEC STREET,1,3,0,0,1,1,0,0,35,0,0,0,0,0,4,2,7
,2020-10776,39.72412,-104.98236,9/28/2020 7:44,7:44:00,3,0,0,EAST FIFTH AVENUE & NORTH LOGAN STREET,1,1,0,0,1,1,0,0,25,0,0,0,0,1,4,2,13
,2020-10777,39.70035254,-105.0344809,9/27/2020 23:07,23:07:00,3,0,0,SOUTH LOWELL BOULEVARD & WEST KENTUCKY AVENUE,1,3,0,0,1,1,0,0,25,0,0,0,0,0,4,2,13
,2020-10779,39.77732952,-104.8829389,9/28/2020 7:20,7:20:00,12,0,0,I70 WB & CENTRAL PARK BOULEVARD NORTH,1,1,0,0,1,4,0,0,65,0,0,0,0,0,1,2,13
,2020-10780,39.74085,-104.98109,9/28/2020 6:10,6:10:00,6,0,0,PENNSYLVANIA STREET & EAST COLFAX AVENUE,1,4,0,0,1,2,0,0,25,0,0,0,0,0,4,3,14
,2020-10781,39.65311,-104.89876,9/28/2020 9:40,9:40:00,3,0,0,HAMPDEN AVENUE EAST & TAMARAC DRIVE SOUTH,1,1,1,0,1,1,0,0,45,0,0,0,0,0,2,3,13
,2020-10783,39.77104,-104.94048,9/28/2020 9:40,9:40:00,12,0,0,COLORADO BOULEVARD & 3900 NORTH,1,1,0,0,1,4,0,0,40,0,0,0,0,0,4,2,7
,2020-10784,39.78464,-104.81341,9/28/2020 17:10,17:10:00,3,0,1,GATEWAY AVENUE EAST & FONTANA COURT NORTH,1,1,0,0,1,1,0,0,30,0,0,0,0,1,4,2,3
,2020-10785,39.78376,-104.8098,9/28/2020 19:11,19:11:00,1,0,0,GREEN VALLEY RANCH BOULEVARD EAST & CHAMBERS ROAD NORTH,1,3,0,0,1,2,0,0,40,0,0,0,0,0,4,2,1
,2020-10786,39.77393652,-104.8469389,9/28/2020 6:25,6:25:00,15,0,0,I70 OFF RAMP TO & PEORIA STREET,1,1,0,0,1,8,0,0,35,0,0,0,0,0,4,2,8
,2020-10787,39.73844,-104.99166,9/28/2020 10:15,10:15:00,10,0,0,WEST 14TH AVENUE & NORTH CHEROKEE STREET,1,1,0,0,1,1,0,0,30,0,0,0,0,0,4,2,13
,2020-10788,39.77856252,-104.9034184,9/28/2020 5:51,5:51:00,12,0,3,I70 WB & QUEBEC STREET NORTH,1,3,0,0,1,4,0,0,65,0,0,0,0,2,1,3,1
,2020-10789,39.78004,-104.98919,9/28/2020 17:50,17:50:00,12,0,0,I25 NORTHBOUND & I70 EASTBOUND,1,1,0,0,1,4,0,0,65,0,0,0,0,0,1,2,13
,2020-10790,39.72548053,-105.0130699,9/28/2020 17:00,17:00:00,15,0,0,I25 NORTHBOUND & SIXTH AVENUE WEST,1,1,0,0,1,4,0,0,55,0,0,0,0,0,1,2,13
,2020-10791,39.71082,-105.05317,8/16/2020 22:17,22:17:00,12,0,0,SHERIDAN BOULEVARD SOUTH  & ALAMEDA AVENUE WEST,1,3,0,0,1,1,0,0,35,0,0,0,0,0,2,2,16
,2020-10792,39.73834,-104.91395,7/31/2020 19:21,19:21:00,3,0,0,LOCUST STREET NORTH & 14TH AVENUE EAST,1,3,0,0,1,1,0,0,,0,0,0,0,0,4,2,14
,2020-10793,39.73864,-105.03914,7/2/2020 23:58,23:58:00,11,0,1,COLFAX AVENUE WEST & PERRY STREET NORTH,1,3,0,0,1,4,0,0,,0,1,0,0,1,2,1,13
,2020-10795,39.7075,-104.98045,9/28/2020 16:27,16:27:00,3,0,0,SOUTH PEARL STREET & EAST VIRGINIA AVENUE,1,1,0,0,1,1,0,0,25,0,0,0,0,0,4,2,13
,2020-10797,39.64237455,-105.0387289,9/28/2020 10:54,10:54:00,5,0,0,4000 WEST OXFORD AVENUE & SOUTH OSCEOLA STREET,1,1,0,0,3,4,0,0,25,0,0,0,0,0,4,1,5
,2020-10800,39.75848,-105.02523,9/28/2020 14:02,14:02:00,12,0,0,FEDERAL BOULEVARD NORTH & 29TH AVENUE WEST,1,1,0,0,1,1,0,0,35,0,0,0,0,0,2,2,13
,2020-10802,39.72548053,-105.0130699,9/28/2020 16:02,16:02:00,12,0,1,I25 NORTHBOUND & SIXTH AVENUE WEST,1,1,0,0,1,4,0,0,65,0,0,0,0,1,1,2,3
,2020-10803,39.77421,-104.84704,9/28/2020 10:50,10:50:00,12,0,1,I70 WB & PEORIA STREET NORTH,1,1,0,0,1,4,0,0,55,0,0,0,0,1,1,2,7
,2020-10804,39.72548053,-105.0130699,9/28/2020 13:12,13:12:00,12,0,0,I25 NORTHBOUND & SIXTH AVENUE WEST,1,1,0,0,1,8,0,0,65,0,0,0,0,0,1,3,7
,2020-10805,39.73686,-104.97472,9/28/2020 10:15,10:15:00,15,0,0,13TH AVENUE & NORTH OGDEN STREET,1,1,0,0,1,4,0,0,30,0,0,0,0,0,4,2,13
,2020-10806,39.74916,-105.00082,8/2/2020 21:04,21:04:00,6,0,0,BLAKE STREET & 14TH STREET,1,3,0,0,1,4,0,0,30,0,0,0,0,0,4,2,14
,2020-10807,39.72564,-104.98744,9/28/2020 12:26,12:26:00,10,0,0,SIXTH AVENUE EAST & BROADWAY STREET NORTH,1,1,0,0,1,1,0,0,35,0,0,0,0,0,4,2,8
,2020-10808,39.74011,-105.00007,7/27/2020 22:28,22:28:00,1,0,1,COLFAX AVENUE WEST AVENUE & KALAMATH STREET NORTH,1,3,0,0,1,1,0,0,45,0,0,0,0,2,2,2,16
,2020-10809,39.74000353,-104.9920099,8/2/2020 0:10,0:10:00,5,0,0,SIXTH AVENUE EASTBOUND EXIT RAMP TO & I25 NORTHBOUND / SOUTHBOUND SPLIT,1,3,1,0,2,8,0,0,45,0,0,0,0,0,1,1,16
,2020-10810,39.74034,-105.03932,9/28/2020 19:37,19:37:00,11,0,1,COLFAX AVENUE WEST AVENUE & PERRY STREET NORTH,1,3,1,0,1,1,0,0,0,0,1,0,0,1,4,1,16
,2020-10811,39.69854,-104.90354,9/16/2020 18:30,18:30:00,15,0,0,LEETSDALE DRIVE & QUEBEC STREET SOUTH,1,1,0,0,1,1,0,1,35,0,0,0,0,0,2,3,13