id,drcog_id,latitude,longitude,crashtime,time,crashtype,numbkilled,numbinjurd,drcoglocat,rdconditin,lightngcon,roadcntgrd,weatherco,location,roaddescrp,schoolzone,constrzone,splimit,bikeinv,pedinv,sctrinv,motoinv,svrty,rdsystem,ttlvehcls,hcf
,2020-10812,39.76478,-105.03463,9/10/2020 14:15,14:15:00,6,0,0,NORTH LOWELL BOULEVARD & WEST 34TH AVENUE,1,1,0,0,1,3,0,0,25,0,0,0,0,0,4,2,16
,2020-10813,39.78654,-105.02521,8/26/2020 11:18,11:18:00,12,0,1,FEDERAL BOULEVARD NORTH  & 50TH AVENUE WEST,1,1,1,0,1,4,0,0,35,0,0,0,0,1,2,2,16
,2020-10814,39.71384,-104.98146,8/27/2020 18:14,18:14:00,6,0,0,PENNSYLVANIA STREET & EAST BAYAUD AVENUE,1,3,0,0,1,4,0,0,25,0,0,0,0,0,4,2,1
,2020-10815,39.7225,-104.88595,8/25/2020 14:01,14:01:00,12,0,0,EAST LOWRY BOULEVARD & NORTH WILLOW STREET,1,1,0,0,1,1,0,0,35,0,0,0,0,0,4,2,13
,2020-10816,39.66778,-105.05326,9/16/2020 17:11,17:11:00,12,0,0,SHERIDAN SOUTH BOULEVARD & YALE AVENUE WEST,1,1,1,0,1,3,0,0,35,0,0,0,0,0,2,2,3
,2020-10817,39.72907,-104.9836,9/16/2020 23:14,23:14:00,15,0,0,EAST EIGHTH AVENUE & NORTH GRANT STREET,1,3,1,0,1,1,0,0,30,0,0,0,0,0,4,2,13
,2020-10818,39.74008753,-104.9127919,9/28/2020 14:11,14:11:00,3,0,0,COLFAX AVENUE EAST AVENUE & MONACO PARKWAY NORTH,1,1,0,0,1,1,0,0,35,0,0,0,0,0,2,2,13
,2020-10819,39.74012,-104.9588,9/16/2020 21:14,21:14:00,3,0,2,COLFAX AVENUE EAST AVENUE & JOSEPHINE STREET NORTH,1,3,1,0,1,1,0,0,30,0,0,0,0,1,2,2,13
,2020-10820,39.76449553,-104.9683714,9/7/2020 20:14,20:14:00,6,0,0,EAST BRUCE RANDOLPH AVENUE & NORTH FRANKLIN AVENUE,1,3,0,0,1,4,0,0,30,0,0,0,0,0,4,3,5
,2020-10822,39.74014,-104.90346,9/6/2020 17:29,17:29:00,12,0,0,EAST COLFAX AVENUE & NORTH QUEBEC STREET,1,1,1,0,1,1,0,0,30,0,0,0,0,0,4,2,16
,2020-10823,39.69853,-104.90355,9/2/2020 18:50,18:50:00,12,0,0,SOUTH QUEBEC STREET & LEETSDALE DRIVE,1,3,0,0,1,3,0,0,30,0,0,0,0,0,4,2,5
,2020-10824,39.77414,-104.76049,8/25/2020 15:27,15:27:00,6,0,0,41ST PLACE EAST  & ENSENADA STREET NORTH,1,1,0,0,3,4,0,0,25,0,0,0,0,0,4,2,13
,2020-10826,39.71127216,-104.9990768,9/16/2020 20:34,20:34:00,5,0,0,I25 SOUTHBOUND & ALAMEDA AVENUE WEST,1,3,0,0,2,4,0,0,65,0,0,0,0,0,1,3,1
,2020-10827,39.75484,-105.02522,9/16/2020 19:30,19:30:00,3,0,1,WEST 26TH AVENUE & NORTH FEDERAL BOULEVARD,1,1,0,0,1,1,0,0,35,0,0,0,0,2,4,2,3
,2020-10828,39.71247,-104.8928,9/10/2020 7:58,7:58:00,5,0,0,EAST FAIRMOUNT DRIVE & EAST ALAMEDA AVENUE,1,1,0,0,2,3,0,0,30,0,0,0,0,0,4,1,16
,2020-10829,39.73362553,-104.9941114,9/15/2020 0:05,0:05:00,3,0,0,SPEER BOULEVARD & NORTH 11TH AVENUE,1,3,0,0,1,1,0,0,35,0,0,0,0,0,4,2,14
,2020-10830,39.70666,-105.02515,9/14/2020 15:22,15:22:00,6,0,0,CUSTER PLACE & SOUTH FEDERAL BOULEVARD,1,1,0,0,1,4,0,0,25,0,0,0,0,0,4,2,16
,2020-10831,39.74081,-104.90572,9/3/2020 22:25,22:25:00,6,0,0,NORTH PONTIAC STREET & EAST COLFAX AVENUE,1,3,0,0,1,4,0,0,25,0,0,0,0,0,4,2,16
,2020-10832,39.73314,-105.03246,8/22/2020 18:20,18:20:00,16,0,0,3455 WEST 10TH AVENUE & 3455 WEST,1,1,0,0,5,7,0,0,,0,0,0,0,0,3,2,5
,2020-10833,39.76095,-105.00433,9/15/2020 16:10,16:10:00,15,0,0,I25 NORTHBOUND & 20TH STREET,1,1,0,0,1,4,0,0,55,0,0,0,0,0,1,2,1
,2020-10834,39.71815454,-105.0251884,7/19/2020 9:19,9:19:00,12,0,0,FEDERAL BOULEVARD NORTH  & FIRST AVENUE WEST,1,1,0,0,1,4,0,0,35,0,0,0,0,0,2,4,16
,2020-10835,39.76095,-105.00433,9/16/2020 17:00,17:00:00,9,0,1,I25 SOUTHBOUND & 20TH STREET,1,1,0,0,1,4,0,0,55,0,0,0,1,3,1,2,13
,2020-10836,39.65488,-104.9317,9/16/2020 4:10,4:10:00,6,0,0,DAHLIA STREET SOUTH & GIRARD AVENUE EAST,1,3,1,0,3,4,0,0,30,0,0,0,0,0,4,2,1
,2020-10837,39.74002,-104.98233,9/12/2020 21:48,21:48:00,1,0,1,LOGAN STREET NORTH & COLFAX AVENUE EAST AVENUE EAST AVENUE EAST AVENUE,1,3,0,0,1,1,0,0,30,0,0,0,1,3,2,2,4
,2020-10838,39.70772,-104.92525,9/1/2020 19:30,19:30:00,12,0,2,LEETSDALE DRIVE & 5200,1,2,0,0,1,4,0,0,35,0,0,0,0,2,4,3,3
,2020-10839,39.77172,-105.04286,9/15/2020 18:18,18:18:00,6,0,0,3900 NORTH STUART STREET & WEST 39TH AVENUE,1,1,0,0,1,4,0,0,25,0,0,0,0,0,4,2,1
,2020-10840,39.69022,-104.94064,9/6/2020 13:15,13:15:00,12,0,0,COLORADO BOULEVARD SOUTH  & FLORIDA AVENUE EAST,1,1,0,0,1,4,0,0,35,0,0,0,0,0,2,2,16
,2020-10841,39.67085,-104.86605,8/19/2020 22:35,22:35:00,1,0,1,PARKER ROAD SOUTH & HAVANA STREET SOUTH,1,4,0,0,1,1,0,0,45,0,0,0,1,1,2,3,14
,2020-10842,39.74044,-105.01416,9/16/2020 18:45,18:45:00,15,0,0,I25 SOUTHBOUND & COLFAX AVENUE WEST AVENUE,1,1,0,0,1,4,0,0,60,0,0,0,0,0,1,2,13
,2020-10843,39.72552,-105.01336,9/16/2020 16:56,16:56:00,12,0,2,I25 SOUTHBOUND ENTRANCE RAMP  TO & SIXTH AVENUE EASTBOUND,1,1,1,0,1,8,0,0,65,0,0,0,1,3,1,2,14
,2020-10852,39.77893,-104.95824,8/13/2020 9:06,9:06:00,10,0,0,NORTH JOSEPHINE STREET & EAST 45TH AVENUE,1,1,0,0,1,1,0,0,30,0,0,0,0,0,4,2,13
,2020-10854,39.78347653,-105.0345979,8/13/2020 0:45,0:45:00,5,0,0,I70 WB EXIT RAMP TO & LOWELL BVLD NORTH,1,3,0,0,3,8,0,0,40,0,0,0,0,0,1,1,5
,2020-10856,39.7291,-104.94184,8/25/2020 12:00,12:00:00,15,0,0,EAST EIGHTH AVENUE & NORTH HARRISON STREET,1,1,0,0,1,4,0,0,30,0,0,0,0,0,4,2,13
,2020-10858,39.73686553,-104.9964694,8/14/2020 22:40,22:40:00,6,0,0,WEST 13TH AVENUE & SPEER BOULEVARD,1,3,0,0,1,4,0,0,35,0,0,0,0,0,4,2,1
,2020-10859,39.77287451,-104.795999,8/21/2020 18:11,18:11:00,15,0,0,40TH AVENUE EAST & AIRPORT ROAD NORTH,1,1,0,0,1,1,0,0,40,0,0,0,0,0,4,2,13
,2020-10864,39.73885,-104.89086,8/12/2020 13:46,13:46:00,5,0,0,VERBENA STREET NORTH & 1400,1,1,0,0,3,5,0,0,,0,0,0,0,0,4,1,14
,2020-10872,39.63362,-105.03475,8/15/2020 13:15,13:15:00,12,0,0,LOWELL BOULEVARD & 4600 SOUTH,1,1,0,0,1,3,0,0,30,0,0,0,0,0,4,2,1
,2020-10886,39.79838,-104.88439,3/16/2020 19:56,19:56:00,1,2,4,56TH AVENUE EAST & CENTRAL PARK BOULEVARD NORTH,1,3,0,0,1,1,0,0,40,0,0,0,0,4,4,2,1
,2020-10993,39.66748,-104.92567,8/20/2020 7:30,7:30:00,12,0,0,I25 SOUTHBOUND ENTRANCE RAMP  FROM & YALE AVENUE EAST,1,1,0,0,1,4,0,0,65,0,0,0,0,0,1,2,13
,2020-10996,39.67755,-104.92089,8/11/2020 20:28,20:28:00,6,0,0,IVANHOE STREET & EAST EVANS AVENUE,1,1,0,0,1,2,0,0,25,0,0,0,0,0,4,2,5
,2020-10997,39.7837,-104.77212,8/11/2020 17:31,17:31:00,12,0,0,NORTH TOWER ROAD & EAST GREEN VALLEY RANCH BOULEVARD,1,1,0,0,1,4,0,0,25,0,0,0,0,0,4,2,13
,2020-10998,39.74032153,-105.0139519,8/17/2020 0:48,0:48:00,15,0,0,I25 & COLFAX AVENUE WEST AVENUE,1,3,0,0,1,4,0,0,55,0,0,0,0,0,1,2,14
,2020-10999,39.77421,-104.84704,8/16/2020 14:58,14:58:00,12,0,0,I70 WB OFF RAMP & PEORIA STREET NORTH,1,1,0,0,1,3,0,0,45,0,0,0,0,0,1,2,13
,2020-11002,39.67128,-104.98881,9/16/2020 14:00,14:00:00,11,0,1,HARVARD AVENUE WEST & ACOMA STREET SOUTH,1,1,0,0,1,5,0,0,0,0,1,0,0,1,4,1,16
,2020-11009,39.71121,-104.99913,9/16/2020 10:50,10:50:00,15,0,0,I25 SOUTHBOUND & ALAMEDA AVENUE WEST,1,1,0,0,1,4,0,0,65,0,0,0,0,0,1,2,13
,2020-11013,39.71297,-104.95924,9/16/2020 15:25,15:25:00,12,0,0,SOUTH UNIVERSITY BOULEVARD & EAST CEDAR AVENUE,1,1,0,0,1,3,0,0,35,0,0,0,0,0,4,2,3
,2020-11053,39.74031254,-105.0531919,10/15/2020 21:22,21:22:00,3,0,0,COLFAX AVENUE WEST AVENUE & SHERIDAN BOULEVARD,1,3,0,0,1,1,0,0,35,0,0,0,0,0,2,2,13
,2020-11067,39.72732,-104.95555,9/16/2020 9:58,9:58:00,6,0,0,NORTH CLAYTON STREET & EAST SEVENTH AVENUE,1,1,0,0,1,4,0,0,25,0,0,0,0,0,4,2,3
,2020-11070,39.67841,-104.94075,9/17/2020 7:26,7:26:00,15,0,0,EAST EVANS AVENUE & SOUTH COLORADO BOULEVARD,1,1,0,0,1,4,0,0,35,0,0,0,0,0,4,2,13
,2020-11072,39.77287451,-104.795999,9/17/2020 12:05,12:05:00,12,0,0,3900 AIRPORT BOULEVARD & EAST 40TH AVENUE,1,1,0,0,1,4,0,0,35,0,0,0,0,0,4,2,13
,2020-11074,39.76928,-105.01587,9/17/2020 11:50,11:50:00,12,0,0,NORTH ZUNI STREET & WEST 38TH AVENUE,1,1,0,0,1,3,0,0,30,0,0,0,0,0,4,2,13
,2020-11075,39.7438,-104.89874,9/25/2020 11:35,11:35:00,3,0,0,NORTH SYRACUSE STREET & EAST 17TH AVENUE,1,1,0,0,1,1,0,0,30,0,0,0,0,1,4,2,13
,2020-11082,39.70811,-104.87901,9/17/2020 11:46,11:46:00,3,0,0,ALAMEDA AVENUE EAST & CLINTON STREET SOUTH,1,1,0,0,1,1,0,0,25,0,0,0,0,0,4,2,13
,2020-11100,39.76198,-104.90344,9/17/2020 11:05,11:05:00,12,0,0,NORTH QUEBEC STREET & EAST MLK BOULEVARD,1,1,0,0,1,1,0,0,35,0,0,0,0,0,4,3,13
,2020-11105,39.76198,-104.90344,9/17/2020 11:17,11:17:00,3,0,0,NORTH QUEBEC STREET & EAST MLK BOULEVARD,1,1,0,0,1,1,0,0,35,0,0,0,0,0,4,2,8
,2020-11112,39.71161,-104.94135,9/17/2020 11:58,11:58:00,3,0,0,SOUTH HARRISON STREET & EAST ALAMEDA AVENUE,1,1,0,0,1,1,0,0,35,0,0,0,0,0,4,2,13
,2020-11113,39.7043,-105.04462,9/17/2020 10:24,10:24:00,5,0,0,4400 WEST EXPOSITION AVENUE & SOUTH STUART STREET,1,1,0,0,2,4,0,0,25,0,0,0,0,0,4,1,4
,2020-11116,39.75838,-104.92346,9/7/2020 3:23,3:23:00,6,0,0,NORTH HUDSON STREET & EAST 29TH AVENUE,1,3,0,0,1,4,0,0,25,0,0,0,0,0,4,2,16
,2020-11118,39.72832,-104.93831,9/17/2020 12:35,12:35:00,15,0,0,NORTH ASH STREET & EAST EIGHTH AVENUE,1,1,0,0,1,5,0,0,25,0,0,0,0,0,4,2,16
,2020-11119,39.77292,-104.86581,9/17/2020 12:00,12:00:00,15,0,0,40TH AVENUE EAST & HAVANA STREET NORTH,1,1,0,0,1,1,0,0,35,0,0,0,0,0,4,2,13
,2020-11122,39.76802,-104.99497,9/6/2020 18:07,18:07:00,12,0,0,I25 NORTHBOUND EXIT RAMP  TO & PARK AVENUE WEST,1,1,0,0,1,4,0,0,55,0,0,0,0,0,1,2,5
,2020-11123,39.73049,-104.96017,9/8/2020 20:26,20:26:00,5,0,0,NINTH AVENUE EAST & YORK STREET NORTH,11,3,1,2,3,1,0,0,35,0,0,0,0,0,4,1,5
,2020-11124,39.73837753,-104.9659819,9/8/2020 12:20,12:20:00,12,0,0,14TH AVENUE & NORTH WILLIAMS STREET,11,1,0,2,1,4,0,0,30,0,0,0,0,1,4,2,13
,2020-11125,39.67845,-104.93669,9/8/2020 10:33,10:33:00,3,0,2,EVANS AVENUE EAST & BIRCH STREET SOUTH,11,1,0,1,1,1,0,0,35,0,0,0,0,1,4,2,3
,2020-11127,39.72098,-104.95825,9/14/2020 9:24,9:24:00,5,0,0,NORTH JOSEPHINE STREET & EAST THIRD AVENUE,1,1,0,0,2,1,0,0,30,0,0,0,0,1,4,1,16
,2020-11128,39.72932,-105.02866,9/14/2020 2:30,2:30:00,6,0,0,EIGHTH AVENUE WEST & HOOKER STREET NORTH,1,4,0,0,2,4,0,0,25,0,0,0,0,0,4,2,13
,2020-11129,39.77728,-104.88278,9/17/2020 5:37,5:37:00,12,0,1,I70 WB & CENTRAL PARK BOULEVARD NORTH,1,2,0,0,1,4,0,0,55,0,0,0,0,1,1,2,13
,2020-11130,39.75493,-104.99046,9/11/2020 12:57,12:57:00,12,0,0,22ND STREET & LARIMER STREET,1,1,0,0,1,4,0,0,30,0,0,0,0,0,4,2,13
,2020-11131,39.75434,-104.99427,9/11/2020 22:00,22:00:00,3,0,1,BLAKE STREET & 20TH STREET,1,3,0,0,1,1,0,0,30,0,0,0,1,1,4,2,14
,2020-11132,39.6306603,-104.9113658,9/14/2020 8:00,8:00:00,1,0,0,MONACO STREET & EAST UNION AVENUE,1,1,1,0,1,2,0,0,30,0,0,0,0,0,4,2,13
,2020-11133,39.7827,-104.95814,9/8/2020 6:00,6:00:00,6,0,0,JOSEPHINE STREET NORTH  & 47TH AVENUE EAST,11,2,0,1,1,4,0,0,25,0,0,0,0,0,4,4,16
,2020-11134,39.77997,-104.94981,9/12/2020 22:00,22:00:00,15,0,0,I70 EASTBOUND RAMPS TO / FROM & STEELE STREET NORTH,1,3,0,0,1,1,0,0,30,0,0,0,0,0,2,2,1
,2020-11135,39.78923653,-105.0345709,9/12/2020 20:35,20:35:00,15,0,1,NORTH LOWELL BOULEVARD & WEST 51ST AVENUE,1,3,0,0,1,1,0,0,30,0,0,0,1,2,4,2,5
,2020-11136,39.72438,-105.01751,9/8/2020 9:45,9:45:00,6,0,0,500 NORTH ALCOTT STREET & WEST FIFTH AVENUE,11,1,0,1,1,4,0,0,25,0,0,0,0,0,4,4,13
,2020-11137,39.65715,-104.88398,9/13/2020 19:54,19:54:00,6,0,0,EASTMAN PLACE EAST & AKRON STREET SOUTH,1,3,0,0,1,3,0,0,25,0,0,0,0,0,4,3,13
,2020-11138,39.77421,-104.84704,9/14/2020 8:12,8:12:00,12,0,0,I70 WB & PEORIA STREET NORTH,1,1,0,0,1,4,0,0,55,0,0,0,0,0,1,2,3
,2020-11139,39.70941,-105.02509,9/13/2020 22:06,22:06:00,15,0,0,FEDERAL BOULEVARD SOUTH & DAKOTA AVENUE WEST,1,3,1,0,1,1,0,0,35,0,0,0,0,0,2,2,3
,2020-11142,39.68227,-105.02504,9/8/2020 9:00,9:00:00,3,0,0,FEDERAL BOULEVARD SOUTH & JEWELL AVENUE WEST,11,1,0,1,1,1,0,0,35,0,0,0,0,0,2,2,13
,2020-11143,39.72728,-104.98361,9/13/2020 21:43,21:43:00,10,0,0,NORTH GRANT STREET & EAST SEVENTH AVENUE,1,3,0,0,1,1,0,0,35,0,0,0,0,0,4,2,8
,2020-11144,39.78213,-105.02524,9/14/2020 7:32,7:32:00,12,0,1,FEDERAL BOULEVARD NORTH  & 4600,1,1,0,0,1,3,0,0,35,0,0,0,0,1,2,3,3
,2020-11145,39.71121,-104.99913,9/17/2020 8:02,8:02:00,15,0,0,I25 SOUTHBOUND & ALAMEDA AVENUE WEST,1,1,0,0,1,4,0,0,60,0,0,0,0,0,1,2,13
,2020-11146,39.73405,-104.88607,9/17/2020 2:12,2:12:00,6,0,1,XENIA STREET NORTH  & 1129,1,3,0,0,1,4,0,0,25,0,0,0,0,1,4,2,5
,2020-11147,39.78569,-104.8177,9/13/2020 8:41,8:41:00,5,0,0,EAST GATEWAY AVENUE & NORTH EAGLE STREET,1,1,0,0,3,3,0,0,35,0,0,0,0,0,4,1,13
,2020-11148,39.76188,-104.94058,9/8/2020 15:41,15:41:00,12,0,0,NORTH COLORADO BOULEVARD & EAST MLK BOULEVARD,11,1,0,2,1,1,0,0,40,0,0,0,0,0,4,2,13
,2020-11149,39.7584,-104.90816,9/14/2020 9:20,9:20:00,6,0,0,ONEIDA STREET NORTH & 29TH AVENUE EAST,1,1,0,0,1,4,0,0,25,0,0,0,0,0,4,2,4
,2020-11150,39.73842253,-104.9811019,9/8/2020 14:35,14:35:00,15,0,0,400 EAST 14TH AVENUE & NORTH PENNSYLVANIA STREET,11,1,0,2,1,4,0,0,30,0,0,0,0,0,4,2,13
,2020-11152,39.78260803,-104.9985394,9/14/2020 7:31,7:31:00,12,0,0,I70 WB & MM 279.0,1,1,0,0,1,4,0,0,65,0,0,0,0,0,1,2,13
,2020-11153,39.73562,-104.88585,9/14/2020 7:30,7:30:00,5,0,0,12TH AVENUE EAST  & YOSEMITE STREET NORTH,1,1,1,0,2,4,0,0,,0,0,0,0,0,4,1,16
,2020-11154,39.77579,-104.9223,9/8/2020 12:19,12:19:00,12,0,0,4200 NORTH HOLLY STREET & EAST 42ND AVENUE,11,1,0,2,1,4,0,0,35,0,0,0,0,0,4,2,13
,2020-11155,39.72548053,-105.0130699,9/13/2020 8:09,8:09:00,5,0,0,I25 SOUTHBOUND EXIT RAMP  TO & SIXTH AVENUE WEST,1,1,1,0,3,8,0,0,25,0,0,0,0,0,1,1,8
,2020-11156,39.65310254,-104.8936315,9/13/2020 22:30,22:30:00,5,0,0,HAMDEN AVENUE EAST & 5200,1,4,0,0,3,4,0,0,35,0,0,0,0,0,2,1,5
,2020-11157,39.77319,-104.80988,9/8/2020 13:00,13:00:00,12,0,0,EAST 40TH AVENUE & NORTH CHAMBERS ROAD,11,1,0,1,1,3,0,0,35,0,0,0,0,1,4,2,3
,2020-11158,39.63349,-105.10791,9/7/2020 16:19,16:19:00,5,0,2,STANFORD AVENUE WEST  & 9900,1,1,1,0,3,3,0,0,45,0,0,0,0,1,4,2,5
,2020-11159,39.69718,-105.03553,9/13/2020 6:15,6:15:00,5,0,0,MEADE STREET SOUTH & MISSISSIPPI AVENUE WEST,1,1,0,0,3,4,0,0,25,0,0,0,0,0,4,2,16
,2020-11160,39.70386,-104.96171,9/14/2020 9:15,9:15:00,3,0,0,EAST EXPOSITION AVENUE & SOUTH GAYLORD STREET,1,1,0,0,1,1,0,0,25,0,0,0,0,0,4,2,13
,2020-11161,39.78014,-104.96709,9/13/2020 22:02,22:02:00,5,0,0,I70 WB & BRIGHTON BOULEVARD NORTH,1,3,0,0,2,4,0,0,65,0,0,0,0,0,1,2,14
,2020-11162,39.79036,-104.80975,9/13/2020 20:03,20:03:00,12,0,0,NORTH CHAMBERS ROAD & EAST 53RD AVENUE,1,3,0,0,1,1,0,0,40,0,0,0,0,1,4,2,3
,2020-11163,39.73105,-104.93457,9/14/2020 8:24,8:24:00,6,0,0,NINTH AVENUE & 4500 EAST,1,1,0,0,1,4,0,0,25,0,0,0,0,0,4,2,6
,2020-11164,39.74552,-104.98359,9/8/2020 12:45,12:45:00,10,0,1,GRANT STREET NORTH  & 18TH AVENUE EAST,11,1,0,2,1,3,0,0,25,0,0,0,0,1,4,2,3
,2020-11165,39.71261,-104.94982,9/8/2020 8:27,8:27:00,6,0,0,CHERRY CREEK DRIVE EAST & STEELE STREET SOUTH,11,1,0,1,1,4,0,0,35,0,0,0,0,0,4,2,10
,2020-11166,39.63869,-105.08563,9/14/2020 7:00,7:00:00,12,0,0,WEST QUINCY AVENUE & SOUTH WADSWORTH BOULEVARD,1,1,0,0,1,3,0,0,35,0,0,0,0,0,4,2,3
,2020-11168,39.77704,-104.88004,9/9/2020 7:36,7:36:00,15,0,0,I70 WB & I270 WB,11,3,0,2,1,4,0,0,55,0,0,0,0,0,1,2,1
,2020-11169,39.78117,-104.97883,9/8/2020 15:00,15:00:00,15,0,0,WASHINGTON STREET & EAST 47TH AVENUE,11,1,0,1,1,4,0,0,30,0,0,0,0,0,4,2,13
,2020-11170,39.78062352,-104.9497999,9/17/2020 8:40,8:40:00,12,0,0,I70 WB & VASQUEZ BOULEVARD NORTH,1,1,0,0,1,4,0,0,55,0,0,0,0,0,1,2,7
,2020-11171,39.74016,-104.91252,9/8/2020 14:50,14:50:00,3,0,0,MONACO STREET NORTH & COLFAX AVENUE EAST,11,1,0,2,1,1,0,0,35,0,0,0,0,0,2,2,3
,2020-11172,39.65311154,-104.9071309,9/19/2020 20:50,20:50:00,5,0,0,HAMPDEN AVENUE EAST  & OLEANDER COURT SOUTH,1,3,0,0,2,4,0,0,35,0,0,0,0,0,2,1,7
,2020-11173,39.72566,-105.05326,9/12/2020 16:22,16:22:00,1,0,0,SIXTH AVENUE ENTRANCE RAMP & SHERIDAN BOULEVARD,1,1,0,0,1,1,0,0,40,0,0,0,0,0,2,2,13
,2020-11174,39.76421,-104.97334,8/4/2020 8:48,8:48:00,12,0,0,NORTH DOWNING STREET & 34TH STREET,1,1,0,0,1,1,0,0,30,0,0,0,0,0,4,2,13
,2020-11175,39.76762,-104.97536,9/19/2020 23:48,23:48:00,3,0,0,35TH STREET & WALNUT STREET,1,3,0,0,1,1,0,0,25,0,0,0,0,0,4,2,13
,2020-11176,39.74919553,-104.9973919,9/9/2020 15:20,15:20:00,15,0,0,LARIMER STREET & 16TH STREET,1,1,0,0,1,4,0,0,25,0,0,0,0,0,4,2,13
,2020-11177,39.63282,-104.90641,9/29/2020 6:24,6:24:00,12,0,0,I225 SOUTHBOUND EXIT RAMP SPLIT TO & I25 NORTHBOUND / SOUTHBOUND RAMPS,1,2,0,0,1,4,0,0,55,0,0,0,0,0,1,5,13
,2020-11178,39.75501,-104.94061,9/9/2020 14:55,14:55:00,12,0,1,COLORADO BOULEVARD NORTH & HADDON ROAD NORTH,1,1,0,0,1,3,0,0,35,0,0,0,0,1,2,2,13
,2020-11179,39.77995,-104.94051,9/12/2020 21:50,21:50:00,15,0,0,I70 EASTBOUND & MM 276,1,3,0,0,1,4,0,1,65,0,0,0,0,0,1,2,1
,2020-11180,39.79831,-104.8096,9/25/2020 17:45,17:45:00,12,0,1,EAST 56TH AVENUE & NORTH CHAMBERS ROAD,1,1,0,0,1,4,0,0,,0,0,0,1,2,4,2,16
,2020-11181,39.78364,-104.79048,9/18/2020 7:15,7:15:00,12,0,0,4700 PENA BOULEVARD & GREEN VALLEY RANCH BOULEVARD,1,1,0,0,1,4,0,0,40,0,0,0,0,1,4,2,13
,2020-11182,39.77287,-104.83383,9/29/2020 3:59,3:59:00,5,0,1,I70 EASTBOUND & I225 SOUTHBOUND,1,3,0,0,2,4,0,0,55,0,0,0,0,1,1,1,7
,2020-11183,39.73925975,-105.0212884,9/20/2020 19:04,19:04:00,15,0,0,MORRISON ROAD & 300,1,3,0,0,1,4,0,0,35,0,0,0,0,0,4,2,13
,2020-11184,39.72906253,-104.9740999,9/12/2020 19:57,19:57:00,2,0,1,CORONA STREET NORTH & EIGHTH AVENUE EAST,1,3,0,0,1,1,0,0,0,1,0,0,0,1,4,2,16
,2020-11185,39.71118,-105.02509,9/13/2020 2:39,2:39:00,3,0,2,FEDERAL BOULEVARD SOUTH & ALAMEDA AVENUE WEST,1,3,0,0,1,1,0,0,35,0,0,0,0,2,2,3,7
,2020-11186,39.75967,-105.00178,9/29/2020 6:35,6:35:00,12,0,0,LITTLE RAVEN STREET & 20TH STREET,1,1,1,0,1,1,0,0,35,0,0,0,0,0,4,2,13
,2020-11187,39.69112754,-104.9593219,9/19/2020 16:44,16:44:00,12,0,0,UNIVERSITY BOULEVARD & EAST ARKANSAS AVENUE,1,1,0,0,1,1,0,0,30,0,0,0,0,0,4,2,3
,2020-11188,39.7783,-104.90343,9/12/2020 23:13,23:13:00,1,0,0,NORTHFIEL QUEBEC STREET NORTH & I70 EASTBOUND EXIT RAMP,1,4,0,0,1,1,0,0,45,0,0,0,0,0,2,2,13
,2020-11189,39.70766,-105.02754,9/9/2020 12:05,12:05:00,3,0,0,WEST VIRGINIA AVENUE & SOUTH HAZEL COURT,1,1,0,0,1,1,0,0,25,0,0,0,0,0,4,3,1
,2020-11190,39.74612,-104.99097,7/25/2020 23:00,23:00:00,3,0,0,17TH STREET & CALIFORNIA STREET,1,3,0,0,1,1,0,0,30,0,0,0,0,0,4,2,13
,2020-11191,39.65321954,-104.9183404,9/20/2020 10:12,10:12:00,5,0,5,I25 SOUTHBOUND OFF RAMP SPLIT & HAMPDEN AVENUE EAST,1,1,0,0,3,8,0,0,45,0,0,0,0,1,1,3,1
,2020-11192,39.73046,-104.96947,9/28/2020 16:15,16:15:00,6,0,0,HUMBOLDT STREET NORTH & NINTH AVENUE EAST,1,1,0,0,1,3,0,0,25,0,0,0,0,0,4,2,14
,2020-11193,39.77856252,-104.9034184,9/20/2020 10:52,10:52:00,15,0,0,I70 WB & QUEBEC STREET NORTH,1,1,0,0,1,4,0,0,65,0,0,0,0,0,1,2,1
,2020-11194,39.67957,-105.02504,9/28/2020 18:17,18:17:00,12,0,0,FEDERAL BOULEVARD NORTH  & EVANS AVENUE WEST,1,1,0,0,1,4,0,0,35,0,0,0,0,0,2,2,1
,2020-11195,39.71659,-105.00018,9/9/2020 11:18,11:18:00,12,0,0,WEST ELLSWORTH AVENUE & NORTH KALAMATH STREET,1,1,0,0,1,3,0,0,25,0,0,0,0,0,4,3,3
,2020-11196,39.65297655,-104.9184421,9/19/2020 21:51,21:51:00,12,0,3,I25 SOUTHBOUND & HAMPDEN AVENUE EAST,1,3,0,0,1,4,0,0,65,0,0,0,1,3,1,2,16
,2020-11197,39.7725,-105.04401,9/29/2020 7:00,7:00:00,6,0,0,WEST 41ST AVENUE & NORTH TENNYSON STREET,1,1,0,0,1,4,0,0,25,0,0,0,0,0,4,2,16
,2020-11198,39.78464,-104.81341,9/19/2020 18:46,18:46:00,2,0,1,GATEWAY AVENUE EAST & FONTANA COURT NORTH,1,1,0,0,1,1,0,0,0,1,0,0,0,1,4,2,16
,2020-11199,39.71121,-104.99913,9/28/2020 21:40,21:40:00,12,0,0,I25 SOUTHBOUND & ALAMEDA AVENUE WEST,1,3,0,0,1,4,0,0,65,0,0,0,0,0,1,2,13
,2020-11200,39.72571,-105.00015,9/28/2020 17:10,17:10:00,10,0,0,WEST SIXTH AVENUE & NORTH KALAMATH STREET,1,1,0,0,1,1,0,0,35,0,0,0,0,0,4,2,3