id,drcog_id,latitude,longitude,crashtime,time,crashtype,numbkilled,numbinjurd,drcoglocat,rdconditin,lightngcon,roadcntgrd,weatherco,location,roaddescrp,schoolzone,constrzone,splimit,bikeinv,pedinv,sctrinv,motoinv,svrty,rdsystem,ttlvehcls,hcf
,2020-11201,39.78346313,-105.0112169,9/12/2020 21:44,21:44:00,5,0,0,I70 EASTBOUND EXIT RAMP  TO & MM 282,1,3,0,0,3,4,0,0,65,0,0,0,0,0,1,1,1
,2020-11202,39.72548053,-105.0130699,9/12/2020 23:04,23:04:00,15,0,0,I25 NORTHBOUND OFF RAMP  TO & SIXTH AVENUE,1,1,0,0,1,8,0,0,60,0,0,0,0,0,1,2,16
,2020-11203,39.72559,-105.02514,9/9/2020 14:04,14:04:00,12,0,0,SIXTH AVENUE WB COLLECTOR FROM I25 & FEDERAL BOULEVARD NORTH,1,1,0,0,1,8,0,0,25,0,0,0,0,0,2,2,7
,2020-11204,39.76006161,-104.8905322,9/28/2020 14:50,14:50:00,12,0,0,EAST MLK BOULEVARD & NORTH CENTRAL PARK BOULEVARD,1,1,0,0,1,1,0,0,35,0,0,0,0,0,4,2,14
,2020-11205,39.78914,-104.81959,9/4/2020 14:49,14:49:00,14,0,0,52ND AVENUE EAST  & DEARBORN STREET NORTH,1,1,0,0,1,4,0,0,25,0,0,0,0,0,4,3,13
,2020-11206,39.78381,-104.94792,6/16/2020 20:39,20:39:00,12,0,0,EAST 48TH AVENUE & NORTH VASQUEZ BOULEVARD,1,2,0,0,1,1,0,0,45,0,0,0,0,0,4,2,5
,2020-11207,39.72710953,-104.9532109,9/26/2020 11:40,11:40:00,5,0,0,SEVENTH AVENUE EAST & FILLMORE STREET NORTH,1,1,0,0,2,1,0,0,35,0,0,0,0,0,4,1,16
,2020-11208,39.78384453,-104.8999958,9/12/2020 18:01,18:01:00,12,0,1,,14,5,3,7,6,14,0,0,0,0,0,0,0,,4,,16
,2020-11208,39.78384453,-104.8999958,9/12/2020 18:01,18:01:00,12,0,1,�� & NORTHFIELD QUEBEC STREET NORTH,1,1,0,0,1,4,0,0,40,0,0,0,0,1,1,2,8
,2020-11209,39.75442,-104.98738,9/9/2020 11:13,11:13:00,12,0,0,ARAPAHOE STREET & PARK AVENUE,1,1,0,0,1,1,0,0,30,0,0,0,0,0,4,2,14
,2020-11210,39.84929,-104.67381,9/19/2020 17:00,17:00:00,5,0,0,PENA BOULEVARD  & 8400,1,1,0,0,2,2,0,0,15,0,0,0,0,0,4,1,14
,2020-11211,39.73682,-104.95744,9/20/2020 10:25,10:25:00,3,0,0,13TH AVENUE EAST & COLUMBINE STREET NORTH,1,1,0,0,1,1,0,0,35,0,0,0,0,0,4,2,16
,2020-11212,39.78423,-105.02519,9/13/2020 9:52,9:52:00,1,0,0,FEDERAL BOULEVARD NORTH & I70 EASTBOUND,1,1,1,0,1,3,0,0,35,0,0,0,0,0,2,2,14
,2020-11213,39.63282,-104.90641,9/29/2020 6:24,6:24:00,12,0,0,I225 SOUTHBOUND & I25 NORTHBOUND / SOUTHBOUND RAMP SPLIT,1,2,0,0,1,4,0,0,65,0,0,0,0,0,1,2,13
,2020-11214,39.7837,-104.77212,9/29/2020 3:45,3:45:00,3,0,0,TOWER ROAD NORTH & GREEN VALLEY RANCH BOULEVARD EAST,1,3,0,0,1,1,0,0,40,0,0,0,0,0,4,2,7
,2020-11215,39.73672,-105.05095,9/12/2020 22:16,22:16:00,6,0,0,NORTH YATES STREET & WEST 13TH AVENUE,1,4,0,0,1,4,0,0,25,0,0,0,0,0,4,2,3
,2020-11216,39.61636,-105.09105,8/17/2020 17:22,17:22:00,15,0,0,WADSWORTH BOULEVARD SOUTH  & CRESTLINE AVENUE WEST,1,1,0,0,1,4,0,0,40,0,0,0,0,0,2,2,7
,2020-11217,39.77638851,-104.8476494,9/22/2020 16:11,16:11:00,5,0,0,4411 NORTH PEORIA STREET & 4411 NORTH,1,1,0,0,3,1,0,0,35,0,0,0,0,0,4,1,16
,2020-11218,39.73601,-104.97988,9/22/2020 7:14,7:14:00,6,0,0,PEARL STREET NORTH  & 13TH AVENUE EAST,1,1,0,0,1,4,0,0,25,0,0,0,0,0,4,2,16
,2020-11219,39.77505,-104.8099,9/19/2020 17:30,17:30:00,12,0,0,NORTH CHAMBERS ROAD & EAST ANDREWS DRIVE,1,1,0,0,1,3,0,0,40,0,0,0,0,0,4,2,4
,2020-11220,39.74375,-104.94065,9/28/2020 19:17,19:17:00,1,0,0,COLORADO BOULEVARD NORTH & 17TH AVENUE EAST,1,3,0,0,1,1,0,0,30,0,0,0,0,0,2,2,13
,2020-11221,39.72667,-104.98743,9/23/2020 7:59,7:59:00,3,0,0,NORTH BROADWAY STREET & EAST SPEER BOULEVARD,1,1,0,0,1,1,0,0,35,0,0,0,0,0,4,2,13
,2020-11222,39.71301,-105.02034,9/23/2020 12:39,12:39:00,3,0,0,WEST CEDAR AVENUE & SOUTH CLAY STREET,1,1,1,0,1,1,0,0,25,0,0,0,0,0,4,2,1
,2020-11223,39.68025,-104.95793,8/25/2020 14:20,14:20:00,12,0,0,ASBURY AVENUE EAST & JOSEPHINE STREET SOUTH,1,1,0,0,1,1,0,0,,0,0,0,0,0,4,2,16
,2020-11224,39.69478,-104.98277,9/20/2020 10:50,10:50:00,3,0,0,SOUTH LOGAN STREET & EAST ARIZONA AVENUE,1,1,0,0,1,1,0,0,25,0,0,0,0,0,4,2,13
,2020-11225,39.7044,-105.04319,8/28/2020 6:55,6:55:00,6,0,0,STUART STREET SOUTH  & MORRISON ROAD,1,1,0,0,1,4,0,0,25,0,0,0,0,0,4,2,16
,2020-11226,39.65306,-104.92615,9/23/2020 6:05,6:05:00,3,0,0,HAMPDEN AVENUE EAST & GLENCOE STREET SOUTH,1,4,1,0,1,1,0,0,35,0,0,0,0,0,2,2,13
,2020-11227,39.67849,-104.99351,9/22/2020 6:30,6:30:00,12,0,0,SANTA FE DRIVE NORTH & EVANS AVENUE WEST,1,1,0,0,1,4,0,0,55,0,0,0,0,0,2,2,1
,2020-11228,39.73842253,-104.9873794,9/20/2020 18:58,18:58:00,10,0,0,NORTH BROADWAY STREET & 14TH AVENUE,1,3,0,0,1,1,0,0,25,0,0,0,0,0,4,2,13
,2020-11229,39.77562,-104.86574,8/31/2020 6:24,6:24:00,12,0,0,I70 EASTBOUND & HAVANA STREET NORTH,1,2,0,0,1,4,0,0,65,0,0,0,0,0,1,2,1
,2020-11230,39.79664,-104.83013,9/19/2020 22:22,22:22:00,6,0,0,XANADU STREET & 5557 NORTH,1,3,0,0,1,4,0,0,15,0,0,0,0,0,4,3,5
,2020-11232,39.71105,-104.86597,9/22/2020 8:35,8:35:00,15,0,0,HAVANA STREET SOUTH & ALAMEDA AVENUE EAST [SLIP],1,1,0,0,1,1,0,0,35,0,0,0,0,0,2,2,13
,2020-11233,39.66763754,-104.9127919,9/22/2020 16:38,16:38:00,3,0,0,EAST YALE AVENUE & SOUTH MONACO PARKWAY,1,1,0,0,1,1,0,0,35,0,0,0,0,0,4,3,7
,2020-11234,39.72560912,-104.9601678,8/30/2020 13:45,13:45:00,12,0,1,SIXTH AVENUE EAST & YORK STREET NORTH,1,1,0,0,1,4,0,0,,0,0,0,0,1,4,2,16
,2020-11235,39.73309,-105.05103,9/20/2020 18:23,18:23:00,1,0,0,WEST 10TH AVENUE & NORTH YATES STREET,1,1,0,0,1,4,0,0,25,0,0,0,0,0,4,2,1
,2020-11236,39.79553,-104.79626,9/20/2020 18:53,18:53:00,6,0,1,MAXWELL PLACE EAST & MEMPHIS STREET NORTH,1,2,0,0,1,3,0,0,25,0,0,0,0,2,4,2,7
,2020-11237,39.76200253,-104.9659414,9/23/2020 13:55,13:55:00,3,0,0,EAST MLK BOULEVARD & NORTH WILLIAMS STREET,1,1,0,0,1,1,0,0,30,0,0,0,0,1,4,2,5
,2020-11238,39.71121,-104.9989,9/23/2020 14:02,14:02:00,12,0,2,I25 NORTHBOUND & ALAMEDA AVENUE WEST,1,1,0,0,1,4,0,0,55,0,0,0,0,1,1,3,1
,2020-11239,39.70218,-105.03912,8/15/2020 4:38,4:38:00,6,0,0,OHIO AVENUE WEST & PATTON COURT SOUTH,1,3,0,0,1,4,0,0,,0,0,0,0,0,4,2,1
,2020-11240,39.74852,-105.01897,9/23/2020 8:48,8:48:00,8,0,0,BRYANT STREET & WEST 20TH AVENUE,1,1,1,0,1,4,0,0,25,0,0,0,0,0,4,2,13
,2020-11241,39.74121,-104.99873,9/22/2020 11:15,11:15:00,12,0,0,SPEER BOULEVARD & AURARIA PARKWAY,1,1,0,0,1,3,0,0,35,0,0,0,0,1,4,2,13
,2020-11243,39.7743,-104.81296,9/23/2020 13:24,13:24:00,6,0,1,EAST ANDREWS DRIVE & EAST KELLY PLACE,1,1,0,0,1,1,0,0,25,0,0,0,0,2,4,2,14
,2020-11244,39.77177,-104.90349,9/23/2020 11:14,11:14:00,15,0,0,QUEBEC STREET NORTH & SMITH ROAD EAST,1,1,0,0,1,1,0,0,30,0,0,0,0,0,2,2,8
,2020-11245,39.77552,-104.77198,9/3/2020 22:40,22:40:00,6,0,0,4300 NORTH TOWER ROAD & WEST 43RD AVENUE,1,4,0,0,1,4,0,0,40,0,0,0,0,0,4,2,1
,2020-11246,39.73801,-105.02515,9/23/2020 8:00,8:00:00,3,0,1,FEDERAL BOULEVARD NORTH & 14TH AVENUE WEST,1,1,1,0,1,1,0,0,35,0,0,0,0,3,2,2,13
,2020-11247,39.67311,-104.97345,9/23/2020 12:00,12:00:00,15,0,0,DOWNING STREET SOUTH & WESLEY AVENUE EAST,1,1,0,0,1,4,0,0,30,0,0,0,0,0,4,2,13
,2020-11248,39.7387,-104.89289,9/22/2020 10:39,10:39:00,15,0,0,EAST 14TH AVENUE & NORTH UNITA STREET,1,1,0,0,1,4,0,0,30,0,0,0,0,0,4,2,14
,2020-11249,39.68234,-105.01569,9/23/2020 8:50,8:50:00,10,0,0,WEST JEWELL AVENUE & SOUTH ZUNI STREET,1,1,0,0,1,1,0,0,30,0,0,0,0,0,4,2,7
,2020-11250,39.72053,-105.04202,9/5/2020 20:21,20:21:00,6,0,0,RALEIGH STREET SOUTH  & THIRD AVENUE WEST,1,3,1,0,1,4,0,0,25,0,0,0,0,0,4,3,5
,2020-11251,39.73104,-104.93517,9/22/2020 6:40,6:40:00,11,0,1,CLERMONT STREET NORTH & NINTH AVENUE EAST,1,2,0,0,1,3,0,0,20,0,1,0,0,2,4,1,14
,2020-11252,39.76447,-104.93561,9/22/2020 14:41,14:41:00,1,0,0,EAST BRUCE RANDOLPH AVENUE & NORTH BIRCH STREET,1,1,0,0,1,4,0,0,30,0,0,0,0,1,4,2,16
,2020-11253,39.72548053,-105.0130699,9/3/2020 11:51,11:51:00,12,0,0,I25 NORTHBOUND & SIXTH AVENUE WEST,1,1,0,0,1,4,0,0,55,0,0,0,0,0,1,3,13
,2020-11255,39.74324,-104.96845,9/22/2020 17:50,17:50:00,3,0,0,EAST 17TH AVENUE & NORTH FRANKLIN STREET,1,1,0,0,1,1,0,0,25,0,0,0,0,0,4,2,3
,2020-11256,39.72243,-104.98124,9/22/2020 19:32,19:32:00,3,0,0,SPEER BOULEVARD EAST & PENNSYLVANIA STREET NORTH,1,3,0,0,1,1,0,0,35,0,0,0,0,0,4,2,1
,2020-11258,39.67676,-105.05827,9/22/2020 17:00,17:00:00,6,0,0,EATON STREET SOUTH  & WARREN AVENUE WEST,1,4,0,0,1,4,0,0,25,0,0,0,0,0,4,2,1
,2020-11259,39.7486,-104.99301,9/22/2020 5:55,5:55:00,12,0,0,CURTIS STREET & 17TH STREET,1,4,0,0,1,4,0,0,30,0,0,0,0,0,4,3,13
,2020-11260,39.75242,-105.02997,9/22/2020 14:49,14:49:00,3,0,0,WEST 24TH AVENUE & NORTH IRVING STREET,1,1,0,0,1,1,0,0,25,0,0,0,0,0,4,2,13
,2020-11261,39.74312,-104.99312,9/22/2020 14:40,14:40:00,12,0,0,WELTON STREET & 15TH STREET,1,1,0,0,1,4,0,0,25,0,0,0,0,1,4,2,3
,2020-11262,39.69664,-104.91759,9/22/2020 17:04,17:04:00,6,0,0,SOUTH KEARNEY STREET & EAST MISSISSIPPI AVENUE,1,1,0,0,1,2,0,0,30,0,0,0,0,0,4,2,7
,2020-11263,39.77695,-104.77079,9/23/2020 13:06,13:06:00,3,0,0,ANDES WAY NORTH & ANDES COURT NORTH,1,1,0,0,1,1,0,1,25,0,0,0,0,0,4,2,7
,2020-11264,39.74013,-104.94066,9/23/2020 11:05,11:05:00,12,0,0,COLFAX AVENUE EAST AVENUE & COLORADO BOULEVARD NORTH,1,1,0,0,1,1,0,0,35,0,0,0,0,0,2,2,16
,2020-11265,39.68489489,-104.9510043,8/29/2020 21:15,21:15:00,15,0,0,I25 SOUTHBOUND & MM 203,1,3,0,0,1,4,0,0,55,0,0,0,0,0,1,2,13
,2020-11266,39.66746,-105.07463,8/26/2020 20:08,20:08:00,14,0,0,WEST YALE AVENUE & SOUTH WEBSTER STREET,1,3,0,0,1,4,0,0,35,0,0,0,0,0,4,2,13
,2020-11267,39.72554,-105.01313,9/23/2020 8:00,8:00:00,12,0,0,I25 NORTHBOUND & SIXTH AVENUE WEST,1,1,0,0,1,4,0,0,65,0,0,0,0,0,1,2,13
,2020-11268,39.69674354,-105.0250804,9/22/2020 22:30,22:30:00,12,0,2,FEDERAL BOULEVARD SOUTH & MISSISSIPPI AVENUE WEST,1,3,0,0,1,1,0,0,35,0,0,0,0,1,4,2,13
,2020-11269,39.73842,-104.97761,9/22/2020 13:35,13:35:00,3,0,0,EAST 14TH AVENUE & NORTH CLARKSON STREET,1,1,0,0,1,1,0,0,30,0,0,0,0,1,4,2,13
,2020-11270,39.73042153,-104.9811514,9/19/2020 21:09,21:09:00,6,0,0,PENNSYLVANIA STREET & NINTH AVENUE,1,3,0,0,1,4,0,0,30,0,0,0,0,0,4,2,13
,2020-11271,39.7574,-104.9406,9/20/2020 13:11,13:11:00,12,0,0,COLORADO BOULEVARD NORTH  & 29TH AVENUE EAST,1,1,0,0,1,4,0,0,35,0,0,0,0,0,2,3,16
,2020-11272,39.79824,-104.84718,9/22/2020 10:10,10:10:00,15,0,0,EAST 56TH AVENUE & NORTH PEORIA STREET,1,1,0,0,1,4,0,0,40,0,0,0,0,0,4,2,8
,2020-11273,39.75386,-104.97926,8/26/2020 9:30,9:30:00,6,0,0,26TH STREET & WELTON STREET,1,1,0,0,1,3,0,0,35,0,0,0,0,0,4,2,7
,2020-11274,39.71031,-105.02981,9/23/2020 6:12,6:12:00,2,0,0,NEVADA PLACE WEST & IRVING STREET SOUTH,1,3,0,0,1,1,0,0,25,1,0,0,0,0,4,2,13
,2020-11275,39.70811,-104.87901,9/23/2020 13:30,13:30:00,12,0,0,EAST ALAMEDA AVENUE & SOUTH CLINTON STREET,1,1,0,0,1,4,0,0,40,0,0,0,0,0,4,2,13
,2020-11276,39.73386,-104.98742,9/23/2020 6:31,6:31:00,15,0,0,NORTH BROADWAY STREET & EAST 11TH AVENUE,1,2,0,1,1,1,0,0,35,0,0,0,0,0,4,3,13
,2020-11277,39.69142,-104.95934,9/23/2020 11:47,11:47:00,1,0,0,UNIVERSITY BOULEVARD SOUTH & ARKANSAS AVENUE EAST,1,1,0,0,1,1,0,0,30,0,0,0,0,0,4,2,13
,2020-11278,39.68294,-104.94055,9/22/2020 17:03,17:03:00,12,0,1,I25 SOUTHBOUND & COLORADO BOULEVARD SOUTH,1,1,0,0,1,4,0,0,60,0,0,0,0,1,1,3,1
,2020-11279,39.69037,-104.97578,9/22/2020 7:24,7:24:00,5,0,0,EAST BUCHTEL BOULEVARD & SOUTH OGDEN STREET,1,1,0,0,2,14,0,0,35,0,0,0,0,1,4,1,10
,2020-11285,39.72548053,-105.0130699,9/23/2020 12:30,12:30:00,12,0,0,I25 NORTHBOUND & SIXTH AVENUE WEST,1,1,1,0,1,4,0,0,55,0,0,0,0,0,1,3,13
,2020-11340,39.66021253,-104.866352,9/17/2020 22:04,22:04:00,14,0,0,SOUTH HAVANA STREET & EAST DARTMOUTH AVENUE,1,3,0,0,1,2,0,0,45,0,0,0,0,0,2,2,9
,2020-11355,39.7725,-104.82961,7/22/2020 23:25,23:25:00,9,1,0,I70 & MM 282,1,3,0,0,1,4,0,1,65,0,0,0,1,4,1,2,1
,2020-11418,39.7783,-104.90357,8/6/2020 23:18,23:18:00,12,0,3,I70 EASTBOUND EXIT  TO & NORTHFIELD QUEBEC STREET NORTH SOUTHBOUND,1,3,0,0,1,4,0,1,55,0,0,0,0,3,1,3,5
,2020-11421,39.71828,-104.95922,8/17/2020 22:50,22:50:00,5,0,0,FIRST AVENUE EAST & UNIVERSITY BOULEVARD NORTH,1,3,0,0,2,4,0,0,35,0,0,0,0,0,4,2,1
,2020-11426,39.71189,-105.02509,8/24/2020 9:18,9:18:00,12,0,0,FEDERAL BOULEVARD  & ALAMEDA AVENUE WEST,1,1,0,0,1,4,0,0,35,0,0,0,0,0,2,2,16
,2020-11428,39.71299754,-105.0226594,8/13/2020 19:35,19:35:00,6,0,0,DECATUR STREET & WEST CEDAR AVENUE,1,2,0,0,1,4,0,0,25,0,0,0,0,0,4,2,14
,2020-11429,39.71112,-104.96986,8/24/2020 11:10,11:10:00,12,0,0,EAST ALAMEDA AVENUE & SOUTH HUMBOLDT STREET,1,1,0,0,1,4,0,0,35,0,0,0,0,0,4,2,13
,2020-11431,39.66764,-104.90665,8/23/2020 13:44,13:44:00,12,0,0,YALE AVENUE EAST & SOUTH QUEBEC STREET,1,1,1,0,1,4,0,0,30,0,0,0,0,0,4,2,3
,2020-11432,39.74001,-104.94602,6/4/2020 10:30,10:30:00,6,0,0,COLFAX AVENUE EAST  & MADISON STREET NORTH,1,1,0,0,1,4,0,0,30,0,0,0,0,0,2,2,16
,2020-11433,39.69401,-105.02507,8/2/2020 2:48,2:48:00,10,0,0,FEDERAL BOULEVARD SOUTH  & LOUISIANA AVENUE WEST,1,3,0,0,1,1,0,0,40,0,0,0,0,0,2,2,1
,2020-11434,39.73839,-104.95978,8/13/2020 15:30,15:30:00,15,0,0,14TH AVENUE & GAYLORD STREET,1,1,0,0,1,4,0,0,35,0,0,0,0,0,4,2,16
,2020-11435,39.70666,-104.9966,8/7/2020 2:00,2:00:00,5,0,0,I25 NORTHBOUND EIXT RAMP  TO & SANTA FE DRIVE SOUTH,1,3,0,0,2,4,0,0,65,0,0,0,0,0,2,1,13
,2020-11439,39.72932,-105.01399,8/15/2020 12:10,12:10:00,3,0,1,EIGHTH AVENUE WEST & WYANDOT STREET NORTH,1,1,0,0,1,1,0,0,30,0,0,0,0,1,4,2,1
,2020-11440,39.66751,-104.86611,7/5/2020 7:02,7:02:00,5,0,0,HAVANA STREET SOUTH & YALE AVENUE EAST,1,1,1,0,3,1,0,0,45,0,0,0,0,0,2,1,14
,2020-11441,39.74746,-104.89285,8/24/2020 9:09,9:09:00,3,0,0,EAST MONTVIEW BOULEVARD & NORTH UNITA STREET,1,1,0,0,1,1,0,0,25,0,0,0,0,1,4,2,1
,2020-11443,39.8333815,-104.771969,8/23/2020 5:45,5:45:00,8,0,0,PENA BOULEVARD & TOWER ROAD NORTH,1,1,1,0,1,4,0,0,65,0,0,0,0,0,4,2,10
,2020-11444,39.74034,-105.03246,8/24/2020 10:53,10:53:00,12,0,0,COLFAX AVENUE WEST  & KNOX COURT NORTH,1,1,0,0,1,4,0,0,30,0,0,0,0,0,2,2,16
,2020-11448,39.69002954,-104.9734204,8/14/2020 13:14,13:14:00,12,0,1,I25 NORTHBOUND EXIT RAMP  TO & DOWNING STREET,1,1,1,0,1,4,0,0,65,0,0,0,0,1,1,3,1
,2020-11450,39.76219,-104.94967,8/21/2020 8:00,8:00:00,6,0,0,STEELE STREET & 3200 NORTH,1,1,0,0,1,2,0,0,35,0,0,0,0,0,4,2,13
,2020-11453,39.77562,-104.86574,8/6/2020 9:30,9:30:00,12,0,0,I70 EASTBOUND & HAVANA STREET NORTH,1,1,0,0,1,4,0,0,35,0,0,0,0,0,1,2,13
,2020-11454,39.65308,-104.91845,8/22/2020 19:20,19:20:00,5,0,0,I25 SOUTHBOUND & HAMPDEN AVENUE EAST,1,2,0,0,1,4,0,0,55,0,0,0,0,0,1,2,14
,2020-11456,39.72559,-105.02514,8/15/2020 1:08,1:08:00,15,0,3,SIXTH AVENUE WB EXT RAMP & FEDERAL BOULEVARD NORTH,1,3,0,0,1,1,0,0,35,0,0,0,0,2,2,3,5
,2020-11459,39.74032,-105.01395,8/2/2020 23:41,23:41:00,15,0,0,I25 NORTHBOUND & COLFAX AVENUE WEST AVENUE,1,3,0,0,1,4,0,0,55,0,0,0,0,0,1,2,16
,2020-11460,39.77856252,-104.9034184,8/22/2020 20:45,20:45:00,5,0,0,I70 WB & QUEBEC STREET NORTH,1,3,0,0,3,4,0,0,65,0,0,0,0,0,1,1,1
,2020-11461,39.7577,-105.05324,8/7/2020 17:07,17:07:00,14,0,0,SHERIDAN BOULEVARD NORTH [APPROX] & 2800,1,1,0,0,1,4,0,0,35,0,0,0,0,0,2,2,1
,2020-11463,39.76388,-104.97544,8/8/2020 20:45,20:45:00,6,0,0,33RD STREET & 1100,1,2,0,0,1,4,0,0,25,0,0,0,0,0,4,2,3
,2020-11466,39.75292,-104.98045,8/8/2020 11:00,11:00:00,6,0,0,500 25TH STREET & WELTON STREET,1,1,0,0,1,4,0,0,25,0,0,0,0,0,4,2,14
,2020-11471,39.70468,-105.03384,8/2/2020 23:27,23:27:00,6,0,0,GILL PLACE WEST  & LOWELL BOULEVARD SOUTH,1,3,0,0,1,3,0,0,20,0,0,0,0,0,4,3,5
,2020-11473,39.78364,-104.79048,8/15/2020 20:19,20:19:00,15,0,0,GREEN VALLEY RANCH BOULEVARD EAST & PENA BOULEVARD INBOUND,1,3,0,0,1,1,0,0,,0,0,0,0,0,4,2,16
,2020-11474,39.72413,-104.95946,6/30/2020 20:00,20:00:00,10,0,0,NORTH UNIVERSITY BOULEVARD & EAST FIFTH AVENUE,1,2,0,0,1,1,0,0,30,0,0,0,0,0,4,2,1
,2020-11475,39.71082,-105.03328,8/16/2020 11:10,11:10:00,15,0,1,MORRISON ROAD NORTH  & ALAMEDA AVENUE WEST,1,1,0,0,1,4,0,0,35,0,0,0,0,2,2,2,5
,2020-11476,39.69499,-105.05322,8/14/2020 23:59,23:59:00,3,0,1,SHERIDAN SOUTH BOULEVARD & ARIZONZA AVENUE WEST,1,3,0,0,1,3,0,0,35,0,0,0,1,3,2,2,16
,2020-11477,39.72548053,-105.0130699,8/20/2020 11:51,11:51:00,12,0,1,I25 NORTHBOUND & SIXTH AVENUE WEST,1,1,0,0,1,4,0,0,65,0,0,0,0,1,1,2,3
,2020-11479,39.74033,-105.02986,2/1/2020 0:00,,15,0,0,WEST COLFAX AVENUE & NORTH IRVING STREET,1,3,0,0,1,1,0,0,30,0,0,0,0,0,4,2,16
,2020-11483,39.74395,-105.02367,7/30/2020 16:14,16:14:00,3,0,0,DICK CONNOR AVENUE WEST & MILE HIGH STADIUM WEST CIRCLE,1,1,0,0,1,1,0,0,30,0,0,0,0,0,4,2,13
,2020-11488,39.7983,-104.77212,3/1/2020 17:56,17:56:00,5,0,0,56TH AVENUE EAST & TOWER ROAD NORTH,9,3,0,2,1,4,0,0,40,0,0,0,0,0,4,2,14
,2020-11491,39.68388,-104.94653,8/13/2020 23:20,23:20:00,6,0,0,SOUTH MADISON STREET & EAST COLORADO AVENUE,1,4,0,0,1,4,0,0,15,0,0,0,0,0,4,5,5
,2020-11493,39.75988,-104.8908,3/19/2020 18:33,18:33:00,3,0,1,EAST MLK BOULEVARD & NORTH CENTRAL PARK BOULEVARD,9,1,0,2,1,1,0,0,30,0,0,0,0,2,4,2,14
,2020-11494,39.69299054,-104.9787709,9/25/2020 9:30,9:30:00,15,0,0,SOUTH BUCHTEL BOULEVARD & EAST LOUISIANA AVENUE,1,1,1,0,1,1,0,0,30,0,0,0,0,0,4,2,8
,2020-11511,39.76927,-105.01975,9/25/2020 12:50,12:50:00,12,0,0,2600 WEST 38TH AVENUE & NORTH BRYANT STREET,1,1,1,0,1,4,0,0,35,0,0,0,0,0,4,2,13
,2020-11518,39.77920151,-104.769899,8/1/2020 18:39,18:39:00,6,0,0,18600 EAST 45TH PLACE & NORTH ANDES WAY,1,1,0,0,1,4,0,0,25,0,0,0,0,0,4,2,5
,2020-11520,39.76322,-104.94994,9/25/2020 10:45,10:45:00,6,0,0,33RD AVENUE EAST  & STEELE STREET NORTH,1,1,0,0,1,4,0,0,25,0,0,0,0,0,4,2,16
,2020-11521,39.78004,-104.94981,9/17/2020 13:03,13:03:00,1,0,0,NORTH STEELE STREET & EAST 46TH AVENUE,1,1,0,0,1,1,0,0,30,0,0,0,0,0,4,2,1
,2020-11522,39.77425152,-104.8471099,9/25/2020 10:20,10:20:00,15,0,0,I70 WB & PEORIA STREET NORTH,1,1,0,0,1,4,0,1,65,0,0,0,0,0,1,2,8
,2020-11524,39.76867,-105.00059,9/25/2020 11:05,11:05:00,6,0,0,3700 NORTH KALAMATH STREET & WEST 36TH AVENUE,1,1,0,0,1,4,0,0,25,0,0,0,0,0,4,2,13
,2020-11529,39.74036,-105.04924,9/25/2020 17:04,17:04:00,5,0,1,COLFAX AVENUE WEST  & WOLFF STREET NORTH,1,1,3,0,3,4,0,0,35,0,0,0,0,1,2,1,3
,2020-11531,39.78507,-105.02519,9/25/2020 13:19,13:19:00,12,0,0,FEDERAL BOULEVARD NORTH  & 49TH AVENUE WEST,1,1,0,0,1,4,0,0,35,0,0,0,0,0,2,2,1
,2020-11532,39.68644,-105.03809,9/25/2020 10:56,10:56:00,6,0,0,NEWTON STREET SOUTH  & IOWA AVENUE WEST,1,1,0,0,1,4,0,0,25,0,0,0,0,0,4,2,16
,2020-11534,39.77712,-104.88279,6/28/2020 11:16,11:16:00,3,0,0,CENTRAL PARK BOULEVARD NORTH & I70 EASTBOUND EXIT RAMP,1,1,0,0,1,1,0,0,35,0,0,0,0,0,4,2,7
,2020-11535,39.7085,-105.02509,9/25/2020 11:16,11:16:00,12,0,0,FEDERAL BOULEVARD SOUTH  & DAKOTA AVENUE WEST,1,1,0,0,1,4,0,0,30,0,0,0,0,0,2,2,3
,2020-11536,39.78009,-104.94051,9/25/2020 9:14,9:14:00,12,0,0,I70 WB & COLORADO BOULEVARD NORTH,1,1,0,0,1,4,0,0,65,0,0,0,0,0,1,2,3
,2020-11539,39.70146,-104.98753,9/25/2020 17:18,17:18:00,1,0,1,I25 SOUTHBOUND ENTRANCE RAMP FROM & BROADWAY STREET SOUTH,1,1,0,0,1,1,0,0,35,0,0,0,0,1,4,2,13
,2020-11541,39.76116,-105.00476,8/28/2020 19:38,19:38:00,12,0,0,I25 SOUTHBOUND & 20TH STREET OFF RAMP,11,3,1,0,1,8,0,0,30,0,0,0,0,0,1,2,16
,2020-11542,39.75649,-104.93501,9/12/2020 21:30,21:30:00,6,0,0,28TH AVENUE EAST & CLERMONT STREET NORTH,1,3,0,0,1,4,0,0,25,0,0,0,0,0,4,2,16
,2020-11543,39.78009,-104.94051,9/25/2020 9:10,9:10:00,12,0,0,I70 WB & COLORADO BOULEVARD NORTH,1,1,0,0,1,4,0,0,55,0,0,0,0,0,1,4,13
,2020-11546,39.74516,-105.02839,9/3/2020 23:00,23:00:00,6,0,0,18TH AVENUE WEST & HOOKER STREET NORTH,1,3,0,0,1,5,0,0,,0,0,0,0,0,4,2,16