id,drcog_id,latitude,longitude,crashtime,time,crashtype,numbkilled,numbinjurd,drcoglocat,rdconditin,lightngcon,roadcntgrd,weatherco,location,roaddescrp,schoolzone,constrzone,splimit,bikeinv,pedinv,sctrinv,motoinv,svrty,rdsystem,ttlvehcls,hcf
,2020-11547,39.71754,-105.02511,9/13/2020 17:00,17:00:00,3,0,0,FEDERAL BOULEVARD NORTH & IRVINGTON PLACE WEST,1,1,0,0,1,1,0,0,35,0,0,0,0,0,2,2,8
,2020-11548,39.72815,-105.04852,9/13/2020 15:20,15:20:00,6,0,0,WOLFF STREET & 600 NORTH,1,1,0,0,1,4,0,0,25,0,0,0,0,0,4,2,1
,2020-11549,39.78009,-104.94067,8/28/2020 16:35,16:35:00,15,0,0,I70 WB & COLORADO BOULEVARD NORTH,11,1,0,0,1,4,0,0,65,0,0,0,0,0,1,2,15
,2020-11552,39.79342,-104.88182,9/13/2020 17:45,17:45:00,14,0,0,52ND AVENUE EAST & BEELER STREET NORTH,1,1,0,0,1,4,0,0,25,0,0,0,0,0,4,2,5
,2020-11554,39.72923,-104.94069,9/25/2020 16:18,16:18:00,12,0,0,EAST EIGHTH AVENUE & NORTH COLORADO BOULEVARD,1,1,0,0,1,1,0,0,35,0,0,0,0,0,4,2,4
,2020-11555,39.72254,-104.98918,7/12/2020 9:40,9:40:00,3,0,0,NORTH ACOMA STREET & WEST FOURTH AVENUE,1,1,0,0,1,1,0,0,25,0,0,0,0,0,4,2,13
,2020-11556,39.63721,-105.08738,9/13/2020 12:47,12:47:00,12,0,0,4300 SOUTH AMMONS STREET & WEST QUINCY AVENUE,1,1,0,0,1,4,0,0,30,0,0,0,0,0,4,2,13
,2020-11558,39.71783,-104.95342,8/28/2020 11:45,11:45:00,12,0,0,2900 EAST FIRST AVENUE & NORTH MILWAUKEE STREET,1,1,0,0,1,4,0,0,30,0,0,0,0,0,4,2,1
,2020-11559,39.78648,-104.97829,9/25/2020 8:30,8:30:00,14,0,2,4900 NORTH WASHINGTON STREET & EAST 49TH STREET,1,1,0,0,1,4,0,0,35,0,0,0,0,3,4,2,10
,2020-11560,39.68758,-104.98751,9/25/2020 8:31,8:31:00,10,0,0,EAST IOWA AVENUE & SOUTH BROADWAY STREET,1,1,0,1,1,1,0,0,30,0,0,0,0,1,4,2,13
,2020-11561,39.75127,-104.9904,9/25/2020 8:59,8:59:00,15,0,0,1000 20TH STREET & ARAPAHOE STREET,1,1,0,0,1,4,0,0,25,0,0,0,0,0,4,2,16
,2020-11563,39.69676,-105.01569,9/12/2020 8:32,8:32:00,3,0,0,MISSISSIPPI AVENUE WEST & ZUNI STREET SOUTH,1,1,0,0,1,1,0,0,30,0,0,0,0,0,4,2,13
,2020-11565,39.71134,-105.05325,9/12/2020 8:20,8:20:00,1,0,0,ALAMEDA AVENUE WEST & SHERIDAN STREET SOUTH,1,1,0,0,1,1,0,0,35,0,0,0,0,0,2,2,13
,2020-11566,39.70187,-104.91492,9/12/2020 17:39,17:39:00,6,0,0,LEYDEN STREET SOUTH  & OHIO AVENUE EAST,1,1,0,0,1,4,0,0,25,0,0,0,0,0,4,3,14
,2020-11567,39.77508,-104.90337,9/11/2020 16:26,16:26:00,12,0,0,4100 NORTH QUEBEC STREET & EAST 40TH AVENUE,1,1,1,0,1,4,0,0,35,0,0,0,0,0,4,2,1
,2020-11568,39.71121,-104.99913,9/9/2020 13:00,13:00:00,15,0,0,I25 SOUTHBOUND EXIT  TO & ALAMEDA AVENUE WEST,1,1,0,0,1,4,0,0,65,0,0,0,0,0,1,2,2
,2020-11570,39.72928754,-105.0251884,9/14/2020 16:35,16:35:00,12,0,1,SIXTH AVENUE WEST & FEDERAL BOULEVARD NORTH,1,1,1,0,1,4,0,0,65,0,0,0,0,1,2,2,13
,2020-11572,39.71002,-104.94072,9/25/2020 17:47,17:47:00,12,0,3,COLORADO BOULEVARD SOUTH  & ALAMEDA AVENUE EAST,1,1,0,0,1,4,0,0,35,0,0,0,0,1,2,2,3
,2020-11574,39.66756,-104.94068,9/11/2020 16:00,16:00:00,3,0,0,COLORADO BOULEVARD SOUTH  & YALE AVENUE EAST,1,1,0,0,1,2,0,0,35,0,0,0,0,0,2,2,3
,2020-11576,39.77291,-104.94982,9/1/2020 6:38,6:38:00,10,0,0,NORTH STELLE STREET & EAST 40TH AVENUE,1,1,0,0,1,3,0,0,30,0,0,0,0,0,4,2,1
,2020-11577,39.72162,-105.05327,9/13/2020 12:16,12:16:00,12,0,0,SHERIDAN BOULEVARD NORTH  & FIFTH AVENUE WEST,1,1,0,0,1,4,0,0,35,0,0,0,0,0,2,4,16
,2020-11578,39.63862,-104.90996,9/11/2020 15:00,15:00:00,15,0,0,I25 NORTHBOUND & QUINCY AVENUE EAST,1,1,0,0,1,4,0,0,60,0,0,0,0,0,1,2,3
,2020-11579,39.73752,-105.03225,9/25/2020 9:10,9:10:00,15,0,0,1300 NORTH KNOX COURT & WEST 14TH AVENUE,1,1,1,0,1,4,0,0,35,0,0,0,0,0,4,2,16
,2020-11580,39.70866,-105.05326,9/25/2020 17:08,17:08:00,12,0,0,SHERIDAN BOULEVARD SOUTH  & ALASKA PLACE WEST,1,1,1,0,1,4,0,0,30,0,0,0,0,0,2,2,16
,2020-11582,39.6831,-104.94055,9/13/2020 13:32,13:32:00,10,0,1,COLORADO BOULEVARD SOUTHBOUND EXIT RAMP  SLIP TO & I25 NORTHBOUND,1,1,0,0,1,8,0,0,25,0,0,0,0,1,2,2,3
,2020-11584,39.75025,-105.02515,9/25/2020 16:23,16:23:00,12,0,0,FEDERAL BOULEVARD NORTH & 2200,1,1,0,0,1,4,0,0,35,0,0,0,0,0,2,2,13
,2020-11586,39.67844,-104.93398,9/11/2020 11:42,11:42:00,15,0,0,I25 SOUTHBOUND EXIT RAMP  TO & EVANS AVENUE EAST,1,1,0,0,1,4,0,0,65,0,0,0,0,0,1,2,3
,2020-11587,39.8344075,-104.7154895,9/17/2020 12:15,12:15:00,12,0,1,23300 PENA BOULEVARD INBOUND & GUN CLUB ROAD,1,1,0,0,1,1,0,0,,0,0,0,0,1,4,2,7
,2020-11588,39.74308,-105.04981,9/3/2020 2:00,2:00:00,6,0,0,1600 NORTH XAVIER STREET & WEST 17TH AVENUE,1,3,1,0,1,4,0,0,30,0,0,0,0,0,4,2,16
,2020-11589,39.71156,-104.94071,9/14/2020 20:09,20:09:00,3,0,0,EAST ALAMEDA AVENUE & SOUTH COLORADO BOULEVARD,1,1,0,0,1,1,0,0,35,0,0,0,0,1,4,2,5
,2020-11590,39.68947,-105.03906,9/13/2020 11:14,11:14:00,1,0,0,WEST FLORIDA AVENUE & SOUTH PATTON COURT,1,1,0,0,1,1,0,0,30,0,0,0,0,0,4,2,13
,2020-11591,39.78004,-104.98919,9/14/2020 15:42,15:42:00,12,0,0,I25 NORTHBOUND COLLECTOR RAMP TO & I70 EASTBOUND,1,1,0,0,1,8,0,0,65,0,0,0,0,0,1,3,1
,2020-11592,39.65301254,-104.9397379,9/13/2020 9:33,9:33:00,15,0,0,HAMPDEN AVENUE EAST & ALBION STREET SOUTH,1,1,0,0,1,1,0,1,35,0,0,0,0,0,2,3,1
,2020-11593,39.78314,-105.00642,9/14/2020 18:55,18:55:00,12,0,0,I70 EASTBOUND OFF RAMP TO & PECOS STREET NORTH,1,2,0,0,1,8,0,0,35,0,0,0,0,0,1,2,7
,2020-11595,39.74009,-105.00281,9/14/2020 16:11,16:11:00,12,0,0,COLFAX AVENUE WEST AVENUE & MARIPOSA STREET NORTH,1,1,0,0,1,4,0,0,,0,0,0,0,0,2,2,13
,2020-11596,39.76184,-104.92113,9/24/2020 18:29,18:29:00,15,0,0,MLK BOULEVARD EAST  & HOLLY STREET NORTH,1,1,0,0,1,4,0,0,35,0,0,0,0,0,4,2,13
,2020-11597,39.78004,-104.98919,9/14/2020 16:25,16:25:00,12,0,1,I25 NORTHBOUND COLLECTOR RAMP TO & I70 WB,1,1,0,0,1,8,0,0,55,0,0,0,0,1,1,2,1
,2020-11598,39.72554,-105.01313,9/17/2020 13:20,13:20:00,12,0,1,I25 NORTHBOUND & SIXTH AVENUE WEST,1,1,1,0,1,4,0,0,55,0,0,0,0,1,1,2,3
,2020-11599,39.67513,-105.02507,9/14/2020 15:38,15:38:00,1,0,2,FEDERAL BOULEVARD SOUTH & ILIFF AVENUE WEST,1,1,1,0,1,1,0,0,30,0,0,0,0,1,2,2,13
,2020-11600,39.77319,-104.80988,6/19/2020 14:00,14:00:00,3,0,1,EAST 40TH AVENUE & NORTH CHAMBERS ROAD,1,1,0,0,1,1,0,0,40,0,0,0,0,2,4,3,14
,2020-11601,39.67866,-105.0192,9/17/2020 15:01,15:01:00,12,0,0,2600 WEST EVANS AVENUE & SOUTH CLAY STREET,1,1,0,0,1,4,0,0,30,0,0,0,0,0,4,2,13
,2020-11602,39.78011,-104.94981,9/11/2020 14:18,14:18:00,15,0,0,I70 WB ON RAMP  FROM & STEELE STREET NORTH,1,1,0,6,1,8,0,1,65,0,0,0,0,0,1,2,1
,2020-11603,39.68033,-104.97342,9/12/2020 11:26,11:26:00,2,0,2,DOWNING STREET SOUTH & ASBURY AVENUE EAST,1,1,0,0,1,1,0,0,30,1,0,0,0,2,4,3,3
,2020-11604,39.75537,-105.01269,9/11/2020 7:00,7:00:00,12,0,0,I25 SOUTHBOUND & SPEER BOULEVARD NORTH,1,1,0,0,1,4,0,0,55,0,0,0,0,0,1,2,13
,2020-11605,39.79481,-104.83566,9/14/2020 15:25,15:25:00,6,0,1,NORTH TULSA WAY & NORTH UVALDA STREET,1,1,1,0,1,4,0,0,45,0,0,0,0,2,4,2,5
,2020-11606,39.69958,-104.90641,9/14/2020 9:41,9:41:00,12,0,0,7100 LEETSDALE DRIVE & SOUTH QUEBEC STREET,1,1,0,0,1,4,0,0,35,0,0,0,0,0,4,3,13
,2020-11607,39.76533,-104.95028,9/24/2020 22:00,22:00:00,6,0,0,STEELE STREET NORTH & 3445,1,3,0,0,1,4,0,0,30,0,0,0,0,0,4,2,16
,2020-11608,39.75132,-105.01653,9/12/2020 4:15,4:15:00,5,0,1,I25 NORTHBOUND & 23RD AVENUE WEST,1,3,0,0,3,8,0,0,55,0,0,0,0,2,1,1,16
,2020-11609,39.73505,-104.96226,9/25/2020 14:10,14:10:00,3,0,0,EAST 12TH AVENUE & NORTH VINE STREET,1,1,0,0,1,1,0,0,25,0,0,0,0,0,4,2,14
,2020-11610,39.77704,-104.88003,9/25/2020 0:58,0:58:00,15,0,0,I270 WB DIRECT CONNECT FROM & I70 WB,1,3,0,0,1,4,0,0,65,0,0,0,0,0,1,2,5
,2020-11611,39.77856252,-104.9034184,9/14/2020 10:45,10:45:00,15,0,0,I70 EASTBOUND RAMPS & QUEBEC STREET NORTH,1,1,0,0,1,3,0,0,30,0,0,0,0,0,2,2,8
,2020-11612,39.72548053,-105.0130699,9/11/2020 12:00,12:00:00,12,0,0,I25 NORTHBOUND & SIXTH AVENUE WEST,1,1,0,0,1,4,0,0,55,0,0,0,0,0,1,2,13
,2020-11613,39.83465,-104.76744,9/16/2020 13:55,13:55:00,5,0,1,7800 PENA BOULEVARD OUTBOUND & NORTH JACKSON GAP STREET,1,1,0,0,2,4,0,0,65,0,0,0,0,2,4,1,10
,2020-11614,39.78014,-104.96709,9/14/2020 13:20,13:20:00,12,0,0,I70 WB & BRIGHTON BOULEVARD NORTH,1,1,0,0,1,4,0,0,55,0,0,0,0,0,1,3,13
,2020-11615,39.72096,-104.9407,9/17/2020 19:24,19:24:00,1,0,1,COLORADO BOULEVARD NORTH & THIRD AVENUE EAST,1,3,1,0,1,1,0,0,35,0,0,0,1,3,2,2,8
,2020-11616,39.71886,-104.9875,9/12/2020 11:50,11:50:00,15,0,0,BROADWAY STREET NORTH  & FIRST AVENUE WEST,1,1,0,0,1,3,0,0,30,0,0,0,0,0,4,2,13
,2020-11617,39.73713,-104.91244,9/11/2020 21:55,21:55:00,12,0,0,EAST 13TH AVENUE & NORTH MONACO STREET,1,3,0,0,1,1,0,0,30,0,0,0,0,1,4,2,3
,2020-11618,39.78239,-104.84701,9/25/2020 7:35,7:35:00,1,0,1,PEORIA STREET NORTH & 47TH AVENUE EAST,1,1,0,0,1,1,0,0,0,0,0,0,0,1,4,2,16
,2020-11619,39.63282,-104.90641,9/26/2020 20:27,20:27:00,5,0,0,I225 SOUTHBOUND EXIT RAMP TO & I25 SOUTHBOUND,1,3,0,0,2,8,0,0,65,0,0,0,0,0,1,1,5
,2020-11620,39.66771,-105.02987,9/12/2020 12:53,12:53:00,12,0,0,WEST YALE AVENUE & SOUTH IRVING STREET,1,1,0,0,1,1,0,0,30,0,0,0,0,0,4,2,3
,2020-11621,39.72343,-105.02513,9/14/2020 16:09,16:09:00,3,0,0,FEDERAL BOULEVARD & VIRGINIA AVENUE,1,1,1,0,1,2,0,0,35,0,0,0,0,0,4,2,13
,2020-11622,39.78009,-104.94051,9/17/2020 12:54,12:54:00,12,0,0,I70 WB & COLORADO BOULEVARD NORTH,1,1,0,0,1,4,0,0,55,0,0,0,0,0,1,2,1
,2020-11623,39.63575,-104.89352,9/26/2020 21:45,21:45:00,15,0,0,I225 SOUTHBOUND & TAMARAC DRIVE SOUTH,1,3,0,0,1,4,0,0,65,0,0,0,0,0,1,3,13
,2020-11624,39.65312,-104.90303,9/24/2020 19:26,19:26:00,12,0,0,HAMPDEN AVENUE EAST 7400 BLK) & TAMARAC DRIVE SOUTH,1,3,1,0,1,2,0,0,45,0,0,0,0,0,2,3,4
,2020-11625,39.76928,-104.90349,9/25/2020 13:45,13:45:00,12,0,0,EAST 38TH AVENUE & NORTH QUEBEC STREET,1,1,0,0,1,1,0,0,25,0,0,0,0,0,4,2,16
,2020-11626,39.68139,-105.02495,8/27/2020 17:38,17:38:00,15,0,0,FEDERAL BOULEVARD SOUTH  & JEWELL AVENUE WEST,1,1,0,0,1,4,0,0,40,0,0,0,0,0,2,2,3
,2020-11627,39.70220654,-105.0275194,9/17/2020 14:15,14:15:00,3,0,0,WEST OHIO AVENUE & SOUTH HAZEL COURT,1,1,0,0,1,1,0,0,25,0,0,0,0,0,4,2,3
,2020-11628,39.7822,-104.87626,7/23/2020 16:17,16:17:00,12,0,3,NORTH DALLAS STREET & EAST NORTHFIELD BOULEVARD,1,1,0,0,1,1,0,0,35,0,0,0,0,2,4,2,3
,2020-11629,39.65304,-104.93687,9/12/2020 11:13,11:13:00,12,0,0,HAMDEN AVENUE EAST  & BIRCH STREET SOUTH,1,1,1,0,1,4,0,0,40,0,0,0,0,0,2,2,3
,2020-11630,39.62378,-104.90141,9/11/2020 13:23,13:23:00,12,0,3,I25 NORTHBOUND & BELLEVIEW AVENUE EAST,1,1,0,6,1,4,0,0,55,0,0,0,0,1,1,2,7
,2020-11631,39.78260803,-104.9985394,9/26/2020 18:53,18:53:00,5,0,0,I70 WB & MM 276,1,3,0,0,2,4,0,0,55,0,0,0,0,0,1,1,5
,2020-11632,39.73765,-104.99294,9/17/2020 13:34,13:34:00,6,0,0,DELAWARE STREET NORTH  & 1300,1,1,0,0,1,4,0,0,30,0,0,0,0,0,4,2,16
,2020-11633,39.69911,-105.00546,9/26/2020 23:58,23:58:00,6,0,0,1600 WEST KENTUCKY AVENUE & SOUTH QUIVAS STREET,1,4,0,0,1,4,0,0,25,0,0,0,0,0,4,3,5
,2020-11634,39.72548053,-105.0130699,9/13/2020 15:00,15:00:00,5,0,0,I25 SOUTHBOUND & SIXTH AVENUE WEST,1,1,1,0,3,4,0,0,45,0,0,0,0,0,1,1,13
,2020-11635,39.73648753,-104.9234119,9/14/2020 18:21,18:21:00,10,0,0,EAST 13TH AVENUE & HUDSON STREET,1,2,0,0,1,1,0,0,30,0,0,0,0,0,4,2,13
,2020-11636,39.61441,-105.0913,9/17/2020 15:32,15:32:00,1,0,2,WADSWORTH BOULEVARD SOUTH & CROSS DRIVE WEST,1,1,0,0,1,1,0,0,40,0,0,0,0,2,2,2,14
,2020-11637,39.83412,-104.74683,9/14/2020 16:46,16:46:00,12,0,0,E470 NORTHBOUND & PENA BOULEVARD,1,1,0,0,1,4,0,0,,0,0,0,0,0,2,2,1
,2020-11638,39.71118,-105.02509,9/17/2020 16:45,16:45:00,12,0,1,FEDERAL BOULEVARD SOUTH & ALAMEDA AVENUE WEST,1,1,0,0,1,4,0,0,40,0,0,0,0,1,2,2,3
,2020-11639,39.7784,-104.89689,9/17/2020 13:20,13:20:00,5,0,0,I70 WB & I270 WB,1,1,1,0,2,4,0,0,55,0,0,0,0,0,1,2,3
,2020-11640,39.69046,-104.99282,9/14/2020 10:46,10:46:00,15,0,0,SANTA FE DRIVE SOUTH  & FLORIDA AVENUE WEST,1,1,0,0,1,2,0,0,45,0,0,0,0,0,2,2,8
,2020-11641,39.66854,-105.02276,9/24/2020 18:05,18:05:00,3,0,0,WEST COLLEGE AVENUE & SOUTH DECATUR STREET,1,1,0,0,1,1,0,0,25,0,0,0,0,0,4,2,1
,2020-11642,39.74044,-105.01397,9/17/2020 16:23,16:23:00,12,0,0,I25 NORTHBOUND & COLFAX AVENUE WEST AVENUE,1,1,1,0,1,4,0,0,55,0,0,0,0,0,1,2,13
,2020-11643,39.68913,-104.86596,9/17/2020 14:42,14:42:00,1,0,0,1000 SOUTH HAVANA STREET & EAST TENNESSEE AVENUE,1,1,0,0,1,2,0,0,40,0,0,0,0,0,4,2,7
,2020-11644,39.78009,-104.94051,9/25/2020 7:50,7:50:00,12,0,3,I70 WB & COLORADO BOULEVARD NORTH,1,1,0,0,1,4,0,0,65,0,0,0,0,1,1,2,13
,2020-11645,39.72932,-105.01505,9/14/2020 13:50,13:50:00,12,0,2,I25 SOUTHBOUND & EIGHTH AVENUE WEST,1,1,1,0,1,4,0,0,55,0,0,0,0,1,1,2,13
,2020-11647,39.71936,-105.0251,9/27/2020 16:28,16:28:00,15,0,0,FEDERAL BOULEVARD NORTH & PARK PLACE WEST,1,1,0,0,1,4,0,0,35,0,0,0,0,0,2,2,7
,2020-11648,39.72285,-104.97291,9/24/2020 13:53,13:53:00,15,0,0,DOWNING STREET NORTH  & FOURTH AVENUE EAST,1,1,0,0,1,4,0,0,30,0,0,0,0,0,4,2,14
,2020-11649,39.67847,-104.94182,9/26/2020 18:53,18:53:00,5,0,0,EVANS AVENUE EAST  & COLORADO BOULEVARD SOUTH,1,1,0,0,2,4,0,0,35,0,0,0,0,0,2,1,7
,2020-11650,39.70666,-104.9966,9/26/2020 14:37,14:37:00,12,0,0,I25 NORTHBOUND EXIT RAMP  TO & SANTA FE DRIVE SOUTH,1,1,1,0,1,4,0,0,60,0,0,0,0,0,1,4,3
,2020-11651,39.71650753,-104.9791399,9/26/2020 21:45,21:45:00,6,0,0,000 OF SOUTH WASHINGTON STREET & EAST ELLSWORTH AVENUE,1,3,0,0,1,4,0,0,15,0,0,0,0,0,4,4,5
,2020-11652,39.61451,-105.09416,9/24/2020 14:46,14:46:00,15,0,0,8600 WEST CROSS DRIVE & SOUTH WADSWORTH BOULEVARD,1,1,0,0,1,4,0,0,30,0,0,0,0,0,4,2,13
,2020-11653,39.72548053,-105.0130699,1/3/2020 9:40,9:40:00,12,0,1,I25 NORTHBOUND & SIXTH AVENUE WEST,1,1,1,0,1,4,0,0,65,0,0,0,0,1,1,3,3
,2020-11655,39.68931,-104.9966,6/29/2020 12:55,12:55:00,15,0,0,PLATTE RIVER DRIVE SOUTH & FLORIDA AVENUE WEST,1,1,0,0,1,1,0,0,25,0,0,0,0,0,4,2,13
,2020-11656,39.70839,-104.97338,9/26/2020 18:08,18:08:00,2,0,1,DOWNING STREET NORTH  & DAKOTA AVENUE EAST,1,1,0,0,1,4,0,0,0,1,0,0,0,2,4,2,16
,2020-11657,39.72931453,-105.0148294,9/27/2020 5:16,5:16:00,5,0,1,I25 SOUTHBOUND & EIGHTH AVENUE WEST,1,3,0,0,3,4,0,0,65,0,0,0,0,3,1,1,5
,2020-11658,39.78744,-105.04395,9/26/2020 18:19,18:19:00,5,0,1,NORTH TENNYSON STREET & WEST 50TH AVENUE,1,1,0,0,2,4,0,0,30,0,0,0,0,2,4,1,3
,2020-11659,39.75394,-105.05323,9/24/2020 13:13,13:13:00,12,0,0,SHERIDAN BOULEVARD NORTH  & 25TH AVENUE WEST,1,1,1,0,1,4,0,0,35,0,0,0,0,0,2,2,13
,2020-11660,39.73319,-105.01649,9/24/2020 12:45,12:45:00,6,0,0,1045 NORTH ZUNI STREET & EIGHTH AVENUE,1,1,0,0,1,4,0,0,30,0,0,0,0,0,4,2,16
,2020-11661,39.72509,-105.03248,9/24/2020 14:22,14:22:00,12,0,0,SIXTH AVENUE WEST & KNOX COURT NORTH,1,1,0,0,1,4,0,0,55,0,0,0,0,0,2,2,1
,2020-11662,39.72554,-105.01313,9/23/2020 12:34,12:34:00,12,0,0,I25 NORTHBOUND & SIXTH AVENUE WEST,1,1,0,0,1,8,0,0,55,0,0,0,0,0,1,2,13
,2020-11663,39.73681,-104.9586,9/26/2020 12:28,12:28:00,3,0,0,13TH AVENUE EAST & JOSEPHINE STREET NORTH,1,1,0,0,1,1,0,0,25,0,0,0,0,0,4,2,13
,2020-11664,39.79424,-104.84714,9/24/2020 9:25,9:25:00,10,0,0,EAST 54TH AVENUE & NORTH PEORIA STREET,1,1,0,0,1,3,0,0,15,0,0,0,0,0,4,2,13
,2020-11665,39.74879,-104.99445,9/24/2020 13:15,13:15:00,10,0,0,17TH STREET & ARAPAHOE STREET,1,1,0,0,1,1,0,0,25,0,0,0,0,0,4,2,14
,2020-11666,39.74044,-105.01416,9/25/2020 6:35,6:35:00,3,0,0,COLFAX AVENUE WEST AVENUE & I25 SOUTHBOUND,1,1,0,0,1,3,0,0,35,0,0,0,0,0,2,2,13
,2020-11667,39.74011,-104.99808,9/24/2020 14:06,14:06:00,15,0,0,SPEER BOULEVARD NORTH & COLFAX AVENUE WEST AVENUE,1,1,0,0,1,1,0,0,35,0,0,0,0,0,2,2,7
,2020-11668,39.78526,-104.8825,9/27/2020 15:34,15:34:00,3,0,0,EAST NORTHFIELD BOULEVARD & NORTH CENTRAL PARK BOULEVARD,1,1,0,0,1,1,0,0,35,0,0,0,0,1,4,2,13
,2020-11669,39.68937254,-104.9804314,9/24/2020 14:41,14:41:00,6,0,0,500 EAST FLORIDA AVENUE & SOUTH PEARL STREET,1,1,0,0,1,4,0,0,25,0,0,0,0,0,4,2,16
,2020-11670,39.72554,-105.01313,9/23/2020 12:34,12:34:00,12,0,0,I25 NORTHBOUND & SIXTH AVENUE WEST,1,1,0,0,1,8,0,0,55,0,0,0,0,0,1,2,13
,2020-11671,39.69666,-104.99294,9/26/2020 16:45,16:45:00,3,0,0,SOUTH PLATTE RIVER DRIVE & WEST MISSISSIPPI AVENUE,1,1,0,0,1,1,0,0,40,0,0,0,0,0,4,2,3
,2020-11672,39.75486,-105.05209,9/24/2020 11:51,11:51:00,6,0,0,ZENOBIA STREET NORTH & 26TH AVENUE WEST,1,1,0,0,1,4,0,0,25,0,0,0,0,0,4,2,16
,2020-11675,39.75012253,-104.9961904,9/24/2020 9:50,9:50:00,11,0,1,17TH STREET & LARIMER STREET,1,1,0,0,1,1,0,1,25,0,1,0,0,2,4,1,13
,2020-11676,39.73369,-105.00016,9/27/2020 9:45,9:45:00,3,0,0,NORTH KALAMATH STREET & WEST 11TH AVENUE,1,1,0,0,1,1,0,0,35,0,0,0,0,0,4,2,14
,2020-11677,39.75988,-104.89136,9/27/2020 16:45,16:45:00,3,0,0,MLK BOULEVARD EAST & CENTRAL PARK BOULEVARD NORTH,1,1,0,0,1,1,0,0,45,0,0,0,0,0,4,2,14
,2020-11678,39.69,-104.97342,9/25/2020 14:29,14:29:00,12,0,0,I25 NORTHBOUND EXIT RAMP  TO & DOWNING STREET SOUTH,1,1,0,0,1,8,0,0,65,0,0,0,0,0,1,2,13
,2020-11679,39.79828,-104.81597,3/4/2020 16:13,16:13:00,12,0,0,EAST 56TH AVENUE & NORTH ELKHART STREET,1,1,0,0,1,4,0,0,30,0,0,0,0,0,4,3,13
,2020-11680,39.73685,-104.98739,9/27/2020 16:28,16:28:00,12,0,0,EAST 13TH AVENUE & NORTH BROADWAY STREET,1,1,0,0,1,1,0,0,25,0,0,0,0,0,4,2,3
,2020-11681,39.73563,-104.89875,9/27/2020 15:06,15:06:00,3,0,1,12TH AVENUE EAST & SYRACUSE STREET NORTH,1,1,0,0,1,1,0,0,30,0,0,0,0,2,4,3,16
,2020-11682,39.77654,-105.00643,9/25/2020 8:10,8:10:00,3,0,0,NORTH PECOS STREET & WEST 44TH AVENUE,1,1,0,0,1,1,0,0,25,0,0,0,0,0,4,2,14
,2020-11684,39.7227,-104.87925,9/27/2020 5:30,5:30:00,6,0,0,FIFTH AVENUE EAST  & FOURTH PLACE EAST,1,3,0,7,1,4,0,0,25,0,0,0,0,0,4,2,16
,2020-11693,39.77828,-104.91288,8/24/2020 10:21,10:21:00,15,0,0,I70 EASTBOUND ENTRANCE RAMP  FROM & MONACO STREET NORTH,1,1,0,0,1,8,0,0,55,0,0,0,0,0,1,2,13
,2020-11698,39.79819,-104.84609,8/14/2020 21:48,21:48:00,10,0,0,12200 EAST 56TH AVENUE & NORTH QUENTIN STREET,1,3,0,0,1,3,0,0,40,0,0,0,0,0,4,2,1
,2020-11700,39.77312869,-104.9892016,8/15/2020 9:09,9:09:00,10,0,0,BROADWAY 899 NORTH & UNKNOWN STREET,1,1,0,1,1,1,0,0,,0,0,0,0,0,4,2,16
,2020-11701,39.69101,-104.98018,8/5/2020 16:50,16:50:00,6,0,0,PEARL STREET & 1400 SOUTH,1,1,0,0,1,4,0,0,25,0,0,0,0,0,4,2,7
,2020-11702,39.78745,-105.03457,8/24/2020 20:03,20:03:00,8,0,0,NORTH LOWELL BOULEVARD & WEST 50TH AVENUE,1,1,0,0,1,4,0,0,30,0,0,0,0,0,4,2,13
,2020-11704,39.73829,-104.93501,7/17/2020 21:22,21:22:00,5,0,0,CLAREMONT STREET NORTH  & CHERRY STREET ALLEY,1,1,0,0,3,5,0,0,15,0,0,0,0,0,4,1,14
,2020-11705,39.71119,-105.01277,8/13/2020 19:29,19:29:00,3,0,0,ALAMEDA AVENUE WEST  & YUMA STREET SOUTH,1,1,0,0,1,2,0,0,30,0,0,0,0,0,2,2,7
,2020-11710,39.7387,-104.88466,8/3/2020 12:48,12:48:00,15,0,0,YOSEMITE STREET NORTH & 14TH STREET EAST,1,1,0,0,1,4,0,0,30,0,0,0,0,0,4,2,16
,2020-11712,39.70041,-105.02505,8/22/2020 23:52,23:52:00,12,0,0,2900 WEST KENTUCKY AVENUE & SOUTH FEDERAL BOULEVARD,1,3,0,0,1,3,0,0,25,0,0,0,0,0,4,2,16
,2020-11713,39.67721,-104.92227,8/15/2020 12:53,12:53:00,3,0,0,HOLLY STREET SOUTH  & EVANS AVENUE EAST,1,1,0,0,1,2,0,0,30,0,0,0,0,0,4,2,13
,2020-11716,39.75014,-105.00485,8/22/2020 23:02,23:02:00,3,0,0,SPEER BOULEVARD NORTH & WEWATTA STREET,1,3,0,0,1,1,0,0,45,0,0,0,0,0,4,2,13
,2020-11717,39.68125,-104.93166,8/14/2020 22:31,22:31:00,6,0,0,SOUTH DAHLIA STREET & EAST ATLANTIC PLACE,1,3,0,0,1,1,0,0,25,0,0,0,0,0,4,2,3
,2020-11720,39.74638,-104.9889,8/24/2020 8:41,8:41:00,12,0,0,WELTON STREET & 18TH STREET,1,1,0,0,1,1,0,0,25,0,0,0,0,0,4,2,13
,2020-11722,39.65343,-104.92174,8/23/2020 15:45,15:45:00,6,0,0,IVANHOE WAY SOUTH  & HAMPDEN AVENUE EAST,1,1,0,0,3,4,0,0,25,0,0,0,0,0,2,2,13