id,drcog_id,latitude,longitude,crashtime,time,crashtype,numbkilled,numbinjurd,drcoglocat,rdconditin,lightngcon,roadcntgrd,weatherco,location,roaddescrp,schoolzone,constrzone,splimit,bikeinv,pedinv,sctrinv,motoinv,svrty,rdsystem,ttlvehcls,hcf
,2020-11725,39.69304,-105.02677,8/10/2020 0:35,0:35:00,6,0,0,3000 WEST LOUISIANA AVENUE & SOUTH FEDERAL BOULEVARD,1,3,0,0,1,4,0,0,30,0,0,0,0,0,4,2,1
,2020-11727,39.74396,-105.02522,8/5/2020 17:09,17:09:00,12,0,0,NORTH FEDERAL BOULEVARD & WEST DICK CONNOR AVENUE,1,1,0,0,1,3,0,0,35,0,0,0,0,0,4,2,13
,2020-11729,39.73721,-104.88579,7/30/2020 0:45,0:45:00,6,0,0,8800 EAST 13TH AVENUE & NORTH YOSEMITE STREET,1,3,0,0,1,4,0,0,25,0,0,0,0,0,4,4,14
,2020-11731,39.68954354,-105.0532504,8/2/2020 15:50,15:50:00,3,0,0,SOUTH Sheridan Blvd & WEST Florida Ave,1,1,1,0,1,2,0,0,40,0,0,0,0,0,4,2,7
,2020-11740,39.75485,-105.05324,8/15/2020 14:11,14:11:00,1,0,0,26TH AVENUE WEST & SHERIDAN BOULEVARD NORTH,1,1,0,0,1,2,0,0,25,0,0,0,0,0,2,2,7
,2020-11741,39.74794,-104.98611,8/24/2020 12:55,12:55:00,15,0,0,20TH STREET & NORTH LINCOLN STREET,1,1,1,0,1,1,0,0,30,0,0,0,0,0,4,2,4
,2020-11744,39.76188,-104.94058,8/22/2020 22:14,22:14:00,3,0,2,COLORADO BOULEVARD NORTH & MLK BOULEVARD EAST,1,3,0,0,1,3,0,0,35,0,0,0,0,1,2,2,7
,2020-11746,39.72890053,-104.9986294,8/24/2020 10:00,10:00:00,3,0,0,WEST EIGHTH AVENUE WB & NORTH SANTA FE DRIVE,1,1,0,0,1,1,0,0,35,0,0,0,0,1,4,2,13
,2020-11747,39.73866,-104.97753,8/14/2020 5:51,5:51:00,3,0,1,CLARKSON STREET SOUTH  & 1400,1,1,0,0,1,2,0,0,20,0,0,0,0,1,4,2,16
,2020-11748,39.70666,-104.9966,8/14/2020 12:04,12:04:00,15,0,0,I25 NORTHBOUND EXIT RAMP  TO & SANTA FE DRIVE SOUTH,1,1,1,0,1,4,0,0,55,0,0,0,0,0,1,2,16
,2020-11752,39.77657,-105.05324,8/23/2020 13:50,13:50:00,12,0,0,SHERIDAN BOULEVARD NORTH & 44TH AVENUE WEST,1,1,0,0,1,3,0,0,35,0,0,0,0,0,2,2,13
,2020-11757,39.72931453,-105.0148294,8/7/2020 18:45,18:45:00,15,0,0,I25 SOUTHBOUND & EIGHTH AVENUE WEST,1,1,0,0,1,4,0,0,60,0,0,0,0,0,1,2,13
,2020-11762,39.78423,-105.02519,8/24/2020 9:27,9:27:00,12,0,0,FEDERAL BOULEVARD NORTH & I70 EASTBOUND ENT/ EXT RAMPS,1,1,0,0,1,1,0,0,35,0,0,0,0,0,2,3,3
,2020-11763,39.77401,-104.84703,8/7/2020 21:09,21:09:00,12,0,1,I70 EASTBOUND & PEORIA STREET NORTH,1,3,0,0,1,4,0,0,65,0,0,0,1,2,4,2,13
,2020-11764,39.71316,-104.99922,8/14/2020 16:10,16:10:00,15,0,0,200 SOUTH KALAMATH STREET & EAST BAYAUD AVENUE,1,1,0,0,1,4,0,0,35,0,0,0,0,0,4,2,1
,2020-11766,39.78260803,-104.9985394,8/14/2020 23:27,23:27:00,5,0,0,I70 EASTBOUND & MM 281,1,3,0,0,1,4,0,1,65,0,0,0,0,0,1,1,14
,2020-11771,39.68931,-104.99659,8/5/2020 20:30,20:30:00,5,0,0,PLATTE RIVER DRIVE SOUTH & FLORIDA AVENUE WEST,1,2,0,0,1,3,0,0,35,0,0,0,0,0,4,2,13
,2020-11774,39.70771,-105.05326,6/21/2020 22:12,22:12:00,1,0,2,SHERIDAN SOUTH BOULEVARD & VIRGINIA AVENUE WEST,1,3,2,0,1,1,0,0,35,0,0,0,0,3,2,2,13
,2020-11777,39.73999,-104.96285,8/5/2020 20:10,20:10:00,6,0,0,COLFAX AVENUE EAST  & RACE STREET NORTH,1,2,0,0,1,4,0,0,30,0,0,0,0,0,4,2,13
,2020-11780,39.73388,-105.02516,8/8/2020 20:26,20:26:00,1,0,5,11TH AVENUE WEST & FEDERAL BOULEVARD NORTH,1,3,0,0,1,1,0,0,35,0,0,0,0,2,2,2,13
,2020-11781,39.75668,-104.98777,7/31/2020 18:55,18:55:00,6,0,0,24TH STREET & LARIMER STREET,1,1,0,0,1,4,0,0,25,0,0,0,0,0,4,2,14
,2020-11786,39.74032,-105.01395,8/2/2020 18:51,18:51:00,15,0,2,I25 NORTHBOUND & COLFAX AVENUE WEST AVENUE,1,1,0,0,1,4,0,0,35,0,0,0,1,3,1,2,8
,2020-11789,39.74166,-104.97477,8/5/2020 15:31,15:31:00,2,0,1,16TH AVENUE EAST & OGDEN STREET NORTH,1,1,0,0,1,1,0,0,25,1,0,0,0,3,4,2,13
,2020-11790,39.72842,-105.05316,2/5/2020 12:25,12:25:00,1,0,0,SHERIDAN BOULEVARD NORTH  & EIGHTH AVENUE WEST,1,1,1,0,1,2,0,0,35,0,0,0,0,0,2,3,16
,2020-11791,39.78368,-105.05324,8/23/2020 17:54,17:54:00,12,0,1,I70 WB & SHERIDAN BOULEVARD NORTH,1,1,0,0,1,4,0,0,55,0,0,0,0,1,1,2,1
,2020-11793,39.76205,-104.97334,7/20/2020 19:25,19:25:00,5,0,0,DOWNING STREET NORTH & MLK BOULEVARD EAST,1,1,0,0,3,1,0,0,30,0,0,0,0,0,4,1,5
,2020-11795,39.6531,-104.90909,8/10/2020 14:20,14:20:00,12,0,0,SOUTH ONEIDA WAY & EAST HAMPDEN AVENUE,1,1,0,0,1,3,0,0,25,0,0,0,0,0,4,2,16
,2020-11796,39.73922,-104.97531,8/24/2020 8:40,8:40:00,1,0,0,1400 NORTH OGDEN STREET & EAST COLFAX AVENUE,1,1,0,0,1,5,0,0,25,0,0,0,0,0,4,2,13
,2020-11797,39.72552,-105.01336,8/23/2020 7:15,7:15:00,12,0,0,I25 SOUTHBOUND & SIXTH AVENUE WEST,1,1,1,0,1,4,0,0,65,0,0,0,0,0,1,3,7
,2020-11798,39.69081,-105.02506,8/24/2020 9:49,9:49:00,1,0,0,FEDERAL BOULEVARD SOUTH & ARKANSAS AVENUE WEST,1,1,0,0,1,1,0,0,35,0,0,0,0,0,2,2,13
,2020-11799,39.67475,-104.87244,8/15/2020 10:42,10:42:00,12,0,0,9900 EAST ILIFF AVENUE & SOUTH PARKER ROAD,1,1,0,0,1,4,0,0,40,0,0,0,0,1,4,2,13
,2020-11803,39.74032,-105.01395,8/8/2020 17:40,17:40:00,12,0,0,I25 NORTHBOUND OFF RAMP TO & COLFAX AVENUE WEST,1,1,0,0,1,8,0,0,55,0,0,0,0,0,1,2,16
,2020-11804,39.68949,-105.02411,8/24/2020 10:50,10:50:00,3,0,0,FLORIDA AVENUE WEST  & FEDERAL BOULEVARD SOUTH,1,1,0,0,1,2,0,0,25,0,0,0,0,0,4,2,13
,2020-11805,39.7563,-105.00949,8/23/2020 14:20,14:20:00,12,0,0,1400 PLATTE STREET & 15TH STREET,1,1,0,0,1,4,0,0,25,0,0,0,0,0,4,2,13
,2020-11806,39.65308,-104.91845,8/3/2020 16:30,16:30:00,12,0,0,I25 SOUTHBOUND & HAMPDEN AVENUE EAST,1,1,0,0,1,4,0,0,,0,0,0,0,0,1,2,16
,2020-11808,39.77995,-104.94051,8/13/2020 22:12,22:12:00,9,0,1,I70 EASTBOUND & COLORADO BOULEVARD NORTH,1,3,1,0,3,4,0,1,65,0,0,0,0,1,1,1,16
,2020-11810,39.74001,-104.96723,8/5/2020 15:00,15:00:00,6,0,0,NORTH GILPIN STREET & EAST COLFAX AVENUE,1,1,0,0,1,4,0,0,,0,0,0,0,0,4,2,14
,2020-11811,39.68489954,-104.9594704,8/14/2020 15:32,15:32:00,15,0,4,I25 NORTHBOUND & UNIVERSITY BOULEVARD SOUTH,1,1,0,0,1,4,0,0,60,0,0,0,0,2,1,4,16
,2020-11814,39.71815,-105.03971,8/17/2020 13:28,13:28:00,3,0,2,WEST FIRST AVENUE & NORTH PERRY STREET,1,1,0,0,1,1,0,0,30,0,0,0,0,2,4,2,3
,2020-11817,39.76034,-104.9402,8/5/2020 16:38,16:38:00,12,0,0,3000 NORTH COLORADO BOULEVARD & EAST MLK BOULEVARD,1,1,0,0,1,4,0,0,35,0,0,0,0,0,4,2,13
,2020-11819,39.72662,-104.98743,8/13/2020 23:02,23:02:00,8,0,1,NORTH SPEER BOULEVARD & NORTH BROADWAY STREET,1,3,0,0,1,1,0,0,35,0,0,0,0,2,4,2,13
,2020-11821,39.7106,-104.9975,8/23/2020 15:20,15:20:00,9,0,1,KALAMATH STREET SOUTH  & ALAMEDA AVENUE WEST,1,1,0,0,1,4,0,0,30,0,0,0,0,2,2,2,8
,2020-11822,39.68924,-105.02456,8/2/2020 23:35,23:35:00,12,0,0,FEDERAL BOULEVARD SOUTH  & FLORIDA AVENUE WEST,1,3,1,0,1,4,0,0,45,0,0,0,0,0,2,2,5
,2020-11823,39.73681,-104.9586,8/24/2020 13:02,13:02:00,15,0,0,NORTH JOSEPHINE STREET & EAST 13TH AVENUE,1,1,0,0,1,3,0,0,30,0,0,0,0,0,4,2,1
,2020-11826,39.73051,-104.9592,8/18/2020 7:05,7:05:00,1,0,0,EAST NINTH AVENUE & NORTH JOSEPHINE STREET,1,1,1,0,1,1,0,0,25,0,0,0,0,0,4,2,3
,2020-11827,39.72553,-105.04628,8/11/2020 12:08,12:08:00,15,0,0,SIXTH AVENUE WEST & VRAIN STREET NORTH,1,1,0,0,1,4,0,0,65,0,0,0,0,0,2,2,1
,2020-11829,39.8136,-104.98956,7/28/2020 7:15,7:15:00,12,0,0,I70 WB & I25 SOUTHBOUND,1,1,1,0,1,4,0,0,55,0,0,0,0,0,1,2,3
,2020-11830,39.72911,-104.95903,8/15/2020 11:15,11:15:00,10,0,0,EAST EIGHTH AVENUE & NORTH JOSEPHINE STREET,1,1,0,0,1,1,0,0,35,0,0,0,0,0,4,2,8
,2020-11831,39.68347,-104.94739,8/9/2020 3:10,3:10:00,6,0,0,COOK STREET SOUTH & 1820,1,4,0,0,5,4,0,0,15,0,0,0,0,0,3,2,5
,2020-11835,39.76095,-105.00433,7/26/2020 7:25,7:25:00,5,0,2,I25 SOUTHBOUND ENTRANCE RAMP FROM & 20TH STREET,1,1,1,0,2,8,0,0,35,0,0,0,0,2,4,1,16
,2020-11872,39.71782,-104.94617,9/29/2020 10:48,10:48:00,3,0,0,EAST FIRST AVENUE & NORTH MADISON STREET,1,1,0,0,1,1,0,0,25,0,0,0,0,0,4,2,13
,2020-11878,39.77288,-104.94055,9/29/2020 11:45,11:45:00,15,0,0,COLORADO BOULEVARD NORTH & 40TH AVENUE EAST,1,1,0,0,1,1,0,0,40,0,0,0,0,0,2,2,3
,2020-11884,39.76265,-104.97334,9/29/2020 10:28,10:28:00,5,0,1,DOWNING STREET NORTH  & 33RD AVENUE EAST,1,1,0,0,2,3,0,0,30,0,0,0,0,1,4,1,3
,2020-11887,39.79164,-104.82415,3/1/2020 18:23,18:23:00,12,0,0,NORTH CROWN BOULEVARD & EAST 54TH AVENUE,11,3,0,2,1,3,0,0,,0,0,0,0,1,4,3,5
,2020-11892,39.66769,-105.03189,9/29/2020 9:03,9:03:00,1,0,0,WEST YALE AVENUE & SOUTH KNOX COURT,1,1,0,0,1,1,0,0,30,0,0,0,0,1,4,2,3
,2020-11901,39.7384,-104.96348,3/15/2020 4:00,4:00:00,6,0,0,EAST 14TH AVENUE & NORTH RACE STREET,1,3,0,0,1,4,0,0,30,0,0,0,0,0,4,4,5
,2020-11903,39.69488,-104.99681,9/29/2020 11:10,11:10:00,12,0,0,SOUTH HURON STREET & WEST ARIZONA AVENUE,1,1,0,0,1,4,0,0,25,0,0,0,0,0,4,2,3
,2020-11915,39.67845,-104.93377,9/14/2020 13:55,13:55:00,15,0,0,EVANS AVENUE EAST & I25 NORTHBOUND,1,1,0,0,1,1,0,0,35,0,0,0,0,0,4,2,3
,2020-11916,39.76208,-105.05324,9/29/2020 18:20,18:20:00,1,0,0,SHERIDAN BOULEVARD NORTH & 32ND AVENUE WEST,1,1,0,0,1,1,0,0,35,0,0,0,0,0,2,2,13
,2020-11917,39.72559,-105.02514,9/13/2020 14:34,14:34:00,15,0,0,SIXTH AVENUE WEST & FEDERAL BOULEVARD NORTH,1,1,0,0,1,1,0,0,65,0,0,0,0,0,2,2,1
,2020-11918,39.75278,-104.98741,9/27/2020 15:15,15:15:00,15,0,0,22ND STREET & NORTH BROADWAY STREET,1,1,0,0,1,1,0,0,30,0,0,0,0,0,4,2,8
,2020-11921,39.657,-104.86642,9/14/2020 13:47,13:47:00,12,0,0,SOUTH HAVANA STREET & EAST GIRARD AVENUE,1,1,0,0,1,4,0,0,40,0,0,0,0,1,4,2,1
,2020-11922,39.71654354,-105.0263089,9/24/2020 16:30,16:30:00,12,0,0,00 NORTH GROVE STREET & WEST ELLSWORTH AVENUE,1,1,0,0,1,2,0,0,25,0,0,0,0,0,4,2,13
,2020-11923,39.75334,-104.99552,9/15/2020 7:40,7:40:00,3,0,0,BLAKE STREET & 19TH STREET,1,1,0,0,1,1,0,0,25,0,0,0,0,0,4,2,14
,2020-11924,39.71464,-104.94069,9/24/2020 16:23,16:23:00,15,0,0,COLORADO BOULEVARD SOUTH & LEETSDALE DRIVE,1,1,1,0,1,1,0,0,40,0,0,0,0,0,2,3,7
,2020-11926,39.74891,-104.9874,9/27/2020 13:25,13:25:00,12,0,0,20TH STREET & NORTH BROADWAY STREET,1,1,0,0,1,1,0,0,30,0,0,0,0,0,4,2,8
,2020-11927,39.70887862,-104.9872234,9/29/2020 9:53,9:53:00,15,0,0,400 SOUTH BROADWAY STREET & EAST DAKOTA AVENUE,1,1,0,0,1,4,0,0,30,0,0,0,0,0,4,3,13
,2020-11928,39.73832,-104.96318,9/5/2020 2:24,2:24:00,6,0,0,14TH AVENUE EAST & RACE STREET NORTH,1,4,0,0,1,4,0,0,35,0,0,0,0,0,4,3,5
,2020-11929,39.74911,-104.95976,9/29/2020 17:00,17:00:00,12,0,0,2100 NORTH YORK STREET & 22ND AVENUE,1,1,0,0,1,4,0,0,30,0,0,0,0,0,4,2,13
,2020-11930,39.69984,-104.90788,9/4/2020 23:16,23:16:00,12,0,1,LEETSDALE DRIVE  & ONEIDA STREET SOUTH,1,3,1,0,1,1,0,0,35,0,0,0,0,1,2,2,1
,2020-11931,39.7619,-104.95119,9/24/2020 14:30,14:30:00,3,0,0,MLK BOULEVARD EAST  & STREET PAUL STREET NORTH,1,1,0,0,1,5,0,0,35,0,0,0,0,0,4,2,8
,2020-11933,39.65308,-104.91826,9/15/2020 7:45,7:45:00,12,0,1,I25 NORTHBOUND OFF RAMP  TO & HAMPDEN AVENUE EAST,1,1,0,0,1,4,0,0,65,0,0,0,0,1,1,3,13
,2020-11934,39.75468,-104.92934,9/13/2020 0:08,0:08:00,5,0,1,26TH AVENUE EAST & ELM STREET NORTH,1,3,0,0,3,1,0,0,30,0,0,0,0,2,4,1,5
,2020-11935,39.77856252,-104.9034184,9/29/2020 8:24,8:24:00,5,0,0,I70 EASTBOUND & NORTHFIELD QUEBEC STREET NORTH NORTHBOUND,1,1,0,0,3,4,0,1,65,0,0,0,0,0,1,1,13
,2020-11936,39.67665,-104.90359,9/14/2020 13:30,13:30:00,3,0,0,EVANS AVENUE EAST & QUEBEC STREET SOUTH,1,1,0,0,1,1,0,0,35,0,0,0,0,0,4,2,3
,2020-11937,39.68571,-104.93169,9/29/2020 8:43,8:43:00,3,0,0,EAST MEXICO AVENUE & SOUTH DAHLIA STREET,1,1,0,0,1,1,0,0,25,0,0,0,0,0,4,2,3
,2020-11938,39.7794,-104.97915,9/24/2020 15:50,15:50:00,12,0,1,I70 EASTBOUND & WASHINGTON STREET NORTH,1,1,0,0,1,4,0,0,55,0,0,0,0,1,1,3,1
,2020-11939,39.77287,-104.83383,9/29/2020 7:40,7:40:00,5,0,1,I70 EASTBOUND EXIT RAMP  TO & I225 SOUTHBOUND,1,1,0,0,3,4,0,1,65,0,0,0,0,1,1,1,3
,2020-11940,39.79846,-104.86606,9/29/2020 16:24,16:24:00,12,0,0,EAST 56TH AVENUE & NORTH HAVANA STREET,1,1,0,0,1,4,0,0,40,0,0,0,0,0,4,3,13
,2020-11941,39.73385,-104.98613,9/24/2020 15:05,15:05:00,12,0,0,NORTH LINCOLN STREET & EAST 11TH AVENUE,1,1,0,0,1,4,0,0,30,0,0,0,0,0,4,2,13
,2020-11942,39.74011,-105.00007,9/29/2020 16:45,16:45:00,1,0,0,COLFAX AVENUE WEST AVENUE & KALAMATH STREET NORTH,1,1,0,0,1,1,0,0,35,0,0,0,0,0,2,3,13
,2020-11943,39.65212,-104.88472,9/14/2020 12:26,12:26:00,12,0,0,3500 SOUTH YOSEMITE STREET & EAST HAMPDEN AVENUE,1,1,1,0,1,4,0,0,25,0,0,0,0,0,4,3,13
,2020-11945,39.73844,-104.98232,9/24/2020 15:26,15:26:00,3,0,1,14TH AVENUE EAST & LOGAN STREET NORTH,1,1,0,0,1,1,0,0,25,0,0,0,0,1,4,2,14
,2020-11946,39.75775,-104.99858,9/29/2020 11:50,11:50:00,12,0,0,20TH STREET & CHESTNUT PLACE,1,1,1,0,1,1,0,0,35,0,0,0,0,0,4,2,14
,2020-11949,39.67421,-105.01569,9/29/2020 8:05,8:05:00,1,0,0,2300 SOUTH ZUNI STREET & WEST WESLEY AVENUE,1,1,0,0,1,4,0,0,25,0,0,0,0,0,4,2,13
,2020-11950,39.78013,-104.98121,9/24/2020 6:00,6:00:00,6,0,0,PENNSYLVANIA STREET NORTH  & 47TH AVENUE WEST,1,1,0,0,1,4,0,0,25,0,0,0,0,0,4,2,16
,2020-11951,39.69654,-104.89816,9/27/2020 18:08,18:08:00,8,0,3,PARKER ROAD SOUTH & MISSISSIPPI AVENUE EAST,1,1,0,0,1,1,0,0,35,0,0,0,0,1,2,2,5
,2020-11953,39.73834,-104.94617,9/29/2020 17:02,17:02:00,10,0,0,EAST 14TH AVENUE & NORTH MADISON STREET,1,1,0,0,1,1,0,0,30,0,0,0,0,0,4,2,8
,2020-11954,39.65378,-104.88478,9/14/2020 14:45,14:45:00,3,0,0,YOSEMITE STREET & 3400,1,1,0,0,1,2,0,0,,0,0,0,0,0,4,2,16
,2020-11955,39.76451,-104.97088,9/13/2020 12:02,12:02:00,3,0,1,EAST BRUCE RANDOLPH AVENUE & NORTH LAFAYETTE STREET,1,1,0,0,1,1,0,0,30,0,0,0,0,1,4,2,13
,2020-11956,39.73044,-104.98239,9/29/2020 9:20,9:20:00,3,0,0,EAST NINTH AVENUE & NORTH LOGAN STREET,1,1,0,0,1,1,0,0,30,0,0,0,0,1,4,4,13
,2020-11957,39.74527,-105.00072,9/29/2020 13:55,13:55:00,15,0,0,SPEER BOULEVARD NORTH & LAWRENCE STREET,1,1,0,0,1,1,0,0,30,0,0,0,0,0,4,2,8
,2020-11958,39.77232,-105.02054,9/14/2020 14:10,14:10:00,6,0,0,CLAY STREET & 4000 NORTH,1,1,0,0,1,4,0,0,25,0,0,0,0,0,4,2,1
,2020-11960,39.78015,-105.00645,9/13/2020 20:19,20:19:00,5,0,0,WEST 48TH AVENUE & NORTH PECO STREET,1,3,0,0,3,4,0,0,30,0,0,0,0,1,4,1,9
,2020-11961,39.72554,-105.01313,9/29/2020 8:55,8:55:00,12,0,5,I25 NORTHBOUND & SIXTH AVENUE WEST,1,1,0,0,1,8,0,0,55,0,0,0,0,1,1,6,13
,2020-11962,39.76796053,-104.9949709,9/15/2020 11:54,11:54:00,15,0,0,I25 SOUTHBOUND & PARK AVENUE WEST,1,1,1,0,1,4,0,0,55,0,0,0,0,0,1,2,13
,2020-11963,39.71658,-104.9875,9/21/2020 13:20,13:20:00,1,0,1,EAST ELLSWORTH AVENUE & SOUTH BROADWAY STREET,1,1,0,0,1,1,0,0,25,0,0,0,1,2,4,2,3
,2020-11964,39.78353,-105.05324,9/19/2020 14:18,14:18:00,5,0,0,I70 EASTBOUND & SHERIDAN BOULEVARD NORTH,1,1,0,0,2,4,0,0,65,0,0,0,0,0,1,1,3
,2020-11965,39.72343753,-104.9837794,9/14/2020 15:00,15:00:00,12,0,0,EAST SPEER BOULEVARD & SOUTH GRANT STREET,1,1,0,0,1,3,0,0,30,0,0,0,0,0,4,2,3
,2020-11966,39.73688,-105.00526,9/15/2020 11:52,11:52:00,12,0,0,NORTH OSAGE STREET & WEST 13TH AVENUE,1,1,1,0,1,1,0,0,30,0,0,0,0,0,4,2,13
,2020-11967,39.67864,-105.02506,9/13/2020 20:03,20:03:00,15,0,0,FEDERAL BOULEVARD SOUTH & EVANS AVENUE WEST,1,3,0,0,1,1,0,0,25,0,0,0,0,0,2,2,13
,2020-11968,39.77667,-104.84703,9/19/2020 14:05,14:05:00,1,0,1,44TH AVENUE EAST & PEORIA STREET NORTH,1,1,0,0,1,1,0,0,,0,0,0,0,1,4,2,13
,2020-11969,39.68749,-104.94065,9/14/2020 19:00,19:00:00,3,0,0,COLORADO BOULEVARD SOUTH & IOWA AVENUE EAST,1,3,0,0,1,1,0,0,35,0,0,0,0,0,2,2,3
,2020-11970,39.71116,-105.02217,9/15/2020 7:10,7:10:00,15,0,0,ALAMEDA AVENUE WEST  & DALE COURT SOUTH,1,1,0,0,1,3,0,0,35,0,0,0,0,0,2,2,1
,2020-11971,39.65482,-104.88434,9/14/2020 14:30,14:30:00,5,0,0,ARKON STREET SOUTH & 3395,1,1,0,0,3,4,0,0,35,0,0,0,0,0,4,1,14
,2020-11972,39.74894,-104.99949,9/15/2020 11:17,11:17:00,2,0,0,15TH STREET & MARKET STREET,1,1,0,0,1,1,0,0,25,1,0,0,0,0,4,2,14
,2020-11973,39.6242,-105.09514,9/29/2020 13:20,13:20:00,1,0,0,8700 WEST BELLEVIEW AVENUE & SOUTH DUDLEY STREET,1,1,0,0,1,3,0,0,30,0,0,0,0,0,4,2,1
,2020-11974,39.72491,-104.99638,9/15/2020 11:45,11:45:00,6,0,0,500 NORTH GALAPAGO STREET & WEST FIFTH AVENUE,1,1,0,0,1,4,0,0,25,0,0,0,0,0,4,2,7
,2020-11975,39.71625,-104.94985,9/21/2020 14:31,14:31:00,1,0,0,NORTH STEELE STREET & EAST ELLSWORTH AVENUE,1,1,0,0,1,1,0,0,30,0,0,0,0,1,4,2,4
,2020-11976,39.68932,-104.94063,9/15/2020 9:35,9:35:00,12,0,0,FLORIDA AVENUE EAST & COLORADO BOULEVARD SOUTH,1,1,1,0,1,3,0,0,35,0,0,0,0,0,2,2,3
,2020-11977,39.75473,-104.90581,9/15/2020 11:21,11:21:00,5,0,0,EAST 26TH AVENUE & NORTH PONTIAC STREET,1,1,0,0,3,4,0,0,30,0,0,0,0,0,4,1,10
,2020-11978,39.7783,-104.90343,9/29/2020 13:19,13:19:00,15,0,0,NORTHFIEL QUEBEC STREET NORTH & I70 EASTBOUND,1,1,0,0,1,1,0,0,30,0,0,0,0,0,2,2,13
,2020-11979,39.77904297,-104.9246552,9/18/2020 16:01,16:01:00,12,0,0,I70 EASTBOUND & GRAPE STREET,1,1,0,0,1,4,0,0,65,0,0,0,0,0,1,3,3
,2020-11980,39.66638,-105.02605,9/17/2020 22:10,22:10:00,6,0,0,2700 SOUTH GREEN COURT & WEST AMHERST AVENUE,1,3,0,0,1,4,0,0,30,0,0,0,0,0,4,3,4
,2020-11981,39.72818,-104.98361,9/15/2020 7:18,7:18:00,15,0,0,700 NORTH GRANT STREET & EAST SEVENTH AVENUE,1,1,1,0,1,4,0,0,30,0,0,0,0,0,4,2,13
,2020-11982,39.73501,-104.99203,9/15/2020 7:30,7:30:00,5,0,0,CHEROKEE STREET NORTH  & 12TH AVENUE WEST,1,1,0,0,3,5,0,0,25,0,0,0,0,0,4,1,13
,2020-11983,39.78371,-104.91998,8/22/2020 12:06,12:06:00,6,0,0,IVY STREET & 4700 NORTH,1,1,1,0,1,4,0,0,25,0,0,0,0,0,4,2,13
,2020-11984,39.76737,-104.90081,9/19/2020 10:35,10:35:00,1,0,0,EAST 36TH AVENUE & NORTH ROSLYN STREET,1,1,0,0,1,1,0,0,25,0,0,0,0,0,4,3,7
,2020-11985,39.66774,-105.08146,9/15/2020 14:31,14:31:00,12,0,0,WADSWORTH BOULEVARD SOUTH & YALE AVENUE WEST,1,1,0,0,1,4,0,0,40,0,0,0,0,0,2,2,3
,2020-11986,39.70022,-104.90822,9/21/2020 18:00,18:00:00,12,0,0,SOUTH ONEIDA STREET & LEETSDALE DRIVE,1,1,0,0,1,3,0,0,25,0,0,0,0,0,4,2,3
,2020-11987,39.67844,-104.93398,9/21/2020 19:00,19:00:00,12,0,0,I25 SOUTHBOUND EXIT RAMP  TO & EVANS AVENUE EAST,1,1,0,0,1,4,0,0,55,0,0,0,0,0,1,2,3
,2020-11988,39.79810151,-104.8355989,9/16/2020 18:17,18:17:00,5,0,0,56TH AVENUE EAST & UVALDA STREET NORTH,1,1,0,0,3,1,0,0,25,0,0,0,0,0,4,1,7
,2020-11989,39.78314,-105.00642,9/19/2020 18:00,18:00:00,9,0,1,PECOS STREET NORTH & I70 EASTBOUND,1,1,0,0,1,3,0,0,35,0,0,0,1,3,4,1,1
,2020-11990,39.74678,-104.99186,9/19/2020 18:31,18:31:00,10,0,0,17TH STREET  & STOUT STREET,1,1,0,0,1,2,0,0,30,0,0,0,0,0,4,2,7
,2020-11991,39.77828,-104.91288,9/15/2020 14:22,14:22:00,15,0,0,I70 EASTBOUND & MONACO STREET NORTH,1,1,0,0,1,4,0,1,55,0,0,0,0,0,1,2,13
,2020-11992,39.77456,-104.75252,9/19/2020 16:41,16:41:00,6,0,0,42ND AVENUE & 20180 EAST,1,1,0,0,1,4,0,0,15,0,0,0,0,0,4,3,14
,2020-11993,39.77668,-104.80991,9/18/2020 16:22,16:22:00,2,0,0,CHAMBERS ROAD NORTH & 46TH AVENUE EAST,1,1,0,0,1,1,0,0,40,1,0,0,0,0,4,2,1
,2020-11994,39.69231554,-104.9769304,9/18/2020 23:29,23:29:00,15,0,0,I25 NORTHBOUND & EMERSON STREET SOUTH,1,3,0,0,1,4,0,0,65,0,0,0,0,0,1,2,5
,2020-11995,39.71106254,-105.0251884,9/18/2020 9:25,9:25:00,12,0,0,FEDERAL BOULEVARD  & ALAMEDA AVENUE WEST,1,1,0,0,1,4,0,0,40,0,0,0,0,0,2,2,13
,2020-11996,39.65311,-104.89876,9/19/2020 15:22,15:22:00,1,0,1,HAMPDEN AVENUE EAST & TAMARAC DRIVE SOUTH,1,1,0,0,1,1,0,0,40,0,0,0,0,1,2,2,3
,2020-11997,39.76536,-104.9526,9/19/2020 14:24,14:24:00,6,0,0,MILWAUKEE STREET NORTH & 3439,1,1,0,0,1,4,0,0,25,0,0,0,0,0,4,2,16
,2020-11998,39.74197,-104.88465,9/15/2020 13:43,13:43:00,3,0,0,EAST 16TH AVENUE & NORTH YOSEMITE STREET,1,1,0,0,1,1,0,0,25,0,0,0,0,0,4,2,13
,2020-11999,39.69746,-104.86596,9/18/2020 20:02,20:02:00,12,0,0,1000 SOUTH HAVANA STREET & EAST MISSISSIPPI AVENUE,1,3,0,0,1,3,0,0,45,0,0,0,0,1,4,2,3
,2020-12000,39.69634,-105.00108,7/20/2020 14:51,14:51:00,12,0,0,1100 WEST MISSISSIPPI AVENUE & SOUTH PLATTE RIVER DRIVE,1,1,0,0,1,4,0,0,30,0,0,0,0,0,4,3,13