id,drcog_id,latitude,longitude,crashtime,time,crashtype,numbkilled,numbinjurd,drcoglocat,rdconditin,lightngcon,roadcntgrd,weatherco,location,roaddescrp,schoolzone,constrzone,splimit,bikeinv,pedinv,sctrinv,motoinv,svrty,rdsystem,ttlvehcls,hcf
,2020-12001,39.68229,-105.0532,9/15/2020 12:03,12:03:00,14,0,0,SHERIDAN SOUTH BOULEVARD & JEWELL AVENUE WEST,1,1,0,0,1,4,0,0,40,0,0,0,0,0,2,2,3
,2020-12002,39.71656,-104.98625,9/18/2020 23:52,23:52:00,11,0,1,ELLSWORTH AVENUE EAST & LINCOLN STREET NORTH,1,3,0,0,1,1,0,0,30,0,1,0,0,2,4,1,14
,2020-12003,39.77714,-104.88298,9/14/2020 22:51,22:51:00,12,0,0,I70 EASTBOUND & CENTRAL PARK BOULEVARD NORTH,1,3,0,0,1,4,0,1,55,0,0,0,0,0,1,2,16
,2020-12004,39.65318,-104.86811,9/19/2020 20:16,20:16:00,5,0,0,HAMPDEN AVENUE EAST & GALENA STREET SOUTH,1,3,0,0,2,1,0,0,40,0,0,0,0,0,2,1,2
,2020-12005,39.78369,-104.77447,9/15/2020 10:00,10:00:00,3,0,2,GREEN VALLEY RANCH BOULEVARD EAST & YAMPA STREET NORTH,1,1,0,0,1,1,0,0,35,0,0,0,0,1,4,2,13
,2020-12006,39.79063,-104.84034,9/19/2020 2:13,2:13:00,6,0,0,TUCSON WAY & 5282 NORTH,1,3,0,0,1,4,0,0,25,0,0,0,0,0,4,2,13
,2020-12007,39.71156,-104.94071,9/29/2020 12:32,12:32:00,10,0,0,COLORADO BOULEVARD SOUTH & ALAMEDA AVENUE EAST,1,1,0,0,1,1,0,0,35,0,0,0,0,0,2,2,16
,2020-12008,39.72573,-105.01809,9/19/2020 13:26,13:26:00,12,0,1,SIXTH AVENUE WEST  & FEDERAL BOULEVARD NORTH,1,1,1,0,1,4,0,0,55,0,0,0,0,1,2,2,8
,2020-12009,39.6948,-104.98745,9/14/2020 18:00,18:00:00,10,0,0,EAST ARIZONA AVENUE & SOUTH BROADWAY STREET,1,1,0,0,1,1,0,0,25,0,0,0,0,0,4,2,1
,2020-12010,39.72162,-105.05327,9/15/2020 8:54,8:54:00,12,0,0,SHERIDAN BOULEVARD NORTH  & FIFTH AVENUE WEST,1,1,0,0,1,4,0,0,35,0,0,0,0,0,2,3,14
,2020-12011,39.76202,-105.01584,9/15/2020 13:18,13:18:00,1,0,0,WEST 32ND AVENUE & NORTH ZUNI STREET,1,1,1,0,1,1,0,0,30,0,0,0,0,0,4,2,13
,2020-12012,39.71895,-105.03247,9/19/2020 13:03,13:03:00,12,0,0,100 NORTH KNOX COURT & WEST FIRST AVENUE,1,1,1,0,1,4,0,0,30,0,0,0,0,0,4,4,13
,2020-12013,39.68439,-105.03907,9/19/2020 2:36,2:36:00,5,0,0,WEST COLORADO AVENUE & SOUTH PATTON COURT,1,4,0,0,2,1,0,0,30,0,0,0,0,1,4,1,5
,2020-12014,39.63428,-104.9071,9/21/2020 17:20,17:20:00,12,0,0,I25 SOUTHBOUND & I225 NORTHBOUND,1,1,0,0,1,4,0,0,65,0,0,0,0,0,1,2,3
,2020-12015,39.78561,-105.01176,9/10/2020 16:08,16:08:00,3,0,0,49TH AVENUE WEST  & TEJON STREET NORTH,1,1,0,0,1,5,0,0,25,0,0,0,0,0,4,2,9
,2020-12016,39.67764,-104.98286,9/15/2020 6:41,6:41:00,6,0,0,LOGAN STREET SOUTH  & EVANS AVENUE EAST,1,1,0,0,1,4,0,0,30,0,0,0,0,0,4,2,16
,2020-12017,39.75121,-105.01749,9/18/2020 23:16,23:16:00,3,0,0,23RD AVENUE WEST  & I25 SOUTHBOUND OFF RAMP,1,3,0,0,1,1,0,0,30,0,0,0,0,0,1,2,13
,2020-12019,39.73727,-104.89875,9/16/2020 10:40,10:40:00,8,0,2,EAST 13TH AVENUE & NORTH SYRACUSE STREET,1,1,1,0,1,1,0,0,30,0,0,0,0,3,4,2,13
,2020-12020,39.74009,-105.00281,9/24/2020 17:26,17:26:00,1,0,0,COLFAX AVENUE WEST AVENUE & MARIPOSA STREET NORTH,1,1,0,0,1,1,0,0,35,0,0,0,0,0,2,2,13
,2020-12021,39.72928754,-105.0251884,9/15/2020 8:10,8:10:00,15,0,0,SIXTH AVENUE WEST & FEDERAL BOULEVARD NORTH,1,1,0,0,1,4,0,0,45,0,0,0,0,0,2,2,2
,2020-12022,39.72548053,-105.0130699,9/19/2020 15:34,15:34:00,12,0,0,I25 NORTHBOUND & SIXTH AVENUE WEST,1,1,0,0,1,4,0,0,65,0,0,0,0,0,1,2,13
,2020-12023,39.71833,-104.97391,9/14/2020 22:50,22:50:00,1,0,1,CORONA STREET NORTH & SPEER BOULEVARD EAST,1,3,0,0,1,1,0,0,35,0,0,0,0,1,4,2,13
,2020-12024,39.77714,-104.88298,9/18/2020 8:30,8:30:00,15,0,0,I70 EASTBOUND EXIT RAMP  TO & CENTRAL PARK BOULEVARD NORTH,1,1,0,0,1,4,0,0,35,0,0,0,0,0,1,2,13
,2020-12025,39.72909,-104.9874,9/15/2020 14:10,14:10:00,10,0,0,EAST EIGHTH AVENUE & NORTH BROADWAY STREET,1,1,1,0,1,1,0,0,30,0,0,0,0,0,4,2,8
,2020-12026,39.69662,-104.98277,9/18/2020 17:54,17:54:00,1,0,0,MISSISSIPPI AVENUE EAST & LOGAN STREET SOUTH,1,1,0,0,1,1,0,0,30,0,0,0,0,0,4,2,13
,2020-12027,39.71935,-104.99695,9/15/2020 9:26,9:26:00,6,0,0,700 WEST SECOND AVENUE & NORTH INCA STREET,1,1,0,0,1,4,0,0,25,0,0,0,0,0,4,2,3
,2020-12028,39.72548053,-105.0130699,9/29/2020 13:20,13:20:00,12,0,1,I25 NORTHBOUND & SIXTH AVENUE EAST,1,1,0,0,1,4,0,0,65,0,0,0,0,2,1,2,10
,2020-12029,39.84929,-104.67381,9/22/2020 4:10,4:10:00,5,0,0,PENA BOULEVARD & 9400,1,3,1,0,5,4,0,0,25,0,0,0,0,0,3,1,16
,2020-12030,39.78009,-104.94067,9/18/2020 11:15,11:15:00,3,0,0,I70 WB EXIT RAMP TO & COLORADO BOULEVARD NORTH [SB],1,1,1,0,1,1,0,1,35,0,0,0,0,0,2,2,8
,2020-12031,39.71119,-104.99714,9/18/2020 11:17,11:17:00,12,0,0,SOUTH SANTA FE DRIVE & WEST ALAMEDA AVENUE,1,1,0,0,1,4,0,0,35,0,0,0,0,0,4,2,13
,2020-12032,39.77211,-104.96594,9/17/2020 21:00,21:00:00,6,0,0,3900 NORTH WILLIAMS STREET & EAST 40TH AVENUE,1,4,0,0,1,4,0,0,30,0,0,0,0,0,4,2,5
,2020-12033,39.70751,-104.90351,9/18/2020 11:41,11:41:00,3,0,0,EAST VIRGINIA AVENUE & SOUTH QUEBEC STREET,1,1,0,0,1,1,0,0,30,0,0,0,0,0,4,2,13
,2020-12034,39.72534,-104.91257,9/4/2020 9:15,9:15:00,3,0,0,SIXTH AVENUE EAST & MONACO STREET NORTH,1,1,0,0,1,1,0,0,35,0,0,0,0,0,4,2,13
,2020-12035,39.72517,-105.01314,9/13/2020 2:17,2:17:00,15,0,2,I25 NORTHBOUND & SIXTH AVENUE WEST,1,3,0,0,1,4,0,0,60,0,0,0,0,3,1,2,16
,2020-12036,39.77401,-104.84704,8/27/2020 23:00,23:00:00,5,0,0,PEORIA STREET NORTH & I70 EASTBOUND,1,3,0,0,3,1,0,0,35,0,0,0,0,0,4,1,16
,2020-12038,39.69476,-104.94063,9/17/2020 17:25,17:25:00,3,0,0,COLORADO BOULEVARD SOUTH & ARIZONA AVENUE EAST,1,1,0,0,1,3,0,0,40,0,0,0,0,0,2,2,3
,2020-12039,39.63208,-105.10991,6/17/2020 16:57,16:57:00,12,0,0,4500 SOUTH KIPLING STREET & WEST STANFORD AVENUE,1,1,0,0,1,4,0,0,30,0,0,0,0,0,4,2,13
,2020-12040,39.72749796,-105.025116,9/17/2020 20:45,20:45:00,11,0,1,FEDERAL BOULEVARD WEST & 700,1,4,0,0,1,4,0,0,0,0,1,0,0,1,2,1,16
,2020-12041,39.71121,-104.9989,9/18/2020 13:14,13:14:00,12,0,0,I25 NORTHBOUND & ALAMEDA AVENUE WEST,1,1,1,0,1,4,0,0,55,0,0,0,0,0,1,2,1
,2020-12042,39.77017,-105.04286,9/24/2020 15:30,15:30:00,6,0,0,3800 NORTH STUART STREET & WEST 38TH AVENUE,1,1,0,0,1,4,0,0,25,0,0,0,0,0,4,2,13
,2020-12044,39.68051,-105.02503,8/30/2020 21:55,21:55:00,15,0,0,SOUTH FEDERAL BOULEVARD & WEST ASBURY AVENUE,1,3,0,0,1,1,0,0,35,0,0,0,0,0,4,2,13
,2020-12045,39.76202,-105.01181,9/9/2020 16:25,16:25:00,1,0,0,32ND AVENUE WEST & UMATILLA STREET NORTH,1,1,0,0,1,3,0,0,25,0,0,0,0,0,4,2,7
,2020-12046,39.75668,-105.03814,9/21/2020 12:50,12:50:00,6,0,0,OSCEOLA STREET & 2600 NORTH,1,1,0,0,1,4,0,0,25,0,0,0,1,0,4,2,3
,2020-12047,39.7112,-105.00065,9/18/2020 8:55,8:55:00,6,0,0,SOUTH PLATTE RIVER DRIVE & WEST ALAMEDA AVENUE,1,1,0,0,1,1,0,0,25,0,0,0,0,0,4,2,13
,2020-12048,39.73059,-105.03446,9/18/2020 9:50,9:50:00,6,0,0,WEST NINTH AVENUE & NORTH LINLEYCT,1,1,0,0,1,4,0,0,25,0,0,0,0,0,4,2,16
,2020-12049,39.78314,-105.00642,9/24/2020 16:46,16:46:00,15,0,0,I70 EASTBOUND & PECOS STREET NORTH,1,1,1,0,1,4,0,0,65,0,0,0,0,0,1,2,13
,2020-12050,39.75597,-104.90197,9/24/2020 17:21,17:21:00,3,0,0,28TH AVENUE 7300 EAST & QUEBEC STREET NORTH,1,1,0,0,1,2,0,0,25,0,0,0,0,0,4,2,13
,2020-12051,39.73988,-104.94917,9/3/2020 22:16,22:16:00,6,0,1,COLFAX AVENUE EAST  & STEELE STREET NORTH,1,3,0,0,1,4,0,0,30,0,0,0,0,1,2,3,13
,2020-12052,39.78423,-105.02519,9/18/2020 13:02,13:02:00,1,0,1,FEDERAL BOULEVARD NORTH & I70 EASTBOUND,1,1,1,0,1,1,0,0,35,0,0,0,0,1,2,2,13
,2020-12053,39.75132,-105.01653,9/12/2020 19:39,19:39:00,12,0,2,I25 NORTHBOUND & 23RD AVENUE WEST,1,3,0,0,1,4,0,0,55,0,0,0,0,1,1,3,1
,2020-12054,39.75132,-105.01653,9/9/2020 16:55,16:55:00,12,0,1,I25 NORTHBOUND & 23RD AVENUE WEST,1,1,0,0,1,4,0,0,65,0,0,0,0,1,1,5,1
,2020-12055,39.8333815,-104.771969,9/21/2020 23:59,23:59:00,5,0,0,PENA BOULEVARD  & TOWER ROAD,1,3,0,0,3,4,0,0,45,0,0,0,0,0,4,1,7
,2020-12056,39.7794,-104.97915,9/17/2020 21:45,21:45:00,1,0,1,I70 EASTBOUND EXIT RAMP TO & WASHINGTON STREET NORTH,1,3,0,0,1,1,0,0,35,0,0,0,0,1,4,2,13
,2020-12057,39.65312,-104.90303,9/29/2020 9:20,9:20:00,1,0,0,HAMPDEN AVENUE EAST  & TAMARAC DRIVE SOUTH,1,1,0,0,1,2,0,0,40,0,0,0,0,0,2,2,13
,2020-12058,39.65565,-105.05321,9/18/2020 11:50,11:50:00,3,0,0,SHERIDAN BOULEVARD SOUTH  & DARTMOUTH AVENUE WEST,1,1,0,0,1,1,0,0,30,0,0,0,0,0,2,2,13
,2020-12059,39.78024,-105.04861,9/18/2020 12:39,12:39:00,5,0,0,46TH AVENUE WEST & WOLFF STREET NORTH,1,1,1,0,2,1,0,0,30,0,0,0,0,0,4,1,16
,2020-12060,39.78377,-104.94062,9/17/2020 16:15,16:15:00,1,0,0,3900 EAST 48TH AVENUE & NORTH JACKSON STREET,1,1,0,0,1,4,0,0,35,0,0,0,0,0,4,2,1
,2020-12061,39.73921,-104.97763,9/18/2020 17:05,17:05:00,15,0,0,1400 NORTH CLARKSON STREET & EAST COLFAX AVENUE,1,1,1,0,1,4,0,0,30,0,0,0,0,0,4,2,13
,2020-12062,39.76567,-104.94057,9/15/2020 5:15,5:15:00,1,0,2,35TH AVENUE EAST & COLORADO BOULEVARD NORTH,1,3,0,0,1,1,0,0,35,0,0,0,0,3,2,2,13
,2020-12063,39.73601,-104.97413,9/15/2020 9:00,9:00:00,15,0,0,1200 NORTH CORONA STREET & EAST 13TH AVENUE,1,1,0,0,1,4,0,0,25,0,0,0,0,0,4,2,14
,2020-12064,39.74198,-104.95003,9/15/2020 6:58,6:58:00,6,0,1,3200 EAST 16TH AVENUE & NORTH STEELE STREET,1,1,0,0,1,4,0,0,25,0,0,0,0,3,4,2,10
,2020-12065,39.74619,-104.98549,9/17/2020 20:30,20:30:00,12,0,0,19TH AVENUE & 100 EAST,1,3,0,0,1,3,0,0,20,0,0,0,0,0,4,2,13
,2020-12066,39.78117,-105.03459,9/24/2020 16:57,16:57:00,12,0,0,4600 NORTH LOWELL BOULEVARD & WEST 46TH AVENUE,1,1,0,0,1,4,0,0,30,0,0,0,0,0,4,2,13
,2020-12067,39.77051,-105.00059,9/17/2020 17:09,17:09:00,6,0,0,NORTH KALAMATH STREET & WEST 39TH AVENUE,1,1,0,0,1,4,0,0,25,0,0,0,0,0,4,2,1
,2020-12068,39.70714,-104.88518,9/22/2020 17:52,17:52:00,12,0,0,9400 EAST ALAMEDA AVENUE & SOUTH CLINTON STREET,1,1,0,0,1,4,0,0,35,0,0,0,0,1,4,2,1
,2020-12069,39.65308,-104.91826,9/24/2020 17:55,17:55:00,12,0,2,HAMPDEN AVENUE EAST & I25 NORTHBOUND ENTRANCE / EXIT RAMPS,1,1,0,0,1,1,0,0,35,0,0,0,0,1,2,2,13
,2020-12070,39.74000353,-104.9920099,9/18/2020 9:25,9:25:00,15,0,1,I70 WB EXIT RAMP  TO & NORTHFIELD QUEBEC STREET NORTH NORTHBOUND,1,1,1,0,1,4,0,0,55,0,0,0,0,1,1,3,13
,2020-12071,39.74000353,-104.9920099,9/27/2020 13:12,13:12:00,9,0,0,I70 EASTBOUND OFF RAMP SPLIT TO & YORK STREET NORTH / 45TH AVENUE EAST,1,1,1,0,1,8,0,0,20,0,0,0,0,0,1,1,7
,2020-12072,39.85023448,-104.6736108,9/18/2020 16:55,16:55:00,6,0,0,PENA BOULEVARD  & 8400,1,1,0,0,5,4,0,0,15,0,0,0,0,0,3,2,13
,2020-12073,39.69746,-104.86596,9/17/2020 15:55,15:55:00,12,0,0,1000 SOUTH HAVANA STREET & EAST MISSISSIPPI AVENUE,1,1,0,0,1,3,0,0,35,0,0,0,0,0,4,2,3
,2020-12074,39.74379,-104.95005,9/22/2020 18:08,18:08:00,1,0,0,EAST 17TH AVENUE & NORTH STEELE STREET,1,1,1,0,1,1,0,0,30,0,0,0,0,0,4,2,13
,2020-12075,39.79108,-105.06288,9/18/2020 16:01,16:01:00,12,0,0,I76 WB & 52ND AVENUE WEST,1,1,0,0,1,4,0,0,65,0,0,0,0,0,1,2,1
,2020-12076,39.77482751,-104.7345515,9/12/2020 20:35,20:35:00,3,0,0,PICADILLY ROAD NORTH & 42ND AVENUE EAST,1,3,0,0,1,1,0,0,40,0,0,0,0,1,4,2,5
,2020-12077,39.77995,-104.94067,9/5/2020 1:21,1:21:00,5,0,0,COLORADO BOULEVARD NORTH & I70 EASTBOUND ENTRANCE / EXIT RAMPS,1,3,0,0,3,1,0,0,35,0,0,0,0,0,2,1,5
,2020-12078,39.74507,-105.00952,9/18/2020 14:54,14:54:00,12,0,0,SEVENTH STREET & AURARIA PARKWAY,1,1,1,0,1,3,0,0,30,0,0,0,0,0,4,2,16
,2020-12079,39.77109,-104.84704,9/19/2020 13:42,13:42:00,12,0,0,NORTH PEORIA STREET & EAST 39TH AVENUE,1,1,0,0,1,4,0,0,30,0,0,0,0,0,4,3,14
,2020-12080,39.72907,-104.98112,9/18/2020 13:57,13:57:00,15,0,0,EAST EIGHTH AVENUE & NORTH PENNSYLVANIA STREET,1,1,0,0,1,3,0,0,30,0,0,0,0,0,4,2,13
,2020-12081,39.67846,-104.91281,9/18/2020 8:21,8:21:00,15,0,0,EVANS AVENUE EAST & MONACO STREET SOUTH,1,1,0,0,1,4,0,0,35,0,0,0,0,0,4,2,13
,2020-12082,39.72094,-104.98745,9/21/2020 14:30,14:30:00,12,0,0,THIRD AVENUE EAST & BROADWAY STREET NORTH,1,1,0,0,1,1,0,0,30,0,0,0,0,0,4,2,13
,2020-12083,39.75965,-105.01315,9/18/2020 18:21,18:21:00,3,0,1,WEST 30TH AVENUE & NORTH VALLEJO STREET,1,1,1,0,1,1,0,0,25,0,0,0,1,2,4,2,16
,2020-12084,39.67847,-104.94182,9/24/2020 16:47,16:47:00,12,0,0,3900 EAST EVANS AVENUE & SOUTH COLORADO BOULEVARD,1,1,0,0,1,4,0,0,40,0,0,0,1,1,4,2,8
,2020-12085,39.74158,-104.9899,9/18/2020 5:37,5:37:00,15,0,0,COURT PLACE & 15TH STREET,1,1,0,0,1,1,0,0,25,0,0,0,0,0,4,2,13
,2020-12087,39.77728,-104.88278,9/24/2020 16:31,16:31:00,12,0,0,I70 WB & CENTRAL PARK BOULEVARD NORTH,1,1,0,0,1,4,0,0,65,0,0,0,0,0,4,3,3
,2020-12088,39.63291,-105.09003,7/6/2020 17:59,17:59:00,5,0,0,SOUTH BALSAM WAY & WEST TUFTS AVENUE,1,1,0,0,3,4,0,0,30,0,0,0,0,0,4,1,13
,2020-12090,39.66927,-104.99196,8/7/2020 20:30,20:30:00,14,0,0,2600 SOUTH DELAWARE STREET & WEST YALE AVENUE,1,2,0,0,1,4,0,0,25,0,0,0,0,0,4,2,5
,2020-12091,39.73999,-104.95978,9/4/2020 7:35,7:35:00,3,0,0,COLFAX AVENUE EAST & YORK STREET NORTH,1,1,0,0,1,1,0,0,30,0,0,0,0,0,2,2,14
,2020-12093,39.77856252,-104.9034184,8/22/2020 22:11,22:11:00,12,0,0,QUEBEC STREET NORTH & I70 WB ENTRANCE / EXIT RAMPS,1,3,0,0,1,1,0,0,35,0,0,0,0,1,2,3,13
,2020-12094,39.69657,-104.94061,8/24/2020 10:10,10:10:00,12,0,0,COLORADO BOULEVARD SOUTH & MISSISSIPPI AVENUE EAST,1,1,0,0,1,4,0,0,40,0,0,0,0,0,2,2,13
,2020-12096,39.72053,-105.03971,7/6/2020 21:07,21:07:00,6,0,0,200 NORTH PERRY STREET & WEST THIRD AVENUE,1,3,0,0,1,4,0,0,25,0,0,0,0,0,4,2,13
,2020-12098,39.7592,-105.00936,8/8/2020 19:40,19:40:00,15,0,0,2500 KENSING COURT & BOULDER STREET,1,2,1,0,1,4,0,0,15,0,0,0,0,0,4,2,1
,2020-12099,39.69866054,-105.0250804,8/14/2020 19:37,19:37:00,12,0,0,FEDERAL BOULEVARD SOUTH  & TENNESSEE AVENUE WEST,1,1,0,0,1,4,0,0,30,0,0,0,0,1,2,2,7
,2020-12101,39.68489489,-104.9510043,8/24/2020 14:31,14:31:00,12,0,0,I25 NORTHBOUND & 38TH AVENUE WEST,1,1,0,0,1,4,0,0,65,0,0,0,0,0,1,2,13
,2020-12102,39.74015,-104.89875,8/3/2020 15:27,15:27:00,12,0,0,COLFAX AVENUE EAST & SYRACUSE STREET NORTH,1,1,0,0,1,3,0,0,35,0,0,0,0,0,2,2,16
,2020-12104,39.75129,-105.01679,8/5/2020 14:40,14:40:00,15,0,0,I25 SOUTHBOUND & 23RD AVENUE WEST,1,1,0,0,1,4,0,0,55,0,0,0,0,1,1,2,16
,2020-12107,39.74017,-104.95128,7/13/2020 17:10,17:10:00,12,0,0,COLFAX AVENUE EAST & STREET PAUL STREET NORTH,1,1,0,0,1,3,0,0,,0,0,0,0,0,2,2,16
,2020-12132,39.69313,-105.04374,8/12/2020 17:26,17:26:00,3,0,0,LOUISIANA AVENUE WEST & TENNYSON STREET SOUTH,1,1,0,0,1,1,0,0,25,0,0,0,0,0,4,2,3
,2020-12147,39.67846,-104.9252,7/10/2020 14:47,14:47:00,3,0,0,SOUTH GRAPE STREET & EAST EVANS AVENUE,1,1,0,0,1,1,0,0,35,0,0,0,0,0,4,3,7
,2020-12158,39.73594,-104.9784,7/9/2020 8:00,8:00:00,6,0,0,WASHINGTON STREET NORTH & 1234,1,1,0,0,1,4,0,0,25,0,0,0,1,0,4,2,3
,2020-12188,39.68039,-105.02475,7/12/2020 21:36,21:36:00,15,0,0,FEDERAL BOULEVARD SOUTH  & ASBURY AVENUE WEST,1,3,0,0,1,4,0,0,40,0,0,0,0,0,2,3,1
,2020-12189,39.74015,-104.91243,7/12/2020 4:04,4:04:00,12,0,1,COLFAX AVENUE EAST  & MONACO STREET NORTH,1,3,0,0,1,3,0,0,35,0,0,0,0,3,2,2,2
,2020-12194,39.78260803,-104.9985394,7/22/2020 22:51,22:51:00,9,0,0,I70 EASTBOUND & MM 282,1,3,0,0,1,4,0,1,65,0,0,0,1,0,1,1,16
,2020-12234,39.69711,-104.98272,8/12/2020 17:12,17:12:00,12,0,0,I25 SOUTHBOUND EXIT RAMP TO & WASHINGTON STREET SOUTH,1,1,1,0,1,4,0,0,60,0,0,0,0,0,1,2,13
,2020-12242,39.76188,-104.94058,7/10/2020 18:30,18:30:00,12,0,0,COLORADO BOULEVARD NORTH  & MLK BOULEVARD EAST,1,1,0,0,1,3,0,0,35,0,0,0,0,0,2,2,1
,2020-12246,39.62388854,-104.9012157,8/27/2020 15:50,15:50:00,12,0,0,I25 SOUTHBOUND EXIT RAMP TO & BELLEVIEW AVENUE EAST,1,1,0,0,1,1,0,0,25,0,0,0,0,0,2,2,3
,2020-12247,39.7794,-104.97915,8/27/2020 22:41,22:41:00,15,0,0,I70 EASTBOUND EXIT RAMP  TO & WASHINGTON STREET NORTH,1,3,0,0,1,8,0,0,55,0,0,0,0,0,1,2,5
,2020-12271,39.72254,-104.98918,9/8/2020 14:30,14:30:00,6,0,0,ACOMA STREET NORTH & 400,9,1,0,2,1,4,0,0,,0,0,0,0,0,4,2,13
,2020-12274,39.63324,-104.90632,9/9/2020 8:55,8:55:00,15,0,0,I25 NORTHBOUND & I225 NORTHBOUND ENTRANCE RAMP,11,1,0,2,1,4,0,0,65,0,0,0,0,1,1,2,16
,2020-12277,39.74226553,-104.9993404,9/8/2020 21:08,21:08:00,11,0,1,CHAMPA STREET & SPEER BOULEVARD,11,3,0,2,1,4,0,0,0,0,1,0,0,3,4,1,16
,2020-12278,39.70206,-104.94069,9/18/2020 16:12,16:12:00,12,0,0,COLORADO BOULEVARD SOUTH & OHIO AVENUE EAST,1,1,1,0,1,3,0,0,40,0,0,0,0,0,2,3,1
,2020-12279,39.70024,-104.91809,9/8/2020 21:24,21:24:00,6,0,0,6000 EAST KENTUCKY AVENUE & SOUTH JASMINE STREET,11,3,0,2,1,4,0,0,25,0,0,0,0,0,4,2,5
,2020-12280,39.74016,-104.89756,8/19/2020 7:49,7:49:00,10,0,0,COLFAX AVENUE EAST & SPRUCE STREET NORTH,1,1,0,0,1,1,0,0,30,0,0,0,0,0,2,3,1
,2020-12289,39.75143,-105.02198,7/3/2020 1:25,1:25:00,6,0,0,2300 NORTH DECATUR STREET & WEST WESLEY AVENUE,1,3,0,0,1,4,0,0,25,0,0,0,0,0,4,2,14
,2020-12292,39.76322,-105.01586,9/14/2020 21:28,21:28:00,12,0,0,NORTH ZUNI STREET & WEST 33RD AVENUE,1,3,0,0,1,3,0,0,25,0,0,0,0,0,4,2,13
,2020-12308,39.70719,-104.86827,9/9/2020 9:38,9:38:00,3,0,0,GALENA WAY SOUTH & VIRGINIA AVENUE EAST,1,1,0,0,1,1,0,0,25,0,0,0,0,0,4,2,13
,2020-12309,39.71116,-105.02151,9/9/2020 10:00,10:00:00,3,0,0,ALAMEDA AVENUE WEST & DALE COURT SOUTH,1,1,1,0,1,1,0,1,25,0,0,0,0,0,2,2,13
,2020-12310,39.77842,-104.90357,9/21/2020 13:45,13:45:00,12,0,0,I70 WB & NORTHFIELD QUEBEC STREET NORTH,1,1,0,0,1,4,0,0,65,0,0,0,0,0,1,2,13
,2020-12311,39.77995,-104.94067,9/22/2020 12:28,12:28:00,15,0,0,COLORADO BOULEVARD NORTH & I70 EASTBOUND EXIT RAMP,1,1,0,0,1,1,0,0,15,0,0,0,0,0,2,2,8
,2020-12312,39.76207,-105.02882,9/20/2020 21:43,21:43:00,12,0,0,NORTH SPEER BOULEVARD & WEST 32ND AVENUE,1,3,0,0,1,1,0,0,35,0,0,0,0,1,4,2,3
,2020-12315,39.76182899,-104.8972444,9/9/2020 7:55,7:55:00,3,0,0,EAST 32ND AVENUE & NORTH QUEBEC STREET,1,1,0,0,1,1,0,0,35,0,0,0,0,0,4,2,7
,2020-12316,39.69711,-104.98272,9/21/2020 8:20,8:20:00,15,0,0,I25 SOUTHBOUND & LOGAN STREET SOUTH,1,1,0,0,1,4,0,0,65,0,0,0,0,0,1,2,13
,2020-12317,39.66944,-105.02886,9/20/2020 20:55,20:55:00,6,0,0,HOOKER STREET SOUTH  & YALE AVENUE WEST,1,3,0,0,1,4,0,0,25,0,0,0,0,0,4,3,6
,2020-12318,39.77401,-104.84703,9/21/2020 14:40,14:40:00,15,0,0,I70 EASTBOUND & PEORIA STREET NORTH,1,1,0,0,1,4,0,0,55,0,0,0,0,0,1,2,3
,2020-12319,39.79824,-104.84718,9/21/2020 14:46,14:46:00,12,0,0,EAST 56TH AVENUE & NORTH PEORIA STREET,1,1,0,0,1,4,0,0,35,0,0,0,0,0,4,2,3
,2020-12321,39.73871,-104.89875,9/22/2020 14:30,14:30:00,12,0,0,EAST 14TH AVENUE & NORTH SYRACUSE STREET,1,1,0,0,1,4,0,0,30,0,0,0,0,0,4,2,1
,2020-12322,39.76094953,-105.0043309,9/21/2020 16:16,16:16:00,12,0,0,I25 & 20TH STREET,1,1,0,0,1,4,0,0,55,0,0,0,0,0,1,2,13
,2020-12323,39.76443,-105.00644,9/21/2020 0:26,0:26:00,6,0,0,NORTH PECOS STREET & WEST 34TH AVENUE,1,3,1,0,1,4,0,0,25,0,0,0,0,0,4,2,13
,2020-12324,39.78004,-104.98919,9/22/2020 16:16,16:16:00,12,0,0,I70 EASTBOUND EXIT RAMP TO & I25 NORTHBOUND / SOUTHBOUND RAMP SPLIT,1,1,0,0,1,8,0,0,55,0,0,0,0,0,1,2,13
,2020-12325,39.83598859,-104.6717086,9/18/2020 16:38,16:38:00,12,0,0,7800 PENA BOULEVARD OUTBOUND & SHADY GROVE STREET,1,1,0,0,1,4,0,0,45,0,0,0,0,0,4,2,1
,2020-12326,39.67731,-105.05327,9/19/2020 12:51,12:51:00,12,0,0,SHERIDAN BOULEVARD SOUTH  & EVANS AVENUE WEST,1,1,0,0,1,4,0,0,35,0,0,0,0,0,2,2,13
,2020-12328,39.68229,-105.0532,9/22/2020 14:34,14:34:00,12,0,0,SHERIDAN BOULEVARD SOUTH & JEWELL AVENUE WEST,1,1,1,0,1,4,0,0,35,0,0,0,0,0,2,2,1
,2020-12329,39.77747,-104.99232,9/20/2020 11:39,11:39:00,6,0,0,DELAWARE STREET NORTH  & 45TH AVENUE WEST,1,1,0,0,1,4,0,0,25,0,0,0,0,0,4,2,16
,2020-12330,39.69737,-105.02848,9/21/2020 8:35,8:35:00,6,0,0,1000 SOUTH HOOKER STREET & WEST MISSISSIPPI AVENUE,1,1,0,0,1,4,0,0,25,0,0,0,0,0,4,2,13