id,drcog_id,latitude,longitude,crashtime,time,crashtype,numbkilled,numbinjurd,drcoglocat,rdconditin,lightngcon,roadcntgrd,weatherco,location,roaddescrp,schoolzone,constrzone,splimit,bikeinv,pedinv,sctrinv,motoinv,svrty,rdsystem,ttlvehcls,hcf
,2020-12331,39.75513553,-105.0127189,9/20/2020 21:24,21:24:00,15,0,0,I25 NORTHBOUND & SPEER BOULEVARD NORTH,1,3,0,0,1,4,0,0,55,0,0,0,0,0,1,2,13
,2020-12332,39.69854,-104.90354,9/22/2020 15:46,15:46:00,1,0,0,LEETSDALE DRIVE & SOUTH QUEBEC STREET,1,1,0,0,1,1,0,0,40,0,0,0,0,1,4,3,13
,2020-12333,39.78364,-104.79138,9/22/2020 16:07,16:07:00,1,0,0,EAST GREEN VALLEY RANCH BOULEVARD & PENA BOULEVARD OUTBOUND,1,1,0,0,1,1,0,0,40,0,0,0,0,0,4,2,13
,2020-12334,39.7654,-104.9026,9/18/2020 16:55,16:55:00,10,0,0,EAST 35TH AVENUE & NORTH QUEBEC STREET,1,1,0,0,1,2,0,0,35,0,0,0,0,0,4,2,16
,2020-12335,39.77587152,-104.8659199,9/21/2020 17:01,17:01:00,12,0,0,I70 EASTBOUND & HAVANA STREET NORTH,1,1,0,0,1,4,0,0,55,0,0,0,0,0,1,2,14
,2020-12336,39.76323,-104.95734,9/21/2020 13:51,13:51:00,3,0,0,EAST 33RD AVENUE & NORTH COLUMBINE STREET,1,1,0,0,1,1,0,0,25,0,0,0,0,0,4,2,13
,2020-12337,39.70184,-104.99892,9/22/2020 14:34,14:34:00,3,0,0,JASON STREET SOUTH  & TENNESSEE AVENUE WEST,1,1,0,0,1,2,0,0,15,0,0,0,0,1,4,2,3
,2020-12338,39.67001354,-105.0427699,9/20/2020 23:37,23:37:00,5,0,1,STUARD STREET SOUTH  & STUART STREET SOUTH,1,4,0,0,3,3,0,0,25,0,0,0,0,1,4,1,5
,2020-12339,39.73925,-104.98619,9/21/2020 5:52,5:52:00,12,0,0,1400 NORTH LINCOLN STREET & EAST COLFAX AVENUE,1,3,0,0,1,4,0,0,30,0,0,0,0,0,4,2,13
,2020-12340,39.72646,-104.98743,9/20/2020 13:14,13:14:00,10,0,0,600 NORTH BROADWAY STREET & SIXTH AVENUE,1,1,0,0,1,1,0,0,30,0,0,0,0,0,4,2,8
,2020-12341,39.67852,-104.98757,9/22/2020 13:30,13:30:00,12,0,0,EAST EVANS AVENUE & SOUTH BROADWAY STREET,1,1,0,0,1,1,0,0,35,0,0,0,0,0,4,2,3
,2020-12342,39.67841954,-104.9336584,9/20/2020 23:28,23:28:00,12,0,0,I25 NORTHBOUND & EVANS AVENUE EAST,1,3,0,0,1,4,0,0,65,0,0,0,0,0,1,2,13
,2020-12343,39.65309,-104.91535,9/16/2020 15:20,15:20:00,12,0,0,HAMPDEN AVENUE EAST & LOCUST STREET SOUTH,1,1,0,0,1,1,0,0,35,0,0,0,0,0,2,2,3
,2020-12344,39.72548053,-105.0130699,9/21/2020 10:39,10:39:00,12,0,0,I25 SOUTHBOUND & SIXTH AVENUE WEST,1,1,0,0,1,4,0,0,65,0,0,0,0,0,1,2,3
,2020-12345,39.70477,-104.96871,9/21/2020 14:17,14:17:00,6,0,0,600 SOUTH FRANKLIN STREET & EAST CENTER AVENUE,1,1,0,0,1,3,0,0,25,0,0,0,0,0,4,2,1
,2020-12346,39.77728,-104.88278,9/22/2020 12:17,12:17:00,12,0,0,I70 WB EXIT RAMP  TO & CENTRAL PARK BOULEVARD NORTH,1,1,0,0,1,4,0,0,55,0,0,0,0,0,1,2,1
,2020-12347,39.72554,-105.01313,9/21/2020 12:24,12:24:00,12,0,0,I25 NORTHBOUND & SIXTH AVENUE WEST,1,1,0,0,1,8,0,0,65,0,0,0,0,1,1,2,7
,2020-12348,39.73428,-104.95861,9/21/2020 12:20,12:20:00,6,0,0,JOSEPHINE STREET & 1100 NORTH,1,1,1,0,1,4,0,0,25,0,0,0,0,0,4,2,13
,2020-12350,39.76095,-105.00433,9/17/2020 6:36,6:36:00,15,0,0,I25 NORTHBOUND ENTRANCE RAMP  FROM & 20TH STREET,1,1,1,0,1,8,0,0,35,0,0,0,0,0,1,2,3
,2020-12351,39.70898,-104.87538,9/8/2020 17:40,17:40:00,10,0,0,EAST ALAMEDA AVENUE & SOUTH DAYTON STREET,11,1,0,2,1,1,0,0,35,0,0,0,0,1,4,2,3
,2020-12352,39.73515,-104.9823,9/10/2020 8:57,8:57:00,15,0,0,EAST 12TH AVENUE & NORTH LOGAN STREET,1,1,0,0,1,1,0,0,25,0,0,0,0,0,4,2,14
,2020-12353,39.71464,-104.94069,9/22/2020 14:35,14:35:00,3,0,0,COLORADO BOULEVARD SOUTH & BAYAUD AVENUE EAST,1,1,0,0,1,1,0,0,35,0,0,0,0,1,2,2,3
,2020-12354,39.68229,-105.0532,9/9/2020 5:38,5:38:00,3,0,0,SHERIDAN BOULEVARD SOUTH & JEWELL AVENUE WEST,11,3,1,2,1,1,0,0,40,0,0,0,0,1,2,3,1
,2020-12355,39.75147,-104.99798,9/20/2020 15:25,15:25:00,15,0,0,17TH STREET  & WAZEE STREET,1,1,0,0,1,4,0,0,30,0,0,0,0,0,4,2,13
,2020-12356,39.73828,-104.94066,9/22/2020 15:12,15:12:00,12,0,0,COLORADO BOULEVARD NORTH & 14TH AVENUE EAST,1,1,0,0,1,1,0,0,35,0,0,0,0,0,2,2,3
,2020-12357,39.74015,-104.90346,9/20/2020 23:02,23:02:00,3,0,1,COLFAX AVENUE EAST & QUEBEC STREET NORTH,1,3,0,0,1,1,0,0,35,0,0,0,0,1,2,2,5
,2020-12358,39.71131,-104.89289,9/20/2020 6:13,6:13:00,9,0,1,ALAMEDA AVENUE EAST & 8600,1,2,0,0,1,4,0,0,40,0,0,0,0,2,4,1,16
,2020-12359,39.77842,-104.90357,9/21/2020 7:15,7:15:00,12,0,0,NORTHFIELD QUEBEC STREET NORTH & I70 WB,1,1,0,0,1,8,0,1,25,0,0,0,0,0,4,2,13
,2020-12361,39.77179,-104.90402,9/20/2020 20:57,20:57:00,12,0,0,SMITH ROAD 7200 EAST & QUEBEC STREET,1,3,0,0,1,1,0,0,35,0,0,0,0,0,4,2,13
,2020-12362,39.79091,-105.01667,9/14/2020 22:40,22:40:00,5,0,0,ALCOTT STREET & 5190 NORTH,1,3,0,0,2,4,0,0,30,0,0,0,0,0,4,1,13
,2020-12363,39.73681,-104.9586,9/21/2020 7:27,7:27:00,10,0,0,EAST 13TH AVENUE & NORTH JOSEPHINE STREET,11,1,0,0,1,1,0,0,30,0,0,0,0,0,4,2,7
,2020-12364,39.75161,-104.90816,9/21/2020 3:00,3:00:00,6,0,0,2300 NORTH ONEIDA STREET & EAST 23RD AVENUE,1,3,0,0,1,4,0,0,25,0,0,0,0,0,4,2,16
,2020-12365,39.67843753,-104.9127289,9/22/2020 16:07,16:07:00,12,0,0,6500 EAST EVANS AVENUE & SOUTH MONACO STREET,1,1,0,0,1,1,0,0,35,0,0,0,0,0,4,2,13
,2020-12366,39.76480153,-105.0532414,9/8/2020 17:55,17:55:00,12,0,0,SHERIDAN BOULEVARD SOUTH  & 34TH AVENUE,11,1,0,2,1,3,0,0,30,0,0,0,0,0,2,3,3
,2020-12367,39.78015,-104.93165,9/22/2020 11:02,11:02:00,15,0,0,I70 WB ENTRANCE RAMP  FROM & DAHLIA STREET NORTH,1,1,0,0,1,4,0,1,55,0,0,0,0,0,1,2,13
,2020-12368,39.77421,-104.84704,9/15/2020 2:17,2:17:00,5,0,2,I70 WB ENTRANCE RAMP FROM & PEORIA STREET NORTH,1,3,0,0,2,8,0,0,55,0,0,0,0,2,1,1,16
,2020-12370,39.76303,-104.89254,9/21/2020 8:00,8:00:00,3,0,0,NORTH UNITA STREET & EAST 33RD AVENUE,1,1,0,0,1,1,0,0,25,0,0,0,0,0,4,2,13
,2020-12371,39.78238752,-104.8470784,9/10/2020 8:38,8:38:00,12,0,0,12100 EAST 47TH AVENUE & NORTH PEORIA STREET,1,1,0,0,1,3,0,0,30,0,0,0,0,0,4,2,14
,2020-12372,39.70213,-104.98753,9/8/2020 18:30,18:30:00,3,0,0,BROADWAY STREET SOUTH & OHIO AVENUE EAST,11,1,0,2,1,1,0,0,30,0,0,0,0,0,4,2,3
,2020-12373,39.73287,-104.9598,9/21/2020 11:20,11:20:00,10,0,0,YORK STREET NORTH  & 11TH AVENUE EAST,1,1,0,0,1,3,0,0,30,0,0,0,0,0,4,2,8
,2020-12374,39.74011,-105.00007,9/21/2020 17:11,17:11:00,15,0,0,WEST COLFAX AVENUE & NORTH KALAMATH STREET,1,1,0,0,1,3,0,0,35,0,0,0,0,0,4,2,16
,2020-12375,39.70898,-104.87538,9/8/2020 16:50,16:50:00,12,0,0,EAST ALAMEDA AVENUE & SOUTH DAYTON STREET,11,1,0,2,1,1,0,0,35,0,0,0,0,1,4,2,13
,2020-12376,39.75485,-105.05324,9/21/2020 20:55,20:55:00,12,0,0,WEST 26TH AVENUE & NORTH SHERIDAN BOULEVARD,1,3,0,0,1,1,0,0,35,0,0,0,0,0,4,2,13
,2020-12378,39.69566,-104.90351,9/22/2020 17:00,17:00:00,3,0,0,SOUTH QUEBEC STREET & EAST MISSISSIPPI AVENUE,1,1,0,0,1,1,0,0,30,0,0,0,0,0,4,3,1
,2020-12381,39.78011,-104.98956,9/22/2020 15:48,15:48:00,12,0,0,I70 EASTBOUND COLLECTOR RAMP & I25 NORTHBOUND / SOUTHBOUND SPLIT,1,1,0,0,1,8,0,0,65,0,0,0,0,0,1,2,1
,2020-12382,39.65429953,-104.8734127,9/20/2020 12:29,12:29:00,1,0,0,GIRARD AVENUE & 10200 EAST,1,1,1,0,1,2,0,0,25,0,0,0,0,0,4,2,1
,2020-12383,39.68946,-104.97343,9/22/2020 14:57,14:57:00,10,0,0,1400 SOUTH DOWNING STREET & EAST ARKANSAS AVENUE,1,1,0,0,1,1,0,0,30,0,0,0,0,0,4,2,7
,2020-12384,39.65305,-104.92934,9/8/2020 19:00,19:00:00,12,0,0,HAMPDEN AVENUE EAST & ELM STREET SOUTH,11,3,0,2,1,1,0,0,35,0,0,0,0,0,2,2,3
,2020-12385,39.78021,-104.98919,9/8/2020 21:15,21:15:00,5,0,0,I70 WB & I25 NORTHBOUND,7,3,0,2,3,4,0,0,65,0,0,0,0,1,1,1,5
,2020-12386,39.67916,-105.05326,9/15/2020 19:57,19:57:00,8,0,0,EVANS AVENUE WEST & SHERIDAN BOULEVARD SOUTH,1,3,0,0,1,1,0,0,35,0,0,0,0,0,2,2,16
,2020-12387,39.74741,-104.99628,9/18/2020 19:30,19:30:00,6,0,0,ARAPAHOE STREET  & 16TH STREET,1,3,0,0,1,4,0,0,30,0,0,0,0,0,4,2,13
,2020-12388,39.62413,-104.88526,9/16/2020 8:40,8:40:00,12,0,0,SOUTH YOSEMITE STREET & EAST BELLEVIEW AVENUE,1,1,0,0,1,3,0,0,35,0,0,0,0,0,4,2,13
,2020-12389,39.76188,-104.94058,9/10/2020 8:34,8:34:00,12,0,0,EAST MLK BOULEVARD & NORTH COLORADO BOULEVARD,1,1,0,0,1,1,0,0,30,0,0,0,0,0,4,2,13
,2020-12390,39.72413,-104.99858,9/15/2020 23:00,23:00:00,11,0,0,SANTA FE DRIVE NORTH & FIFTH AVENUE WEST,1,3,0,0,1,4,0,0,35,0,1,0,0,0,4,1,16
,2020-12391,39.73677553,-104.9461594,9/16/2020 18:00,18:00:00,6,0,0,MADISON STREET & EAST 13TH STREET,1,2,0,0,1,4,0,0,25,0,0,0,0,0,4,2,13
,2020-12392,39.76094953,-105.0043309,9/11/2020 22:50,22:50:00,12,0,0,I25 NORTHBOUND & 20TH STREET,1,3,1,0,1,4,0,0,65,0,0,0,1,1,1,2,3
,2020-12393,39.68766,-105.03064,9/15/2020 20:48,20:48:00,6,0,0,IOWA AVENUE WEST  & IRVING STREET SOUTH,1,4,0,0,1,4,0,0,25,0,0,0,0,0,4,3,1
,2020-12394,39.74016,-104.94862,9/16/2020 10:08,10:08:00,15,0,0,COLFAX AVENUE EAST  & STEELE STREET NORTH,1,1,0,0,1,3,0,0,35,0,0,0,0,0,2,2,14
,2020-12395,39.71657,-105.03247,9/15/2020 18:57,18:57:00,3,0,0,SOUTH KNOX COURT & WEST ELLSWORTH AVENUE,1,2,0,0,1,1,0,0,30,0,0,0,0,0,4,2,13
,2020-12396,39.73849,-105.05207,9/16/2020 12:30,12:30:00,3,0,0,ZENOBIA STREET NORTH & 14TH AVENUE WEST,1,1,0,0,1,1,0,0,25,0,0,0,0,0,4,2,13
,2020-12397,39.66762,-104.90351,9/16/2020 11:10,11:10:00,3,0,1,EAST YALE AVENUE & SOUTH QUEBEC STREET,1,1,0,0,1,1,0,0,30,0,0,0,0,3,4,2,13
,2020-12398,39.71104,-104.96031,9/16/2020 9:23,9:23:00,15,0,0,ALAMEDA AVENUE EAST  & UNIVERSITY BOULEVARD SOUTH,1,1,0,0,1,3,0,0,30,0,0,0,0,0,4,2,13
,2020-12399,39.66768,-104.97349,9/10/2020 5:45,5:45:00,3,0,0,SOUTH DOWNING STREET & EAST YALE AVENUE,1,1,0,0,1,1,0,0,30,0,0,0,0,1,4,2,16
,2020-12400,39.77995,-104.94051,9/11/2020 23:04,23:04:00,12,0,0,I70 WB & COLORADO BOULEVARD NORTH,1,3,0,0,1,4,0,1,45,0,0,0,0,0,1,2,13
,2020-12401,39.77667,-104.84703,9/15/2020 15:30,15:30:00,1,0,0,PEORIA STREET NORTH & 44TH AVENUE EAST,1,1,0,0,1,1,0,0,35,0,0,0,0,0,4,2,13
,2020-12402,39.70734,-104.94074,9/16/2020 0:40,0:40:00,5,0,0,EAST CHERRY CREEK NORTH DRIVE & SOUTH COLORADO BOULEVARD,1,3,0,0,3,4,0,0,30,0,0,0,0,0,4,1,16
,2020-12403,39.70883,-104.93057,9/16/2020 9:32,9:32:00,15,0,0,4800 LEETSDALE DRIVE & SOUTH DAHLIA STREET,1,1,0,0,1,4,0,0,35,0,0,0,0,0,4,2,13
,2020-12404,39.70811,-104.92698,9/16/2020 13:49,13:49:00,12,0,0,LEETSDALE DRIVE & FOREST STREET SOUTH,1,1,0,0,1,3,0,0,40,0,0,0,0,0,2,2,2
,2020-12405,39.73836,-104.94892,9/15/2020 21:44,21:44:00,6,0,0,3200 EAST 14TH AVENUE & NORTH STEELE STREET,1,3,1,0,1,4,0,0,30,0,0,0,0,0,4,3,3
,2020-12406,39.77288,-104.94055,9/15/2020 18:32,18:32:00,1,0,0,NORTH COLORADO BOULEVARD & EAST 40TH AVENUE,1,1,0,0,1,1,0,0,30,0,0,0,0,1,4,2,16
,2020-12407,39.68589,-105.02506,9/19/2020 11:44,11:44:00,9,0,0,FEDERAL BOULEVARD SOUTH & MEXICO AVENUE WEST,1,1,1,0,3,1,0,0,,0,0,0,0,0,2,1,16
,2020-12408,39.73687,-104.97069,9/10/2020 10:57,10:57:00,3,0,0,EAST 13TH AVENUE & NORTH LAFAYETTE STREET,1,1,0,0,1,1,0,0,25,0,0,0,0,0,4,2,13
,2020-12409,39.78625,-105.00642,9/9/2020 20:42,20:42:00,10,0,0,NORTH PECOS STREET & WEST 50TH AVENUE,1,3,0,0,1,1,0,0,35,0,0,0,0,0,4,2,13
,2020-12410,39.70385353,-104.9593399,9/9/2020 14:00,14:00:00,12,0,0,SOUTH UNIVERSITY BOULEVARD & EAST EXPOSITION AVENUE,1,1,0,0,1,3,0,0,30,0,0,0,0,0,4,2,16
,2020-12411,39.72196,-104.96943,9/9/2020 22:29,22:29:00,2,0,1,47TH AVENUE EAST & HUMBOLDT STREET NORTH,1,4,0,0,1,1,0,0,0,1,0,0,0,3,4,2,16
,2020-12412,39.75323653,-104.9745184,9/11/2020 21:31,21:31:00,14,0,0,NORTH ODGEN STREET & EAST 25TH AVENUE,1,3,0,0,1,4,0,0,25,0,0,0,0,0,4,2,16
,2020-12413,39.7783,-104.90343,9/16/2020 13:15,13:15:00,15,0,0,NORTHFIELD QUEBEC STREET NORTH & I70 EASTBOUND ENTRANCE / EXIT RAMPS,1,1,0,0,1,1,0,0,35,0,0,0,0,0,2,2,8
,2020-12414,39.67487,-105.00177,9/16/2020 15:18,15:18:00,3,0,0,WEST ILIFF AVENUE & SOUTH LIPAN STREET,1,1,0,0,1,1,0,0,25,0,0,0,0,1,4,2,14
,2020-12415,39.76533798,-104.8903395,9/11/2020 21:10,21:10:00,15,0,0,I270 EASTBOUND DIRECT CONNECT & CENTRAL PARK BOULEVARD,1,3,1,0,1,4,0,0,65,0,0,0,0,1,1,2,14
,2020-12416,39.69666,-104.99188,9/18/2020 15:15,15:15:00,12,0,0,SANTA FE DRIVE SOUTH & MISSISSIPPI AVENUE WEST,1,1,0,0,1,3,0,0,45,0,0,0,0,0,2,2,13
,2020-12417,39.66034,-104.95944,9/9/2020 15:15,15:15:00,3,0,0,UNIVERSITY BOULEVARD SOUTH & DARTMOUTH AVENUE EAST,1,1,0,0,1,1,0,0,30,0,0,0,0,0,4,2,3
,2020-12418,39.74002,-104.97479,9/9/2020 16:00,16:00:00,12,0,0,COLFAX AVENUE EAST & OGDEN STREET NORTH,1,1,0,0,1,1,0,0,30,0,0,0,0,1,2,2,16
,2020-12419,39.69657,-104.94061,9/10/2020 0:38,0:38:00,12,0,0,COLORADO BOULEVARD SOUTH & MISSISSIPPI AVENUE EAST,1,3,0,0,1,4,0,0,30,0,0,0,0,0,2,2,16
,2020-12420,39.76928,-105.02407,9/15/2020 20:16,20:16:00,12,0,0,2900 WEST 38TH AVENUE & NORTH ELIOT STREET,1,3,0,0,1,4,0,0,35,0,0,0,1,1,4,3,1
,2020-12421,39.77421,-104.84704,9/11/2020 20:30,20:30:00,5,0,0,I70 WB & PEORIA STREET NORTH,1,4,0,0,3,4,0,0,65,0,0,0,0,0,1,1,2
,2020-12422,39.73801,-105.02587,9/16/2020 15:23,15:23:00,12,0,0,3000 WEST 14TH AVENUE & NORTH FEDERAL BOULEVARD,1,1,1,0,1,4,0,0,30,0,0,0,0,0,4,2,13
,2020-12423,39.79254,-104.77206,9/15/2020 22:29,22:29:00,1,0,0,ELMENDORF DRIVE EAST & TOWER ROAD NORTH,1,3,0,0,1,1,0,0,45,0,0,0,0,0,4,2,7
,2020-12424,39.7783,-104.90343,9/16/2020 14:00,14:00:00,15,0,0,NORTHFIELD QUEBEC STREET NORTH & I70 EASTBOUND ENTRANCE / EXIT RAMPS,1,1,0,0,1,1,0,0,35,0,0,0,0,0,2,2,8
,2020-12425,39.74373253,-104.9406289,9/9/2020 11:36,11:36:00,12,0,0,COLORADO BOULEVARD NORTH  & 17TH AVENUE EAST,1,1,1,0,1,3,0,0,35,0,0,0,0,0,2,3,14
,2020-12426,39.76936,-105.02761,9/22/2020 13:13,13:13:00,3,0,0,38TH AVENUE WEST & GROVE STREET NORTH,1,1,0,0,1,1,0,0,25,0,0,0,0,0,4,2,8
,2020-12427,39.7859,-104.77213,9/18/2020 16:30,16:30:00,1,0,0,49TH AVENUE EAST & TOWER ROAD NORTH,1,1,0,0,1,1,0,0,35,0,0,0,0,0,4,2,1
,2020-12428,39.75444,-105.02522,9/16/2020 11:40,11:40:00,12,0,0,FEDERAL BOULEVARD NORTH  & 26TH AVENUE WEST,1,1,0,0,1,4,0,0,30,0,0,0,0,1,2,2,13
,2020-12429,39.74044,-105.01416,9/16/2020 16:08,16:08:00,15,0,0,I25 SOUTHBOUND & COLFAX AVENUE WEST,1,1,0,0,1,4,0,0,55,0,0,0,0,0,1,2,14
,2020-12431,39.71495054,-105.0396784,9/9/2020 20:44,20:44:00,6,0,0,PERRY STREET & WEST BAYAUD AVENUE,1,3,0,0,1,4,0,0,25,0,0,0,0,0,4,2,3
,2020-12433,39.72552,-105.01336,9/15/2020 17:29,17:29:00,15,0,0,I25 SOUTHBOUND & SIXTH AVENUE WEST,1,1,1,0,1,4,0,0,55,0,0,0,0,1,1,2,7
,2020-12434,39.75604,-105.02993,9/16/2020 8:50,8:50:00,1,0,0,NORTH IRVING STREET & WEST 27TH AVENUE,1,1,0,0,1,1,0,0,30,0,0,0,0,0,4,2,13
,2020-12436,39.72832,-104.93831,9/9/2020 19:53,19:53:00,6,0,0,700 NORTH ASH STREET & EIGHTH AVENUE,1,1,0,0,1,4,0,0,30,0,0,0,0,0,4,2,16
,2020-12437,39.68294,-104.94055,9/15/2020 18:41,18:41:00,9,0,1,I25 SOUTHBOUND & UNIVERSITY BOULEVARD,1,2,1,0,1,4,0,0,60,0,0,0,0,1,1,2,7
,2020-12438,39.77894,-104.95824,9/9/2020 16:30,16:30:00,3,0,0,45TH AVENUE EAST & JOSEPHINE STREET NORTH,1,1,0,0,1,1,0,0,35,0,0,0,0,0,4,2,3
,2020-12439,39.78423,-105.02519,9/15/2020 17:19,17:19:00,12,0,0,I70 EASTBOUND EXIT RAMP  & FEDERAL BOULEVARD NORTH,1,1,1,0,1,8,0,0,55,0,0,0,0,0,1,2,13
,2020-12441,39.77872,-104.92229,9/15/2020 9:39,9:39:00,12,0,0,NORTH HOLLY STREET & EAST STAPLETON NORTH DRIVE,1,1,0,0,1,3,0,0,30,0,0,0,0,0,4,2,3
,2020-12442,39.65308,-104.91845,9/15/2020 16:15,16:15:00,15,0,0,I25 SOUTHBOUND EXIT  TO & HAMPDEN AVENUE EAST,1,1,0,0,1,4,0,0,65,0,0,0,0,0,1,2,14
,2020-12444,39.71779,-104.94071,9/15/2020 15:19,15:19:00,12,0,0,EAST FIRST AVENUE & NORTH COLORADO BOULEVARD,1,1,0,0,1,1,0,0,35,0,0,0,0,0,4,2,13
,2020-12447,39.70434,-105.04254,9/14/2020 19:33,19:33:00,3,0,1,MORRISON ROAD & 4200,1,3,0,0,1,2,0,0,25,0,0,0,0,2,4,2,13
,2020-12449,39.74044,-105.01397,9/16/2020 8:21,8:21:00,12,0,0,I25 NORTHBOUND & COLFAX AVENUE WEST,1,1,0,0,1,4,0,0,65,0,0,0,0,0,1,2,13
,2020-12451,39.75455,-104.97336,9/10/2020 19:41,19:41:00,1,0,0,EAST 26TH AVENUE & NORTH DOWNING STREET,1,2,0,0,1,1,0,0,30,0,0,0,0,0,4,2,13
,2020-12454,39.71121,-104.99913,9/10/2020 17:10,17:10:00,12,0,0,I25 SOUTHBOUND EXIT RAMP  TO & ALAMEDA AVENUE WEST,1,1,0,0,1,4,0,0,65,0,0,0,0,1,1,4,13
,2020-12456,39.78027,-104.98956,9/15/2020 15:17,15:17:00,9,0,0,I70 WB & I25 SOUTHBOUND,1,1,0,0,1,4,0,0,55,0,0,0,0,0,1,1,16
,2020-12457,39.69,-104.97342,9/10/2020 16:56,16:56:00,12,0,0,I25 NORTHBOUND & DOWNING STREET SOUTH,1,1,0,0,1,4,0,0,55,0,0,0,0,1,1,2,4
,2020-12459,39.67851,-104.98879,9/15/2020 14:30,14:30:00,12,0,0,WEST EVANS AVENUE & SOUTH ACOMA STREET,1,1,0,0,1,3,0,0,35,0,0,0,0,0,4,2,3
,2020-12460,39.77389,-105.04342,9/22/2020 11:15,11:15:00,6,0,0,4300 WEST 42ND AVENUE & NORTH TENNYSON STREET,1,1,0,0,1,5,0,0,25,0,0,0,0,0,4,2,1
,2020-12461,39.7878419,-104.9443418,9/12/2020 4:19,4:19:00,15,0,0,I70 WB ENTRANCE RAMP  FROM & VASQUEZ BOULEVARD,1,4,0,0,1,8,0,0,65,0,0,0,0,0,1,2,1
,2020-12464,39.75817,-104.97304,1/17/2020 18:00,18:00:00,8,0,0,1200 EAST 29TH AVENUE & NORTH MARION STREET,1,3,0,0,1,4,0,0,25,0,0,0,0,0,4,2,10
,2020-12466,39.74127,-105.04518,9/15/2020 16:31,16:31:00,6,0,0,UTICA STREET NORTH  & COLFAX AVENUE WEST,1,1,0,0,1,4,0,0,30,0,0,0,0,0,4,2,16
,2020-12481,39.66777255,-105.0517699,8/12/2020 18:58,18:58:00,5,0,0,ZURICH COURT SOUTH  & YALE AVENUE WEST,1,1,2,0,2,4,0,0,20,0,0,0,0,1,4,2,14
,2020-12489,39.68294,-104.94055,8/12/2020 16:53,16:53:00,12,0,0,I25 SOUTHBOUND & COLORADO BOULEVARD SOUTH,1,1,0,0,1,4,0,0,60,0,0,0,0,0,1,3,3
,2020-12504,39.67513,-105.02507,8/12/2020 18:35,18:35:00,12,0,0,FEDERAL BOULEVARD SOUTH & ILIFF AVENUE WEST,1,1,1,0,1,3,0,0,40,0,0,0,0,0,2,2,3
,2020-12510,39.83808332,-104.7154712,8/12/2020 10:55,10:55:00,15,0,0,78TH AVENUE EAST & GUN CLUB ROAD NORTH,1,1,0,0,1,1,0,0,25,0,0,0,0,0,4,2,13
,2020-12515,39.7448,-104.96347,5/15/2020 14:09,14:09:00,6,0,0,NORTH RACE STREET & EAST 18TH AVENUE,1,1,0,0,1,4,0,0,25,0,0,0,0,0,4,3,1
,2020-12527,39.81734806,-104.9733217,9/26/2020 13:46,13:46:00,5,0,1,DOWNING STREET & 0 NORTH,1,1,0,0,2,3,0,0,35,0,0,0,0,2,4,1,1
,2020-12529,39.72554,-105.01313,9/26/2020 14:01,14:01:00,12,0,0,I25 NORTHBOUND & SIXTH AVENUE EASTBOUND EXIT RAMP,1,1,1,0,1,4,0,0,50,0,0,0,0,1,1,5,13
,2020-12538,39.74003,-104.9811,9/25/2020 19:42,19:42:00,11,0,0,COLFAX AVENUE EAST & PENNSYLVANIA STREET NORTH,1,3,0,0,1,1,0,0,0,0,1,0,0,1,2,1,16
,2020-12544,39.77654,-105.00643,9/25/2020 20:07,20:07:00,3,0,0,NORTH PECOS STREET & WEST 44TH AVENUE,1,3,0,0,1,1,0,0,25,0,0,0,0,1,4,2,5
,2020-12546,39.69,-104.97342,9/26/2020 19:17,19:17:00,15,0,0,I25 NORTHBOUND & DOWNING STREET SOUTH,1,3,0,0,1,4,0,0,65,0,0,0,0,0,1,2,13
,2020-12554,39.72548053,-105.0130699,9/26/2020 12:24,12:24:00,12,0,0,I25 NORTHBOUND & SIXTH AVENUE EAST,1,1,0,0,1,4,0,0,60,0,0,0,0,0,1,3,13
,2020-12555,39.68137,-105.02979,9/25/2020 19:24,19:24:00,3,0,0,SOUTH JULIAN CIRCLE & SOUTH IRVING STREET,1,3,0,0,1,1,0,0,25,0,0,0,0,0,4,2,1
,2020-12567,39.78928,-104.84709,9/25/2020 20:10,20:10:00,15,0,0,EAST 51ST AVENUE & NORTH PEORIA STREET,1,3,0,0,1,1,0,0,25,0,0,0,0,0,4,2,5
,2020-12569,39.64752,-105.05324,9/25/2020 16:40,16:40:00,3,0,0,SHERIDAN BOULEVARD SOUTH & LEHIGH AVENUE WEST,1,1,0,0,1,1,0,0,35,0,0,0,0,0,1,2,3
,2020-12575,39.73291,-104.94153,9/26/2020 10:25,10:25:00,5,0,0,HARRISON STREET NORTH & 1040,1,1,0,0,3,5,0,0,15,0,0,0,0,0,4,1,13
,2020-12581,39.75513553,-105.0127189,9/10/2020 23:42,23:42:00,9,0,0,I25 SOUTHBOUND & SPEER BOULEVARD EXIT RAMP,1,3,0,0,1,4,0,0,65,0,0,0,0,1,1,1,16
,2020-12583,39.74342,-105.05321,9/25/2020 16:22,16:22:00,1,0,1,17TH AVENUE WEST & SHERIDAN BOULEVARD NORTH,1,1,0,0,1,1,0,0,35,0,0,0,0,2,2,2,13
,2020-12586,39.68227,-105.05726,9/26/2020 11:48,11:48:00,8,0,0,SOUTH DEPEW STREET & WEST JEWELL AVENUE,1,1,0,0,1,1,0,0,,0,0,0,0,0,4,2,1