id,drcog_id,latitude,longitude,crashtime,time,crashtype,numbkilled,numbinjurd,drcoglocat,rdconditin,lightngcon,roadcntgrd,weatherco,location,roaddescrp,schoolzone,constrzone,splimit,bikeinv,pedinv,sctrinv,motoinv,svrty,rdsystem,ttlvehcls,hcf
,2020-12588,39.69657,-104.94061,9/25/2020 22:05,22:05:00,1,0,0,SOUTH COLORADO BOULEVARD & EAST MISSISSIPPI AVENUE,1,3,0,0,1,1,0,0,35,0,0,0,0,1,4,2,13
,2020-12591,39.70692,-104.92403,9/26/2020 0:09,0:09:00,5,0,0,LEETSDALE DRIVE & 5140,1,3,1,0,3,4,0,0,35,0,0,0,0,0,2,1,16
,2020-12592,39.74013,-104.94066,9/25/2020 17:00,17:00:00,15,0,0,COLFAX AVENUE EAST & COLORADO BOULEVARD NORTH,1,1,0,0,1,1,0,0,35,0,0,0,0,0,2,2,13
,2020-12595,39.76796053,-104.9949709,9/26/2020 7:39,7:39:00,5,0,1,I25 SOUTHBOUND & PARK AVENUE WEST,1,1,0,0,2,4,0,0,65,0,0,0,0,1,1,1,2
,2020-12599,39.70041,-105.02508,9/25/2020 23:16,23:16:00,1,0,0,FEDERAL BOULEVARD SOUTH & KENTUCKY AVENUE WEST,1,1,0,0,1,1,0,0,40,0,0,0,0,1,2,2,7
,2020-12600,39.69113,-104.94065,9/26/2020 0:29,0:29:00,3,0,1,ARKANSAS AVENUE EAST & COLORADO BOULEVARD SOUTH,1,3,2,0,1,3,0,0,35,0,0,0,1,3,2,2,13
,2020-12603,39.67676,-105.02505,8/7/2020 16:42,16:42:00,12,0,0,FEDERAL BOULEVARD SOUTH & WARREN AVENUE WEST,1,1,0,0,1,1,0,0,40,0,0,0,0,0,2,3,3
,2020-12604,39.74026,-104.98739,9/25/2020 20:45,20:45:00,11,0,1,BROADWAY STREET NORTH  & 16TH AVENUE EAST,1,3,0,0,1,4,0,0,0,0,1,0,0,2,4,1,16
,2020-12608,39.75278,-104.98741,9/9/2020 8:49,8:49:00,15,0,0,22ND STREET & BROADWAY STREET NORTH,1,1,0,1,1,1,0,0,30,0,0,0,0,0,4,2,1
,2020-12609,39.75844,-104.99714,8/30/2020 21:42,21:42:00,4,0,0,29TH AVENUE WEST & HURON STREET NORTH,1,3,0,0,1,3,0,0,25,0,0,0,0,0,4,1,16
,2020-12610,39.72491,-104.99755,9/23/2020 14:16,14:16:00,12,0,0,500 NORTH INCA STREET & WEST SIXTH AVENUE,1,1,0,0,1,4,0,0,25,0,0,0,0,0,4,2,13
,2020-12611,39.66404,-105.04802,8/2/2020 0:00,,6,0,0,2800 WINONA COURT & EAST AMHERST AVENUE,1,3,0,0,1,4,0,0,25,0,0,0,0,0,4,2,16
,2020-12612,39.73364353,-104.9128009,8/15/2020 5:45,5:45:00,5,0,0,11TH AVENUE EAST & MONACO STREET NORTH,1,2,0,0,4,1,0,0,25,0,0,0,0,0,4,1,14
,2020-12613,39.75278,-104.98741,9/9/2020 11:16,11:16:00,15,0,0,22ND STREET & BROADWAY STREET NORTH,1,1,0,0,1,1,0,0,25,0,0,0,0,0,4,2,13
,2020-12614,39.7794,-104.97915,9/8/2020 14:24,14:24:00,5,0,0,I70 EASTBOUND & WASHINGTON STREET NORTH,11,1,0,1,2,4,0,0,55,0,0,0,0,0,1,1,1
,2020-12615,39.77288,-104.94055,9/23/2020 16:29,16:29:00,15,0,0,COLORADO BOULEVARD NORTH & 40TH AVENUE EAST,1,1,0,0,1,3,0,0,35,0,0,0,0,0,2,2,13
,2020-12616,39.78368,-105.05324,8/19/2020 18:55,18:55:00,6,0,0,I70 WB EXIT RAMP  FROM & SHERIDAN BOULEVARD NORTH,1,1,0,0,1,8,0,0,55,0,0,0,0,0,1,2,5
,2020-12617,39.7182,-105.04939,8/8/2020 20:51,20:51:00,12,0,0,WEST FIRST AVENUE & NORTH XAVIER STREET,1,3,0,0,1,1,0,0,35,0,0,0,0,0,4,2,16
,2020-12618,39.78381,-104.98293,9/6/2020 7:38,7:38:00,5,0,0,48TH AVENUE EAST & CLARK PLACE NORTH,1,1,0,0,3,1,0,0,25,0,0,0,0,0,4,1,16
,2020-12620,39.70013,-104.90822,9/23/2020 13:45,13:45:00,11,0,0,LEETSDALE DRIVE & ONEIDA STREET SOUTH,1,1,0,0,1,3,0,0,35,0,1,0,0,0,2,1,14
,2020-12621,39.74015,-104.91632,8/21/2020 13:55,13:55:00,15,0,0,COLFAX AVENUE EAST & KRAMERIA STREET,1,1,0,0,1,4,0,0,35,0,0,0,0,0,2,2,1
,2020-12622,39.74482,-104.96721,8/28/2020 5:50,5:50:00,11,0,1,18TH AVENUE EAST & GILPIN STREET NORTH,1,1,0,0,1,1,0,0,30,0,1,0,0,3,4,1,5
,2020-12623,39.72559,-105.02514,8/31/2020 0:15,0:15:00,1,0,0,FEDERAL BOULEVARD NORTH & SIXTH AVENUE WB EXIT RAMP,1,3,0,0,1,1,0,0,35,0,0,0,0,0,2,2,1
,2020-12624,39.69654,-104.89816,8/10/2020 17:35,17:35:00,12,0,0,MISSISSIPPI AVENUE EAST & PARKER ROAD SOUTH,1,1,0,0,1,3,0,0,,0,0,0,0,0,2,2,16
,2020-12625,39.72579,-105.03946,8/28/2020 13:00,13:00:00,12,0,0,SIXTH AVENUE WEST & PERRY STREET NORTH,1,1,0,0,1,4,0,0,65,0,0,0,0,0,2,2,5
,2020-12626,39.74000353,-104.9920099,9/10/2020 16:06,16:06:00,15,0,0,I25 NORTHBOUND ENTRANCE RAMP  FROM & SIXTH AVENUE WEST,1,1,0,0,1,8,0,0,65,0,0,0,0,1,1,2,1
,2020-12627,39.72565,-104.98626,8/18/2020 17:30,17:30:00,15,0,0,EAST SIXTH AVENUE & NORTH LINCOLN STREET,1,1,0,0,1,3,0,0,30,0,0,0,0,0,4,2,16
,2020-12628,39.71119,-104.99714,9/8/2020 14:30,14:30:00,12,0,0,WEST ALAMEDA AVENUE & SOUTH SANTA FE DRIVE,9,1,0,0,1,1,0,0,35,0,0,0,0,0,4,2,5
,2020-12629,39.76576,-104.96964,8/8/2020 12:57,12:57:00,6,0,0,HUMBOLDT STREET NORTH & 35TH AVENUE EAST,1,1,0,0,1,4,0,0,,0,0,0,0,0,4,2,16
,2020-12630,39.75107652,-104.9139619,9/23/2020 14:46,14:46:00,12,0,0,EAST 23RD AVENUE WB & LOCUST STREET,1,1,0,0,1,4,0,0,30,0,0,0,0,0,4,2,13
,2020-12631,39.77425152,-104.8471099,9/23/2020 19:23,19:23:00,12,0,1,I70 EASTBOUND ENTRANCE / EXIT RAMP & PEORIA STREET NORTH,1,3,0,0,1,3,0,0,35,0,0,0,0,2,4,2,14
,2020-12633,39.62413,-104.90888,9/25/2020 14:20,14:20:00,12,0,0,6500 EAST BELLEVIEW AVENUE & SOUTH NIAGARA STREET,1,1,0,0,1,3,0,0,35,0,0,0,0,0,4,3,3
,2020-12634,39.73848,-105.03227,9/4/2020 12:00,12:00:00,11,0,0,14TH AVENUE WEST & KNOX COURT NORTH,1,1,0,0,1,1,0,0,25,0,1,0,0,1,4,1,13
,2020-12635,39.75134,-105.02502,8/31/2020 7:18,7:18:00,15,0,0,FEDERAL BOULEVARD NORTH  & 23RD AVENUE WEST,1,1,0,0,1,4,0,0,35,0,0,0,0,0,2,2,5
,2020-12636,39.75949,-104.96595,9/17/2020 15:38,15:38:00,3,0,0,NORTH WILLIAMS STREET & EAST 30TH AVENUE,1,1,0,0,1,1,0,0,30,0,0,0,0,0,4,2,16
,2020-12637,39.77832,-104.92229,8/12/2020 8:30,8:30:00,12,0,0,I70 WB & HOLLY STREET NORTH,1,1,0,0,1,4,0,0,65,0,0,0,0,0,1,2,13
,2020-12638,39.63341,-104.89319,9/25/2020 15:50,15:50:00,3,0,0,TUFTS AVENUE EAST & DTC BOULEVARD SOUTH,1,1,0,0,1,1,0,0,40,0,0,0,0,0,4,2,4
,2020-12639,39.7816,-104.98105,9/8/2020 17:18,17:18:00,6,0,0,4682 NORTH PENNSYLVANIA STREET & 4682 NORTH,9,2,0,2,1,4,0,0,25,0,0,0,0,0,4,2,1
,2020-12640,39.68294,-104.94055,9/10/2020 16:08,16:08:00,12,0,0,I25 SOUTHBOUND & UNIVERSITY BOULEVARD SOUTH,1,1,0,0,1,4,0,0,65,0,0,0,0,0,1,3,13
,2020-12641,39.68486,-104.97342,9/5/2020 19:36,19:36:00,6,0,0,1700 SOUTH DOWNING STREET & EAST MEXICO AVENUE,1,3,0,0,1,4,0,0,30,0,0,0,0,0,4,2,3
,2020-12642,39.7241,-105.05325,8/9/2020 22:15,22:15:00,12,0,0,SHERIDAN BOULEVARD NORTH & FIFTH AVENUE WEST,1,3,0,0,1,3,0,0,35,0,0,0,0,0,2,2,14
,2020-12643,39.73362553,-104.9941114,9/23/2020 15:09,15:09:00,10,0,0,SPEER BOULEVARD & WEST 11TH AVENUE,1,1,0,0,1,1,0,0,35,0,0,0,0,0,4,2,3
,2020-12644,39.78362951,-104.809832,9/23/2020 19:15,19:15:00,1,0,0,GATEWAY AVENUE EAST & CHAMBERS ROAD NORTH,1,3,0,0,1,1,0,0,45,0,0,0,0,1,4,2,13
,2020-12645,39.76335,-104.93166,8/30/2020 16:56,16:56:00,15,0,0,I70 EASTBOUND ENTRANCE RAMP  FROM & MONACO / HOLLY STREET,1,1,0,0,1,4,0,0,55,0,0,0,0,0,1,2,13
,2020-12646,39.68754554,-104.9921719,8/10/2020 8:00,8:00:00,12,0,0,SOUTH SANTA FE BOULEVARD & WEST IOWA STREET,1,1,0,0,1,1,0,0,35,0,0,0,0,0,4,2,13
,2020-12647,39.79998,-104.87965,9/10/2020 16:42,16:42:00,3,0,0,NORTH BOSTON COURT & EAST 57TH AVENUE,1,1,0,0,1,1,0,0,30,0,0,0,0,0,4,2,3
,2020-12648,39.70578,-105.0251,7/29/2020 22:58,22:58:00,12,0,0,FEDERAL BOULEVARD SOUTH  & VIRGINIA AVENUE WEST,1,3,0,0,1,3,0,0,40,0,0,0,0,0,2,2,13
,2020-12649,39.77296,-104.97543,8/18/2020 21:02,21:02:00,14,0,0,38TH STREET & BRIGHTON BOULEVARD NORTH,1,3,0,7,1,1,0,0,35,0,0,0,0,0,4,2,5
,2020-12650,39.74006,-104.98614,8/24/2020 17:30,17:30:00,1,0,1,COLFAX AVENUE EAST & LINCOLN STREET NORTH,1,1,0,0,1,1,0,0,35,0,0,0,1,3,2,2,1
,2020-12651,39.65504,-104.86675,8/30/2020 5:36,5:36:00,5,0,0,HAVANA STREET SOUTH & 3398,1,3,0,0,3,3,0,0,45,0,0,0,0,0,4,1,2
,2020-12652,39.78009,-104.94051,9/25/2020 12:10,12:10:00,12,0,0,I70 WB & COLORADO BOULEVARD NORTH,1,1,0,0,1,4,0,0,65,0,0,0,0,0,1,3,3
,2020-12653,39.74044,-105.01416,9/3/2020 8:40,8:40:00,15,0,0,I25 SOUTHBOUND & COLFAX AVENUE WEST,1,1,0,0,1,4,0,0,55,0,0,0,0,0,1,2,10
,2020-12654,39.80084651,-104.8685479,8/23/2020 3:30,3:30:00,6,0,0,NORTH GALENA STREET & EAST 57TH PLACE,1,3,0,0,1,4,0,0,20,0,0,0,0,0,4,2,16
,2020-12655,39.63874,-105.07177,8/24/2020 16:26,16:26:00,5,0,1,QUINCY AVENUE WEST & 5700,1,1,1,0,3,4,0,0,35,0,0,0,1,3,4,1,14
,2020-12656,39.77704,-104.88004,9/2/2020 6:24,6:24:00,15,0,0,I270 WB DIRECT CONNECT & CENTRAL PARK BOULEVARD,1,1,0,0,1,4,0,0,65,0,0,0,0,0,1,2,13
,2020-12657,39.73929,-104.90198,9/6/2020 0:07,0:07:00,6,0,0,1434 NORTH QUINCE STREET & 1434 NORTH,1,3,0,0,1,4,0,0,25,0,0,0,0,0,4,2,1
,2020-12658,39.72567,-104.99282,9/25/2020 15:52,15:52:00,1,0,0,WEST SIXTH AVENUE & NORTH DELAWARE STREET,1,1,0,0,1,1,0,0,30,0,0,0,0,0,4,4,5
,2020-12659,39.73369,-105.00158,7/31/2020 21:11,21:11:00,2,0,1,11TH AVENUE WEST & LIPAN STREET NORTH,1,3,0,0,1,1,0,0,30,1,0,0,0,2,4,2,16
,2020-12660,39.72771,-105.03006,8/16/2020 1:42,1:42:00,11,0,1,IRVING STREET NORTH & SEVENTH AVENUE WEST,1,3,1,0,1,4,0,0,25,0,1,0,0,3,4,1,16
,2020-12661,39.77401,-104.84703,9/23/2020 15:37,15:37:00,12,0,0,PEORIA STREET NORTH & I70 EASTBOUND ENTRANCE / EXIT RAMPS,1,1,0,0,1,1,0,0,35,0,0,0,0,0,4,2,13
,2020-12662,39.73685,-104.98613,9/23/2020 19:20,19:20:00,15,0,0,LINCOLN STREET NORTH & 13TH AVENUE EAST,1,2,0,0,1,1,0,0,35,0,0,0,0,0,4,2,8
,2020-12664,39.67665,-104.90359,7/28/2020 17:15,17:15:00,15,0,0,EAST EVANS AVENUE & SOUTH QUEBEC STREET,1,1,0,0,1,3,0,0,35,0,0,0,0,0,4,2,16
,2020-12665,39.74198,-105.01459,9/25/2020 14:41,14:41:00,12,0,1,I25 NORTHBOUND & AURARIA PARKWAY,1,1,0,0,1,4,0,0,65,0,0,0,0,3,1,3,10
,2020-12666,39.7085,-105.02509,8/9/2020 22:00,22:00:00,12,0,0,FEDERAL BOULEVARD SOUTH  & VIRGINIA AVENUE WEST,1,3,0,0,1,4,0,0,35,0,0,0,0,1,2,2,16
,2020-12667,39.7386,-105.03189,8/6/2020 18:12,18:12:00,6,0,0,KNOX COURT NORTH  & 14TH AVENUE WEST,1,1,0,0,1,4,0,0,25,0,0,0,0,0,4,5,16
,2020-12668,39.72971053,-104.9912089,9/27/2020 9:38,9:38:00,3,0,0,BANNOCK STREET NORTH & SPEER BOULEVARD NORTH,1,1,0,0,1,1,0,0,30,0,0,0,0,0,4,2,1
,2020-12669,39.75853,-105.01567,8/28/2020 23:32,23:32:00,6,1,2,ZUNI STREET  & DUNKELD PLACE WEST,1,3,0,0,1,4,0,0,30,0,0,0,0,4,4,2,5
,2020-12670,39.76026,-105.02524,9/24/2020 10:04,10:04:00,15,0,0,FEDERAL BOULEVARD NORTH & SPEER BOULEVARD NORTH,1,1,0,0,1,3,0,0,35,0,0,0,0,0,2,2,13
,2020-12671,39.73927,-104.99648,9/27/2020 9:19,9:19:00,12,0,0,1400 NORTH GALAPAGO STREET & WEST 14TH AVENUE,1,1,0,0,1,2,0,0,,0,0,0,0,0,4,2,13
,2020-12672,39.71208,-105.01681,9/24/2020 10:44,10:44:00,12,0,0,200 SOUTH ALCOTT STREET & WEST ALAMEDA AVENUE,1,1,0,0,1,4,0,0,25,0,0,0,0,0,4,2,13
,2020-12673,39.69899,-105.03906,9/10/2020 13:37,13:37:00,6,0,0,900 SOUTH PATTON COURT & WEST TENNESSEE AVENUE,1,3,0,0,1,4,0,0,25,0,0,0,0,0,4,2,16
,2020-12674,39.6655,-104.94178,9/10/2020 12:09,12:09:00,3,0,0,SOUTH HARRISON STREET & EAST AMHERST AVENUE,1,1,0,0,1,1,0,0,25,0,0,0,0,0,4,2,13
,2020-12675,39.63548,-104.89372,9/23/2020 14:27,14:27:00,15,0,0,TAMARAC STREET SOUTH & I225 NORTHBOUND,1,1,0,0,1,3,0,0,35,0,0,0,0,1,4,2,3
,2020-12676,39.68300503,-104.8953544,9/25/2020 18:41,18:41:00,3,0,0,TAMARAC STREET SOUTH & I225 NORTHBOUND,14,5,3,7,1,1,0,0,35,0,0,0,0,0,1,2,13
,2020-12677,39.73072,-104.90346,7/21/2020 11:24,11:24:00,15,0,0,NORTH QUEBEC STREET & EAST NINTH AVENUE,1,1,1,0,1,4,0,0,30,0,0,0,0,0,4,2,16
,2020-12678,39.73846,-104.99689,9/24/2020 9:40,9:40:00,3,0,0,WEST 14TH AVENUE & NORTH SPEER BOULEVARD,1,1,0,0,1,1,0,0,30,0,0,0,0,1,4,2,13
,2020-12679,39.71966,-104.98624,9/23/2020 14:30,14:30:00,12,0,0,LINCOLN STREET & 200 NORTH,1,1,0,0,1,4,0,0,25,0,0,0,0,0,4,3,3
,2020-12680,39.71156,-104.94071,9/24/2020 10:21,10:21:00,12,0,0,COLORADO BOULEVARD SOUTH & ALAMEDA AVENUE EAST,1,1,0,0,1,1,0,0,35,0,0,0,0,0,2,2,3
,2020-12681,39.77174,-104.99485,9/24/2020 12:40,12:40:00,1,0,0,WEST 40TH AVENUE & NORTH FOX STREET,1,1,0,0,1,1,0,0,30,0,0,0,0,0,4,2,13
,2020-12682,39.71189,-105.02509,9/26/2020 12:35,12:35:00,15,0,0,200 SOUTH FEDERAL BOULEVARD & WEST ALAMEDA AVENUE,1,1,0,0,1,4,0,0,35,0,0,0,0,0,4,2,13
,2020-12683,39.61441,-105.0913,9/10/2020 13:47,13:47:00,12,0,0,WEST CROSS DRIVE & SOUTH WADSWORTH BOULEVARD,1,1,0,0,1,3,0,0,30,0,0,0,0,0,4,3,3
,2020-12684,39.73,-104.90347,9/24/2020 10:52,10:52:00,12,0,0,800 NORTH QUEBEC STREET & EAST EIGHTH STREET,1,1,1,0,1,3,0,0,30,0,0,0,0,0,4,4,16
,2020-12685,39.72434,-104.9407,9/23/2020 15:52,15:52:00,12,0,0,COLORADO BOULEVARD NORTH & FIFTH AVENUE EAST,1,1,1,0,1,3,0,0,40,0,0,0,0,0,2,3,3
,2020-12686,39.74033,-105.02986,9/11/2020 6:53,6:53:00,11,1,0,COLFAX AVENUE WEST & IRVING STREET NORTH,1,1,0,0,1,1,0,0,30,0,1,0,0,4,2,1,3
,2020-12687,39.71473,-104.97339,9/27/2020 11:25,11:25:00,6,0,0,DOWNING STREET SOUTH & BAYAUD AVENUE EAST,1,1,0,0,1,4,0,0,30,0,0,0,0,0,4,2,13
,2020-12688,39.65335,-105.05309,9/23/2020 22:29,22:29:00,15,0,0,HAMPDEN AVENUE WB EXIT RAMP  TO & SHERIDAN BOULEVARD SOUTH,1,3,1,0,1,8,0,0,65,0,0,0,0,0,2,2,3
,2020-12689,39.72927,-104.91279,9/23/2020 4:00,4:00:00,5,0,1,MONACO STREET & 700 NORTH,1,3,0,0,2,4,0,0,35,0,0,0,0,3,4,1,3
,2020-12690,39.74612,-104.99096,9/24/2020 8:17,8:17:00,12,0,0,17TH STREET & 600,1,1,0,0,1,4,0,0,25,0,0,0,0,0,4,2,1
,2020-12691,39.6605,-105.0217,9/10/2020 15:22,15:22:00,6,0,0,2700 WEST DARTMOUTH AVENUE & SOUTH DECATUR STREET,1,1,0,0,1,4,0,0,30,0,0,0,0,0,4,2,7
,2020-12692,39.74056,-104.98853,9/24/2020 8:42,8:42:00,15,0,0,15TH STREET & COLFAX AVENUE WEST,1,1,0,0,1,1,0,0,25,0,0,0,0,0,2,2,14
,2020-12693,39.76929,-105.00646,9/24/2020 12:40,12:40:00,1,0,0,WEST 38TH AVENUE & NORTH PECOS STREET,1,1,1,0,1,1,0,0,35,0,0,0,0,0,4,2,13
,2020-12694,39.76576,-104.96595,9/24/2020 9:26,9:26:00,3,0,0,NORTH WILLIAMS STREET & EAST 35TH AVENUE,1,1,0,0,1,1,0,0,30,0,0,0,0,1,4,2,13
,2020-12695,39.79831,-104.81108,9/26/2020 10:34,10:34:00,12,0,0,15200 EAST 56TH AVENUE & CHAMBERS ROAD,1,1,0,0,1,3,0,0,40,0,0,0,0,0,4,2,16
,2020-12696,39.71828,-104.95922,9/24/2020 10:15,10:15:00,10,0,0,NORTH UNIVERSITY BOULEVARD & EAST FIRST AVENUE,1,1,0,0,1,1,0,0,30,0,0,0,0,0,4,2,13
,2020-12697,39.71974,-105.0421,9/23/2020 12:59,12:59:00,6,0,0,WEST SECOND AVENUE & NORTH RALEIGH STREET,1,1,0,0,1,3,0,0,25,0,0,0,0,0,4,2,7
,2020-12698,39.75241,-105.02515,9/10/2020 14:56,14:56:00,5,0,0,FEDERAL BOULEVARD NORTH & 24TH AVENUE WEST,1,1,1,0,3,1,0,0,35,0,0,0,0,0,2,1,16
,2020-12699,39.79254,-104.77206,9/24/2020 5:45,5:45:00,3,0,0,TOWER ROAD NORTH & ELMENDORF DRIVE EAST,1,2,0,0,1,1,0,0,45,0,0,0,0,1,4,2,13
,2020-12700,39.782,-105.02279,9/8/2020 18:30,18:30:00,3,0,0,47TH AVENUE WEST & ELM COURT NORTH,1,1,1,0,1,1,0,0,25,0,0,0,0,0,4,2,16
,2020-12701,39.71127216,-104.9990768,9/23/2020 18:06,18:06:00,12,0,0,I25 NORTHBOUND & ALAMEDA AVENUE WEST,1,1,1,0,1,4,0,0,55,0,0,0,0,0,1,2,7
,2020-12702,39.74006,-104.99164,9/27/2020 12:33,12:33:00,5,0,0,COLFAX AVENUE WEST & BANNOCK STREET NORTH,1,1,0,0,2,4,0,0,25,0,0,0,0,0,2,1,3
,2020-12703,39.68934,-104.9317,9/23/2020 17:30,17:30:00,3,0,0,EAST FLORIDA AVENUE & SOUTH DAHLIA STREET,1,1,0,0,1,1,0,0,25,0,0,0,0,0,4,2,3
,2020-12704,39.72175,-104.9407,9/10/2020 16:03,16:03:00,12,0,0,COLORADO BOULEVARD NORTH  & THIRD AVENUE EAST,1,1,1,0,1,3,0,0,35,0,0,0,0,0,2,2,7
,2020-12705,39.76116,-105.00476,9/10/2020 15:40,15:40:00,15,0,0,I25 SOUTHBOUND & 20TH STREET,1,1,1,0,1,4,0,0,65,0,0,0,0,0,1,2,1
,2020-12706,39.73844,-104.98358,9/23/2020 13:34,13:34:00,15,0,0,14TH AVENUE EAST & 300,1,1,0,0,1,4,0,0,30,0,0,0,0,1,4,2,13
,2020-12707,39.69666,-105.00904,8/10/2020 19:52,19:52:00,11,1,0,MISSISSIPPI AVENUE  & RARITAN STREET SOUTH,1,1,1,0,3,4,0,0,35,0,1,0,0,4,4,1,1
,2020-12708,39.73727,-104.90581,9/25/2020 15:15,15:15:00,3,0,0,NORTH PONTIAC STREET & EAST 13TH AVENUE,1,1,0,0,1,1,0,0,35,0,0,0,0,0,4,2,7
,2020-12709,39.71624,-104.94617,9/24/2020 12:29,12:29:00,12,0,0,EAST ELLSWORTH AVENUE & NORTH MADISON STREET,1,1,0,0,1,4,0,0,25,0,0,0,0,0,4,2,13
,2020-12710,39.70933,-104.98639,9/23/2020 16:30,16:30:00,15,0,0,SOUTH LINCOLN STREET & EAST DAKOTA AVENUE,1,1,0,0,1,3,0,0,30,0,0,0,0,0,4,2,3
,2020-12711,39.76746,-104.90345,7/3/2020 14:26,14:26:00,12,0,0,NORTH QUEBEC STREET & EAST 36TH AVENUE,1,1,0,0,1,3,0,0,35,0,0,0,0,1,4,4,14
,2020-12712,39.78433153,-105.0250894,9/27/2020 11:30,11:30:00,3,0,0,FEDERAL BOULEVARD NORTH & I70 EASTBOUND EXIT RAMP,1,1,0,0,1,3,0,0,35,0,0,0,0,0,2,3,1
,2020-12714,39.79106,-105.05749,9/23/2020 17:17,17:17:00,1,0,0,52ND AVENUE WEST  & EATON STREET NORTH,1,1,0,0,1,1,0,0,35,0,0,0,1,0,4,2,13
,2020-12715,39.79368,-104.94403,9/10/2020 12:25,12:25:00,6,0,0,5300 NORTH GARFIELD STREET & EAST 54TH AVENUE,1,1,0,0,1,4,0,0,,0,0,0,0,0,4,2,16
,2020-12716,39.74481,-104.96224,9/23/2020 16:15,16:15:00,3,0,0,NORTH VINE STREET & EAST 18TH AVENUE,1,5,0,7,1,1,0,0,30,0,0,0,0,1,4,3,1
,2020-12721,39.74631,-104.99247,9/27/2020 11:11,11:11:00,15,0,0,1600 STOUT STREET & 17TH STREET,1,1,0,0,1,4,0,0,25,0,0,0,0,0,4,2,13
,2020-12722,39.79258451,-104.7721895,9/26/2020 9:50,9:50:00,3,0,0,ELMENDORF DRIVE EAST  & TOWER ROAD NORTH,1,1,0,0,1,2,0,0,25,0,0,0,0,0,4,2,13
,2020-12723,39.73749,-104.94067,9/23/2020 15:15,15:15:00,12,0,0,1300 NORTH COLORADO BOULEVARD & EAST 14TH AVENUE,1,1,0,0,1,4,0,0,35,0,0,0,0,1,4,3,6
,2020-12725,39.76867,-105.0112,9/26/2020 11:12,11:12:00,15,0,0,3700 NORTH TEJON STREET & WEST 38TH AVENUE,1,1,0,0,1,4,0,0,25,0,0,0,0,0,4,2,13
,2020-12730,39.75023,-104.93379,9/10/2020 11:32,11:32:00,15,0,0,HALE PARKWAY EAST  & DAHLIA STREET NORTH,14,5,3,7,1,4,0,0,30,0,0,0,0,0,4,2,14
,2020-12736,39.76538,-104.90913,9/26/2020 8:28,8:28:00,5,0,0,NEWPORT STREET NORTH  & 35TH AVENUE EAST,1,1,0,0,2,5,0,0,,0,0,0,0,0,4,1,16
,2020-12741,39.68025554,-104.9605684,9/23/2020 22:05,22:05:00,6,0,0,EAST ASBURY AVENUE & SOUTH YORK STREET,1,3,0,0,1,3,0,0,25,0,0,0,0,0,4,2,8
,2020-12750,39.73839,-104.95869,8/30/2020 23:20,23:20:00,3,1,1,JOSEPHINE STREET NORTH & 14TH AVENUE EAST,1,3,0,0,1,1,0,0,30,0,0,0,0,4,4,2,5
,2020-12752,39.71134,-105.05325,9/23/2020 19:44,19:44:00,1,0,0,SHERIDAN BOULEVARD SOUTH & ALAMEDA AVENUE WEST,1,3,0,0,1,1,0,0,35,0,0,0,0,0,2,2,13
,2020-12761,39.78284,-104.90353,9/24/2020 21:56,21:56:00,5,0,0,EAST 47TH AVENUE & NORTH QUEBEC STREET,1,3,0,0,2,3,0,0,35,0,0,0,0,0,4,1,1
,2020-12763,39.78357,-105.01583,9/24/2020 16:42,16:42:00,12,0,0,I70 EASTBOUND & ZUNI STREET NORTH,1,1,1,0,1,4,0,0,65,0,0,0,0,0,1,3,1
,2020-12767,39.61991955,-105.0618094,10/3/2020 18:51,18:51:00,9,1,0,JAY CIRCLE  & HARLAN WAY SOUTH,1,2,0,0,1,4,0,0,,0,0,0,1,4,4,1,13
,2020-12768,39.74375,-104.94065,9/10/2020 11:30,11:30:00,1,0,0,17TH AVENUE EAST & COLORADO BOULEVARD NORTH,1,1,0,0,1,1,0,0,30,0,0,0,0,0,2,2,1
,2020-12772,39.78382752,-104.9481214,9/21/2020 9:31,9:31:00,12,0,0,NORTH VASQUEZ BOULEVARD & WEST 48TH AVENUE,1,1,0,0,1,3,0,0,45,0,0,0,0,0,4,3,3
,2020-12777,39.66028,-104.86633,4/28/2020 15:00,15:00:00,12,0,0,DARTMOUTH AVENUE EAST & HAVANA STREET SOUTH,1,1,0,0,1,1,0,0,40,0,0,0,0,0,2,2,13
,2020-12866,39.63562581,-105.0839006,9/11/2020 16:59,16:59:00,11,0,0,STANFORD AVENUE WEST  & UNIVERSITY BOULEVARD SOUTH,1,1,0,0,1,2,0,0,30,0,1,0,0,1,4,1,14
,2020-12869,39.69,-104.97342,9/11/2020 16:22,16:22:00,12,0,0,I25 NORTHBOUND & DOWNING STREET SOUTH,1,1,0,0,1,4,0,0,65,0,0,0,0,0,1,2,1
,2020-12870,39.69854,-104.90354,9/11/2020 10:29,10:29:00,12,0,0,LEETSDALE DRIVE & SOUTH QUEBEC STREET,1,1,0,0,1,1,0,0,35,0,0,0,0,0,4,2,13
,2020-12874,39.73848,-105.03581,9/11/2020 11:04,11:04:00,6,0,0,3700 WEST 14TH AVENUE & NORTH MEADE STREET,1,1,0,0,1,4,0,0,25,0,0,0,0,0,4,2,13
,2020-12877,39.73929,-104.95743,9/11/2020 8:47,8:47:00,3,0,0,COLUMIBINE STREET NORTH  & COLFAX AVENUE EAST,1,1,0,0,1,2,0,0,,0,0,0,0,0,4,2,14
,2020-12878,39.74824,-104.98647,9/11/2020 14:04,14:04:00,3,0,0,20TH STREET & WELTON STREET,1,1,1,0,1,1,0,0,30,0,0,0,0,0,4,2,1