id,drcog_id,latitude,longitude,crashtime,time,crashtype,numbkilled,numbinjurd,drcoglocat,rdconditin,lightngcon,roadcntgrd,weatherco,location,roaddescrp,schoolzone,constrzone,splimit,bikeinv,pedinv,sctrinv,motoinv,svrty,rdsystem,ttlvehcls,hcf
,2020-12879,39.61441,-105.0913,9/10/2020 22:30,22:30:00,3,0,0,WADSWORTH BOULEVARD SOUTH & CROSS DRIVE WEST,1,3,0,0,1,1,0,0,45,0,0,0,0,1,2,3,2
,2020-12880,39.69854,-104.90354,9/11/2020 11:47,11:47:00,12,0,0,SOUTH QUEBEC STREET & LEETSDALE DRIVE,1,1,0,0,1,4,0,0,30,0,0,0,0,1,4,2,13
,2020-12883,39.75976,-104.98205,9/11/2020 10:20,10:20:00,3,0,0,28TH STREET & LAWRENCE STREET,1,1,0,0,1,1,0,0,25,0,0,0,0,0,4,2,14
,2020-12888,39.74971,-104.98109,9/11/2020 13:04,13:04:00,1,0,0,PARK AVENUE WEST & TREMONT PLACE,1,1,0,0,1,1,0,0,30,0,0,0,0,0,4,2,13
,2020-12894,39.76236,-105.00644,9/11/2020 12:07,12:07:00,6,0,0,PECOSE STREET NORTH  & 32ND AVENUE WEST,1,1,1,0,1,4,0,0,25,0,0,0,0,0,4,2,16
,2020-12901,39.79549,-104.82076,9/11/2020 6:43,6:43:00,5,0,0,NORTH CROWN BOULEVARD & NORTH CRYSTAL WAY,1,2,0,0,2,1,0,0,25,0,0,0,0,0,4,1,1
,2020-12905,39.78625109,-104.791086,9/11/2020 15:00,15:00:00,15,0,0,PENA BOULEVARD & EAST WEST TERMINAL SPLIT,1,1,1,0,1,4,0,0,45,0,0,0,0,0,4,2,3
,2020-12906,39.67847,-104.92261,9/11/2020 11:26,11:26:00,12,0,0,5500 EAST EVANS AVENUE & SOUTH HOLLY STREET,1,1,0,0,1,3,0,0,30,0,0,0,0,0,4,2,1
,2020-12908,39.73681,-104.95979,9/11/2020 9:12,9:12:00,3,0,0,13TH AVENUE EAST & YORK STREET NORTH,1,1,0,0,1,1,0,0,30,0,0,0,0,0,4,2,14
,2020-12911,39.73649,-104.93154,9/10/2020 17:30,17:30:00,5,0,0,13TH AVENUE EAST & DAHLIA STREET NORTH,1,1,0,0,3,1,0,0,35,0,0,0,0,0,4,1,14
,2020-12912,39.74036,-105.0515,9/11/2020 15:36,15:36:00,15,0,0,COLFAX AVENUE WEST  & ZENOBIA STREET NORTH,1,1,1,0,1,4,0,0,30,0,0,0,0,0,2,2,13
,2020-12921,39.69476,-104.94063,9/11/2020 12:30,12:30:00,3,0,0,ARIZONA AVENUE EAST & COLORADO BOULEVARD SOUTH,1,1,0,0,1,1,0,0,35,0,0,0,0,1,2,2,13
,2020-12922,39.6699,-105.02508,9/11/2020 13:37,13:37:00,3,0,1,FEDERAL BOULEVARD SOUTH  & COLLEGE AVENUE WEST,1,1,0,0,1,2,0,0,40,0,0,0,0,2,2,4,13
,2020-12923,39.69674,-105.02375,9/11/2020 14:02,14:02:00,3,0,0,MISSISSIPPI AVENUE WEST  & FEDERAL BOULEVARD SOUTH,1,1,0,0,1,2,0,0,25,0,0,0,0,0,2,2,13
,2020-12925,39.69743,-104.98282,9/4/2020 23:20,23:20:00,5,0,1,I25 NORTHBOUND & LOGANS STREET SOUTH,1,3,0,0,2,4,0,1,65,0,0,0,0,3,1,1,7
,2020-12928,39.6895,-105.02038,9/11/2020 18:29,18:29:00,3,0,0,WEST FLORIDA AVENUE & SOUTH CLAY STREET,1,1,0,0,1,1,0,0,30,0,0,0,0,1,4,2,13
,2020-12934,39.77968,-104.97916,9/11/2020 9:39,9:39:00,15,0,0,WASHINGTON STREET NORTH & I70 WB ENTRANCE / EXIT RAMPS,1,1,1,0,1,1,0,0,35,0,0,0,0,0,4,2,13
,2020-12936,39.73366,-104.91504,9/11/2020 8:11,8:11:00,6,0,0,EAST 11TH AVENUE & NORTH LEYDEN STREET,1,1,0,0,1,4,0,0,25,0,0,0,0,0,4,2,14
,2020-12937,39.73294,-105.03214,9/11/2020 12:24,12:24:00,3,0,1,NORTH KNOX COURT & WEST 10TH AVENUE,1,1,1,0,1,1,0,0,30,0,0,0,0,2,4,2,13
,2020-12938,39.70395,-104.98279,9/11/2020 9:24,9:24:00,3,0,0,SOUTH LOGAN STREET & EAST EXPOSITION AVENUE,1,1,0,0,1,1,0,0,30,0,0,0,0,0,4,2,13
,2020-12939,39.73371,-104.98228,9/11/2020 1:30,1:30:00,6,0,0,EAST 11TH AVENUE & NORTH LOGAN STREET,1,3,0,0,1,3,0,0,30,0,0,0,0,0,4,3,14
,2020-12943,39.76202,-105.01584,8/27/2020 19:25,19:25:00,3,0,0,32ND AVENUE WEST & ZUNI STREET NORTH,1,2,1,0,1,1,0,0,30,0,0,0,0,0,4,2,13
,2020-12944,39.78026,-105.02519,9/12/2020 18:51,18:51:00,12,0,1,WEST 46TH AVENUE & NORTH FEDERAL BOULEVARD,1,2,0,0,1,1,0,0,35,0,0,0,0,2,4,2,13
,2020-12945,39.78384,-105.00514,9/11/2020 13:29,13:29:00,12,0,0,NORTH OSAGE STREET & WEST 48TH AVENUE,1,1,0,0,1,3,0,0,25,0,0,0,0,0,4,2,3
,2020-12946,39.68982,-104.97342,9/10/2020 17:00,17:00:00,12,0,1,I25 SOUTHBOUND ENTRANCE RAMP FROM & DOWNING STREET SOUTH,1,1,1,0,1,8,0,0,45,0,0,0,0,1,1,4,3
,2020-12948,39.71818154,-105.0493984,8/27/2020 22:28,22:28:00,11,0,2,FIRST AVENUE WEST  & XAVIER STREET SOUTH,1,3,1,1,3,4,0,0,30,1,0,0,1,3,4,1,16
,2020-12949,39.66736,-104.95041,9/12/2020 12:35,12:35:00,3,0,0,YALE AVENUE EAST & STEELE STREET SOUTH,1,1,3,0,1,1,0,0,25,0,0,0,1,1,4,2,13
,2020-12951,39.78792,-104.94048,9/4/2020 8:10,8:10:00,15,0,0,COLORADO BOULEVARD NORTH & 50TH AVENUE EAST,1,1,1,0,1,4,0,0,35,0,0,0,0,0,2,2,16
,2020-12956,39.77966052,-104.9792614,9/12/2020 14:46,14:46:00,12,0,0,I70 EASTBOUND EXIT RAMP TO & WASHINGTON STREET NORTH,1,1,0,0,1,8,0,0,35,0,0,0,0,0,1,2,13
,2020-12957,39.66748,-104.92567,8/29/2020 17:51,17:51:00,9,0,2,I25 SOUTHBOUND & YALE AVENUE EAST,1,1,0,0,1,4,0,0,65,0,0,0,0,3,1,3,14
,2020-12958,39.76019,-105.00689,9/12/2020 12:16,12:16:00,3,0,0,18TH STREET & CENTRAL STREET,1,1,0,0,1,1,0,0,25,0,0,0,0,0,4,2,13
,2020-12959,39.70909,-105.02469,9/4/2020 15:38,15:38:00,9,0,1,FEDERAL BOULEVARD SOUTH  & DAKOTA AVENUE WEST,1,1,0,0,1,3,0,0,30,0,0,0,1,3,2,1,7
,2020-12961,39.74267,-104.96476,9/12/2020 18:25,18:25:00,1,0,0,17TH AVENUE EAST & HIGH STREET NORTH,1,2,0,0,1,1,0,0,30,0,0,0,0,1,4,2,13
,2020-12962,39.69675,-105.01271,8/21/2020 18:45,18:45:00,3,0,0,WEST MISSISSIPPI AVENUE & SOUTH TEJON STREET,1,1,0,0,1,1,0,0,30,0,0,0,0,0,4,2,3
,2020-12963,39.74744,-104.90696,9/12/2020 15:42,15:42:00,12,0,0,EAST MONTVIEW BOULEVARD & NORTH OLIVE STREET,1,1,0,0,1,4,0,0,30,0,0,0,0,1,4,2,1
,2020-12964,39.70934,-104.9876,9/12/2020 16:00,16:00:00,3,0,0,DAKOTA AVENUE EAST & BROADWAY STREET SOUTH,1,1,0,0,1,1,0,0,15,0,0,0,0,0,4,2,13
,2020-12965,39.65424,-105.03213,9/12/2020 7:32,7:32:00,1,0,1,SOUTH KNOX COURT & WEST HAMILTON AVENUE,1,1,0,0,1,1,0,0,25,0,0,0,1,2,4,2,16
,2020-12967,39.74894,-104.99949,8/28/2020 20:20,20:20:00,11,0,1,15TH STREET & MARKET STREET,11,4,0,0,1,3,0,0,30,0,1,0,0,3,4,1,7
,2020-12968,39.78963,-104.80707,9/12/2020 0:12,0:12:00,6,0,0,IDALIA STREET & 5200 NORTH,1,3,0,0,1,4,0,0,25,0,0,0,0,0,4,3,5
,2020-12970,39.7563,-105.01584,9/12/2020 15:35,15:35:00,3,0,0,NORTH SPEER BOULEVARD & NORTH ZUNI STREET,1,1,0,0,1,1,0,0,35,0,0,0,0,0,4,2,13
,2020-12972,39.7783,-104.90357,9/6/2020 21:22,21:22:00,15,0,1,NORTHFIELD QUEBEC STREET NORTH & I70 EASTBOUND ENTRANCE / EXIT RAMPS,1,3,0,0,1,1,0,0,35,0,0,0,0,1,2,4,3
,2020-12973,39.78494,-104.95079,9/4/2020 15:00,15:00:00,3,0,0,49TH AVENUE EAST & STREET PAUL STREET NORTH,1,1,0,0,1,1,0,0,30,0,0,0,0,0,4,2,16
,2020-12975,39.71828,-104.95922,9/10/2020 14:05,14:05:00,15,0,0,FIRST AVENUE EAST & JOSEPHINE STREET NORTH,1,1,0,0,1,2,0,0,30,0,0,0,0,0,4,2,3
,2020-12977,39.69531,-104.91289,8/26/2020 21:50,21:50:00,6,0,0,SOUTH MONACO STREET & EAST ARIZONA AVENUE,1,3,0,0,1,4,0,0,35,0,0,0,0,0,4,2,16
,2020-12978,39.78423,-105.02519,9/13/2020 1:11,1:11:00,6,1,1,I70 & FEDERAL BOULEVARD NORTH,1,3,1,0,1,4,0,0,65,0,1,0,0,4,1,3,6
,2020-12979,39.68497,-105.02504,9/8/2020 15:11,15:11:00,12,0,0,FEDERAL BOULEVARD SOUTH & COLORADO AVENUE WEST,11,1,0,1,1,4,0,0,10,0,0,0,0,0,2,4,1
,2020-12980,39.75829,-104.94059,9/4/2020 8:00,8:00:00,15,0,0,29TH AVENUE EAST & COLORADO BOULEVARD NORTH,1,1,0,0,1,3,0,0,35,0,0,0,0,0,2,2,13
,2020-12981,39.73871,-104.89998,8/27/2020 1:48,1:48:00,6,0,0,EAST 14TH AVENUE & NORTH ROSEMARY STREET,1,3,0,0,1,4,0,0,25,0,0,0,0,0,4,2,14
,2020-12989,39.77719,-104.83342,9/12/2020 13:40,13:40:00,12,0,0,EAST ALBROOK DRIVE & NORTH CARSON STREET,1,1,0,0,1,1,0,0,30,0,0,0,0,0,4,2,14
,2020-12990,39.74107,-104.89747,8/8/2020 18:34,18:34:00,6,0,0,SPRUCE STREET & 1500 NORTH,1,1,0,0,1,4,0,0,30,0,0,0,0,0,4,2,16
,2020-12993,39.77378514,-105.0532414,9/1/2020 17:18,17:18:00,12,0,0,I70 EXIT RAMP SPLIT  & SHERIDAN BOULEVARD NORTHBOUND,1,1,1,0,1,8,0,0,30,0,0,0,0,1,4,2,16
,2020-12994,39.71466,-104.94985,8/31/2020 4:07,4:07:00,9,0,0,BAYAUD AVENUE EAST & STEELE STREET SOUTH,1,3,0,0,1,1,0,0,30,0,0,0,0,0,4,1,16
,2020-12995,39.69471,-104.96813,8/28/2020 9:23,9:23:00,6,0,0,ARIZONA AVENUE EAST  & FRANKLIN STREET,1,1,0,0,1,4,0,0,25,0,0,0,0,0,4,2,16
,2020-12997,39.71119,-104.99714,8/29/2020 15:59,15:59:00,12,0,0,SOUTH SANTA FE DRIVE & WEST ALMEADA AVENUE,1,1,0,0,1,3,0,0,35,0,0,0,0,0,4,2,13
,2020-12998,39.72394,-105.04395,8/16/2020 19:37,19:37:00,6,0,0,WEST FIFTH AVENUE & NORTH TENNYSON STREET,1,3,0,0,1,1,0,0,25,0,0,0,0,0,4,2,1
,2020-13001,39.71121,-104.99913,9/10/2020 17:11,17:11:00,15,0,0,I25 SOUTHBOUND & ALAMEDA AVENUE WEST,1,1,0,0,1,4,0,0,55,0,0,0,0,0,1,2,13
,2020-13003,39.73828,-104.94066,8/15/2020 1:14,1:14:00,3,0,0,NORTH COLORADO BOULEVARD & EAST 14TH AVENUE,1,3,0,0,1,1,0,0,35,0,0,0,0,0,4,2,13
,2020-13018,39.77832,-104.9813,8/21/2020 17:58,17:58:00,6,0,1,EAST 45TH AVENUE & NORTH PENNSYLVANIA STREET,1,1,0,0,1,4,0,0,30,0,0,0,0,2,4,2,1
,2020-13025,39.74452,-104.90856,8/8/2020 18:34,18:34:00,6,0,0,1739 NORTH ONEIDA STREET & EAST 17TH AVENUE,1,1,0,0,1,4,0,0,30,0,0,0,0,0,4,3,5
,2020-13036,39.71114,-104.98278,8/12/2020 16:21,16:21:00,1,0,0,ALAMEDA AVENUE EAST & LOGAN STREET SOUTH,1,1,0,0,1,1,0,0,30,0,0,0,0,0,4,2,16
,2020-13039,39.70953,-105.05206,8/1/2020 1:26,1:26:00,5,0,2,DAKOTA AVENUE WEST & 5100,1,3,0,0,3,4,0,0,25,0,0,0,0,3,4,3,5
,2020-13459,39.74948,-104.97813,8/24/2020 12:20,12:20:00,3,0,0,CLEVELAND PLACE & WASHINGTON STREET NORTH,1,1,0,0,1,1,0,0,25,0,0,0,0,0,4,2,13
,2020-13465,39.79810151,-104.8355989,10/11/2020 12:57,12:57:00,12,0,0,UVALDA STREET & 56TH AVENUE,1,1,0,6,1,1,0,0,25,0,0,0,0,0,4,2,14
,2020-13534,39.70397,-105.00861,7/4/2020 2:28,2:28:00,6,0,0,700 SOUTH RARITAN STREET & WEST EXPOSITION AVENUE,1,1,0,0,1,4,0,0,,0,0,0,0,0,4,2,16
,2020-13580,39.71889,-104.97406,9/11/2020 22:49,22:49:00,3,0,0,EAST SPEER BOULEVARD & NORTH CORONA STREET,1,3,0,0,1,1,0,0,30,0,0,0,0,0,4,2,13
,2020-13796,39.70383553,-104.9407279,9/10/2020 17:13,17:13:00,15,0,0,EXPOSITION AVENUE EAST & COLORADO BOULEVARD SOUTH,1,1,1,0,1,4,0,0,35,0,0,0,0,0,2,3,16
,2020-13803,39.70735453,-104.9408494,9/6/2020 15:06,15:06:00,10,0,0,COLORADO BOULEVARD SOUTH & CHERRY CREEK NORTH DRIVE EAST,1,1,0,0,1,1,0,0,35,0,0,0,0,0,2,2,13
,2020-13813,39.70735453,-104.9406694,9/26/2020 1:19,1:19:00,1,0,0,COLORADO BOULEVARD SOUTH & VIRGINIA AVENUE EAST,1,3,1,0,1,3,0,0,35,0,0,0,0,0,2,2,16
,2020-13815,39.70735453,-104.9406694,9/9/2020 13:45,13:45:00,1,0,0,COLORADO BOULEVARD SOUTH & VIRGINIA AVENUE EAST,1,1,0,0,1,1,0,0,35,0,0,0,0,0,2,2,13
,2020-13817,39.70735453,-104.9406694,9/19/2020 17:34,17:34:00,1,0,0,COLORADO BOULEVARD SOUTH & VIRGINIA AVENUE EAST,1,1,1,0,1,1,0,0,35,0,0,0,0,0,2,2,16
,2020-13820,39.70604953,-104.9408584,9/12/2020 20:31,20:31:00,1,0,0,COLORADO BOULEVARD SOUTH & CHERRY CREEK SOUTH DRIVE,1,3,0,0,1,1,0,0,35,0,0,0,0,0,2,2,13
,2020-13830,39.7783,-104.90343,9/16/2020 9:10,9:10:00,15,0,0,NORTHFIELD QUEBEC STREET NORTH & I70 EASTBOUND ENTRANCE / EXIT RAMPS,1,1,1,0,1,1,0,1,35,0,0,0,0,0,2,2,13
,2020-13857,39.63145755,-105.0253999,10/15/2020 13:16,13:16:00,3,0,0,UNION AVENUE WEST & FEDERAL BOULEVARD SOUTH,1,1,0,0,1,2,0,0,30,0,0,0,0,0,2,2,13
,2020-14016,39.72552,-105.01336,7/31/2020 10:49,10:49:00,15,0,0,SIXTH AVENUE EASTBOUND EXIT RAMP TO & I25 NORTHBOUND / SOUTHBOUND SPLIT,1,1,0,0,1,8,0,0,40,0,0,0,0,0,1,2,1
,2020-14023,39.76095,-105.00433,9/21/2020 2:16,2:16:00,12,0,2,I25 NORTHBOUND & 20TH STREET,1,3,1,0,1,4,0,0,55,0,0,0,0,2,1,2,5
,2020-14134,39.74985,-104.98614,10/3/2020 23:07,23:07:00,5,0,0,21ST STREET & CALIFORNIA STREET,1,3,0,0,3,1,0,0,30,0,0,0,0,0,4,1,9
,2020-14154,39.83355402,-104.7161337,10/17/2020 14:10,14:10:00,6,0,0,PENA BLD & 8400 PENA BLD,1,1,0,0,1,4,0,0,10,0,0,0,0,0,4,2,8
,2020-14156,39.67842,-104.95939,9/30/2020 10:16,10:16:00,12,0,0,EAST EVANS AVENUE & SOUTH UNIVERSITY BOULEVARD,1,1,0,0,1,3,0,0,35,0,0,0,0,0,4,2,16
,2020-14160,39.79504,-104.80642,10/17/2020 3:00,3:00:00,6,0,0,EAST OLMSTED PLACE & NORTH HELENA COURT,1,3,0,0,1,4,0,0,25,0,0,0,0,0,4,2,3
,2020-14167,39.70206,-104.94069,10/13/2020 14:10,14:10:00,12,0,0,COLORADO BOULEVARD SOUTH & OHIO AVENUE EAST,1,1,0,0,1,1,0,0,35,0,0,0,0,0,2,2,16
,2020-14169,39.66771,-105.02987,10/17/2020 21:07,21:07:00,1,0,0,YALE AVENUE WEST & IRVING STREET SOUTH,1,3,0,0,1,1,0,0,30,0,0,0,0,1,4,2,13
,2020-14171,39.70091953,-104.8753114,10/17/2020 1:15,1:15:00,6,0,0,700 OF SOUTH DAYTON STREET & EAST OHIO AVENUE,1,3,0,0,1,4,0,0,30,0,0,0,0,0,4,2,7
,2020-14172,39.78288251,-104.75549,10/18/2020 0:29,0:29:00,8,0,0,NORTH HIMALAYA WAY & EAST GREEN VALLEY RANCH BOULEVARD,1,3,0,0,1,1,0,0,35,0,0,0,0,0,4,2,13
,2020-14173,39.75892,-105.01584,10/17/2020 0:08,0:08:00,6,0,0,WEST DUNKELD PLACE & NORTH ZUNI STREET,1,3,1,0,1,4,0,0,25,0,0,0,0,0,4,2,7
,2020-14174,39.69,-104.97342,10/17/2020 23:36,23:36:00,12,0,0,I25 NORTHBOUND & DOWNING STREET SOUTH EXIT RAMP,1,3,0,0,1,4,0,0,60,0,0,0,0,0,1,2,5
,2020-14175,39.72167,-104.95133,10/17/2020 16:00,16:00:00,6,0,0,STREET PAUL STREET NORTH & 355,1,1,0,0,1,5,0,0,15,0,0,0,0,0,4,2,6
,2020-14177,39.73828,-104.94066,10/17/2020 12:44,12:44:00,12,0,0,COLORADO BOULEVARD NORTH & 14TH AVENUE EAST,1,1,0,0,1,1,0,0,35,0,0,0,0,0,2,2,13
,2020-14179,39.67851,-104.97343,10/13/2020 16:00,16:00:00,12,0,0,SOUTH DOWNING STREET & EAST EVANS AVENUE,1,1,0,0,1,3,0,0,30,0,0,0,0,0,4,2,3
,2020-14180,39.65321954,-104.9183404,10/17/2020 10:25,10:25:00,15,0,0,I25 NORTHBOUND EXIT RAMP  TO & HAMPDEN AVENUE EAST,1,1,0,7,1,8,0,0,45,0,0,0,0,0,1,2,8
,2020-14181,39.72558,-104.8786,9/29/2020 15:40,15:40:00,3,0,0,LOWRY BOULEVARD EAST & ALTON WAY NORTH,1,1,0,0,1,1,0,0,35,0,0,0,0,0,4,2,3
,2020-14182,39.7342,-104.88704,9/29/2020 12:00,12:00:00,6,0,0,RICHTHOFEN PLACE EAST & XANTIHA STREET NORTH,1,1,0,0,1,4,0,0,25,0,0,0,0,0,4,2,16
,2020-14184,39.78099,-104.84702,10/19/2020 19:37,19:37:00,3,0,0,PEORIA STREET NORTH  & 47TH AVENUE EAST,1,3,0,0,1,3,0,0,35,0,0,0,0,0,4,2,7
,2020-14186,39.77583,-104.86574,10/17/2020 19:31,19:31:00,12,0,0,I70 WB & HAVANA STREET NORTH,1,3,0,0,1,4,0,0,55,0,0,0,0,1,1,2,13
,2020-14187,39.74014,-104.93724,10/10/2020 17:10,17:10:00,3,0,1,COLFAX AVENUE EAST & BELLAIRE STREET NORTH,1,1,0,0,1,1,0,0,35,0,0,0,0,3,2,2,5
,2020-14190,39.77799,-104.77207,10/17/2020 13:55,13:55:00,1,0,0,NORTH TOWER ROAD & EAST 45TH AVENUE,1,1,0,0,1,1,0,0,40,0,0,0,0,0,4,2,13
,2020-14193,39.74624,-104.99602,10/16/2020 23:42,23:42:00,10,0,0,900 15TH STREET & CHAMPA STREET,1,3,0,0,1,1,0,0,35,0,0,0,0,0,4,2,13
,2020-14194,39.78507,-105.00642,10/18/2020 18:15,18:15:00,12,0,0,WEST 49TH AVENUE & NORTH PECOS STREET,1,3,0,0,1,4,0,0,35,0,0,0,0,0,4,2,13
,2020-14197,39.7337,-105.01852,10/17/2020 6:40,6:40:00,6,0,0,ALCOTT WAY & 900 NORTH,1,1,1,0,1,4,0,0,15,0,0,0,0,0,4,2,16
,2020-14199,39.67848,-104.9664,10/17/2020 16:45,16:45:00,3,0,0,WILLIAMS STREET SOUTH & EVANS AVENUE EAST,1,1,0,0,1,3,0,0,35,0,0,0,0,0,4,2,13
,2020-14201,39.78324253,-105.0064504,9/29/2020 22:30,22:30:00,5,0,0,HIGHWAY I70 EASTBOUND EXIT RAMP TO & PECOS STREET NORTH,1,3,0,0,3,6,0,0,30,0,0,0,0,0,4,1,16
,2020-14202,39.79818,-104.77894,10/3/2020 15:30,15:30:00,15,0,0,18300 EAST 56TH AVENUE & NORTH TOWER ROAD,1,1,0,0,1,4,0,0,45,0,0,0,0,0,4,2,5
,2020-14204,39.77155,-104.7496,10/4/2020 3:36,3:36:00,6,0,0,40TH PLACE EAST & JERICHO STREET NORTH,1,4,0,0,1,1,0,0,25,0,0,0,0,0,4,2,5
,2020-14206,39.70299,-105.02038,10/17/2020 0:28,0:28:00,6,0,0,700 SOUTH CLAY STREET & WEST OHIO AVENUE,1,4,0,0,1,4,0,0,25,0,0,0,0,0,4,2,3
,2020-14207,39.72166,-104.95376,10/13/2020 14:45,14:45:00,5,0,0,FILLMORE STREET NORTH & 345,1,1,0,0,5,5,0,0,,0,0,0,0,0,3,1,8
,2020-14208,39.71706,-104.90377,10/16/2020 19:09,19:09:00,12,0,0,7300 EAST LOWRY BOULEVARD & NORTH QUEBEC STREET,1,3,0,0,1,1,0,0,35,0,0,0,0,0,4,2,3
,2020-14209,39.74044,-105.01397,10/17/2020 1:14,1:14:00,8,0,0,I25 NORTHBOUND & COLFAX AVENUE EXIT RAMP,1,3,0,0,1,4,0,0,65,0,0,0,0,0,1,2,13
,2020-14210,39.62943,-104.8952,10/13/2020 13:15,13:15:00,5,0,0,UNION AVENUE EAST & ULSTER STREET SOUTH,1,1,0,0,2,1,0,0,25,0,0,0,0,0,4,1,10
,2020-14212,39.72569,-104.99638,10/19/2020 15:38,15:38:00,15,0,0,SIXTH AVENUE WEST & GALAPAGO STREET NORTH,1,1,1,0,1,1,0,0,30,0,0,0,0,1,2,2,13
,2020-14213,39.68903054,-104.9992909,9/29/2020 17:20,17:20:00,15,0,0,SOUTH PLATTE RIVER DRIVE & WEST FLORIDA AVENUE,1,1,0,0,1,3,0,0,45,0,0,0,0,0,4,2,3
,2020-14214,39.75162,-105.003,10/17/2020 19:10,19:10:00,2,0,0,WEWATTA STREET & 15TH STREET,1,3,0,0,1,1,0,0,0,1,0,0,0,1,4,1,16
,2020-14218,39.77657,-105.05324,10/17/2020 16:55,16:55:00,1,0,0,44TH AVENUE WEST & SHERIDAN BOULEVARD NORTH,1,1,0,0,1,1,0,0,30,0,0,0,0,0,2,2,13
,2020-14220,39.8380525,-104.715449,10/18/2020 0:31,0:31:00,5,0,1,78TH AVENUE & GUN CLUB ROAD,1,3,1,0,2,1,0,0,45,0,0,0,0,2,4,1,7
,2020-14221,39.72667,-104.98743,10/18/2020 7:39,7:39:00,10,0,0,EAST SPEER BOULEVARD & NORTH BROADWAY STREET,1,1,0,0,1,1,0,0,30,0,0,0,0,1,4,2,1
,2020-14222,39.76746,-104.90345,10/19/2020 17:36,17:36:00,12,0,0,NORTH QUEBEC STREET & EAST 36TH AVENUE,1,1,0,0,1,4,0,0,35,0,0,0,0,0,4,2,13
,2020-14223,39.67916,-105.05326,10/17/2020 15:01,15:01:00,1,0,0,EVANS AVENUE WEST & SHERIDAN BOULEVARD SOUTH,1,1,0,0,1,2,0,0,30,0,0,0,0,0,4,2,13
,2020-14225,39.72928754,-105.0251884,10/17/2020 13:21,13:21:00,15,0,0,SIXTH AVENUE WEST & FEDERAL BOULEVARD NORTH,1,1,0,0,1,4,0,0,55,0,0,0,0,0,2,2,3
,2020-14226,39.71134,-105.05325,10/18/2020 0:02,0:02:00,3,0,1,SHERIDAN BOULEVARD SOUTH & ALAMEDA AVENUE WEST,1,3,1,0,1,1,0,0,35,0,0,0,0,2,2,2,1
,2020-14228,39.72742,-104.93493,10/19/2020 15:53,15:53:00,2,0,1,CLERMONT STREET NORTH & SEVENTH AVENUE EAST,1,1,0,0,1,1,0,0,0,1,0,0,0,2,4,2,16
,2020-14229,39.73999,-104.90665,7/20/2020 10:00,10:00:00,15,0,0,COLFAX AVENUE EAST  & POINTIAC STREET NORTH,1,1,0,0,1,4,0,0,35,0,0,0,0,0,2,2,16
,2020-14230,39.74198,-105.01459,10/9/2020 15:53,15:53:00,12,0,0,I25 NORTHBOUND & AURARIA PARKWAY,1,1,0,0,1,4,0,0,55,0,0,0,0,0,1,2,13
,2020-14231,39.72534,-104.91257,10/13/2020 16:30,16:30:00,3,0,0,MONACO STREET NORTH & SIXTH AVENUE EAST,1,1,0,0,1,1,0,0,30,0,0,0,0,0,4,2,8
,2020-14232,39.84729,-104.66562,10/16/2020 15:30,15:30:00,12,0,0,PENA BOULEVARD INBOUND & 8200,1,1,0,0,1,4,0,0,,0,0,0,0,0,4,2,13
,2020-14233,39.75121,-105.02523,10/17/2020 18:20,18:20:00,12,0,0,NORTH FEDERAL BOULEVARD & WEST 23RD AVENUE,1,3,0,0,1,1,0,0,35,0,0,0,0,0,4,2,13
,2020-14235,39.71479,-105.00016,10/18/2020 2:26,2:26:00,5,0,0,KALAMATH STREET SOUTH & BAYAUD AVENUE WEST,1,4,0,0,3,14,0,0,35,0,0,0,0,0,4,1,5
,2020-14241,39.72569,-104.99638,9/15/2020 12:26,12:26:00,10,0,0,WEST SIXTH AVENUE & NORTH GALAPAGO STREET,1,1,0,0,1,1,0,0,40,0,0,0,0,1,4,2,14
,2020-14243,39.63212,-105.04004,10/17/2020 15:40,15:40:00,5,0,0,UNION AVENUE WEST  & NEWTON STREET SOUTH,1,1,0,0,2,4,0,0,25,0,0,0,0,0,4,1,1
,2020-14244,39.71119,-104.99714,9/29/2020 9:44,9:44:00,8,0,0,SOUTH SANTA FE DRIVE & WEST ALAMEDA AVENUE,1,1,0,0,1,1,0,0,35,0,0,0,0,0,4,2,13
,2020-14245,39.74008,-104.94719,9/26/2020 21:59,21:59:00,11,0,1,COLFAX AVENUE EAST  & COOK STREET NORTH,1,3,0,0,1,1,0,0,35,0,1,0,0,3,2,1,16
,2020-14246,39.68227,-105.02504,10/17/2020 16:27,16:27:00,1,0,0,SOUTH FEDERAL BOULEVARD & WEST JEWELL AVENUE,1,1,0,0,1,1,0,0,35,0,0,0,0,0,4,2,13
,2020-14247,39.75722,-104.98359,10/15/2020 17:30,17:30:00,6,0,0,ARAPAHOE STREET & 26TH STREET,1,5,1,0,3,4,0,0,30,0,0,0,0,0,4,2,13
,2020-14248,39.73988,-104.97862,8/24/2020 22:17,22:17:00,11,0,1,COLFAX AVENUE EAST  & WASHINGTON STREET NORTH,1,3,0,0,1,4,0,0,0,0,1,0,0,3,2,1,16
,2020-14249,39.78207,-104.90354,10/7/2020 7:58,7:58:00,12,0,0,QUEBEC STREET & 4500 NORTH,1,1,0,0,1,1,0,0,35,0,0,0,0,0,4,2,13