id,drcog_id,latitude,longitude,crashtime,time,crashtype,numbkilled,numbinjurd,drcoglocat,rdconditin,lightngcon,roadcntgrd,weatherco,location,roaddescrp,schoolzone,constrzone,splimit,bikeinv,pedinv,sctrinv,motoinv,svrty,rdsystem,ttlvehcls,hcf
,2020-14250,39.84274,-104.67717,10/18/2020 10:54,10:54:00,12,0,0,8000 PENA BOULEVARD & EAST 80TH AVENUE,1,1,0,0,1,4,0,1,35,0,0,0,0,0,4,2,8
,2020-14251,39.7387,-104.89286,9/20/2020 21:58,21:58:00,5,0,0,NORTH UNTA STREET & EAST 14TH AVENUE,1,3,0,0,3,4,0,0,,0,0,0,0,0,4,1,14
,2020-14253,39.69199,-104.93666,10/16/2020 20:00,20:00:00,16,0,0,1345 SOUTH BIRCH STREET & PRIVATE PROPERTY,1,3,0,0,5,7,0,0,,0,1,0,0,0,3,1,14
,2020-14255,39.67846,-104.91281,10/7/2020 14:15,14:15:00,15,0,0,EAST EVANS AVENUE & SOUTH MONACO STREET,1,1,0,0,1,3,0,0,35,0,0,0,0,0,4,2,3
,2020-14256,39.71837,-104.98918,8/22/2020 9:02,9:02:00,11,0,0,FIRST AVENUE WEST & ACOMA STREET NORTH,1,1,0,0,1,1,0,0,25,0,1,0,0,1,4,1,8
,2020-14257,39.69566,-104.9414,8/13/2020 11:53,11:53:00,6,0,0,HARRISON STREET SOUTH  & ARIZONA AVENUE EAST,1,1,0,0,1,5,0,0,20,0,0,0,0,0,4,2,16
,2020-14258,39.77657,-105.04398,9/15/2020 19:34,19:34:00,1,0,1,WEST 44TH AVENUE & NORTH TENNYSON STREET,1,3,0,0,1,1,0,0,30,0,0,0,0,2,4,2,1
,2020-14259,39.71207954,-104.9875684,10/16/2020 10:26,10:26:00,6,0,0,000 WEST BYERS PLACE & SOUTH BROADWAY STREET,1,1,1,0,1,4,0,0,25,0,0,0,0,0,4,2,13
,2020-14260,39.76745,-105.00404,9/21/2020 10:15,10:15:00,6,0,0,3600 NORTH NAVAJO STREET & WEST 36TH AVENUE,1,1,0,0,1,4,0,0,25,0,0,0,0,0,4,2,3
,2020-14261,39.7093,-104.94073,10/16/2020 16:11,16:11:00,12,0,0,COLORADO BOULEVARD SOUTH & DAKOTA AVENUE EAST,1,1,0,0,1,1,0,0,35,0,0,0,0,0,2,2,1
,2020-14262,39.74033,-105.02986,9/12/2020 16:05,16:05:00,12,0,0,COLFAX AVENUE WEST & IRVING STREET NORTH,1,1,0,0,1,4,0,0,35,0,0,0,0,0,2,2,1
,2020-14263,39.72548053,-105.0130699,10/19/2020 14:37,14:37:00,15,0,0,I25 SOUTHBOUND & SIXTH AVENUE WB EXIT RAMP,1,1,0,0,1,8,0,0,65,0,0,0,0,0,1,2,3
,2020-14264,39.78581,-104.8097,9/22/2020 17:35,17:35:00,12,0,0,5100 NORTH CHAMBERS ROAD & EAST GATEWAY AVENUE,1,1,0,0,1,4,0,0,40,0,0,0,0,0,4,2,1
,2020-14265,39.76422,-104.97755,10/16/2020 14:35,14:35:00,15,0,0,LARIMER STREET  & 33RD STREET,1,1,0,0,1,4,0,0,35,0,0,0,0,0,4,2,8
,2020-14266,39.72095,-104.94102,10/18/2020 17:29,17:29:00,12,0,0,THIRD AVENUE 3900 EAST & NORTH COLORADO BOULEVARD,1,2,1,0,1,4,0,0,30,0,0,0,0,0,4,2,13
,2020-14267,39.72517,-105.01314,10/2/2020 17:03,17:03:00,12,0,0,SIXTH AVENUE EASTBOUND EXIT RAMP TO & I25 SOUTHBOUND,1,1,0,0,1,8,0,0,55,0,0,0,0,0,1,2,16
,2020-14268,39.76936,-105.02761,9/5/2020 13:55,13:55:00,6,0,0,GROVE STREET NORTH & 38TH AVENUE WEST,1,1,0,0,1,4,0,0,25,0,0,0,0,0,4,2,13
,2020-14269,39.76451,-104.96965,10/19/2020 13:15,13:15:00,6,0,0,EAST BRUCE RANDOLPH AVENUE & NORTH HUMBOLDT STREET,1,1,0,0,1,4,0,0,25,0,0,0,0,0,4,2,13
,2020-14270,39.77896,-104.75901,10/18/2020 17:20,17:20:00,5,0,0,FLANDERS WAY NORTH & SCOTT PLACE EAST,1,1,0,0,3,3,0,0,25,0,0,0,0,0,4,1,14
,2020-14271,39.76732,-104.89046,9/19/2020 15:10,15:10:00,4,0,0,CENTRAL PARK BOULEVARD NORTH & 36TH AVENUE EAST,1,1,0,0,1,4,0,0,,0,0,0,0,0,4,2,16
,2020-14272,39.67112,-104.99519,9/28/2020 22:41,22:41:00,5,0,0,SANTA FE DRIVE SOUTH & HARVARD AVENUE WEST,1,3,0,0,3,4,0,0,45,0,0,0,0,0,2,1,1
,2020-14273,39.6693,-104.95931,9/15/2020 17:15,17:15:00,6,0,0,UNIVERSITY BOULEVARD SOUTH & 2657,1,1,0,0,1,4,0,0,30,0,0,0,0,0,4,2,13
,2020-14274,39.65565,-105.05321,10/17/2020 8:58,8:58:00,4,0,0,SHERIDAN BOULEVARD SOUTH  & HAMPDEN AVENUE WEST,1,1,0,0,1,4,0,0,40,0,0,0,0,0,2,1,13
,2020-14275,39.72892,-104.99953,10/19/2020 12:41,12:41:00,15,0,0,900 WEST EIGHTH AVENUE & NORTH KALAMATH STREET,1,1,1,0,1,4,0,0,35,0,0,0,0,0,4,2,13
,2020-14276,39.75615,-105.01575,9/7/2020 14:15,14:15:00,2,0,1,ZUNI STREET NORTH  & SPEER BOULEVARD NORTH,1,1,1,0,1,2,0,0,15,1,0,0,0,3,4,2,16
,2020-14277,39.71121,-104.99913,10/3/2020 1:56,1:56:00,8,0,1,I25 SOUTHBOUND & ALAMEDA AVENUE WEST,1,4,0,0,1,4,0,0,65,0,0,0,0,3,1,2,5
,2020-14279,39.67841954,-104.9336584,10/7/2020 14:15,14:15:00,15,0,0,I25 NORTHBOUND & EVANS AVENUE ENTRANCE RAMP,1,1,0,0,1,8,0,0,60,0,0,0,0,0,1,2,3
,2020-14280,39.63869,-105.08563,10/7/2020 8:30,8:30:00,1,0,1,QUINCY AVENUE WEST  & ZYPHER STREET,1,1,0,0,1,3,0,0,40,0,0,0,0,2,4,2,7
,2020-14281,39.70666,-104.9966,9/25/2020 19:56,19:56:00,12,0,2,I25 NORTHBOUND & SANTA FE DRIVE SOUTH,1,3,1,0,1,4,0,0,65,0,0,0,1,3,1,2,1
,2020-14282,39.69662,-104.92189,8/28/2020 10:50,10:50:00,12,0,0,EAST CHERRY CREEK NORTH DRIVE & SOUTH HOLLY STREET,1,1,0,0,1,1,0,0,30,0,0,0,0,0,4,2,13
,2020-14283,39.7189,-105.02501,9/7/2020 14:00,14:00:00,12,0,0,FEDERAL BOULEVARD & 100,1,1,0,0,1,4,0,0,35,0,0,0,0,0,2,2,1
,2020-14285,39.73686,-104.98358,10/7/2020 11:36,11:36:00,12,0,0,13TH AVENUE  & LOGAN STREET NORTH,1,1,0,0,1,2,0,0,25,0,0,0,0,0,4,2,14
,2020-14286,39.77799552,-104.9082289,10/14/2020 18:04,18:04:00,5,0,0,STAPLETON DRIVE SOUTH & ONEIDA STREET,1,1,0,0,2,3,0,0,25,0,0,0,0,0,4,1,13
,2020-14287,39.73432,-104.99375,9/6/2020 12:20,12:20:00,12,0,0,1100 NORTH SPEER BOULEVARD & CHAMPA STREET,1,1,0,0,1,4,0,0,35,0,0,0,0,0,4,2,14
,2020-14288,39.78081,-104.84253,9/27/2020 20:08,20:08:00,16,0,0,ALBROOK & 12770 EAST,1,3,0,0,5,7,0,0,25,0,0,0,0,0,3,1,14
,2020-14290,39.75792,-104.99177,10/19/2020 6:20,6:20:00,3,0,0,PARK AVENUE WEST & WAZEE STREET,1,1,0,0,1,1,0,0,35,0,0,0,0,0,4,2,13
,2020-14292,39.77505,-104.8099,10/16/2020 12:39,12:39:00,3,0,0,NORTH CHAMBERS ROAD & EAST ANDREWS DRIVE,1,1,0,0,1,1,0,0,35,0,0,0,0,0,4,2,16
,2020-14293,39.72552,-105.01336,10/3/2020 8:46,8:46:00,5,0,0,I25 SOUTHBOUND & SIXTH AVENUE WEST EXIT RAMP,1,1,0,0,2,8,0,0,55,0,0,0,0,0,1,1,16
,2020-14295,39.71391,-104.98998,10/17/2020 12:35,12:35:00,6,0,0,WEST MAPLE AVENUE & SOUTH BANNOCK STREET,1,1,0,6,1,4,0,0,25,0,0,0,0,0,4,2,8
,2020-14296,39.76928353,-105.0252289,9/19/2020 20:02,20:02:00,12,0,0,FEDERAL BOULEVARD NORTH & 38TH AVENUE WEST,1,3,0,0,1,4,0,0,35,0,0,0,0,0,2,2,1
,2020-14297,39.71974754,-105.0252289,9/26/2020 0:49,0:49:00,3,0,0,FEDERAL BOULEVARD NORTH  & SECOND AVENUE WEST,1,3,0,0,1,1,0,0,35,0,0,0,0,0,2,2,5
,2020-14298,39.8356495,-104.6717495,10/14/2020 15:26,15:26:00,12,0,0,7800 PENA BOULEVARD INBOUND & SHADY GROVE,1,1,0,0,1,4,0,0,35,0,0,0,0,0,4,2,1
,2020-14299,39.73602,-104.98221,9/7/2020 3:52,3:52:00,9,0,0,LOGAN STREET NORTH  & 12TH AVENUE EAST,1,3,0,0,1,4,0,0,25,0,0,0,0,0,4,2,13
,2020-14300,39.74814,-104.99362,10/4/2020 0:30,0:30:00,3,0,0,CURTIS STREET & 18TH STREET,1,3,0,0,1,1,0,0,,0,0,0,0,0,4,2,16
,2020-14301,39.68854,-105.0325,10/4/2020 1:58,1:58:00,6,0,0,KNOX COURT SOUTH  & IOWA AVENUE WEST,1,3,0,0,1,3,0,0,15,0,0,0,0,0,4,2,4
,2020-14302,39.68715,-105.03407,9/6/2020 1:05,1:05:00,6,0,0,1600 SOUTH LOWELL BOULEVARD & WEST MEXICO AVENUE,1,3,0,0,1,4,0,0,25,0,0,0,0,0,4,2,5
,2020-14303,39.70759,-105.02509,10/18/2020 14:00,14:00:00,1,0,0,VIRGINIA AVENUE WEST & FEDERAL BOULEVARD SOUTH,1,1,0,0,1,1,0,0,35,0,0,0,0,0,2,2,13
,2020-14304,39.77287,-104.83384,9/24/2020 20:15,20:15:00,9,0,1,I225 SOUTHBOUND EXIT RAMP  FROM & I70 EASTBOUND,1,3,1,0,1,8,0,1,55,0,0,0,1,3,1,1,14
,2020-14305,39.75839,-104.91239,10/5/2020 19:08,19:08:00,12,0,0,EAST 29TH AVENUE & NORTH MONACO STREET,1,3,0,0,1,1,0,0,35,0,0,0,0,0,4,2,5
,2020-14306,39.71193,-104.99877,9/29/2020 14:00,14:00:00,15,0,0,SOUTH KALAMATH STREET & WEST BYERS PLACE,1,1,0,0,1,3,0,0,35,0,0,0,0,0,4,2,8
,2020-14307,39.69675,-105.02506,9/26/2020 16:16,16:16:00,1,0,0,MISSISSIPPI AVENUE WEST & FEDERAL BOULEVARD SOUTH,1,1,0,0,1,1,0,0,35,0,0,0,0,0,2,2,1
,2020-14309,39.83201,-104.71554,10/14/2020 19:16,19:16:00,3,0,0,EAST 75TH AVENUE & NORTH GUN CLUB ROAD,1,3,0,0,1,1,0,0,35,0,0,0,0,0,4,2,13
,2020-14310,39.65977154,-104.9316604,10/18/2020 11:06,11:06:00,6,0,0,HUGHLINE PLACE EAST & DAHLIA STREET SOUTH,1,1,0,0,1,4,0,0,25,0,0,0,0,0,4,2,13
,2020-14311,39.68706,-105.02969,9/7/2020 5:24,5:24:00,6,0,0,IRVING STREET SOUTH  & IOWA AVENUE WEST,1,3,1,0,3,4,0,0,30,0,0,0,0,0,4,2,16
,2020-14312,39.72922,-105.02608,9/16/2020 9:55,9:55:00,6,0,0,EIGHTH AVENUE WEST  & HAZEL COURT NORTH,1,1,1,0,1,4,0,0,30,0,0,0,0,0,4,2,16
,2020-14313,39.73311,-105.05324,8/21/2020 15:55,15:55:00,12,0,0,SHERIDAN BOULEVARD NORTH & 10TH AVENUE WEST,1,1,0,0,1,3,0,0,35,0,0,0,0,0,2,2,16
,2020-14314,39.71118,-105.00627,9/24/2020 20:04,20:04:00,12,0,0,ALAMEDA AVENUE WEST & PECOS STREET SOUTH,1,3,0,0,1,4,0,0,30,0,0,0,0,1,2,2,1
,2020-14315,39.76746,-104.90345,10/16/2020 16:15,16:15:00,15,0,0,QUEBEC STREET NORTH & 36TH AVENUE EAST,1,1,0,0,1,1,0,0,35,0,0,0,0,0,4,2,1
,2020-14316,39.77318051,-104.809922,10/19/2020 7:39,7:39:00,3,0,0,CHAMBERS ROAD NORTH & 40TH AVENUE EAST,1,2,0,0,1,1,0,0,40,0,0,0,0,0,4,2,3
,2020-14319,39.7567,-105.03931,8/16/2020 8:58,8:58:00,6,0,0,PERRY STREET NORTH & 27TH AVENUE WEST,1,1,0,0,1,4,0,0,20,0,0,0,0,0,4,2,16
,2020-14320,39.76116,-105.00476,10/7/2020 8:20,8:20:00,12,0,0,I25 SOUTHBOUND & 20TH STREET,1,1,0,0,1,4,0,0,55,0,0,0,0,0,1,2,13
,2020-14321,39.702,-104.98627,9/30/2020 6:44,6:44:00,8,0,0,EAST OHIO AVENUE & SOUTH LINCOLN STREET,1,1,0,0,1,1,0,0,30,0,0,0,0,0,4,2,13
,2020-14322,39.70138,-104.98745,10/19/2020 11:52,11:52:00,5,0,0,I25 SOUTHBOUND & BROADWAY STREET SOUTH,1,1,1,0,1,4,0,0,55,0,0,0,0,1,1,2,14
,2020-14324,39.6767,-104.97346,9/29/2020 16:30,16:30:00,12,0,0,SOUTH DOWNING STREET & EAST WARREN AVENUE,1,1,0,0,1,3,0,0,25,0,0,0,0,1,4,2,3
,2020-14325,39.70811,-105.02981,10/4/2020 22:54,22:54:00,12,0,0,400 SOUTH IRVING STREET & WEST ALASKA PLACE,1,4,0,0,1,4,0,0,25,0,0,0,0,0,4,2,13
,2020-14326,39.71122,-105.03306,10/17/2020 10:00,10:00:00,12,0,0,ALAMEDA AVENUE WEST  & KNOX COURT SOUTH,1,1,0,0,1,4,0,0,35,0,0,0,0,0,2,2,13
,2020-14328,39.70759,-105.02509,10/7/2020 8:30,8:30:00,3,0,0,WEST VIRGINIA AVENUE  & SOUTH FEDERAL BOULEVARD,1,1,0,0,1,1,0,0,25,0,0,0,0,0,4,2,13
,2020-14329,39.78011,-104.98956,9/27/2020 23:34,23:34:00,5,0,1,I70 EASTBOUND EXIT RAMP & I25 NORTHBOUND / SOUTHBOUND EXIT RAMP,1,3,1,0,2,8,0,0,65,0,0,0,0,2,4,1,13
,2020-14330,39.7035,-105.04238,9/23/2020 17:16,17:16:00,14,0,0,RALEIGH STREET SOUTH & WALSH PLACE WEST,1,1,0,0,1,3,0,0,25,0,0,0,0,0,4,2,3
,2020-14331,39.72932,-105.01505,10/19/2020 9:40,9:40:00,5,0,0,I25 SOUTHBOUND HOOK RAMP  TO & EIGHTH AVENUE WEST,1,1,0,0,2,4,0,0,65,0,0,0,0,1,1,2,1
,2020-14333,39.73728,-104.88467,10/7/2020 13:30,13:30:00,1,0,0,YOSEMITE STREET NORTH & 13TH AVENUE EAST,1,1,0,0,1,1,0,0,35,0,0,0,0,0,4,2,1
,2020-14334,39.77664,-105.02522,10/5/2020 16:45,16:45:00,12,0,0,FEDERAL BOULEVARD NORTH & 44TH AVENUE WEST,1,1,0,0,1,3,0,0,35,0,0,0,0,0,2,2,13
,2020-14335,39.75395,-104.99326,9/10/2020 20:56,20:56:00,6,0,0,MARKET STREET  & 20TH STREET,1,3,0,0,1,7,0,0,,0,0,0,0,0,4,2,1
,2020-14336,39.77421,-104.84704,10/18/2020 13:31,13:31:00,5,0,0,I70 WB & PEORIA STREET NORTH,1,1,0,0,2,4,0,0,,0,0,0,0,0,1,1,3
,2020-14337,39.7166,-104.99858,10/19/2020 6:30,6:30:00,12,0,1,SANTA FE DRIVE NORTH & ELLSWORTH AVENUE WW,1,3,0,0,1,1,0,0,30,0,0,0,0,2,2,2,1
,2020-14338,39.76383,-104.90697,9/23/2020 2:09,2:09:00,6,0,0,EAST 33RD AVENUE & NORTH OLIVE STREET,1,3,0,0,1,4,0,0,25,0,0,0,0,0,4,2,5
,2020-14339,39.69638,-105.02029,8/21/2020 23:58,23:58:00,6,0,0,CLAY STREET SOUTH  & MISSISSIPPI AVENUE WEST,1,3,0,0,1,4,0,0,25,0,0,0,0,0,4,2,5
,2020-14340,39.75549,-104.99105,10/19/2020 8:30,8:30:00,3,0,0,MARKET STREET & 22ND STREET,1,1,0,0,1,1,0,0,25,0,0,0,0,0,4,2,13
,2020-14341,39.7806866,-104.9541113,9/26/2020 4:00,4:00:00,6,0,0,CLAYTON STREET & 4317 NORTH,1,3,0,0,1,4,0,0,30,0,0,0,0,0,4,2,13
,2020-14342,39.73447,-104.9976,10/17/2020 8:06,8:06:00,6,0,0,INCA STREET NORTH  & 12TH AVENUE WEST,1,1,0,0,1,4,0,0,25,0,0,0,0,0,4,2,16
,2020-14343,39.69002954,-104.9734204,10/19/2020 15:30,15:30:00,12,0,0,I25 SOUTHBOUND ENTRANCE RAMP  FROM & DOWNING STREET,1,1,0,0,1,8,0,0,40,0,0,0,0,0,1,2,3
,2020-14344,39.72893,-104.99058,10/16/2020 17:08,17:08:00,8,0,0,WEST EIGHTH AVENUE & NORTH SPEER BOULEVARD,1,1,0,0,1,1,0,0,30,0,0,0,0,0,4,2,8
,2020-14345,39.69269354,-104.9769394,10/18/2020 17:29,17:29:00,1,0,0,EMERSON STREET SOUTH & BUCHTEL ROAD EAST,1,1,0,0,1,1,0,0,25,0,0,0,0,0,4,2,13
,2020-14346,39.78027,-104.98956,9/6/2020 13:26,13:26:00,15,0,0,I25 SOUTHBOUND & I70 WB,1,1,0,0,1,4,0,0,55,0,0,0,0,0,1,2,13
,2020-14347,39.71118,-105.01452,10/19/2020 13:52,13:52:00,15,0,0,WEST ALAMEDA AVENUE & SOUTH YUMA STREET,1,1,0,0,1,3,0,0,30,0,0,0,0,0,4,2,13
,2020-14348,39.70902,-104.99599,10/17/2020 13:40,13:40:00,15,0,0,SANTA FE DRIVE SOUTH  & ALAMEDA AVENUE WEST,1,1,0,0,1,4,0,0,45,0,0,0,0,0,2,2,8
,2020-14350,39.73563,-104.89289,10/17/2020 22:45,22:45:00,5,0,0,12TH AVENUE EAST & UINTA STREET NORTH,1,3,0,0,2,1,0,0,25,0,0,0,0,0,4,1,5
,2020-14351,39.74486,-104.97988,10/17/2020 15:41,15:41:00,10,0,0,EAST 18TH AVENUE & NORTH PEARL STREET,1,1,0,0,1,1,0,0,30,0,0,0,0,1,4,2,8
,2020-14352,39.78059,-104.84171,8/28/2020 19:24,19:24:00,3,0,0,NORTH TULSA COURT & EAST ALBROOK DRIVE,11,3,0,1,1,1,0,0,25,0,0,0,0,0,4,2,7
,2020-14353,39.68204,-104.94419,10/17/2020 17:40,17:40:00,3,0,0,JEWELL AVENUE EAST & GARFIELD STREET SOUTH,1,1,0,0,1,5,0,0,25,0,0,0,0,1,4,2,8
,2020-14359,39.66749,-104.92548,10/19/2020 13:30,13:30:00,5,0,0,I25 NORTHBOUND & YALE AVENUE EAST,1,1,0,0,1,4,0,0,60,0,0,0,0,0,1,2,13
,2020-14371,39.78260803,-104.9985394,10/14/2020 6:21,6:21:00,15,0,0,I70 WB & MM 281,1,1,0,0,1,4,0,0,55,0,0,0,0,0,1,2,13
,2020-14372,39.67847,-104.92261,10/1/2020 8:05,8:05:00,3,0,0,EVANS AVENUE EAST  & HOLLY STREET SOUTH,1,1,0,0,1,2,0,0,35,0,0,0,0,0,4,2,2
,2020-14374,39.68294,-104.94055,10/13/2020 21:44,21:44:00,3,0,0,COLORADO BOULEVARD SOUTH & I25 NORTHBOUND ENTRANCE / EXIT RAMPS,1,3,0,0,1,1,0,0,40,0,0,0,0,0,2,2,13
,2020-14377,39.72571,-105.00015,10/19/2020 0:58,0:58:00,3,0,0,WEST SIXTH AVENUE & NORTH KALAMATH STREET,1,3,0,0,1,1,0,0,30,0,0,0,0,0,4,2,14
,2020-14378,39.78395,-104.89088,10/18/2020 22:41,22:41:00,5,0,0,NORTHIFELD BOULEVARD EAST  & 48TH AVENUE,1,3,0,0,6,6,0,0,25,0,0,0,0,0,4,1,5
,2020-14379,39.73681,-104.9586,10/12/2020 19:42,19:42:00,3,0,0,EAST 13TH AVENUE & NORTH JOSEPHINE STREET,1,2,1,0,1,1,0,0,30,0,0,0,0,0,4,2,7
,2020-14381,39.83812,-104.71547,10/12/2020 10:40,10:40:00,12,0,0,EAST 78TH AVENUE & NORTH GUN CLUB ROAD,1,1,0,0,1,1,0,0,45,0,0,0,0,0,4,2,14
,2020-14382,39.69986,-104.9072,10/14/2020 11:14,11:14:00,12,0,0,LEETSDALE DRIVE 7000  & SOUTH ONEIDA STREET,1,1,0,0,1,4,0,0,35,0,0,0,0,0,4,2,16
,2020-14384,39.69746,-105.00152,10/14/2020 15:18,15:18:00,6,0,0,LIPAN STREET & 1000 SOUTH,1,1,0,0,1,4,0,0,30,0,0,0,0,1,4,2,3
,2020-14385,39.78260803,-104.9985394,10/18/2020 23:49,23:49:00,15,0,0,I70 WB & MM 279,1,4,0,0,1,4,0,0,55,0,0,0,0,0,1,2,5
,2020-14386,39.75639,-104.9777,9/22/2020 12:00,12:00:00,11,0,1,28TH STREET & CALIFORNIA STREET,1,1,0,0,1,3,0,0,30,0,1,0,0,3,4,1,14
,2020-14389,39.71134153,-104.9350984,10/14/2020 11:43,11:43:00,3,0,0,ALAMEDA AVENUE EAST & CLERMONT STREET SOUTH,1,1,0,0,1,4,0,0,35,0,0,0,0,0,2,2,10
,2020-14390,39.69611,-104.99208,9/28/2020 22:45,22:45:00,12,0,0,SANTA FE DRIVE SOUTH  & MISSISSIPPI AVENUE WEST,1,3,0,0,1,1,0,0,35,0,0,0,0,0,2,2,16
,2020-14391,39.62421,-105.09717,10/14/2020 12:16,12:16:00,12,0,0,8900 WEST BELLEVIEW AVENUE & SOUTH FIELD WAY,1,1,0,0,1,4,0,0,40,0,0,0,0,0,4,2,1
,2020-14392,39.78009,-104.94067,10/13/2020 15:48,15:48:00,12,0,0,COLORADO BOULEVARD NORTH & I70 WB,1,1,1,0,1,1,0,0,40,0,0,0,0,0,2,2,3
,2020-14393,39.78362951,-104.809832,10/18/2020 21:28,21:28:00,12,0,0,4800 NORTH CHAMBERS ROAD & EAST GATEWAY AVENUE,1,3,0,0,1,4,0,0,40,0,0,0,0,0,4,2,5
,2020-14394,39.69492,-105.03674,10/9/2020 0:56,0:56:00,5,0,0,ARIZONA AVENUE WEST & NEWTON STREET SOUTH,1,3,0,0,2,3,0,0,25,0,0,0,0,0,4,1,8
,2020-14395,39.6894,-104.9875,10/13/2020 18:30,18:30:00,3,0,0,BROADWAY STREET SOUTH & FLORIDA AVENUE EAST,1,1,0,0,1,1,0,0,30,0,0,0,0,0,4,2,3
,2020-14399,39.71937,-104.9875,10/14/2020 10:45,10:45:00,10,0,0,NORTH BROADWAY STREET & EAST SECOND AVENUE,1,1,0,0,1,1,0,0,30,0,0,0,0,0,4,2,16
,2020-14401,39.69666,-104.99188,10/19/2020 6:20,6:20:00,1,0,0,MISSISSIPPI AVENUE WEST & SANTA FE DRIVE SOUTH,1,3,0,0,1,1,0,0,30,0,0,0,0,0,2,2,8
,2020-14402,39.6966,-104.93174,10/13/2020 20:37,20:37:00,3,0,0,EAST MISSISSIPPI AVENUE & SOUTH DAHLIA STREET,1,3,0,0,1,1,0,0,25,0,0,0,0,1,4,2,13
,2020-14403,39.77901,-105.00698,9/30/2020 15:15,15:15:00,2,0,1,CHAFFEE PLACE WEST & QUIETCO STREET NORTH,1,2,0,0,1,1,0,0,25,1,0,0,0,1,4,2,3
,2020-14404,39.77291,-104.85642,9/23/2020 8:40,8:40:00,8,0,0,EAST 40TH AVENUE & NORTH LIMA STREET,1,1,0,0,1,4,0,0,30,0,0,0,0,0,4,2,5
,2020-14406,39.7632,-105.02524,10/14/2020 8:00,8:00:00,12,0,0,FEDERAL BOULEVARD NORTH & 3300,1,1,0,0,1,4,0,0,35,0,0,0,0,0,2,2,7
,2020-14407,39.75073,-104.97366,10/14/2020 16:54,16:54:00,12,0,0,1100 EAST 23RD AVENUE & NORTH DOWNING STREET,1,1,0,0,1,4,0,0,30,0,0,0,0,0,4,2,14
,2020-14410,39.73361,-104.935,10/18/2020 16:10,16:10:00,3,0,0,HALE PARKWAY EAST & CLERMONT STREET NORTH,1,1,0,0,1,3,0,0,35,0,0,0,0,0,4,2,14
,2020-14412,39.72534,-104.91257,10/14/2020 12:14,12:14:00,3,0,1,NORTH MONACO STREET & EAST SIXTH AVENUE,1,1,0,0,1,1,0,0,30,0,0,0,0,1,4,2,13
,2020-14414,39.73687,-104.96953,10/18/2020 16:05,16:05:00,10,0,1,NORTH HUMBOLDT STREET & EAST 13TH AVENUE,1,1,0,0,1,1,0,0,30,0,0,0,1,2,4,2,13
,2020-14415,39.68473,-104.95945,10/14/2020 16:33,16:33:00,15,0,0,I25 SOUTHBOUND & UNIVERSITY BOULEVARD SOUTH,1,1,0,0,1,4,0,0,65,0,0,0,0,0,1,2,13
,2020-14417,39.7657,-105.05324,10/18/2020 19:15,19:15:00,15,0,0,SHERIDAN BOULEVARD NORTH & 35TH AVENUE WEST,1,3,0,0,1,4,0,0,35,0,0,0,0,0,2,2,13
,2020-14420,39.72548053,-105.0130699,10/13/2020 23:41,23:41:00,5,0,0,SIXTH AVENUE WB RAMP & I25 SOUTHBOUND EXIT,1,3,0,0,2,8,0,0,65,0,0,0,0,0,1,1,13
,2020-14421,39.78389,-105.03812,10/12/2020 15:12,15:12:00,12,0,0,48TH AVENUE WEST & OSECOLA STREET NORTH,1,1,0,0,1,3,0,0,25,0,0,0,0,0,4,2,13
,2020-14423,39.76348,-104.97723,10/13/2020 20:07,20:07:00,6,0,0,LAWRENCE STREET & 32ND STREET,1,3,0,0,1,4,0,0,30,0,0,0,0,0,4,2,14
,2020-14424,39.78625109,-104.791086,10/12/2020 5:11,5:11:00,12,0,1,PENA BOULEVARD & 8000 PENA BOULEVARD,1,2,0,0,1,4,0,0,35,0,0,0,0,1,4,2,13
,2020-14425,39.77296,-105.04746,9/27/2020 17:17,17:17:00,3,0,0,NORTH WINONA COURT & WEST 41ST AVENUE,1,1,0,0,1,1,0,0,30,0,0,0,0,0,4,2,13
,2020-14426,39.62368525,-104.9016633,10/14/2020 2:52,2:52:00,12,0,2,I25 SOUTHBOUND & BELLEVIEW AVENUE EAST,1,3,0,0,1,4,0,0,65,0,0,0,0,3,1,2,3
,2020-14427,39.69566,-104.94062,10/2/2020 14:43,14:43:00,12,0,0,COLORADO BOULEVARD 1100 SOUTH & EAST ARIZONA AVENUE,1,1,0,0,1,4,0,0,35,0,0,0,0,0,4,2,13
,2020-14428,39.68489489,-104.9510043,10/14/2020 9:25,9:25:00,15,0,0,I25 NORTHBOUND & 38TH AVENUE WEST,1,1,1,0,1,4,0,0,55,0,0,0,0,0,1,2,7
,2020-14430,39.74006,-104.98614,10/14/2020 12:26,12:26:00,15,0,0,NORTH LINCOLN STREET & EAST COLFAX AVENUE,1,1,0,0,1,4,0,0,30,0,0,0,0,0,4,2,14
,2020-14433,39.8342455,-104.692922,10/1/2020 7:42,7:42:00,12,0,0,INBOUND NORTH PENA BOULEVARD & JACKSON GAP,1,1,0,0,1,4,0,0,65,0,0,0,0,0,4,2,13
,2020-14434,39.6895,-105.02131,10/14/2020 14:36,14:36:00,3,0,0,SOUTH DALE COURT & WEST FLORIDA AVENUE,1,1,0,0,1,1,0,0,25,0,0,0,0,1,4,2,1
,2020-14435,39.71121,-104.99839,10/14/2020 13:40,13:40:00,1,0,0,ALAMEDA AVENUE WEST & KALAMATH STREET SOUTH,1,1,0,0,1,1,0,0,35,0,0,0,0,0,2,2,3