id,drcog_id,latitude,longitude,crashtime,time,crashtype,numbkilled,numbinjurd,drcoglocat,rdconditin,lightngcon,roadcntgrd,weatherco,location,roaddescrp,schoolzone,constrzone,splimit,bikeinv,pedinv,sctrinv,motoinv,svrty,rdsystem,ttlvehcls,hcf
,2020-14436,39.78314,-105.00642,10/14/2020 8:54,8:54:00,12,0,0,I70 EASTBOUND & PEORIA STREET NORTH,1,1,0,6,1,4,0,0,55,0,0,0,0,0,1,2,13
,2020-14437,39.77109,-104.84704,10/1/2020 7:54,7:54:00,15,0,0,39TH AVENUE EAST & PEORIA STREET NORTH,1,1,0,0,1,2,0,0,30,0,0,0,0,0,4,2,13
,2020-14438,39.68943,-105.03437,10/14/2020 16:25,16:25:00,3,0,0,SOUTH LOWELL BOULEVARD & WEST FLORIDA AVENUE,1,1,0,0,1,1,0,0,30,0,0,0,0,0,4,2,13
,2020-14441,39.75436,-104.99684,10/14/2020 7:07,7:07:00,5,0,0,19TH STREET  & WAZEE STREET,1,1,0,0,1,1,0,0,0,0,1,0,0,0,4,1,16
,2020-14442,39.67926,-104.94072,10/18/2020 9:51,9:51:00,12,0,0,COLORADO BOULEVARD SOUTH  & EVANS AVENUE EAST,1,1,0,0,1,4,0,0,40,0,0,0,0,0,2,2,13
,2020-14443,39.67866,-105.02037,10/18/2020 11:28,11:28:00,3,0,0,EVANS AVENUE WEST & CLAY STREET SOUTH,1,1,0,0,1,1,0,0,30,0,0,0,0,0,4,2,13
,2020-14444,39.69117,-104.9828,9/23/2020 8:44,8:44:00,15,0,0,SOUTH LOGAN STREET & EAST ARKANSAS AVENUE,1,1,0,0,1,3,0,0,25,0,0,0,0,0,4,2,3
,2020-14446,39.78178,-104.77447,10/15/2020 12:55,12:55:00,3,0,0,EAST 47TH AVENUE & NORTH YAMPA STREET,1,1,1,0,1,1,0,0,30,0,0,0,0,0,4,2,8
,2020-14447,39.72566,-105.05326,10/13/2020 15:55,15:55:00,12,0,0,SHERIDAN BOULEVARD NORTH & SIXTH AVENUE WEST,1,1,1,0,1,4,0,0,35,0,0,0,0,0,2,2,13
,2020-14448,39.74324,-104.96845,10/14/2020 15:00,15:00:00,3,0,0,17TH AVENUE EAST & FRANKLIN STREET NORTH,1,1,0,0,1,1,0,0,35,0,0,0,0,0,4,2,8
,2020-14449,39.75362,-105.02515,10/15/2020 10:55,10:55:00,12,0,0,FEDERAL BOULEVARD NORTH  & 24TH AVENUE WEST,1,1,1,0,1,4,0,0,30,0,0,0,0,0,2,2,16
,2020-14450,39.72413,-104.99858,10/16/2020 12:40,12:40:00,3,0,0,WEST FIFTH AVENUE & NORTH SANTA FE DRIVE,1,1,0,0,1,1,0,0,30,0,0,0,0,0,4,2,1
,2020-14451,39.74137453,-104.9405794,10/14/2020 17:05,17:05:00,12,0,0,COLORADO BOULEVARD NORTH & EAST 16TH AVENUE,1,1,0,0,1,4,0,0,35,0,0,0,0,0,4,2,13
,2020-14452,39.65294055,-105.0580114,10/11/2020 9:57,9:57:00,15,0,0,HAMPDEN AVENUE EAST  & DEPEW STREET [APPROX],1,1,0,0,1,4,0,0,45,0,0,0,0,0,2,2,16
,2020-14453,39.77172,-105.00885,10/15/2020 9:00,9:00:00,6,0,0,1800 WEST 40TH AVENUE & NORTH SHOSHONE STREET,1,1,0,0,1,5,0,0,25,0,0,0,0,0,4,2,13
,2020-14454,39.75499,-104.99515,10/15/2020 5:55,5:55:00,2,0,1,20TH STREET & WAZEE STREET,1,3,0,0,1,1,0,0,0,1,0,0,0,2,4,2,16
,2020-14456,39.7563,-105.01584,10/14/2020 20:17,20:17:00,1,0,1,SPEER BOULEVARD NORTH & ZUNI STREET NORTH,1,3,0,0,1,1,0,0,35,0,0,0,0,2,4,2,13
,2020-14457,39.7783,-104.90343,10/14/2020 14:19,14:19:00,15,0,0,I70 EASTBOUND ENTRANCE / EXIT RAMPS & NORTHFIELD QUEBEC STREET NORTH,1,1,0,0,1,1,0,0,20,0,0,0,0,0,2,2,8
,2020-14458,39.73476,-105.02516,10/16/2020 18:52,18:52:00,10,0,0,FEDERAL BOULEVARD NORTH & 12TH AVENUE WEST,1,3,0,0,1,1,0,0,35,0,0,0,0,0,2,2,13
,2020-14459,39.68943,-105.03437,10/7/2020 15:15,15:15:00,8,0,0,WEST FLORIDA AVENUE & SOUTH LOWELL BOULEVARD,1,1,0,0,1,1,0,0,30,0,0,0,0,1,4,2,3
,2020-14460,39.74932,-104.99031,10/16/2020 12:55,12:55:00,15,0,0,19TH STREET & CHAMPA STREET,1,1,0,0,1,1,0,0,30,0,0,0,0,0,4,2,13
,2020-14462,39.67842,-104.9451,10/14/2020 15:32,15:32:00,12,0,0,EAST EVANS AVENUE & SOUTH MONROE STREET,1,1,0,0,1,1,0,0,35,0,0,0,0,0,4,2,1
,2020-14463,39.77728,-104.88278,10/11/2020 15:52,15:52:00,15,0,0,I70 WB & CENTRAL PARK BOULEVARD NORTH,1,1,0,6,1,4,0,0,55,0,0,0,0,0,1,2,7
,2020-14464,39.73689,-104.91279,10/15/2020 7:42,7:42:00,6,0,0,1300 NORTH MONACO STREET & EAST 13TH AVENUE,1,1,0,0,1,4,0,0,30,0,0,0,0,0,4,2,14
,2020-14465,39.75791,-105.01116,10/7/2020 14:36,14:36:00,6,0,0,15TH STREET ) & BOULDER STREET,1,1,1,0,1,4,0,0,25,0,0,0,0,0,4,2,13
,2020-14467,39.73509,-104.94183,10/12/2020 19:22,19:22:00,6,0,0,12TH AVENUE EAST & HARRISON STREET NORTH,1,3,0,0,1,3,0,0,25,0,0,0,0,0,4,2,13
,2020-14468,39.72552,-105.01336,10/10/2020 19:55,19:55:00,5,0,0,I25 SOUTHBOUND & SIXTH AVENUE WEST,1,3,0,0,3,4,0,0,55,0,0,0,0,0,1,1,13
,2020-14469,39.67846,-104.9082,10/14/2020 16:12,16:12:00,3,0,0,EVANS AVENUE EAST & ONEIDA STREET SOUTH,1,1,0,0,1,1,0,0,35,0,0,0,0,0,4,2,14
,2020-14470,39.73676,-104.91616,10/14/2020 17:19,17:19:00,15,0,0,KRAMERIA STREET NORTH & 13TH AVENUE EAST,1,1,0,0,1,2,0,0,25,0,0,0,0,0,4,2,8
,2020-14472,39.75434,-104.99427,10/16/2020 14:47,14:47:00,12,0,0,20TH STREET & BLAKE STREET,1,1,0,0,1,3,0,0,30,0,0,0,0,1,4,2,13
,2020-14473,39.73839,-104.95978,10/1/2020 8:14,8:14:00,3,0,0,EAST 14TH AVENUE & NORTH YORK STREET,1,1,0,0,1,1,0,0,35,0,0,0,0,0,4,2,3
,2020-14474,39.77833,-104.8174,10/3/2020 20:27,20:27:00,6,0,1,46TH AVENUE EAST & EUGENE WAY NORTH,1,3,0,0,1,3,0,0,25,0,0,0,0,2,4,2,3
,2020-14475,39.74005,-104.98358,10/11/2020 8:28,8:28:00,3,0,0,GRANT STREET NORTH & COLFAX AVENUE WEST,1,1,0,0,1,1,0,0,35,0,0,0,0,0,2,2,13
,2020-14476,39.78034451,-104.8097105,10/16/2020 18:05,18:05:00,12,0,0,NORTH CHAMBERS ROAD & EAST BOLLING DRIVE,1,2,0,0,1,4,0,0,20,0,0,0,0,1,4,2,7
,2020-14478,39.70897,-104.87539,10/16/2020 17:28,17:28:00,15,0,0,9600 EAST ALAMEDA AVENUE & SOUTH DAYTON STREET,1,1,0,0,1,4,0,0,35,0,0,0,0,0,4,2,13
,2020-14479,39.76075,-104.95976,10/14/2020 16:15,16:15:00,1,0,1,NORTH YORK STREET & EAST 31ST AVENUE,1,1,0,0,1,1,0,0,35,0,0,0,0,2,4,2,8
,2020-14480,39.78924,-105.02518,10/11/2020 9:39,9:39:00,1,0,0,FEDERAL BOULEVARD NORTH & 51ST AVENUE WEST,1,1,0,0,1,2,0,0,35,0,0,0,0,0,2,2,13
,2020-14481,39.65311,-104.90472,10/14/2020 14:25,14:25:00,5,0,0,HAMPDEN AVENUE EAST & POPLAR STREET SOUTH,1,1,0,0,2,1,0,0,35,0,0,0,0,0,2,1,7
,2020-14482,39.77714,-104.88298,10/13/2020 17:35,17:35:00,12,0,0,I70 EASTBOUND & CENTRAL PARK BOULEVARD NORTH,1,1,0,0,1,4,0,0,55,0,0,0,0,0,1,2,5
,2020-14483,39.72892,-105.00018,10/15/2020 9:37,9:37:00,15,0,0,WEST EIGHTH AVENUE & NORTH KALAMATH STREET,1,1,0,0,1,1,0,0,30,0,0,0,0,0,4,2,13
,2020-14484,39.72548053,-105.0130699,10/15/2020 10:10,10:10:00,12,0,0,SIXTH AVENUE WB & I25 NORTHBOUND,1,1,0,0,1,4,0,0,45,0,0,0,0,1,2,2,13
,2020-14485,39.76191,-104.91262,10/10/2020 17:57,17:57:00,3,0,0,NORTH MONACO STREET & EAST MLK BOULEVARD,1,2,0,0,1,1,0,0,35,0,0,0,0,1,4,2,13
,2020-14486,39.77968,-104.97916,10/16/2020 15:22,15:22:00,1,0,0,WASHINGTON STREET NORTH & I70 WB ENTRANCE / EXIT RAMPS,1,1,1,0,1,1,0,0,35,0,0,0,0,0,4,2,13
,2020-14487,39.73828,-104.9395,10/15/2020 7:47,7:47:00,10,0,0,EAST 14TH AVENUE & NORTH ALBION STREET,1,1,1,0,1,1,0,0,30,0,0,0,0,0,4,2,7
,2020-14488,39.7438,-104.89874,10/15/2020 8:30,8:30:00,3,0,0,EAST 17TH AVENUE & NORTH SYRACUSE STREET,1,1,0,0,1,1,0,0,30,0,0,0,0,1,4,2,7
,2020-14489,39.76139952,-104.9034409,10/7/2020 14:03,14:03:00,12,0,0,SOUTHBOUND NORTH QUEBEC STREET & MLK JR BOULEVARD,1,1,0,0,1,1,0,0,35,0,0,0,0,0,4,2,13
,2020-14490,39.77425152,-104.8471099,10/11/2020 2:00,2:00:00,5,0,0,I70 EASTBOUND & PEORIA STREET NORTH,1,3,0,0,3,4,0,0,65,0,0,0,0,0,1,1,16
,2020-14491,39.66758,-104.91754,10/16/2020 13:14,13:14:00,3,0,0,YALE AVENUE EAST & KEARNEY STREET SOUTH,1,1,0,0,1,1,0,0,30,0,0,0,0,0,4,2,13
,2020-14492,39.76182899,-104.8972444,9/27/2020 13:48,13:48:00,5,0,0,32ND AVENUE EAST & 8129,1,1,0,0,3,5,0,0,25,0,0,0,0,0,4,1,7
,2020-14493,39.74325,-104.97476,10/10/2020 23:39,23:39:00,6,0,0,NORTH OGDEN STREET & EAST 17TH AVENUE,1,3,0,0,1,4,0,0,25,0,0,0,0,0,4,2,3
,2020-14494,39.77703,-104.88298,10/11/2020 2:28,2:28:00,12,0,1,I270 EASTBOUND & CENTRAL PARK BOULEVARD NORTH,1,3,0,0,1,4,0,0,65,0,0,0,0,1,1,2,3
,2020-14496,39.72206,-105.02278,10/9/2020 13:30,13:30:00,5,0,0,FOURTH AVENUE WEST & DECATUR STREET NORTH,1,1,0,0,3,4,0,0,25,0,0,0,0,0,4,1,14
,2020-14497,39.71834,-104.985,10/15/2020 9:47,9:47:00,3,0,1,SHERMAN STREET NORTH & FIRST AVENUE EAST,1,1,0,0,1,1,0,0,25,0,0,0,1,3,4,2,13
,2020-14498,39.72571,-104.99857,10/11/2020 0:21,0:21:00,15,0,1,WEST SIXTH AVENUE & NORTH SANTA FE DRIVE,1,1,0,0,1,3,0,0,35,0,0,0,0,2,4,2,5
,2020-14499,39.73999,-104.95978,10/15/2020 11:04,11:04:00,12,0,0,YORK STREET NORTH & COLFAX AVENUE EAST,1,1,0,0,1,4,0,0,30,0,0,0,0,1,4,2,13
,2020-14500,39.78360251,-104.791382,10/7/2020 13:40,13:40:00,10,0,0,PENA BOULEVARD & GREEN VALLEY RANCH BOULEVARD,1,1,1,0,1,1,0,0,25,0,0,0,0,0,4,2,13
,2020-14501,39.75132,-105.01653,9/30/2020 14:59,14:59:00,15,0,0,I25 NORTHBOUND & 23RD AVENUE WEST,1,1,0,0,1,4,0,0,55,0,0,0,0,0,1,2,3
,2020-14502,39.77842,-104.90357,9/25/2020 22:05,22:05:00,12,0,0,NORTHFIELD QUEBEC STREET NORTH & I70 EASTBOUND ENTRANCE / EXIT RAMPS,1,3,1,0,1,3,0,0,45,0,0,0,0,0,2,2,16
,2020-14503,39.75696,-105.01119,10/15/2020 8:15,8:15:00,5,0,0,CENTRAL STREET  & 15TH STREET,1,1,0,0,3,3,0,0,30,0,0,0,0,0,4,2,10
,2020-14504,39.75460627,-104.9033938,10/16/2020 17:04,17:04:00,9,0,0,QUEBEC STREET NORTH & I270 EXIT RAMP,1,1,0,0,1,4,0,0,,0,0,0,0,0,4,2,16
,2020-14505,39.73511,-104.9128,10/14/2020 16:11,16:11:00,12,0,0,NORTH MONACO STREET & EAST 12TH AVENUE,1,1,0,0,1,3,0,0,30,0,0,0,0,1,4,2,16
,2020-14506,39.68499,-104.93732,10/7/2020 12:23,12:23:00,6,0,0,MONTANA PLACE EAST & BELLAIRE STREET SOUTH,1,1,0,0,1,4,0,0,25,0,0,0,0,0,4,2,13
,2020-14507,39.78373,-104.7649,10/16/2020 14:19,14:19:00,1,0,0,GREEN VALLEY RANCH BOULEVARD EAST & ARGONNE STREET NORTH,1,1,0,0,1,1,0,0,35,0,0,0,0,1,4,2,7
,2020-14508,39.73668,-104.92233,10/14/2020 16:31,16:31:00,10,0,0,EAST 13TH AVENUE & NORTH HOLLY STREET,1,1,0,0,1,1,0,0,30,0,0,0,0,0,4,2,8
,2020-14509,39.7878,-104.84707,10/15/2020 9:46,9:46:00,12,0,0,4900 NORTH PEORIA STREET & EAST 49TH AVENUE,1,1,0,0,1,3,0,0,35,0,0,0,0,1,4,2,3
,2020-14510,39.77971452,-104.9317099,10/15/2020 10:55,10:55:00,3,0,0,STAPLETON DRIVE SOUTH & NORTH DAHLIA STREET,1,1,0,0,1,1,0,0,25,0,0,0,0,0,4,2,13
,2020-14511,39.71830753,-104.9790994,10/7/2020 12:41,12:41:00,3,0,0,WASHINGTON STREET NORTH & FIRST AVENUE EAST,1,1,0,0,1,5,0,0,30,0,0,0,0,1,4,2,13
,2020-14512,39.75079,-104.98492,10/11/2020 13:54,13:54:00,3,0,1,CALIFORNIA STREET & 22ND STREET,1,1,0,0,1,1,0,0,30,0,0,0,0,2,4,2,13
,2020-14513,39.68362,-105.02504,10/16/2020 14:18,14:18:00,12,0,0,FEDERAL BOULEVARD SOUTH  & JEWELL AVENUE WEST,1,1,0,0,1,3,0,0,30,0,0,0,0,0,2,2,5
,2020-14514,39.74377752,-104.8987384,10/7/2020 14:43,14:43:00,3,0,1,NORTHBOUND NORTH SYRACUSE STREET & EAST 17TH AVENUE,1,1,0,0,1,1,0,0,30,0,0,0,0,2,4,2,13
,2020-14515,39.69673,-105.03181,10/1/2020 8:31,8:31:00,5,0,1,WEST MISSISSIPPI AVENUE & SOUTH KNOX COURT,1,1,0,0,2,4,0,0,25,0,0,0,0,1,4,1,5
,2020-14516,39.76928,-105.01587,10/10/2020 13:20,13:20:00,12,0,0,WEST 38TH AVENUE & NORTH ZUNI STREET,1,1,0,0,1,3,0,0,35,0,0,0,0,0,4,2,13
,2020-14517,39.74406,-105.00061,10/16/2020 11:58,11:58:00,12,0,1,NORTH SPEER BOULEVARD & ARAPAHOE STREET,1,1,0,0,1,1,0,0,35,0,0,0,0,2,4,2,13
,2020-14518,39.75809,-104.88739,10/15/2020 11:34,11:34:00,3,0,0,EAST 29TH AVENUE & NORTH XANTHIA STREET,1,1,0,0,1,1,0,0,25,0,0,0,0,0,4,2,13
,2020-14519,39.75193,-105.00063,10/6/2020 10:00,10:00:00,6,0,0,WYNKOOP STREET  & 17TH STREET,1,1,0,0,1,4,0,0,30,0,0,0,0,0,4,2,13
,2020-14520,39.74487,-104.98359,10/11/2020 17:14,17:14:00,3,0,0,18TH AVENUE EAST & GRANT STREET NORTH,1,1,0,0,1,1,0,0,30,0,0,0,0,0,4,2,3
,2020-14521,39.67845,-104.93377,10/14/2020 22:46,22:46:00,12,0,0,EVANS AVENUE EAST & I25 NORTHBOUND ENTRANCE RAMP,1,3,0,0,1,1,0,0,40,0,0,0,0,0,4,2,7
,2020-14522,39.7256,-104.94069,10/5/2020 16:00,16:00:00,12,0,0,EAST SIXTH AVENUE & NORTH COLORADO BOULEVARD,1,1,0,0,1,3,0,0,30,0,0,0,0,0,4,2,3
,2020-14523,39.74167,-104.97762,10/2/2020 14:01,14:01:00,12,0,0,16TH AVENUE EAST  & WASHINGTON STREET,1,1,0,0,1,4,0,0,,0,0,0,0,0,4,2,7
,2020-14524,39.71979,-104.95101,10/5/2020 19:15,19:15:00,6,0,0,STREET PAUL STREET NORTH & 275,1,2,0,0,1,4,0,0,25,0,0,0,0,0,4,2,1
,2020-14525,39.76478,-104.94017,10/5/2020 21:29,21:29:00,12,0,0,COLORADO BOULEVARD NORTH  & BRUCE RANDOLPH ROAD EAST,1,3,0,0,1,1,0,0,35,0,0,0,0,0,2,1,5
,2020-14526,39.74044,-105.01416,10/10/2020 10:40,10:40:00,12,0,0,I25 SOUTHBOUND & COLFAX AVENUE WEST,1,1,0,0,1,4,0,0,35,0,0,0,0,0,1,3,3
,2020-14527,39.79598,-104.89513,10/6/2020 8:20,8:20:00,6,0,0,54TH AVENUE EAST & TAMARAC WAY NORTH,1,1,0,0,1,4,0,0,25,0,0,0,0,0,4,2,13
,2020-14528,39.74016,-104.89756,10/1/2020 7:53,7:53:00,3,0,0,SPRUCE STREET NORTH & COLFAX AVENUE EAST,1,1,0,0,1,1,0,0,25,0,0,0,0,0,2,3,1
,2020-14529,39.67484,-104.95617,10/15/2020 11:59,11:59:00,6,0,0,2500 EAST ILIFF AVENUE & SOUTH CLAYTON STREET,1,1,0,0,1,4,0,0,25,0,0,0,0,0,4,2,14
,2020-14530,39.74291,-104.99165,10/7/2020 16:45,16:45:00,10,0,0,15TH STREET & GLENARM PLACE,1,1,0,0,1,1,0,0,30,0,0,0,0,0,4,2,8
,2020-14531,39.76787,-104.90357,10/8/2020 16:30,16:30:00,15,0,0,NORTHFIELD QUEBEC STREET NORTH & I70 WB,1,1,0,0,1,4,0,0,45,0,0,0,0,0,2,2,1
,2020-14532,39.77505,-104.8099,10/6/2020 21:44,21:44:00,1,0,0,CHAMBERS ROAD NORTH & ANDREWS CIRCLE EAST,1,3,0,0,1,1,0,0,40,0,0,0,0,1,4,2,13
,2020-14533,39.77756,-104.74711,10/7/2020 18:36,18:36:00,1,0,0,EAST 44TH AVENUE & NORTH LISBON STREET,1,1,0,0,1,1,0,0,25,0,0,0,0,1,4,2,3
,2020-14534,39.74044,-105.01416,10/13/2020 19:14,19:14:00,12,0,0,I25 SOUTHBOUND & COLFAX AVENUE WEST,1,3,0,0,1,4,0,0,55,0,0,0,0,0,1,3,13
,2020-14535,39.77421,-104.84704,10/9/2020 19:30,19:30:00,12,0,0,I70 WB & PEORIA STREET NORTH,1,4,0,0,1,4,0,0,65,0,0,0,0,1,1,3,4
,2020-14536,39.73636,-105.0339,10/6/2020 11:38,11:38:00,16,0,0,13TH AVENUE & 3550 WEST,1,1,1,0,5,7,0,0,,0,0,0,0,0,3,2,16
,2020-14537,39.75988,-104.8908,10/6/2020 18:40,18:40:00,3,0,0,MLK BOULEVARD EAST & CENTRAL PARK BOULEVARD NORTH,1,2,1,0,1,1,0,0,30,0,0,0,0,1,4,2,13
,2020-14538,39.67846,-104.93329,9/27/2020 9:36,9:36:00,5,0,2,I25 NORTHBOUND EXIT RAMP & EVANS AVENUE EAST,1,3,0,0,6,1,0,0,35,0,0,0,0,2,1,2,5
,2020-14539,39.78621252,-104.8469614,10/9/2020 21:01,21:01:00,12,0,1,ANDREWS DRIVE EAST & PEORIA STREET NORTH,1,4,0,0,1,3,0,0,35,0,0,0,0,1,4,3,5
,2020-14540,39.75823,-104.95976,9/1/2020 11:50,11:50:00,8,0,0,NORTH YORK STREET & EAST 29TH AVENUE,1,1,0,0,1,1,0,0,30,0,0,0,0,0,4,2,1
,2020-14541,39.78207,-104.90354,10/9/2020 18:00,18:00:00,12,0,0,QUEBEC STREET NORTH  & I70 EASTBOUND EXIT RAMP,1,2,1,0,1,3,0,1,35,0,0,0,0,1,2,3,3
,2020-14542,39.77401,-104.84703,10/9/2020 18:41,18:41:00,12,0,0,I70 EASTBOUND & PEORIA STREET NORTH,1,3,0,0,1,4,0,0,65,0,0,0,0,0,1,4,13
,2020-14543,39.77667,-104.84703,10/7/2020 11:35,11:35:00,3,0,0,NORTH PEORIA STREET & EAST 44TH AVENUE,1,1,0,0,1,1,0,0,25,0,0,0,0,0,4,2,13
,2020-14544,39.693,-104.97798,9/19/2020 10:35,10:35:00,12,0,0,I25 SOUTHBOUND & LOUISIANA AVENUE EAST,1,1,0,0,1,4,0,0,60,0,0,0,0,0,4,2,1
,2020-14545,39.65309,-104.91293,9/22/2020 13:50,13:50:00,5,0,0,HAMPDEN AVENUE EAST & MONACO STREET SOUTH,1,1,0,0,3,4,0,0,35,0,0,0,0,0,2,1,14
,2020-14546,39.77401,-104.84703,10/5/2020 13:00,13:00:00,12,0,0,PEORIA STREET NORTH & I70,1,1,0,0,1,3,0,0,35,0,0,0,0,0,4,2,13
,2020-14547,39.73865,-105.02644,10/5/2020 10:40,10:40:00,5,0,0,GROVE STREET NORTH & 1400,1,1,1,0,1,4,0,0,25,0,0,0,0,0,4,1,8
,2020-14548,39.77421,-104.84704,10/6/2020 17:57,17:57:00,12,0,0,I70 WB EXIT RAMP SPLIT  TO & PEORIA STREET NORTHBOUND,1,1,0,0,1,8,0,0,20,0,0,0,0,0,4,2,13
,2020-14549,39.7475,-104.97818,10/6/2020 16:54,16:54:00,3,0,0,EAST 20TH AVENUE & NORTH WASHINGTON STREET,1,1,0,0,1,1,0,0,30,0,0,0,0,1,4,2,8
,2020-14550,39.78744,-105.04567,9/20/2020 21:49,21:49:00,6,0,0,50TH AVENUE WEST  & UTICA STREET NORTH,1,3,0,0,1,4,0,0,25,0,0,0,0,0,4,2,14
,2020-14551,39.72928,-104.91279,9/19/2020 16:27,16:27:00,5,0,1,NORTH MONACO STREET & EAST EIGHTH AVENUE,1,1,0,0,2,4,0,0,30,0,0,0,0,3,4,1,14
,2020-14552,39.70386253,-104.9034814,10/1/2020 11:38,11:38:00,14,0,0,600 SOUTH QUEBEC STREET & EAST EXPOSITION AVENUE,1,1,0,0,1,4,0,0,35,0,0,0,0,0,4,2,16
,2020-14553,39.68758,-104.99206,10/5/2020 16:40,16:40:00,12,0,0,SANTA FE DRIVE SOUTH & IOWA AVENUE WEST,1,1,0,0,1,3,0,0,40,0,0,0,0,0,2,2,3
,2020-14554,39.73997953,-104.9874109,10/15/2020 12:10,12:10:00,15,0,0,000 WEST COLFAX AVENUE & NORTH BROADWAY STREET,1,1,0,0,1,4,0,0,30,0,0,0,0,0,4,2,1
,2020-14555,39.71034,-104.98277,9/21/2020 12:48,12:48:00,12,0,0,300 SOUTH LOGAN STREET & EAST ALAMEDA AVENUE,1,1,0,0,1,4,0,0,25,0,0,0,0,0,4,2,16
,2020-14556,39.74044,-105.01397,10/6/2020 6:45,6:45:00,12,0,0,I25 NORTHBOUND & COLFAX AVENUE WEST,1,2,1,0,1,4,0,0,55,0,0,0,1,0,1,2,13
,2020-14557,39.76475,-104.96794,9/4/2020 20:51,20:51:00,6,0,0,BRUCE RANDOLPH AVENUE EAST  & FRANKLIN STREET NORTH,1,3,0,0,1,4,0,0,30,0,0,0,0,0,4,2,13
,2020-14558,39.73081,-105.01535,7/17/2020 9:49,9:49:00,12,0,0,I25 NORTHBOUND & SIXTH AVENUE EXIT RAMP,1,1,3,0,1,8,0,0,60,0,0,0,0,1,1,2,16
,2020-14559,39.69654,-104.89816,10/15/2020 12:10,12:10:00,12,0,0,SOUTH PARKER ROAD & EAST MISSISSIPPI AVENUE,1,1,0,0,1,1,0,0,35,0,0,0,0,0,4,2,13
,2020-14560,39.6849,-104.90351,10/5/2020 15:00,15:00:00,15,0,0,SOUTH QUEBEC STREET & EAST CHERRY CREEK SOUTH DRIVE,1,1,0,0,1,3,0,0,35,0,0,0,0,0,4,2,3
,2020-14561,39.78927,-104.81954,9/19/2020 18:02,18:02:00,5,0,1,52ND AVENUE EAST  & DEEPHAVEN COURT NORTH,1,1,0,0,3,3,0,0,25,0,0,0,0,3,4,2,1
,2020-14562,39.72566,-105.05326,10/15/2020 9:36,9:36:00,12,0,0,SHERIDAN BOULEVARD NORTH & SIXTH AVENUE WB ENTRANCE / EXIT RAMPS,1,1,1,0,1,1,0,0,35,0,0,0,0,0,2,2,13
,2020-14563,39.74396,-105.04167,10/7/2020 17:00,17:00:00,12,0,0,WEST 17TH AVENUE & NORTH RALEIGH STREET,1,1,0,0,1,3,0,0,30,0,0,0,0,1,4,2,1
,2020-14564,39.73765,-104.97989,10/6/2020 14:15,14:15:00,6,0,0,1300 NORTH PEARL STREET & EAST 13TH AVENUE,1,1,0,0,1,4,0,0,30,0,0,0,0,0,4,2,8
,2020-14565,39.78196,-104.95703,10/6/2020 8:08,8:08:00,5,0,0,NORTH COLUMBINE STREET & EAST 47TH AVENUE,1,1,0,0,3,1,0,0,25,0,0,0,0,0,4,1,7
,2020-14566,39.73042,-104.97876,10/5/2020 12:45,12:45:00,3,0,0,NORTH WASHINGTON STREET & EAST NINTH AVENUE,1,1,0,0,1,1,0,0,30,0,0,0,0,1,4,2,13
,2020-14567,39.73232,-104.98703,10/6/2020 9:00,9:00:00,9,0,0,BROADWAY STREET NORTH  & 10TH AVENUE EAST,1,1,0,0,1,4,0,0,35,0,0,0,0,0,4,1,14
,2020-14568,39.73674,-104.91279,10/15/2020 12:48,12:48:00,12,0,0,1200 NORTH MONACO STREET & EAST 13TH AVENUE,1,1,0,0,1,4,0,0,30,0,0,0,0,0,4,2,1
,2020-14569,39.75614,-104.97977,9/22/2020 21:41,21:41:00,6,0,0,STOUT STREET & 27TH STREET,1,3,0,0,1,4,0,0,35,0,0,0,0,0,4,2,14
,2020-14570,39.69197,-105.02038,10/5/2020 17:36,17:36:00,6,0,0,CLAY STREET SOUTH  & ARKANSAS AVENUE WEST,1,2,0,0,1,4,0,0,25,0,0,0,0,0,4,2,7
,2020-14571,39.77562,-104.86574,3/4/2020 14:21,14:21:00,5,0,0,I70 EASTBOUND & HAVANA STREET NORTH,1,1,0,0,1,4,0,1,55,0,0,0,0,0,1,2,13
,2020-14572,39.75987,-104.8902,10/6/2020 12:40,12:40:00,3,0,0,NORTH CENTRAL PARK BOULEVARD & EAST MLK BOULEVARD,1,1,0,0,1,1,0,0,35,0,0,0,0,0,4,2,13
,2020-14573,39.67844,-104.93398,10/5/2020 16:53,16:53:00,15,0,0,I25 SOUTHBOUND & EVANS AVENUE EAST,1,1,0,0,1,4,0,0,60,0,0,0,0,0,1,2,13
,2020-14574,39.75616,-104.99191,10/5/2020 12:40,12:40:00,3,0,0,BLAKE STREET & 22ND STREET,1,1,0,0,1,1,0,0,35,0,0,0,0,0,4,2,3
,2020-14575,39.78099,-104.84702,10/15/2020 12:46,12:46:00,12,0,0,4600 NORTH PEORIA STREET & EAST 46TH AVENUE,1,1,0,0,1,4,0,0,40,0,0,0,0,0,4,2,13
,2020-14576,39.718,-104.95118,7/16/2020 12:06,12:06:00,12,0,0,EAST FIRST AVENUE & NORTH STREET PAUL STREET,1,1,0,0,1,3,0,0,30,0,0,0,0,0,4,2,13
,2020-14577,39.78816,-104.8382,10/2/2020 20:00,20:00:00,6,0,0,URSULA STREET & 5000 NORTH,1,2,0,0,1,4,0,0,,0,0,0,0,0,4,2,16
,2020-14578,39.78015,-104.93165,10/2/2020 7:24,7:24:00,12,0,0,I70 WB & DAHLIA STREET NORTH,1,1,0,0,1,4,0,0,65,0,0,0,0,0,1,3,3