id,drcog_id,latitude,longitude,crashtime,time,crashtype,numbkilled,numbinjurd,drcoglocat,rdconditin,lightngcon,roadcntgrd,weatherco,location,roaddescrp,schoolzone,constrzone,splimit,bikeinv,pedinv,sctrinv,motoinv,svrty,rdsystem,ttlvehcls,hcf
,2020-14580,39.66749,-104.92548,10/2/2020 18:21,18:21:00,12,0,0,I25 NORTHBOUND & HAMPDEN AVENUE EAST,1,1,0,0,1,4,0,0,65,0,0,0,0,1,1,3,13
,2020-14581,39.74016,-104.90232,10/6/2020 14:20,14:20:00,12,0,0,COLFAX AVENUE EAST & QUINCE STREET NORTH,1,1,0,0,1,3,0,0,35,0,0,0,0,0,2,2,16
,2020-14582,39.75965,-104.98742,10/7/2020 18:50,18:50:00,6,0,0,BLAKE STREET  & BROADWAY STREET NORTH,1,2,0,0,1,4,0,0,30,0,0,0,0,0,4,2,14
,2020-14583,39.72098,-104.95825,10/5/2020 14:00,14:00:00,3,0,0,EAST THIRD AVENUE & NORTH JOSEPHINE STREET,1,1,0,0,1,1,0,0,30,0,0,0,0,0,4,2,3
,2020-14584,39.71156,-104.94071,10/6/2020 3:42,3:42:00,3,0,0,EAST ALAMEDA AVENUE & SOUTH COLORADO BOULEVARD,1,3,0,0,1,1,0,0,35,0,0,0,0,1,4,2,8
,2020-14585,39.77799,-104.77207,10/6/2020 11:05,11:05:00,12,0,0,NORTH TOWER ROAD & EAST 45TH AVENUE,1,1,0,0,1,3,0,0,45,0,0,0,0,0,4,2,13
,2020-14586,39.67865,-105.02271,10/16/2020 16:02,16:02:00,15,0,0,2700 WEST EVANS AVENUE & SOUTH FEDERAL BOULEVARD,1,1,0,0,1,4,0,0,30,0,0,0,0,0,4,2,13
,2020-14587,39.69495,-105.04605,10/15/2020 12:06,12:06:00,3,0,0,WEST ARIZONA AVENUE & SOUTH VRAIN STREET,1,1,0,0,1,1,0,0,25,0,0,0,0,0,4,2,13
,2020-14590,39.73847,-105.03698,10/2/2020 9:20,9:20:00,3,0,0,WEST 14TH AVENUE & NORTH NEWTON STREET,1,1,0,0,1,1,0,0,25,0,0,0,0,0,4,2,5
,2020-14591,39.71779453,-104.9508079,10/6/2020 13:05,13:05:00,15,0,0,000 NORTH STEELE STREET & EAST FIRST AVENUE,1,1,0,0,1,4,0,0,30,0,0,0,0,0,4,2,3
,2020-14592,39.71887003,-104.8757839,10/6/2020 8:35,8:35:00,8,0,0,EAST FIRST AVENUE & SOUTH DAYTON STREET,1,1,0,0,1,6,0,0,15,0,0,0,0,0,4,2,16
,2020-14594,39.76504,-105.00413,10/5/2020 15:51,15:51:00,6,0,0,NAVAJO STREET NORTH  & 35TH AVENUE WEST,1,1,1,0,1,4,0,0,25,0,0,0,0,0,4,2,16
,2020-14595,39.72819,-104.9683,10/6/2020 3:57,3:57:00,6,0,0,700 NORTH FRANKLIN STREET & EAST EIGHTH AVENUE,1,1,0,0,1,4,0,0,25,0,0,0,0,0,4,2,5
,2020-14597,39.77287,-104.83384,10/2/2020 18:01,18:01:00,12,0,0,I70 EASTBOUND & I225 SOUTHBOUND EXIT RAMP,1,1,0,0,1,4,0,0,55,0,0,0,0,0,1,2,1
,2020-14598,39.76564,-105.01586,9/20/2020 16:42,16:42:00,2,0,1,35TH AVENUE WEST & ZUNI STREET NORTH,1,1,0,0,1,1,0,0,30,1,0,0,0,2,4,2,1
,2020-14601,39.71119,-104.99324,9/16/2020 12:33,12:33:00,15,0,0,200 WEST ALAMEDA AVENUE & SOUTH CHEROKEE STREET,1,1,1,0,1,4,0,1,35,0,0,0,0,0,4,2,14
,2020-14603,39.72412,-105.00019,10/9/2020 15:15,15:15:00,10,0,0,NORTH KALAMATH STREET & WEST FIFTH AVENUE,1,1,0,0,1,1,0,0,35,0,0,0,0,0,4,2,3
,2020-14604,39.78257,-104.76145,9/16/2020 17:00,17:00:00,6,0,0,19600 EAST 47TH DRIVE & NORTH FLANDERS WAY,1,1,0,0,1,4,0,0,25,0,0,0,0,0,4,2,16
,2020-14605,39.67846,-104.91989,10/6/2020 8:45,8:45:00,3,0,0,EVANS AVENUE EAST  & JASMINE STREET SOUTH,1,1,1,0,1,2,0,0,30,0,0,0,0,1,4,2,3
,2020-14606,39.75707,-105.01008,10/1/2020 12:10,12:10:00,12,0,0,I25 NORTHBOUND & 15TH STREET,1,1,0,0,1,4,0,0,65,0,0,0,0,1,1,3,3
,2020-14607,39.70127,-104.98746,10/9/2020 17:19,17:19:00,12,0,0,800 SOUTH BROADWAY STREET & EAST KENTUCKY AVENUE,1,2,0,0,1,3,0,0,35,0,0,0,0,1,4,2,2
,2020-14609,39.74016,-104.88582,10/9/2020 16:20,16:20:00,1,0,1,COLFAX AVENUE EAST & XENIA STREET NORTH,1,1,1,0,1,1,0,0,35,0,0,0,0,1,2,2,7
,2020-14611,39.78379,-104.79797,10/11/2020 18:57,18:57:00,12,0,0,EAST GREEN VALLEY RANCH BOULEVARD & NORTH MEMPHIS STREET,1,3,0,0,1,1,0,0,40,0,0,0,0,0,4,2,3
,2020-14612,39.78015,-104.93165,10/9/2020 12:17,12:17:00,12,0,0,I70 WB & DAHLIA STREET NORTH,1,1,0,0,1,4,0,1,55,0,0,0,0,1,1,2,14
,2020-14613,39.76816,-104.97334,10/9/2020 16:00,16:00:00,12,0,0,3700 NORTH DOWNING STREET & EAST 37TH AVENUE,1,1,0,0,1,4,0,0,35,0,0,0,0,0,4,2,16
,2020-14614,39.71116,-105.02632,10/9/2020 10:57,10:57:00,15,0,0,ALAMEDA AVENUE WEST  & FEDERAL BOULEVARD SOUTH,1,1,0,0,1,4,0,0,35,0,0,0,0,0,2,2,16
,2020-14616,39.68757,-104.99207,7/20/2020 10:40,10:40:00,1,0,0,SANTA FE DRIVE SOUTH & IOWA AVENUE WEST,1,1,0,0,1,1,0,0,45,0,0,0,0,0,2,2,13
,2020-14618,39.72841453,-104.8923214,10/9/2020 16:50,16:50:00,15,0,0,700 NORTH UNINTA WAY & EAST EIGHTH AVENUE,1,1,0,0,1,4,0,0,35,0,0,0,0,0,4,2,1
,2020-14619,39.675,-105.04328,10/6/2020 8:35,8:35:00,6,0,0,4300 WEST ILIFF AVENUE & SOUTH TENNYSON STREET,1,1,0,0,1,4,0,0,25,0,0,0,0,0,4,2,1
,2020-14620,39.79122,-104.84127,10/5/2020 21:00,21:00:00,6,0,0,TROY STREET NORTH & 5151,1,2,0,0,1,4,0,0,20,0,0,0,0,0,4,2,1
,2020-14623,39.74165,-104.96968,10/9/2020 17:00,17:00:00,3,0,0,EAST 16TH AVENUE & NORTH HUMBOLDT STREET,1,1,0,0,1,1,0,0,30,0,0,0,0,0,4,2,13
,2020-14625,39.78311,-104.90094,7/31/2020 8:59,8:59:00,12,0,0,NORTHFIELD QUEBEC STREET EXIT RAMP FROM & I270 WB,1,1,0,0,1,4,0,0,35,0,0,0,0,0,1,2,13
,2020-14630,39.73686,-104.99412,3/9/2020 16:50,16:50:00,10,0,0,13TH AVENUE WEST & ELATI STREET NORTH,1,1,0,0,1,1,0,0,30,0,0,0,0,0,4,2,1
,2020-14631,39.79503,-104.75205,10/11/2020 19:12,19:12:00,11,0,0,MAXWELL PLACE EAST & IRELAND STREET NORTH,1,4,0,0,1,1,0,0,30,0,1,0,0,0,4,1,13
,2020-14635,39.72932,-105.01506,8/30/2020 2:45,2:45:00,15,0,0,I25 SOUTHBOUND & EIGHTH AVENUE WEST,1,3,0,0,1,4,0,0,60,0,0,0,0,0,1,2,14
,2020-14649,39.74624,-104.99602,10/6/2020 9:20,9:20:00,3,0,0,15TH STREET & CURTIS STREET,1,1,0,0,1,1,0,0,30,0,0,0,0,0,4,2,13
,2020-14650,39.76513,-104.89047,10/3/2020 12:40,12:40:00,12,0,0,3400 NORTH CENTRAL PARK BOULEVARD & EAST 35TH AVENUE,1,1,0,0,1,3,0,0,35,0,0,0,0,0,4,2,4
,2020-14651,39.78014,-104.96709,9/14/2020 14:28,14:28:00,12,0,0,I70 WB & BRIGHTON BOULEVARD NORTH,1,1,0,0,1,4,0,0,55,0,0,0,0,0,1,2,1
,2020-14652,39.72932,-105.01483,8/7/2020 16:11,16:11:00,12,0,0,I25 NORTHBOUND & EIGHTH AVENUE WEST,1,1,1,0,1,4,0,0,65,0,0,0,0,0,1,2,1
,2020-14653,39.66762,-104.92576,9/14/2020 17:50,17:50:00,12,0,0,I25 SOUTHBOUND & YALE AVENUE EAST,1,1,1,0,1,4,0,0,65,0,0,0,0,0,1,2,16
,2020-14654,39.71969,-104.95804,7/14/2020 12:04,12:04:00,5,0,0,JOSEPHINE STREET NORTH  & EAST THIRD AVENUE,1,1,0,0,1,5,0,0,15,0,0,0,0,0,4,1,14
,2020-14655,39.67661,-104.95394,10/3/2020 13:18,13:18:00,10,0,1,EAST WARREN AVENUE & SOUTH FILLMORE STREET,1,1,1,0,1,1,0,0,25,0,0,0,0,1,4,2,13
,2020-14656,39.702,-104.98627,10/3/2020 14:07,14:07:00,3,0,0,SOUTH LINCOLN STREET & EAST OHIO AVENUE,1,1,0,0,1,1,0,0,25,0,0,0,0,1,4,2,13
,2020-14657,39.73996,-104.97159,8/28/2020 10:31,10:31:00,6,0,0,COLFAX AVENUE EAST  & MARION STREET NORTH,1,1,0,0,1,4,0,0,30,0,0,0,0,0,2,2,13
,2020-14658,39.69711,-104.98272,10/3/2020 12:26,12:26:00,12,0,0,I25 SOUTHBOUND & LOGAN STREET SOUTH,1,1,0,0,1,4,0,0,55,0,0,0,0,0,1,2,3
,2020-14659,39.76545,-104.86542,10/2/2020 18:00,18:00:00,12,0,0,3600 NORTH HAVANA STREET & EAST SMITH ROAD,1,1,0,0,1,4,0,0,35,0,0,0,0,0,4,2,7
,2020-14662,39.78625109,-104.791086,10/1/2020 5:45,5:45:00,12,0,0,7800 PENA BOULEVARD INBOUND & EAST 80TH AVENUE,1,3,0,0,1,4,0,0,35,0,0,0,0,1,4,3,13
,2020-14664,39.74000353,-104.9920099,10/17/2020 23:00,23:00:00,6,0,0,NEPAL & 5547 NORTH,1,3,0,0,1,4,0,0,25,0,0,0,0,0,4,3,16
,2020-14665,39.74015,-104.92461,10/1/2020 9:58,9:58:00,15,0,0,EAST COLFAX AVENUE & NORTH GRAPE STREET,1,1,0,0,1,4,0,0,30,0,0,0,0,0,4,5,1
,2020-14666,39.72554,-105.01313,10/3/2020 13:28,13:28:00,15,0,0,I25 NORTHBOUND & SIXTH AVENUE WEST,1,1,0,0,1,4,0,0,65,0,0,0,0,0,1,2,3
,2020-14676,39.74042054,-105.0531919,10/29/2020 10:00,10:00:00,12,0,0,COLFAX AVENUE WEST & SHERIDAN BOULEVARD,1,1,0,0,1,1,0,0,35,0,0,0,0,0,2,2,13
,2020-14696,39.70666,-104.9966,6/30/2020 14:35,14:35:00,12,0,0,I25 NORTHBOUND & SANTA FE DRIVE SOUTH,1,1,0,0,1,3,0,0,35,0,0,0,0,0,2,2,16
,2020-14704,39.6801,-104.94068,10/6/2020 15:00,15:00:00,12,0,0,COLORADO BOULEVARD SOUTH & BUCHTEL ROAD EAST,1,1,0,0,1,3,0,0,35,0,0,0,0,0,2,2,3
,2020-14705,39.71333,-105.05327,10/3/2020 22:46,22:46:00,12,0,0,SHERIDAN BOULEVARD SOUTH & CEDAR AVENUE WEST,1,3,0,0,1,3,0,0,35,0,0,0,0,0,2,2,4
,2020-14706,39.74001,-104.96846,8/28/2020 21:32,21:32:00,2,0,1,COLFAX AVENUE EAST & FRANKLIN STREET NORTH,1,3,0,0,1,1,0,0,30,1,0,0,0,3,2,2,8
,2020-14707,39.7838,-104.98354,8/15/2020 21:42,21:42:00,6,0,0,GRANT STREET NORTH & 48TH AVENUE EAST,1,4,0,0,3,4,0,0,25,0,0,0,0,0,4,2,14
,2020-14708,39.72552,-105.01336,10/2/2020 22:40,22:40:00,15,0,1,SIXTH AVENUE WEST & I25 SOUTHBOUND,1,4,0,0,1,4,0,0,,0,0,0,0,2,2,2,13
,2020-14709,39.7645,-104.96098,9/26/2020 1:48,1:48:00,6,0,0,GAYLORD STREET NORTH & BRUCE RANDOLPH AVENUE EAST,1,3,0,0,1,3,0,0,25,0,0,0,0,0,4,3,14
,2020-14710,39.75073,-104.97088,10/3/2020 12:19,12:19:00,3,0,0,NORTH LAFAYETTE STREET & EAST 23RD AVENUE,1,1,0,0,1,1,0,0,30,0,0,0,0,0,4,2,8
,2020-14711,39.7837,-104.77212,10/2/2020 20:17,20:17:00,3,0,0,GREEN VALLEY RANCH BOULEVARD EAST & TOWER ROAD NORTH,1,3,0,0,1,2,0,0,40,0,0,0,0,0,4,2,5
,2020-14712,39.76963,-104.84703,9/15/2020 1:30,1:30:00,5,0,0,38TH AVENUE EAST & PEORIA STREET NORTH,1,3,2,0,2,4,0,0,35,0,0,0,0,0,4,1,14
,2020-14713,39.72554,-105.01313,10/18/2020 10:10,10:10:00,5,0,0,I25 NORTHBOUND EXIT RAMP  TO & SIXTH AVENUE WB,11,1,0,1,3,8,0,0,35,0,0,0,0,0,1,2,13
,2020-14714,39.77728,-104.88278,10/6/2020 16:55,16:55:00,12,0,0,I70 WB & CENTRAL PARK BOULEVARD NORTH,1,1,0,0,1,4,0,1,65,0,0,0,0,0,1,2,14
,2020-14716,39.70397,-105.04306,10/3/2020 19:39,19:39:00,3,0,0,WALSH PLACE WEST & MORRISON ROAD,1,3,0,0,1,1,0,0,25,0,0,0,0,0,4,2,7
,2020-14717,39.76007652,-104.8742314,10/2/2020 17:35,17:35:00,3,0,0,NORTH EMPORIA STREET & EAST MLK BOULEVARD,1,1,0,0,1,1,0,0,35,0,0,0,0,0,4,2,1
,2020-14718,39.71131,-104.89379,10/3/2020 16:59,16:59:00,12,0,0,8000 EAST ALAMEDA AVENUE & EAST FAIRMOUNT DRIVE,1,1,0,0,1,4,0,0,40,0,0,0,0,0,4,2,5
,2020-14719,39.75882,-105.00267,10/3/2020 16:52,16:52:00,10,0,0,19TH STREET & LITTLE RAVEN STREET,1,1,1,0,1,1,0,0,30,0,0,0,0,0,4,2,13
,2020-14720,39.77401,-104.84703,10/10/2020 15:43,15:43:00,12,0,0,I70 EASTBOUND & PEORIA STREET NORTH,1,5,0,7,1,4,0,0,65,0,0,0,0,1,1,3,1
,2020-14722,39.70146,-104.98753,10/2/2020 17:35,17:35:00,12,0,0,BROADWAY STREET SOUTH & I25 NORTHBOUND ENTRANCE RAMP,1,1,0,0,1,4,0,0,35,0,0,0,0,0,4,2,3
,2020-14723,39.69485,-105.02479,9/3/2020 21:01,21:01:00,12,0,0,FEDERAL BOULEVARD SOUTH  & ARIZONA AVENUE WEST,1,3,0,0,1,4,0,0,30,0,0,0,0,1,2,2,1
,2020-14724,39.73847,-105.03931,9/3/2020 21:30,21:30:00,6,0,0,WEST 14TH AVENUE & NORTH PERRY STREET,1,3,0,0,1,4,0,0,25,0,0,0,0,0,4,2,5
,2020-14725,39.78000253,-104.9891794,10/3/2020 2:24,2:24:00,12,0,2,I25 SOUTHBOUND & I70,1,3,1,0,1,4,0,0,65,0,0,0,0,2,1,2,7
,2020-14726,39.77401,-104.84703,8/3/2020 15:20,15:20:00,12,0,0,I70 EASTBOUND & PEORIA STREET NORTH,1,1,0,0,1,4,0,0,65,0,0,0,0,0,1,2,16
,2020-14727,39.75042,-104.90334,9/4/2020 20:41,20:41:00,14,0,0,2200 NORTH QUEBEC STREET & EAST 23RD AVENUE,1,3,0,0,1,1,0,0,35,0,0,0,0,0,4,2,13
,2020-14728,39.69675,-105.02506,10/3/2020 5:00,5:00:00,3,0,0,MISSISSIPPI AVENUE WEST & FEDERAL BOULEVARD SOUTH,1,3,0,0,1,1,0,0,40,0,0,0,0,0,2,2,13
,2020-14729,39.78,-104.95932,10/2/2020 15:41,15:41:00,15,0,0,I70 EASTBOUND & YORK STREET NORTH,1,1,0,0,1,4,0,0,55,0,0,0,0,0,1,2,13
,2020-14730,39.74035,-104.98883,8/14/2020 17:57,17:57:00,5,0,1,100 WEST COLFAX AVENUE & NORTH BROADWAY STREET,1,1,0,0,2,4,0,0,30,0,0,0,1,2,2,1,13
,2020-14731,39.74016,-104.89055,7/28/2020 18:30,18:30:00,1,0,0,COLFAX AVENUE EAST & VERBINIA STREET NORTH,1,1,0,0,1,1,0,0,30,0,0,0,0,0,2,2,1
,2020-14732,39.67841,-104.94075,10/2/2020 15:10,15:10:00,3,0,0,EVANS AVENUE  & COLORADO BOULEVARD SOUTH,1,1,0,0,1,2,0,0,35,0,0,0,0,0,4,2,14
,2020-14733,39.77995,-104.94067,8/30/2020 16:50,16:50:00,15,0,0,I70 EASTBOUND & mm 277,1,1,0,0,1,4,0,0,65,0,0,0,0,0,1,2,1
,2020-14734,39.71654,-104.97315,8/24/2020 17:35,17:35:00,12,0,0,NORTH DOWNING STREET & EAST ELLSWORTH AVENUE,1,1,0,0,1,1,0,0,30,0,0,0,0,0,4,2,13
,2020-14735,39.72811,-104.99861,8/19/2020 13:04,13:04:00,12,0,0,700 NORTH SANTA FE DRIVE & WEST EIGHTH AVENUE,1,1,0,0,1,4,0,0,30,0,0,0,0,0,4,2,1
,2020-14736,39.77425152,-104.8471099,10/3/2020 19:10,19:10:00,12,0,1,I70 EASTBOUND & PEORIA STREET NORTH,1,3,0,0,1,4,0,0,55,0,0,0,0,1,1,2,16
,2020-14737,39.7148,-104.99857,8/2/2020 15:10,15:10:00,15,0,0,SANTA FE DRIVE SOUTH & BAYAUD AVENUE WEST,1,1,0,0,1,1,0,0,30,0,0,0,0,0,4,2,16
,2020-14738,39.72564,-104.98744,10/3/2020 7:40,7:40:00,3,0,0,EAST SIXTH AVENUE & NORTH BROADWAY STREET,1,1,0,0,1,1,0,0,30,0,0,0,0,0,4,2,13
,2020-14739,39.72548053,-105.0130699,8/26/2020 16:30,16:30:00,12,0,0,I25 & SIXTH AVENUE EAST,11,2,0,1,1,4,0,0,65,0,0,0,0,0,1,2,14
,2020-14740,39.78004,-104.98919,5/23/2020 0:29,0:29:00,12,0,0,I70 EASTBOUND & I25,1,3,1,0,1,4,0,0,65,0,0,0,0,0,1,4,1
,2020-14741,39.72548053,-105.0130699,9/18/2020 9:04,9:04:00,12,0,0,I25 NORTHBOUND & SIXTH AVENUE WB EXIT LANE,1,1,1,0,1,8,0,0,65,0,0,0,0,0,1,4,16
,2020-14742,39.77932,-104.9035,10/2/2020 16:50,16:50:00,15,0,0,NORTHFIELD QUEBEC STREET  & I25 EASTBOUND EXIT RAMP,1,1,0,0,1,3,0,0,35,0,0,0,0,0,2,2,16
,2020-14743,39.77288,-104.94055,10/3/2020 15:40,15:40:00,12,0,0,EAST 40TH AVENUE & NORTH COLORADO BOULEVARD,1,1,0,0,1,4,0,0,35,0,0,0,0,0,4,2,3
,2020-14744,39.72554,-105.01313,10/1/2020 6:47,6:47:00,12,0,0,SIXTH AVENUE WEST EXIT RAMP & I25 NORTHBOUND / SOUTHBOUND SPLIT,1,2,0,0,1,8,0,0,65,0,0,0,0,0,1,3,13
,2020-14745,39.72442,-104.95825,8/27/2020 13:11,13:11:00,12,0,0,500 NORTH JOSEPHINE STREET & EAST SIXTH AVENUE,1,1,0,0,1,4,0,0,25,0,0,0,0,0,4,2,7
,2020-14746,39.74014,-104.92866,9/1/2020 18:30,18:30:00,2,0,1,ELM STREET NORTH & COLFAX AVENUE EAST,1,1,0,0,1,5,0,0,10,1,0,0,0,2,2,2,1
,2020-14747,39.74011,-105.00007,10/3/2020 17:13,17:13:00,3,0,0,COLFAX AVENUE WEST & KALAMATH STREET NORTH,1,1,0,0,1,1,0,0,30,0,0,0,0,0,2,2,7
,2020-14748,39.75241,-105.00254,8/21/2020 19:17,19:17:00,6,0,0,WEWATTA STREET  & DELGANY STREET,1,1,0,0,3,4,0,0,30,0,0,0,0,0,4,3,5
,2020-14749,39.78014,-104.96709,10/2/2020 20:53,20:53:00,12,0,0,I70 WB & BRIGHTON BOULEVARD NORTH,1,3,0,0,1,4,0,0,55,0,0,0,1,1,1,2,16
,2020-14750,39.75511,-105.01272,10/3/2020 16:41,16:41:00,12,0,0,I25 NORTHBOUND & SPEER BOULEVARD NORTH,1,1,0,0,1,4,0,0,65,0,0,0,0,0,1,2,13
,2020-14751,39.74015,-104.89875,9/13/2020 18:10,18:10:00,15,0,0,NORTH SYRACUSE STREET & EAST COLFAX AVENUE,1,2,0,0,1,3,0,0,30,0,0,0,0,0,4,2,13
,2020-14752,39.70134,-105.02979,10/6/2020 15:27,15:27:00,12,0,0,SOUTH IRVING STREET & WEST ADA PLACE,1,1,0,0,1,4,0,0,25,0,0,0,0,0,4,2,1
,2020-14753,39.65305,-104.92719,10/3/2020 10:48,10:48:00,12,0,0,HAMPDEN AVENUE EAST & FOREST STREET SOUTH,1,1,0,0,1,1,0,0,40,0,0,0,0,0,2,2,13
,2020-14754,39.80216051,-104.8674814,10/2/2020 15:00,15:00:00,6,0,0,5700 NORTH GENEVA STREET & EAST 58TH AVENUE,1,1,0,0,1,4,0,0,30,0,0,0,0,0,4,2,16
,2020-14755,39.79838,-104.88333,9/12/2020 9:00,9:00:00,12,0,0,EAST 56TH AVENUE & NORTH CENTRAL PARK BOULEVARD,1,1,0,0,1,1,0,0,35,0,0,0,0,0,4,2,5
,2020-14756,39.68897,-104.97343,10/4/2020 13:36,13:36:00,3,0,0,SOUTH DOWNING STREET & EAST BUCHTEL BOULEVARD,1,1,0,0,1,1,0,0,35,0,0,0,0,0,4,2,13
,2020-14757,39.77562,-104.86574,10/16/2020 15:04,15:04:00,12,0,0,I70 EASTBOUND & HAVANA STREET NORTH,1,1,0,0,1,4,0,0,55,0,0,0,0,0,1,2,3
,2020-14758,39.65441,-104.92317,9/19/2020 14:00,14:00:00,6,0,0,HOLLY STREET SOUTH & HUDSON WAY SOUTH,1,1,0,0,1,4,0,0,25,0,0,0,0,0,4,2,13
,2020-14759,39.77799,-104.77207,10/4/2020 20:11,20:11:00,1,0,3,45TH AVENUE EAST & TOWER ROAD NORTH,1,3,0,0,1,1,0,0,45,0,0,0,0,2,4,2,16
,2020-14761,39.72911,-104.96019,10/1/2020 23:42,23:42:00,3,0,3,EAST EIGHTH AVENUE & NORTH YORK STREET,1,3,1,0,1,1,0,0,30,0,0,0,0,2,4,2,5
,2020-14763,39.69658,-104.96174,10/8/2020 13:00,13:00:00,15,0,0,1100 SOUTH GAYLORD STREET & EAST MISSISSIPPI AVENUE,1,1,0,0,1,4,0,0,25,0,0,0,0,0,4,2,3
,2020-14765,39.76404552,-104.8916847,9/27/2020 2:12,2:12:00,5,0,2,VALENTIA STREET NORTH  & VERBINIA STREET,1,3,0,0,3,5,0,0,15,0,0,0,0,2,4,1,9
,2020-14766,39.73832353,-104.9205409,10/5/2020 7:54,7:54:00,11,0,1,14TH AVENUE EAST  & IVY STREET NORTH,1,2,0,0,3,5,0,0,,0,1,0,0,3,4,1,16
,2020-14768,39.77289,-104.94754,10/8/2020 15:00,15:00:00,3,0,0,NORTH COOK STREET & EAST 40TH AVENUE,1,1,0,0,1,1,0,0,35,0,0,0,0,1,4,2,7
,2020-14769,39.74379,-104.90346,10/5/2020 10:10,10:10:00,3,0,0,QUEBEC STREET NORTH & 17TH AVENUE EAST,1,1,0,0,1,1,0,0,35,0,0,0,0,0,4,2,13
,2020-14770,39.74559,-104.99515,9/26/2020 21:42,21:42:00,3,0,0,15TH STREET & CHAMPA STREET,1,3,0,0,1,1,0,0,30,0,0,0,0,0,4,2,5
,2020-14771,39.73295,-104.98486,10/3/2020 16:18,16:18:00,6,0,0,SHERMAN STREET & 1000 NORTH,1,1,0,0,1,5,0,0,20,0,0,0,0,0,4,2,7
,2020-14772,39.71735,-104.89599,10/7/2020 14:39,14:39:00,12,0,0,LOWRY BOULEVARD EAST & RAMPART WAY NORTH,1,1,0,0,1,6,0,0,25,0,0,0,0,0,4,2,16
,2020-14773,39.73834,-104.94507,10/7/2020 7:17,7:17:00,9,0,0,MONROE STREET NORTH & 14TH AVENUE EAST,1,2,0,0,1,1,0,0,25,0,0,0,1,1,4,2,1
,2020-14775,39.76323,-105.00471,10/2/2020 18:30,18:30:00,6,0,0,33RD AVENUE WEST  & PECOS STREET NORTH,1,1,1,0,1,4,0,0,25,0,0,0,0,0,4,2,16
,2020-14776,39.77643,-104.8315,3/1/2020 4:58,4:58:00,5,0,0,ALBROOK DRIVE EAST & 14400,1,3,0,0,2,4,0,0,35,0,0,0,0,0,4,1,16
,2020-14777,39.72554,-105.01313,10/4/2020 10:01,10:01:00,12,0,0,I25 NORTHBOUND & SIXTH AVENUE WEST,1,1,0,0,1,4,0,0,55,0,0,0,0,1,1,2,13
,2020-14778,39.67843,-104.93955,10/8/2020 11:53,11:53:00,1,0,0,EAST EVANS AVENUE & SOUTH ALBION STREET,1,1,0,0,1,1,0,0,30,0,0,0,0,0,4,2,13
,2020-14779,39.73943,-104.89756,10/4/2020 11:55,11:55:00,12,0,0,1400 NORTH SPRUCE STREET & EAST COLFAX AVENUE,1,1,0,0,1,3,0,0,30,0,0,0,0,0,4,2,13
,2020-14780,39.73133,-104.95926,10/5/2020 10:00,10:00:00,12,0,1,JOSEPHINE STREET & 900 NORTH,1,1,0,1,1,1,0,0,30,0,0,0,0,2,4,2,13
,2020-14781,39.71498,-105.03185,10/4/2020 12:07,12:07:00,12,0,0,3400 WEST BAYAUD AVENUE & SOUTH KNOX COURT,1,1,0,0,1,4,0,0,25,0,0,0,0,0,4,2,13
,2020-14782,39.69871,-105.00152,10/7/2020 20:20,20:20:00,6,0,0,900 SOUTH LIPAN STREET & WEST ERB PLACE,1,3,0,0,1,4,0,0,25,0,0,0,0,0,4,2,7
,2020-14784,39.74015,-104.92578,10/5/2020 8:41,8:41:00,3,0,0,COLFAX AVENUE EAST & GLENCOE STREET NORTH,1,1,0,0,1,1,0,0,35,0,0,0,0,1,2,2,16
,2020-14785,39.74003,-104.97309,10/7/2020 15:21,15:21:00,3,0,0,COLFAX AVENUE EAST & DOWNING STREET NORTH,1,1,0,0,1,1,0,0,30,0,0,0,0,1,2,2,8
,2020-14786,39.76271,-104.98346,10/3/2020 18:30,18:30:00,3,0,0,29TH STREET & BLAKE STREET,1,3,0,0,1,1,0,0,30,0,0,0,1,0,4,2,13
,2020-14787,39.73801,-105.02515,10/8/2020 19:01,19:01:00,11,0,1,FEDERAL BOULEVARD NORTH & HOWARD PLACE WEST,1,3,0,0,1,1,0,0,0,0,1,0,0,2,2,1,16
,2020-14788,39.68308,-105.04991,10/7/2020 0:15,0:15:00,5,0,0,XAVIER STREET SOUTH  & COLORADO AVENUE WEST,1,4,1,0,2,4,0,0,25,0,0,0,0,1,4,1,16
,2020-14789,39.71779,-104.94071,10/2/2020 18:41,18:41:00,12,0,0,FIRST AVENUE EAST & COLORADO BOULEVARD NORTH,1,3,0,0,1,1,0,0,35,0,0,0,0,0,2,2,13
,2020-14790,39.73686,-104.99572,10/7/2020 7:00,7:00:00,3,0,0,WEST 13TH AVENUE & NORTH SPEER BOULEVARD,1,1,0,0,1,1,0,1,35,0,0,0,0,0,4,2,3
,2020-14791,39.8333815,-104.771969,10/4/2020 18:20,18:20:00,5,0,0,NORTH PENA BOULEVARD & NORTH TOWER ROAD,1,1,0,0,3,4,0,0,55,0,0,0,0,0,4,1,14
,2020-14792,39.73728,-104.88819,10/8/2020 14:27,14:27:00,3,0,0,NORTH WILLOW STREET & EAST 13TH AVENUE,1,1,0,0,1,1,0,0,25,0,0,0,0,0,4,2,1