id,drcog_id,latitude,longitude,crashtime,time,crashtype,numbkilled,numbinjurd,drcoglocat,rdconditin,lightngcon,roadcntgrd,weatherco,location,roaddescrp,schoolzone,constrzone,splimit,bikeinv,pedinv,sctrinv,motoinv,svrty,rdsystem,ttlvehcls,hcf
,2020-14793,39.71133,-104.93656,10/4/2020 17:15,17:15:00,12,0,0,LEETSDALE DRIVE & EAST ALAMEDA AVENUE,1,1,0,0,1,1,0,0,35,0,0,0,0,0,4,2,13
,2020-14794,39.68516,-104.8929,10/11/2020 14:12,14:12:00,6,0,0,1700 SOUTH QUEBEC WAY & EAST COLORADO AVENUE,1,1,0,0,1,4,0,0,35,0,0,0,0,0,4,2,14
,2020-14795,39.7685,-104.86579,10/7/2020 16:00,16:00:00,12,0,0,NORTH HAVANA STREET & EAST SMITH ROAD,1,1,0,0,1,1,0,0,35,0,0,0,0,0,4,2,8
,2020-14796,39.68942,-105.04373,10/4/2020 14:14,14:14:00,5,0,0,FLORIDA AVENUE WEST  & STUART STREET SOUTH,1,1,0,0,2,4,0,0,30,0,0,0,0,0,4,2,16
,2020-14797,39.77656,-105.01586,10/4/2020 14:36,14:36:00,3,0,0,WEST 44TH AVENUE & NORTH ZUNI STREET,1,1,0,0,1,1,0,0,30,0,0,0,0,1,4,2,4
,2020-14798,39.70041,-105.02508,10/7/2020 15:46,15:46:00,11,0,1,FEDERAL BOULEVARD SOUTH & KENTUCKY AVENUE WEST,1,1,0,0,1,1,0,1,40,0,1,0,0,3,2,1,1
,2020-14799,39.68933,-104.93948,10/7/2020 17:36,17:36:00,2,0,0,FLORIDA AVENUE EAST & ALBION STREET SOUTH,1,1,0,0,1,1,0,0,35,1,0,0,0,1,4,2,13
,2020-14800,39.71089,-104.9127,10/2/2020 17:10,17:10:00,5,0,1,MONACO STREET & 300 SOUTH,1,1,0,0,3,3,0,0,35,0,0,0,0,2,4,1,1
,2020-14802,39.69204,-104.94064,10/8/2020 17:44,17:44:00,15,0,0,COLORADO BOULEVARD SOUTH  & ARKANSAS AVENUE EAST,1,1,1,0,1,4,0,0,35,0,0,0,0,0,2,2,1
,2020-14803,39.76881557,-104.8474196,10/4/2020 13:07,13:07:00,12,0,0,PEORIA STREET & 4700 NORTH,1,1,0,0,1,4,0,0,40,0,0,0,0,0,4,2,13
,2020-14804,39.72732,-105.00019,10/4/2020 22:16,22:16:00,15,0,0,NORTH KALAMATH STREET & WEST SEVENTH AVENUE,1,3,0,0,1,4,0,0,35,0,0,0,0,0,4,2,8
,2020-14805,39.73294,-105.0333,10/4/2020 12:05,12:05:00,9,0,0,10TH AVENUE WEST & KING STREET NORTH,1,1,1,0,1,1,0,0,30,0,0,0,0,0,4,2,1
,2020-14806,39.72255,-104.95944,10/5/2020 10:34,10:34:00,10,0,0,FOURTH AVENUE EAST & UNIVERSITY BOULEVARD NORTH,1,1,0,0,1,1,0,0,30,0,0,0,0,0,4,2,13
,2020-14807,39.66774,-105.08146,10/2/2020 11:22,11:22:00,3,0,0,YALE AVENUE WEST & WADSWORTH BOULEVARD SOUTH,1,1,0,0,1,1,0,0,35,0,0,0,0,0,2,2,16
,2020-14809,39.72231,-105.05288,9/25/2020 5:22,5:22:00,12,0,0,SHERIDAN BOULEVARD NORTH  & FIFTH AVENUE WEST,1,3,0,0,1,4,0,0,35,0,0,0,0,0,2,2,7
,2020-14810,39.78324253,-105.0064504,10/3/2020 23:56,23:56:00,3,0,1,PECOS STREET NORTH & I70 WB EXIT RAMP,1,3,0,0,1,6,0,0,35,0,0,0,0,2,4,2,13
,2020-14811,39.69228,-104.97695,10/2/2020 17:34,17:34:00,12,0,0,I25 NORTHBOUND & DOWNING STREET SOUTH,1,1,0,0,1,4,0,0,65,0,0,0,0,1,1,2,7
,2020-14812,39.7414,-104.99884,10/8/2020 13:11,13:11:00,12,0,0,NORTH SPEER BOULEVARD & STOUT STREET,1,1,0,0,1,1,0,0,35,0,0,0,0,0,4,2,14
,2020-14813,39.67841,-104.94075,10/4/2020 2:00,2:00:00,1,0,2,COLORADO BOULEVARD SOUTH & EVANS AVENUE EAST,1,3,0,0,1,1,0,0,35,0,0,0,0,2,2,2,5
,2020-14814,39.76881557,-104.8474196,10/8/2020 16:15,16:15:00,15,0,0,I25 & 42ND AVENUE,1,1,0,0,1,4,0,0,65,0,0,0,0,0,1,2,13
,2020-14815,39.75513,-105.01272,10/7/2020 20:49,20:49:00,6,0,0,I25 NORTHBOUND & SPEER BOULEVARD NORTHBOUND LOOP EXIT,1,3,1,0,3,4,0,0,,0,0,0,0,0,1,2,2
,2020-14816,39.77839,-105.0352,10/5/2020 17:02,17:02:00,12,0,0,WEST 45TH AVENUE & NORTH LOWELL MEADE ALY,1,1,0,0,1,4,0,0,35,0,0,0,0,0,4,2,5
,2020-14817,39.73563,-104.89875,10/8/2020 10:05,10:05:00,3,0,0,EAST 12TH AVENUE & NORTH SYRACUSE STREET,1,1,0,0,1,1,0,0,25,0,0,0,0,1,4,2,8
,2020-14818,39.70945154,-105.0396919,10/4/2020 22:24,22:24:00,5,0,0,PERRY STREET SOUTH  & DAKOTA AVENUE WEST,1,4,0,0,2,4,0,0,25,0,0,0,0,0,4,1,13
,2020-14819,39.63931,-104.88512,10/7/2020 15:15,15:15:00,12,0,0,YOSEMITE STREET SOUTH & I225 nb,1,1,0,0,1,3,0,0,35,0,0,0,0,1,4,2,3
,2020-14820,39.77200153,-104.9696809,10/3/2020 23:09,23:09:00,12,0,0,WALNUT STREET & 40TH STREET,1,3,0,0,1,1,0,0,30,0,0,0,0,0,4,2,13
,2020-14822,39.75278,-104.98741,10/5/2020 7:50,7:50:00,3,0,0,22ND STREET & BROADWAY STREET NORTH,1,1,0,0,1,1,0,0,30,0,0,0,0,0,4,2,16
,2020-14823,39.76804,-104.99482,10/4/2020 8:28,8:28:00,15,0,0,I25 NORTHBOUND ENTRANCE RAMP FROM & PARK AVENUE WEST,1,1,0,0,1,8,0,0,30,0,0,0,0,1,1,2,3
,2020-14825,39.77856252,-104.9034184,10/5/2020 16:14,16:14:00,15,0,0,I70 EASTBOUND ENTRANCE RAMP FROM & QUEBEC STREET NORTH,1,1,1,0,1,8,0,0,45,0,0,0,0,0,1,2,13
,2020-14827,39.70749,-104.97455,10/2/2020 14:28,14:28:00,3,0,1,EAST VIRGINIA AVENUE & SOUTH CORORNA STREET,1,1,0,0,1,1,0,0,25,0,0,0,0,1,4,2,1
,2020-14828,39.77988,-104.96717,10/7/2020 15:12,15:12:00,5,0,0,I70 EASTBOUND & BRIGHTON BOULEVARD NORTH,1,1,0,0,3,4,0,0,65,0,0,0,0,0,1,1,3
,2020-14829,39.72569,-104.99638,10/17/2020 18:38,18:38:00,3,0,0,SIXTH AVENUE WEST & GALAPAGO STREET NORTH,1,2,0,0,1,1,0,0,30,0,0,0,0,0,4,3,1
,2020-14830,39.70146,-104.98753,10/11/2020 13:25,13:25:00,1,0,0,BROADWAY STREET SOUTH & I25 SOUTHBOUND,1,1,0,0,1,1,0,0,35,0,0,0,0,1,4,2,3
,2020-14831,39.77401,-104.84703,10/3/2020 22:31,22:31:00,12,0,0,I70 EASTBOUND & PEORIA STREET NORTH EXIT RAMP,1,3,0,0,1,4,0,1,55,0,0,0,0,0,1,2,1
,2020-14832,39.69143,-104.91289,10/7/2020 17:29,17:29:00,12,0,0,SOUTH MONACO STREET & EAST CHERRY CREEK NORTH DRIVE,1,1,3,0,1,3,0,0,35,0,0,0,0,0,4,2,7
,2020-14833,39.69657,-104.94061,10/8/2020 18:10,18:10:00,2,0,1,COLORADO BOULEVARD SOUTH & MISSISSIPPI AVENUE EAST,1,2,0,0,1,3,0,0,0,1,0,0,0,3,2,2,16
,2020-14834,39.7093,-104.94073,10/8/2020 13:03,13:03:00,12,0,0,COLORADO BOULEVARD SOUTH & DAKOTA AVENUE EAST,1,1,0,0,1,4,0,0,35,0,0,0,0,0,2,2,13
,2020-14835,39.75145,-105.02523,10/1/2020 11:35,11:35:00,12,0,0,FEDERAL BOULEVARD NORTH  & 23RD AVENUE WEST,1,1,0,0,1,4,0,0,35,0,0,0,0,1,2,2,13
,2020-14836,39.70749,-104.96171,10/5/2020 8:00,8:00:00,3,0,0,VIRGINIA AVENUE EAST & GAYLORD STREET SOUTH,1,1,0,0,1,1,0,0,25,0,0,0,0,0,4,2,13
,2020-14837,39.74619,-104.98612,10/1/2020 16:43,16:43:00,3,0,0,NORTH LINCOLN STREET & EAST 19TH AVENUE,1,1,0,0,1,1,0,0,30,0,0,0,0,0,4,2,13
,2020-14838,39.78376695,-104.9858088,10/8/2020 13:38,13:38:00,15,0,0,LINCOLN STREET & 1000 NORTH,1,1,0,0,1,4,0,0,30,0,0,0,0,0,4,2,13
,2020-14840,39.77287,-104.83383,10/5/2020 15:12,15:12:00,15,0,0,I225 SOUTHBOUND EXIT RAMP  FROM & I70 EASTBOUND,1,1,0,0,1,8,0,0,55,0,0,0,0,0,1,2,13
,2020-14841,39.69478,-104.95934,10/6/2020 14:15,14:15:00,12,0,0,SOUTH UNIVERSITY BOULEVARD & EAST ARIZONA AVENUE,1,1,0,0,1,3,0,0,30,0,0,0,0,0,4,2,3
,2020-14843,39.73515,-104.9787,9/18/2020 15:51,15:51:00,12,0,0,EAST 12TH AVENUE & NORTH WASHINGTON STREET,1,1,0,0,1,3,0,0,25,0,0,0,0,0,4,2,10
,2020-14844,39.77401,-104.84703,10/7/2020 14:59,14:59:00,12,0,0,I70 EASTBOUND & PEORIA STREET NORTH,1,1,1,0,1,4,0,0,55,0,0,0,0,1,1,2,14
,2020-14845,39.75401,-104.98426,10/7/2020 16:03,16:03:00,11,0,1,24TH STREET & CHAMPA STREET,1,1,0,0,1,1,0,0,0,1,0,0,0,2,4,1,16
,2020-14846,39.65308,-104.91845,10/8/2020 15:47,15:47:00,12,0,0,I25 SOUTHBOUND & HAMPDEN AVENUE EAST,1,1,1,0,1,1,0,0,55,0,0,0,0,0,2,2,1
,2020-14848,39.72552,-105.01336,10/1/2020 12:01,12:01:00,15,0,0,SIXTH AVENUE WEST & I25 SOUTHBOUND EXIT RAMP,1,1,0,0,1,4,0,0,55,0,0,0,0,0,2,2,14
,2020-14849,39.75775,-104.99858,10/8/2020 15:10,15:10:00,12,0,0,20TH STREET & CHESTNUT PLACE,1,1,0,0,1,1,0,0,30,0,0,0,0,0,4,2,14
,2020-14850,39.75227,-104.97957,10/2/2020 9:25,9:25:00,3,0,0,25TH STREET & GLENARM PLACE,1,1,0,0,1,1,0,0,25,0,0,0,0,0,4,2,13
,2020-14851,39.60020054,-104.8878485,10/8/2020 10:33,10:33:00,15,0,0,I25 SOUTHBOUND & YOSEMITE STREET SOUTH,1,1,0,0,1,4,0,0,55,0,0,0,0,0,1,2,13
,2020-14852,39.71836,-104.98624,10/1/2020 23:45,23:45:00,15,0,0,LINCOLN STREET NORTH & FIRST AVENUE EAST,1,3,0,0,1,1,0,0,30,0,0,0,0,0,4,2,13
,2020-14853,39.76953,-105.03426,10/1/2020 17:03,17:03:00,12,0,0,3500 WEST 38TH AVENUE & NORTH LOWELL BOULEVARD,1,1,0,0,1,4,0,0,35,0,0,0,0,1,4,2,3
,2020-14855,39.74406,-105.00061,10/1/2020 13:15,13:15:00,12,0,0,NORTH SPEER BOULEVARD & ARAPAHOE STREET,1,1,0,0,1,3,0,0,30,0,0,0,0,0,4,2,8
,2020-14856,39.71111,-104.96055,10/2/2020 9:09,9:09:00,3,0,0,YORK STREET SOUTH & ALAMEDA AVENUE EAST,1,1,1,0,1,3,0,0,30,0,0,0,0,0,4,2,13
,2020-14857,39.7983,-104.77212,10/8/2020 14:39,14:39:00,12,0,0,NORTH TOWER ROAD & EAST 56TH AVENUE,1,1,0,0,1,1,0,0,40,0,0,0,0,0,4,2,8
,2020-14858,39.68236,-104.99236,10/2/2020 14:30,14:30:00,15,0,0,SANTA FE DRIVE SOUTH  & JEWELL AVENUE WEST,1,1,0,0,1,4,0,0,45,0,0,0,0,0,2,2,1
,2020-14859,39.82970871,-104.6929654,10/2/2020 14:50,14:50:00,15,0,0,76TH AVENUE EAST & JACKSONS GAP STREET NORTH,1,1,0,0,1,1,0,0,,0,0,0,0,0,4,2,16
,2020-14860,39.63341,-104.89319,10/2/2020 0:19,0:19:00,5,0,0,DTC BOULEVARD SOUTH  & WALLACE PARK DENVER,1,3,0,0,2,4,0,0,40,0,0,0,0,0,4,1,5
,2020-14861,39.63958,-104.88511,10/8/2020 6:41,6:41:00,12,0,0,I225 SOUTHBOUND & YOSEMITE STREET SOUTH,1,1,0,0,1,4,0,0,55,0,0,0,0,0,1,2,13
,2020-14862,39.68294,-104.94055,10/1/2020 13:45,13:45:00,15,0,0,COLORADO BOULEVARD SOUTH & I25 SOUTHBOUND LOOP RAMP,1,1,1,0,1,8,0,0,40,0,0,0,0,0,2,2,8
,2020-14863,39.74036,-105.04518,10/1/2020 17:09,17:09:00,3,0,0,UTICA STREET NORTH & COLFAX AVENUE WEST,1,1,0,0,1,1,0,0,25,0,0,0,0,0,2,2,7
,2020-14864,39.77505,-104.8099,10/1/2020 21:52,21:52:00,1,0,0,NORTH CHAMBERS ROAD & EAST ANDREWS DRIVE,1,3,0,0,1,3,0,0,40,0,0,0,0,0,4,2,13
,2020-14865,39.69893,-105.05324,10/1/2020 22:24,22:24:00,5,0,0,SHERIDAN BOULEVARD SOUTH  & KENTUCKY AVENUE WEST,1,3,0,0,3,3,0,0,35,0,0,0,0,0,2,1,5
,2020-14866,39.76805,-105.00059,10/1/2020 9:04,9:04:00,15,0,0,KALAMATH STREET NORTH & 37TH AVENUE WEST,1,1,0,0,1,4,0,0,25,0,0,0,0,0,4,2,14
,2020-14867,39.72571,-105.00015,10/1/2020 8:41,8:41:00,12,0,1,NORTH KALAMATH STREET & WEST SIXTH AVENUE,1,1,1,0,1,1,0,0,40,0,0,0,0,1,4,2,16
,2020-14868,39.77703,-104.88298,10/2/2020 6:08,6:08:00,5,0,0,I270 EASTBOUND & CENTRAL PARK BOULEVARD EXIT RAMP,1,1,1,0,3,4,0,0,35,0,0,0,0,0,1,1,3
,2020-14869,39.78739,-104.97828,10/1/2020 16:36,16:36:00,12,0,0,NORTH WASHINGTON STREET & EAST 50TH AVENUE,1,1,0,0,1,3,0,0,35,0,0,0,0,0,4,2,13
,2020-14870,39.7859,-104.77213,10/1/2020 20:21,20:21:00,3,0,0,NORTH TOWER ROAD & EAST 49TH AVENUE,1,3,1,0,1,1,0,0,45,0,0,0,0,0,4,2,13
,2020-14871,39.65616,-105.05322,10/1/2020 9:18,9:18:00,1,0,0,DARTMOUTH AVENUE WEST & SHERIDAN BOULEVARD SOUTH,1,1,0,0,1,1,0,0,25,0,0,0,0,0,4,2,13
,2020-14872,39.72562,-104.98236,10/2/2020 12:11,12:11:00,15,0,0,LOGAN STREET NORTH & SIXTH AVENUE EAST,1,1,0,0,1,4,0,0,30,0,0,0,0,0,4,2,8
,2020-14873,39.83828,-104.67189,10/2/2020 14:30,14:30:00,12,0,0,7800 PENA BOULEVARD INBOUND & PENA CIRCLE,1,1,0,0,1,4,0,1,35,0,0,0,0,1,4,2,3
,2020-14874,39.72932,-105.01589,10/8/2020 8:29,8:29:00,1,0,0,WEST EIGHTH AVENUE & NORTH ZUNI STREET,1,1,1,0,1,1,0,0,35,0,0,0,0,0,4,2,13
,2020-14875,39.71134153,-104.9034904,10/8/2020 8:25,8:25:00,1,0,0,ALAMEDA AVENUE EAST & QUEEC STREET SOUTH,1,1,0,0,1,1,0,0,35,0,0,0,0,1,4,2,13
,2020-14876,39.74016,-104.88465,10/1/2020 12:24,12:24:00,15,0,0,COLFAX AVENUE EAST & YOSEMITE STREET NORTH,1,1,0,0,1,4,0,0,35,0,0,0,0,0,2,2,13
,2020-14877,39.67934,-104.95939,10/1/2020 17:02,17:02:00,3,0,0,UNIVERSITY BOULEVARD SOUTH  & EVANS AVENUE EAST,1,1,0,0,1,2,0,0,35,0,0,0,0,0,4,2,7
,2020-14879,39.77988,-104.96717,10/1/2020 8:59,8:59:00,12,0,0,I70 EASTBOUND & BRIGHTON BOULEVARD NORTH,1,1,0,0,1,4,0,0,65,0,0,0,0,0,1,2,13
,2020-14880,39.72434,-104.9407,10/1/2020 11:24,11:24:00,12,0,0,COLORADO BOULEVARD NORTH & FIFTH AVENUE WEST,1,1,0,0,1,4,0,0,35,0,0,0,0,0,2,2,13
,2020-14881,39.74374,-104.92345,10/8/2020 7:50,7:50:00,3,0,1,EAST 17TH AVENUE & NORTH HUDSON STREET,1,1,0,0,1,1,0,0,25,0,0,0,0,2,4,2,7
,2020-14882,39.73728,-104.89056,10/1/2020 23:30,23:30:00,6,0,0,NORTH VERBANA STREET & EAST 13TH AVENUE,1,4,0,0,1,4,0,0,25,0,0,0,0,0,4,2,5
,2020-14883,39.71586,-104.9407,10/8/2020 10:26,10:26:00,15,0,0,COLORADO BOULEVARD SOUTH ) & LEETSDALE DRIVE,1,1,1,0,1,4,0,0,35,0,0,0,0,0,2,2,13
,2020-14885,39.62544,-104.90405,10/1/2020 16:00,16:00:00,1,0,0,4900 SOUTH QUEBEC STREET & EAST CHENANGO AVENUE,1,1,0,0,1,1,0,0,25,0,0,0,0,0,4,2,3
,2020-14886,39.78314,-105.00642,10/2/2020 7:43,7:43:00,12,0,0,I70 EASTBOUND EXIT RAMP  TO & PECOS STREET NORTH,1,1,0,0,1,8,0,0,55,0,0,0,0,0,1,2,3
,2020-14887,39.77125,-104.90235,10/2/2020 15:53,15:53:00,12,0,0,3900 NORTH QUEBEC STREET & SMITH ROAD,1,1,0,0,1,4,0,0,35,0,0,0,0,0,4,2,3
,2020-14888,39.72566,-105.05326,10/1/2020 13:37,13:37:00,15,0,0,SHERIDAN BOULEVARD NORTH & SIXTH AVENUE WB EXIT RAMP,1,1,0,0,1,3,0,0,35,0,0,0,0,0,2,2,16
,2020-14889,39.75444,-105.02522,10/12/2020 14:58,14:58:00,12,0,0,FEDERAL BOULEVARD NORTH  & 26TH AVENUE WEST,1,1,1,0,1,4,0,0,35,0,0,0,0,1,2,2,13
,2020-14890,39.71863,-104.96657,10/2/2020 3:57,3:57:00,6,0,0,100 NORTH GILPIN STREET & EAST FIRST AVENUE,1,3,0,0,1,4,0,0,25,0,0,0,0,0,4,2,16
,2020-14891,39.78423,-105.02519,10/8/2020 10:04,10:04:00,1,0,0,FEDERAL BOULEVARD NORTH & I70 EASTBOUND ENTRANCE RAMP,1,1,0,0,1,1,0,0,30,0,0,0,0,0,2,2,13
,2020-14892,39.7694,-105.02997,10/1/2020 12:28,12:28:00,1,0,0,WEST 38TH AVENUE & NORTH IRVING STREET,1,1,0,0,1,2,0,0,30,0,0,0,0,0,4,2,13
,2020-14893,39.71472,-104.93735,9/30/2020 13:45,13:45:00,3,0,0,BAYAUD AVENUE EAST & BELLAIRE STREET SOUTH,1,1,0,0,1,1,0,0,25,0,0,0,0,0,4,2,13
,2020-14894,39.74749,-104.97696,10/2/2020 17:34,17:34:00,3,0,0,NORTH CLARKSON STREET & EAST 20TH AVENUE,1,1,0,0,1,1,0,0,35,0,0,0,0,0,4,2,14
,2020-14895,39.77288,-104.94055,10/12/2020 14:32,14:32:00,11,0,1,COLORADO BOULEVARD NORTH & 40TH AVENUE EAST,1,1,0,0,1,1,0,0,0,0,1,0,0,2,2,1,16
,2020-14896,39.78014,-104.96709,10/2/2020 10:44,10:44:00,9,0,0,I70 WB & BRIGHTON BOULEVARD NORTH,1,1,0,0,1,4,0,0,55,0,0,0,0,0,1,2,14
,2020-14897,39.74041,-104.89794,10/1/2020 9:43,9:43:00,5,0,0,COLFAX AVENUE EAST & 7741,1,1,1,0,3,7,0,0,,0,0,0,0,0,3,1,14
,2020-14898,39.74011,-105.00007,10/11/2020 18:01,18:01:00,2,0,1,KALAMATH STREET NORTH & COLFAX AVENUE WEST,1,2,0,0,1,1,0,0,35,1,0,0,0,3,2,2,1
,2020-14899,39.73287,-104.9598,10/12/2020 10:30,10:30:00,10,0,0,YORK STREET NORTH  & 11TH AVENUE EAST,1,1,1,0,1,2,0,0,30,0,0,0,0,0,4,2,13
,2020-14900,39.77421,-104.84704,10/2/2020 6:30,6:30:00,12,0,0,PEORIA STREET NORTH & I70 WB,1,1,0,0,1,3,0,0,35,0,0,0,0,0,4,2,16
,2020-14902,39.78,-104.95932,10/2/2020 10:59,10:59:00,12,0,1,I70 EASTBOUND & YORK STREET NORTH,1,1,0,0,1,4,0,0,55,0,0,0,0,1,1,2,13
,2020-14903,39.7945,-104.86594,10/8/2020 11:05,11:05:00,15,0,0,NORTH HAVANA STREET & EAST 54TH AVENUE,1,1,0,0,1,1,0,0,40,0,0,0,0,1,4,2,13
,2020-14904,39.74162,-104.96722,10/8/2020 6:46,6:46:00,2,0,0,GILPIN STREET NORTH & 16TH AVENUE EAST,1,1,0,0,1,1,0,0,25,1,0,0,0,1,4,2,13
,2020-14905,39.66778,-105.05326,10/8/2020 8:42,8:42:00,3,0,0,SHERIDAN BOULEVARD SOUTH & YALE AVENUE WEST,1,1,0,0,1,1,0,0,25,0,0,0,0,0,2,2,8
,2020-14906,39.78239,-104.84701,10/12/2020 7:37,7:37:00,12,0,0,NORTH PEORIA STREET & EAST ALBROOK DRIVE,1,1,0,0,1,4,0,0,35,0,0,0,0,0,4,2,13
,2020-14907,39.7112,-105.00065,10/8/2020 7:48,7:48:00,3,0,0,WEST ALAMEDA AVENUE & SOUTH PLATTE RIVER DRIVE,1,1,0,0,1,1,0,0,30,0,0,0,0,1,4,2,13
,2020-14908,39.72751,-105.02513,10/12/2020 8:15,8:15:00,15,0,0,FEDERAL BOULEVARD 600 NORTH & SEVENTH AVENUE,1,1,0,0,1,4,0,0,35,0,0,0,0,0,4,2,13
,2020-14909,39.74239,-104.93894,10/2/2020 11:42,11:42:00,15,0,0,ALBION STREET & 1600 NORTH,1,1,0,0,1,4,0,0,25,0,0,0,0,0,4,2,16
,2020-14910,39.7383,-104.92461,10/12/2020 8:40,8:40:00,3,0,0,EAST 14TH AVENUE & NORTH GRAPE STREET,1,1,1,0,1,1,0,0,25,0,0,0,0,0,4,2,13
,2020-14911,39.77664,-105.02644,10/2/2020 13:12,13:12:00,12,0,0,NORTH GREEN COURT & WEST 44TH AVENUE,1,1,0,0,1,3,0,0,25,0,0,0,0,0,4,2,13
,2020-14913,39.75775,-104.99858,10/2/2020 10:54,10:54:00,12,0,0,20TH STREET & CHESTNUT PLACE,1,1,0,0,1,1,0,0,25,0,0,0,0,0,4,2,14
,2020-14914,39.74322,-104.96349,10/8/2020 8:30,8:30:00,6,0,0,17TH AVENUE & 1900 EAST,1,1,0,0,1,4,0,0,30,0,0,0,0,1,4,2,10
,2020-14915,39.71656153,-104.9891704,10/11/2020 15:00,15:00:00,6,0,0,000 WEST ELLSWORTH AVENUE & NORTH ACOMA STREET,1,1,0,0,1,4,0,0,25,0,0,0,0,0,4,2,13
,2020-14916,39.67957,-105.02504,9/30/2020 14:55,14:55:00,12,0,0,FEDERAL BOULEVARD SOUTH & 2020,1,1,0,0,1,4,0,0,35,0,0,0,0,0,2,2,2
,2020-14917,39.73369,-105.00282,10/1/2020 21:55,21:55:00,3,0,0,11TH AVENUE WEST & MARIPOSA STREET NORTH,1,3,0,0,1,1,0,0,30,0,0,0,0,1,4,2,13
,2020-14918,39.68487,-104.98754,10/8/2020 13:59,13:59:00,3,0,0,BROADWAY STREET SOUTH  & MEXICO AVENUE EAST,1,1,0,0,1,2,0,0,30,0,0,0,0,1,4,2,8
,2020-14919,39.75537,-105.01269,9/30/2020 21:40,21:40:00,5,0,1,I25 SOUTHBOUND & SPEER BOULEVARD NORTH,1,3,0,0,2,4,0,0,65,0,0,0,0,1,1,1,5
,2020-14920,39.77401,-104.84704,8/30/2020 1:09,1:09:00,12,0,0,PEORIA STREET NORTH & I70 EASTBOUND ENTRANCE RAMP,1,3,0,0,1,1,0,0,45,0,0,0,0,1,4,2,5
,2020-14921,39.69597,-104.91289,10/6/2020 13:30,13:30:00,3,0,0,MONACO STREET SOUTH & 1100,1,1,0,0,1,2,0,0,35,0,0,0,0,1,4,2,3
,2020-14922,39.78009,-104.94067,10/2/2020 16:35,16:35:00,12,0,0,COLORADO BOULEVARD NORTH & I70 WB,1,1,0,0,1,1,0,1,35,0,0,0,0,0,2,2,13
,2020-14923,39.75158,-104.98738,10/8/2020 13:17,13:17:00,10,0,0,NORTH BROADWAY STREET & CHAMPA STREET,1,1,0,0,1,1,0,0,30,0,0,0,0,0,4,2,8
,2020-14924,39.78625109,-104.791086,10/2/2020 18:58,18:58:00,12,0,0,PENA BOULEVARD & EAST WEST SPLIT,1,3,0,0,1,14,0,0,45,0,0,0,0,1,4,2,3
,2020-14925,39.71822,-105.05184,10/1/2020 15:53,15:53:00,3,0,0,FIRST AVENUE WEST & ZENOBIA STREET NORTH,1,1,1,0,1,2,0,0,25,0,0,0,0,0,4,2,8
,2020-14926,39.77051,-105.00059,10/12/2020 11:14,11:14:00,5,0,0,39TH AVENUE WEST & KALAMATH STREET NORTH,1,1,0,0,1,1,0,0,25,0,0,0,0,0,4,1,7
,2020-14927,39.71115,-105.05087,10/12/2020 9:31,9:31:00,6,0,0,YATES STREET SOUTH  & ALAMEDA AVENUE WEST,1,1,0,0,1,4,0,0,25,0,0,0,0,0,4,2,16
,2020-14928,39.72928754,-105.0251884,10/2/2020 17:05,17:05:00,12,0,0,SIXTH AVENUE WEST & FEDERAL BOULEVARD NORTH,1,1,0,0,1,8,0,0,65,0,0,0,0,1,2,2,3
,2020-14929,39.69212,-104.99241,10/12/2020 6:40,6:40:00,15,0,0,SANTA FE DRIVE SOUTH  & FLORIDA AVENUE WEST,1,2,0,0,1,2,0,0,45,0,0,0,0,1,2,2,7
,2020-14930,39.71828,-104.95922,10/8/2020 8:24,8:24:00,12,0,0,EAST FIRST AVENUE & NORTH UNIVERSITY BOULEVARD,1,1,0,0,1,4,0,0,30,0,0,0,0,1,4,2,13
,2020-14932,39.69991,-104.99916,10/12/2020 10:30,10:30:00,6,0,0,JASON STREET SOUTH  & TENNESSEE AVENUE WEST,1,1,1,0,1,2,0,0,25,0,0,0,0,0,4,2,13
,2020-14933,39.69294,-104.94063,9/30/2020 15:20,15:20:00,12,0,0,LOUISIANA AVENUE EAST & COLORADO BOULEVARD SOUTH,1,1,0,0,1,1,0,0,35,0,0,0,0,0,2,2,3
,2020-14934,39.71532,-104.95923,10/2/2020 13:49,13:49:00,1,0,0,SOUTH UNIVERSITY BOULEVARD & EAST CHERRY CREEK SOUTH DRIVE,1,1,0,0,1,1,0,0,35,0,0,0,0,0,4,2,8
,2020-14935,39.78384453,-104.8999958,10/1/2020 10:36,10:36:00,5,0,1,I70 & NORTHFIELD QUEBEC STREET NORTH,1,1,0,0,2,4,0,1,65,0,0,0,0,2,1,1,3
,2020-14936,39.78015,-104.93165,10/2/2020 7:24,7:24:00,12,0,0,I70 WB & DAHLIA STREET NORTH,1,1,0,0,1,4,0,0,65,0,0,0,0,0,1,2,13
,2020-14937,39.73842,-104.9128,9/30/2020 16:09,16:09:00,15,0,0,14TH AVENUE EAST & MONACO STREET NORTH,1,1,0,0,1,4,0,0,,0,0,0,0,0,4,2,16
,2020-14938,39.74484,-104.97339,9/30/2020 13:40,13:40:00,15,0,0,DOWNING STREET NORTH & 18TH AVENUE EAST,1,1,0,0,1,1,0,0,25,0,0,0,0,0,4,2,8
,2020-14939,39.74,-104.96538,10/12/2020 9:00,9:00:00,6,0,0,COLFAX AVENUE EAST  & HIGH STREET NORTH,1,3,0,0,1,4,0,0,30,0,0,0,0,0,2,2,13
,2020-14940,39.74035,-105.05037,10/7/2020 19:37,19:37:00,11,0,1,COLFAX AVENUE WEST  & XAVIER STREET NORTH,1,3,0,0,1,4,0,0,0,0,1,0,0,3,2,1,16