id,drcog_id,latitude,longitude,crashtime,time,crashtype,numbkilled,numbinjurd,drcoglocat,rdconditin,lightngcon,roadcntgrd,weatherco,location,roaddescrp,schoolzone,constrzone,splimit,bikeinv,pedinv,sctrinv,motoinv,svrty,rdsystem,ttlvehcls,hcf
,2020-14941,39.73049,-104.96017,10/2/2020 16:00,16:00:00,3,0,0,YORK STREET NORTH & NINTH AVENUE EAST,1,1,0,0,1,1,0,0,30,0,0,0,0,0,4,2,3
,2020-14942,39.70029,-104.97926,10/11/2020 21:29,21:29:00,6,0,0,WASHINGTON STREET SOUTH & KENTUCKY AVENUE EAST,1,3,0,0,1,3,0,0,25,0,0,0,0,0,4,2,13
,2020-14943,39.77113753,-105.0440209,10/8/2020 12:48,12:48:00,6,0,0,3900 NORTH TENNYSON STREET & WEST 39TH AVENUE,1,1,0,0,1,4,0,0,,0,0,0,0,0,4,2,13
,2020-14944,39.78,-104.95932,10/1/2020 8:59,8:59:00,12,0,0,I70 EASTBOUND & YORK STREET NORTH,1,1,0,0,1,4,0,0,65,0,0,0,0,0,1,2,3
,2020-14945,39.6849,-104.90351,10/1/2020 19:36,19:36:00,8,0,0,SOUTH QUEBEC STREET & EAST CHERRY CREEK SOUTH DRIVE,1,3,0,0,1,1,0,0,40,0,0,0,0,0,4,2,13
,2020-14948,39.78406,-104.98915,10/11/2020 22:11,22:11:00,5,0,0,I25 NORTHBOUND & 48TH AVENUE WEST,1,3,0,0,1,4,0,0,55,0,0,0,0,0,1,2,13
,2020-14949,39.77562,-104.86574,10/2/2020 11:50,11:50:00,5,0,0,I70 EASTBOUND & MM 283,1,1,0,0,3,4,0,0,55,0,0,0,0,0,1,2,1
,2020-14954,39.67848903,-104.9055152,9/30/2020 17:30,17:30:00,12,0,0,EAST EVANS AVENUE & SOUTH PONTIAC WAY,1,1,0,0,1,3,0,0,30,0,0,0,0,0,4,2,3
,2020-14956,39.78364,-104.79138,4/16/2020 9:20,9:20:00,5,0,0,PENA BOULEVARD OUTBOUND & EAST GREEN VALLEY RANCH BOULEVARD,12,1,1,2,2,4,0,0,65,0,0,0,0,1,4,1,15
,2020-14958,39.76952,-105.01734,9/22/2020 9:35,9:35:00,2,0,1,ALLCOT STREET NORTH  & 38TH AVENUE WEST,1,1,1,0,1,2,0,0,25,1,0,0,0,3,4,2,3
,2020-14961,39.71483,-105.00862,8/25/2020 5:54,5:54:00,3,0,0,WEST BAYAUD AVENUE & SOUTH RARITAN STREET,1,3,0,0,1,1,0,0,25,0,0,0,0,0,4,2,13
,2020-14963,39.77583,-104.86574,9/12/2020 22:50,22:50:00,12,0,0,I70 WB & HAVANA STREET NORTH,1,3,0,0,1,4,0,1,65,0,0,0,0,1,1,2,7
,2020-14964,39.7112,-104.9989,8/31/2020 12:54,12:54:00,12,0,0,I25 NORTHBOUND & ALAMEDA AVENUE WEST,1,1,0,0,1,4,0,0,60,0,0,0,0,0,1,2,5
,2020-14974,39.7983,-104.77212,9/30/2020 17:12,17:12:00,12,0,0,NORTH TOWER ROAD & EAST 56TH AVENUE,1,1,0,0,1,1,0,0,45,0,0,0,0,0,4,2,13
,2020-14975,39.72751,-105.02514,9/30/2020 17:41,17:41:00,12,0,0,WEST SEVENTH AVENUE & NORTH FEDERAL BOULEVARD,1,1,0,0,1,3,0,0,25,0,0,0,0,0,4,2,13
,2020-14976,39.77891184,-104.954139,9/30/2020 10:03,10:03:00,3,0,0,EAST 45TH AVENUE & NORTH CLAYTON STREET,1,1,0,0,1,1,0,0,30,0,0,0,0,0,4,2,8
,2020-14986,39.74034,-105.03874,9/19/2020 9:52,9:52:00,12,0,0,COLFAX AVENUE WEST  & PERRY STREET NORTH,1,1,0,0,1,4,0,0,30,0,0,0,0,0,2,2,16
,2020-14992,39.7644,-104.94025,8/29/2020 11:00,11:00:00,12,0,0,4000 EAST BRUCE RANDOLPH AVENUE & NORTH COLORADO BOULEVARD,1,1,0,0,1,4,0,0,25,0,0,0,0,0,4,2,1
,2020-14997,39.70223,-105.02981,9/30/2020 19:20,19:20:00,3,0,0,WEST OHIO AVENUE & SOUTH IRVING STREET,1,2,0,0,1,1,0,0,25,0,0,0,0,1,4,2,8
,2020-14998,39.7613,-105.01089,8/22/2020 11:40,11:40:00,6,0,0,17TH STREET  & ERIE STREET,1,1,1,0,1,4,0,0,25,0,0,0,0,0,4,2,14
,2020-15000,39.67851,-104.97343,9/30/2020 10:33,10:33:00,1,0,0,EAST EVANS AVENUE & SOUTH DOWNING STREET,1,1,0,0,1,1,0,0,35,0,0,0,0,0,4,2,7
,2020-15001,39.79479,-104.80727,9/12/2020 22:45,22:45:00,5,0,0,MAXWELL PLACE EAST & HELENA STREET NORTH,1,3,0,0,3,4,0,0,25,0,0,0,0,0,4,1,16
,2020-15002,39.72731,-104.9407,9/30/2020 13:22,13:22:00,12,0,0,COLORADO BOULEVARD NORTH & SEVENTH AVENUE EAST,1,1,0,0,1,4,0,0,35,0,0,0,0,0,2,2,14
,2020-15003,39.69315,-105.04841,9/13/2020 14:17,14:17:00,3,0,0,SOUTH WOLFF STREET & WEST LOUISIANA AVENUE,1,1,0,0,1,1,0,0,25,0,0,0,0,0,4,2,13
,2020-15004,39.76974,-104.99491,10/15/2020 13:55,13:55:00,12,0,0,3800 NORTH FOX STREET & WEST 38TH STREET,1,1,1,0,1,4,0,0,30,0,0,0,0,0,4,2,13
,2020-15005,39.71121,-104.9989,10/15/2020 13:36,13:36:00,12,0,0,I25 NORTHBOUND & ALAMEDA AVENUE WEST,1,1,1,0,1,4,0,0,55,0,0,0,0,0,1,2,7
,2020-15006,39.72818,-104.98479,9/21/2020 4:55,4:55:00,6,0,0,700 NORTH SHERMAN STREET & EAST SEVENTH AVENUE,1,3,0,0,1,4,0,0,25,0,0,0,0,0,4,2,16
,2020-15007,39.74879,-104.99445,10/11/2020 12:35,12:35:00,8,0,0,ARAPAHOE STREET & 17TH STREET,1,1,0,0,1,1,0,0,30,0,0,0,0,0,4,2,13
,2020-15008,39.67847,-104.92869,8/21/2020 14:05,14:05:00,15,0,0,4800 EAST EVANS AVENUE & SOUTH DAHLIA STREET,1,1,0,0,1,4,0,0,30,0,0,0,0,0,4,2,16
,2020-15009,39.67858,-105.02271,9/30/2020 19:56,19:56:00,12,0,0,2900 WEST EVANS AVENUE & SOUTH FEDERAL BOULEVARD,1,2,0,0,1,3,0,0,30,0,0,0,0,0,4,2,3
,2020-15010,39.74106,-104.90346,9/30/2020 13:43,13:43:00,14,0,0,1500 NORTH QUEBEC STREET & EAST COLFAX AVENUE,1,1,0,0,1,4,0,0,30,0,0,0,0,0,4,2,13
,2020-15011,39.69932,-104.97331,9/19/2020 12:41,12:41:00,6,0,0,DOWNING STREET SOUTH  & KENTUCKY AVENUE EAST,1,1,1,0,1,4,0,0,25,0,0,0,0,0,4,2,13
,2020-15012,39.77892251,-104.8207219,9/16/2020 21:49,21:49:00,6,0,0,14700 EAST 46TH AVENUE & NORTH DEARBORN STREET,1,3,0,0,1,4,0,0,25,0,0,0,0,0,4,2,14
,2020-15013,39.76872,-104.97201,9/3/2020 16:05,16:05:00,15,0,0,3700 NORTH MARION STREET & EAST 37TH AVENUE,1,1,0,0,1,4,0,0,35,0,0,0,0,0,4,2,1
,2020-15014,39.76645753,-104.9733709,9/19/2020 16:56,16:56:00,3,0,1,NORTH DOWNING STREET & LAWRENCE STREET,1,1,0,0,1,1,0,0,30,0,0,0,0,2,4,2,13
,2020-15015,39.68308,-104.98049,8/16/2020 17:15,17:15:00,6,0,0,PEARL STREET SOUTH  & COLORADO AVENUE EAST,1,1,0,0,1,3,0,0,25,0,0,0,0,0,4,2,13
,2020-15016,39.78544792,-104.8879669,7/24/2020 15:00,15:00:00,16,0,0,8560 EAST NORTHFIELD BOULEVARD & PRIVATE PROPERTY,1,1,0,0,5,7,0,0,15,0,0,0,0,0,3,2,16
,2020-15017,39.74627,-104.99475,9/30/2020 14:54,14:54:00,6,0,0,1533 CHAMPA STREET & 1533,1,1,0,0,1,7,0,0,,0,0,0,0,0,4,2,14
,2020-15018,39.78384453,-104.8999958,10/15/2020 16:53,16:53:00,12,0,0,I70 WB & NORTHFIELD QUEBEC STREET NORTH,1,1,0,0,1,4,0,0,55,0,0,0,0,1,1,2,14
,2020-15019,39.77712,-104.88279,9/18/2020 15:40,15:40:00,12,0,0,CENTRAL PARK BOULEVARD NORTH & I70 EASTBOUND ENTRANCE RAMP,1,1,0,0,1,1,0,0,,0,0,0,0,0,4,2,16
,2020-15020,39.65618,-105.05136,9/30/2020 8:05,8:05:00,12,0,0,5100 WEST DARTMOUTH AVENUE & SOUTH ZENOBIA STREET,1,1,0,0,1,4,0,0,30,0,0,0,0,0,4,2,16
,2020-15021,39.7789,-104.94236,9/12/2020 19:00,19:00:00,6,0,0,3800 EAST 45TH AVENUE & NORTH GARFIELD STREET,1,1,0,0,1,4,0,0,25,0,0,0,0,0,4,2,3
,2020-15022,39.69666,-104.99188,9/30/2020 10:10,10:10:00,1,0,0,MISSISSIPPI AVENUE WEST & SANTA FE DRIVE SOUTH,1,1,0,0,1,1,0,0,35,0,0,0,0,0,2,2,13
,2020-15023,39.78203652,-104.9018299,9/30/2020 12:44,12:44:00,15,0,0,QUEBEC STREET NORTH & SAND CREEK DRIVE,1,1,0,0,1,3,0,0,30,0,0,0,0,0,2,2,13
,2020-15024,39.78195,-104.95815,9/19/2020 15:50,15:50:00,3,0,0,JOSEPHINE STREET NORTH & 47TH AVENUE EAST,1,1,0,0,1,1,0,0,35,0,0,0,0,0,4,2,13
,2020-15025,39.77856252,-104.9034184,10/2/2020 5:09,5:09:00,5,0,0,I70 WB & QUEBEC STREET EXIT RAMP,11,2,3,0,3,4,0,0,55,0,0,0,0,0,1,2,8
,2020-15026,39.63866,-104.90401,10/15/2020 16:36,16:36:00,1,0,0,EASTMOOR DRIVE EAST & QUINCY AVENUE EAST,1,1,1,0,1,1,0,0,30,0,0,0,0,0,4,2,14
,2020-15027,39.73385,-104.98613,9/26/2020 15:45,15:45:00,12,0,0,1100 NORTH LINCOLN STREET & 1100 NORTH,1,1,0,0,1,4,0,0,30,0,0,0,0,0,4,2,13
,2020-15028,39.76095,-105.00433,9/21/2020 7:10,7:10:00,5,0,0,I25 NORTHBOUND & 29TH STREET,1,1,0,0,2,4,0,0,55,0,0,0,0,0,1,1,1
,2020-15029,39.65311,-104.89876,10/15/2020 13:55,13:55:00,1,0,1,HAMPDEN AVENUE EAST & TAMARAC STREET SOUTH,1,1,0,0,1,1,0,0,40,0,0,0,0,2,2,2,3
,2020-15030,39.66397,-105.01586,9/25/2020 8:48,8:48:00,15,0,0,2800 SOUTH ZUNI STREET & WEST BATES AVENUE,1,1,0,0,1,4,0,0,30,0,0,0,0,0,4,2,13
,2020-15031,39.68294,-104.94055,9/12/2020 19:14,19:14:00,5,0,0,I25 SOUTHBOUND & COLORADO BOULEVARD SOUTH,1,2,0,0,2,4,0,0,60,0,0,0,0,0,1,1,5
,2020-15032,39.74011,-105.00007,10/15/2020 15:44,15:44:00,12,0,0,KALAMATH STREET NORTH & COLFAX AVENUE WEST,1,1,0,0,1,1,0,0,35,0,0,0,0,0,2,2,13
,2020-15033,39.78306252,-104.9006419,10/1/2020 18:18,18:18:00,12,0,0,I270 WB & NORTHFIELD QUEBEC STREET NORTH,1,3,0,0,1,4,0,0,65,0,0,0,0,0,1,2,1
,2020-15034,39.73677,-104.94618,9/30/2020 12:50,12:50:00,10,0,0,EAST 13TH AVENUE & NORTH MADISON STREET,1,1,0,0,1,1,0,0,30,0,0,0,0,1,4,2,3
,2020-15035,39.76575,-104.96718,9/30/2020 11:30,11:30:00,12,0,0,3500 NORTH GILPIN STREET & EAST 35TH AVENUE,1,1,0,0,1,4,0,0,25,0,0,0,0,0,4,2,14
,2020-15036,39.68949,-105.02507,8/23/2020 11:39,11:39:00,8,0,0,FLORIDA AVENUE WEST  & FEDERAL BOULEVARD SOUTH,1,1,0,0,1,3,0,0,35,0,0,0,0,0,2,2,16
,2020-15037,39.69113,-104.94065,9/30/2020 10:00,10:00:00,12,0,0,COLORADO BOULEVARD SOUTH & ARKANSAS AVENUE EAST,1,1,0,0,1,4,0,0,35,0,0,0,0,0,2,2,13
,2020-15038,39.74744,-104.90224,8/8/2020 19:51,19:51:00,3,0,0,EAST MONTVIEW BOULEVARD & NORTH QUINCE STREET,1,2,0,0,1,1,0,0,25,0,0,0,0,0,4,2,13
,2020-15039,39.69668,-104.99679,9/28/2020 22:53,22:53:00,3,0,1,WEST MISSISSIPPI AVENUE & SOUTH HURON STREET,1,3,0,0,1,1,0,0,25,0,0,0,0,2,4,2,5
,2020-15040,39.75743952,-104.8590979,9/30/2020 10:20,10:20:00,15,0,0,EAST MLK BOULEVARD & NORTH KINGSTON STREET,1,1,0,0,1,1,0,0,35,0,0,0,0,0,4,2,16
,2020-15041,39.78589,-104.77211,10/15/2020 18:55,18:55:00,12,0,0,4800 NORTH TOWER ROAD & EAST GREEN VALLEY RANCH BOULEVARD,1,3,0,0,1,3,0,0,40,0,0,0,0,1,4,2,13
,2020-15042,39.68402,-105.02979,10/15/2020 17:45,17:45:00,12,0,0,SOUTH IRVING STREET & WEST BAILS PLACE,1,1,0,0,1,3,0,0,25,0,0,0,0,0,4,2,4
,2020-15043,39.72454,-105.03946,9/22/2020 18:17,18:17:00,15,0,0,NORTH PERRY STREET & WEST FIFTH AVENUE,1,1,0,0,1,1,0,0,30,0,0,0,0,0,4,2,16
,2020-15044,39.76095,-105.00433,9/12/2020 19:27,19:27:00,5,0,0,I25 NORTHBOUND HOV FLYOVER RAMP & 20TH STREET,1,3,0,0,2,8,0,0,55,0,0,0,0,0,1,1,1
,2020-15045,39.65104,-104.88851,10/2/2020 6:00,6:00:00,6,0,0,8500 EAST JEFFERSON AVENUE & SOUTH XENIA STREET,1,2,0,0,1,4,0,0,30,0,0,0,0,0,4,2,2
,2020-15046,39.74341,-104.91398,8/30/2020 7:59,7:59:00,6,0,0,6300 EAST 17TH AVENUE & NORTH LEYDEN STREET,1,1,0,0,1,4,0,0,30,0,0,0,0,0,4,2,7
,2020-15047,39.75923,-104.98622,10/15/2020 18:42,18:42:00,1,0,0,WALNUT STREET & 26TH STREET,1,2,0,0,1,1,0,0,25,0,0,0,0,0,4,2,3
,2020-15048,39.75104,-104.94062,9/25/2020 9:15,9:15:00,12,0,0,EAST 23RD AVENUE & NORTH COLORADO BOULEVARD,1,1,0,0,1,4,0,0,30,0,0,0,0,0,4,2,13
,2020-15049,39.74477,-104.95979,9/17/2020 11:30,11:30:00,12,0,0,NORTH YORK STREET & EAST 18TH AVENUE,1,1,0,0,1,3,0,0,30,0,0,0,0,0,4,2,3
,2020-15050,39.76247,-105.02381,9/11/2020 0:21,0:21:00,6,0,0,3233 NORTH ELIOT STREET & WEST 33RD AVENUE,1,3,0,0,1,4,0,0,25,0,0,0,0,0,4,2,1
,2020-15051,39.75521,-105.01292,9/30/2020 15:06,15:06:00,12,0,0,I25 SOUTHBOUND & SPEER BOULEVARD NORTH,1,1,0,0,1,4,0,0,55,0,0,0,0,0,1,2,13
,2020-15053,39.67851,-104.97285,9/30/2020 15:57,15:57:00,12,0,0,1200 EAST EVANS AVENUE & SOUTH DOWNING STREET,1,1,0,0,1,4,0,0,30,0,0,0,0,0,4,2,1
,2020-15054,39.74213,-104.95098,9/24/2020 17:45,17:45:00,5,0,0,STREET PAUL STREET NORTH & 1600,1,1,0,0,2,5,0,0,10,0,0,0,0,0,4,1,3
,2020-15055,39.74398,-104.99547,9/21/2020 23:45,23:45:00,5,0,1,14TH STREET & STOUT STREET,1,3,0,0,1,1,0,0,30,0,0,0,0,3,4,1,5
,2020-15056,39.8333815,-104.771969,9/8/2020 9:45,9:45:00,12,0,0,7400 PENA BOULEVARD INBOUND & NORTH TOWER ROAD,11,1,0,1,1,4,0,0,45,0,0,0,0,0,4,2,14
,2020-15057,39.77856252,-104.9034184,9/19/2020 19:51,19:51:00,15,0,0,I70 EASTBOUND & QUEBEC STREET NORTH,1,3,0,0,1,4,0,0,55,0,0,0,0,0,1,2,3
,2020-15058,39.77508,-104.90337,10/13/2020 6:47,6:47:00,15,0,0,4100 NORTH QUEBEC STREET & EAST 41ST AVENUE,1,2,1,0,1,1,0,0,35,0,0,0,0,0,4,2,1
,2020-15059,39.7112,-104.9989,9/16/2020 23:00,23:00:00,15,0,0,I25 NORTHBOUND & ALAMEDA AVENUE WEST,1,3,0,0,1,4,0,0,55,0,0,0,0,1,4,3,13
,2020-15060,39.72608,-105.03453,10/5/2020 7:40,7:40:00,12,0,0,SIXTH AVENUE WEST & LOWELL BOULEVARD,11,1,0,0,1,4,0,0,65,0,0,0,0,0,2,2,5
,2020-15061,39.74154,-105.04049,10/12/2020 10:00,10:00:00,6,0,0,QUITMAN STREET NORTH  & COLFAX AVENUE WEST,1,4,0,0,1,4,0,0,25,0,0,0,0,0,4,2,16
,2020-15062,39.77288,-104.94055,9/29/2020 11:35,11:35:00,1,0,0,COLORADO BOULEVARD NORTH & 40TH AVENUE EAST,1,1,0,0,1,1,0,0,35,0,0,0,0,0,2,4,7
,2020-15063,39.76184,-104.93392,10/1/2020 19:39,19:39:00,6,0,0,NORTH CHERRY STREET & EAST MLK BOULEVARD,1,3,0,0,1,4,0,0,25,0,0,0,0,0,4,2,14
,2020-15064,39.77728,-104.88278,9/30/2020 10:34,10:34:00,12,0,0,I70 WB & CENTRAL PARK BOULEVARD NORTH,1,1,0,0,1,4,0,0,55,0,0,0,0,0,1,2,13
,2020-15065,39.78381,-104.94052,10/13/2020 9:25,9:25:00,12,0,0,COLORADO BOULEVARD NORTH  & 48TH AVENUE EAST,1,1,1,0,1,3,0,0,40,0,0,0,0,0,2,2,1
,2020-15066,39.73386,-104.98742,9/25/2020 8:09,8:09:00,5,0,0,11TH AVENUE EAST & BROADWAY STREET NORTH,1,1,0,0,3,1,0,0,35,0,0,0,0,0,4,1,14
,2020-15067,39.76682,-104.99501,10/13/2020 14:33,14:33:00,15,0,0,3500 PARK AVENUE WEST & NORTH GLOBEVILLE ROAD,1,1,1,0,1,4,0,0,35,0,0,0,0,0,4,2,13
,2020-15068,39.68219,-105.02562,10/10/2020 10:17,10:17:00,12,0,0,3000 WEST JEWELL AVENUE & SOUTH GROVE STREET,1,1,0,0,1,4,0,0,30,0,0,0,0,0,4,2,13
,2020-15069,39.78287,-104.98353,10/13/2020 14:18,14:18:00,6,0,0,GRANT STREET NORTH  & 47TH AVENUE EAST,1,1,1,0,1,4,0,0,25,0,0,0,0,0,4,2,16
,2020-15070,39.7645,-104.96408,10/13/2020 16:28,16:28:00,3,0,0,1900 EAST BRUCE RANDOLPH AVENUE & 1900 EAST,1,1,0,0,1,5,0,0,15,0,0,0,0,0,4,2,13
,2020-15071,39.78004,-104.98919,10/13/2020 17:57,17:57:00,12,0,0,I25 NORTHBOUND EXIT RAMP TO & I70 EASTBOUND,1,2,0,0,1,8,0,0,55,0,0,0,0,1,1,2,1
,2020-15072,39.75841,-104.98031,8/30/2020 16:00,16:00:00,6,0,0,28TH STREET & CURTIS STREET,1,1,0,0,1,4,0,0,25,0,0,0,0,0,4,3,16
,2020-15073,39.74566,-104.99159,9/18/2020 19:28,19:28:00,6,0,0,CALIFORNIA STREET  & 17TH STREET,1,3,1,0,1,4,0,0,30,0,0,0,0,0,4,2,16
,2020-15074,39.77401,-104.84703,9/20/2020 0:01,0:01:00,12,0,0,I70 EASTBOUND & PEORIA STREET NORTH,1,3,0,0,1,4,0,0,65,0,0,0,0,1,1,2,13
,2020-15075,39.61833,-105.09124,10/13/2020 13:00,13:00:00,15,0,0,WADSWORTH BOULEVARD SOUTH  & CRESTLINE AVENUE WEST,1,1,0,0,1,3,0,0,45,0,0,0,0,0,2,2,3
,2020-15076,39.73922,-104.97865,7/2/2020 12:28,12:28:00,5,0,0,WASHINGTON STREET NORTH  & 14TH AVENUE WEST,1,1,0,0,1,4,0,0,25,0,0,0,0,0,4,1,3
,2020-15077,39.7598,-104.97333,9/25/2020 16:30,16:30:00,12,0,0,3000 NORTH DOWNING STREET & EAST 31ST AVENUE,1,1,0,0,1,4,0,0,35,0,0,0,0,0,4,2,16
,2020-15078,39.74192,-104.91996,9/28/2020 0:34,0:34:00,6,0,0,16TH AVENUE EAST  & IVANHOE STREET,1,4,0,0,3,4,0,0,25,0,0,0,0,0,4,2,5
,2020-15079,39.67847,-104.92261,9/30/2020 6:50,6:50:00,15,0,0,5500 EAST EVANS AVENUE & SOUTH HOLLY STREET,1,1,0,0,1,4,0,0,35,0,0,0,0,0,4,2,16
,2020-15080,39.77828,-104.91288,10/13/2020 8:15,8:15:00,12,0,0,I70 EASTBOUND & MONACO STREET NORTH,1,2,0,0,1,4,0,1,55,0,0,0,0,0,1,2,13
,2020-15081,39.76188,-104.94058,9/15/2020 17:21,17:21:00,15,0,0,COLORADO BOULEVARD NORTH & MLK BOULEVARD EAST,1,1,0,0,1,3,0,0,35,0,0,0,0,0,2,2,16
,2020-15082,39.73688,-104.97185,9/27/2020 12:00,12:00:00,6,0,0,EAST 13TH AVENUE & NORTH MARION STREET,1,1,0,0,1,4,0,0,25,0,0,0,0,0,4,2,16
,2020-15083,39.75537,-105.0127,9/16/2020 16:00,16:00:00,15,0,0,I25 SOUTHBOUND & SPEER BOULEVARD NORTH,1,1,0,0,1,4,0,0,55,0,0,0,0,0,1,2,13
,2020-15084,39.8254975,-104.771951,9/16/2020 15:20,15:20:00,12,0,0,7000 NORTH TOWER ROAD & EAST 71ST AVENUE,1,1,0,0,1,4,0,0,45,0,0,0,0,0,4,2,1
,2020-15085,39.82005,-104.77199,10/11/2020 11:37,11:37:00,3,0,0,68TH AVENUE EAST & TOWER ROAD NORTH,1,1,0,0,1,1,0,0,25,0,0,0,0,0,4,2,3
,2020-15086,39.74015,-104.91338,9/23/2020 17:45,17:45:00,12,0,0,COLFAX AVENUE EAST  & LOCUST STREET NORTH,1,1,0,0,1,4,0,0,35,0,0,0,0,0,2,2,1
,2020-15087,39.80366351,-104.7626405,9/30/2020 7:35,7:35:00,12,0,0,DUNKIRK STREET NORTH & 59TH AVENUE EAST,1,1,0,0,1,4,0,0,35,0,0,0,0,1,4,2,1
,2020-15088,39.75499,-104.99515,9/24/2020 22:02,22:02:00,12,0,1,20TH STREET & WAZEE STREET,1,3,0,0,1,4,0,0,30,0,0,0,1,3,4,2,5
,2020-15089,39.77856252,-104.9034184,10/13/2020 17:00,17:00:00,15,0,0,QUEBEC STREET NORTH & I70 EASTBOUND,1,1,0,0,1,4,0,0,35,0,0,0,0,0,2,2,14
,2020-15090,39.83625,-104.72056,10/15/2020 12:20,12:20:00,16,0,0,7688 PENA BOULEVARD & WENDY'S,1,1,0,0,5,7,0,0,10,0,0,0,0,0,3,2,13
,2020-15091,39.74484,-104.97478,9/22/2020 19:46,19:46:00,2,0,1,OGDEN STREET NORTH & PARK AVENUE,1,3,1,0,1,1,0,0,30,1,0,0,0,3,4,1,13
,2020-15092,39.72565,-104.98888,9/26/2020 22:08,22:08:00,10,0,0,WEST SIXTH AVENUE & NORTH ACOMA STREET,1,3,0,0,1,1,0,0,35,0,0,0,0,0,4,2,13
,2020-15093,39.74013,-104.94066,9/8/2020 4:30,4:30:00,12,0,0,COLFAX AVENUE EAST & COLORADO BOULEVARD NORTH,11,3,0,1,1,3,0,0,40,0,0,0,0,0,2,2,16
,2020-15094,39.67848,-104.98996,9/24/2020 19:37,19:37:00,3,0,0,EVANS AVENUE WEST & BANNOCK STREET SOUTH,1,3,0,0,1,1,0,0,25,0,0,0,1,3,4,2,1
,2020-15095,39.74334,-104.91574,9/26/2020 1:40,1:40:00,6,0,0,17TH AVENUE EAST & 6200,1,3,0,0,1,4,0,0,35,0,0,0,0,0,4,2,16
,2020-15096,39.74000353,-104.9920099,9/29/2020 8:10,8:10:00,12,0,0,I70 WB ENTRANCE RAMP  FROM & I225 NORTHBOUND,1,1,0,0,1,8,0,0,65,0,0,0,0,1,1,3,13
,2020-15097,39.78009,-104.94051,9/15/2020 15:59,15:59:00,12,0,2,I70 WB & COLORADO BOULEVARD NORTH,1,1,0,0,1,4,0,0,55,0,0,0,0,3,1,4,16
,2020-15098,39.77656,-105.01586,7/30/2020 13:54,13:54:00,12,0,0,NORTH ZUNI STREET & WEST 44TH AVENUE,1,1,0,0,1,3,0,0,30,0,0,0,0,1,4,2,6
,2020-15099,39.76201153,-105.0158284,10/13/2020 9:20,9:20:00,3,0,0,32ND & ZUNI STREET,1,1,1,0,1,1,0,0,30,0,0,0,0,1,4,2,13
,2020-15100,39.77177,-104.90349,10/13/2020 7:30,7:30:00,15,0,0,QUEBEC STREET NORTH & SMITH ROAD EAST,1,1,0,0,1,1,0,0,25,0,0,0,0,0,4,2,13
,2020-15101,39.77842,-104.90357,9/17/2020 19:30,19:30:00,5,0,0,I70 WB EXIT RAMP  TO & NORTHFIELD QUEBEC STREET NORTH,1,3,0,0,3,4,0,0,55,0,0,0,0,0,1,1,14
,2020-15102,39.69294,-104.94063,9/30/2020 10:16,10:16:00,12,0,0,SOUTH COLORADO BOULEVARD & EAST LOUISIANA AVENUE,1,1,0,0,1,4,0,0,35,0,0,0,0,0,4,3,13
,2020-15103,39.77562,-104.86574,8/9/2020 12:20,12:20:00,15,0,0,I70 EASTBOUND & HAVANA STREET NORTH,1,1,0,0,1,4,0,0,65,0,0,0,0,0,1,4,1
,2020-15104,39.71473,-104.97339,10/9/2020 15:28,15:28:00,15,0,0,SOUTH DOWNING STREET & EAST BAYAUD AVENUE,1,1,0,0,1,3,0,0,25,0,0,0,0,0,4,2,1
,2020-15105,39.72412,-104.98236,9/3/2020 8:30,8:30:00,6,0,0,FIFTH AVENUE EAST & LOGAN STREET NORTH,1,1,0,0,1,4,0,0,25,0,0,0,0,0,4,2,13
,2020-15106,39.73515,-104.9823,10/15/2020 13:21,13:21:00,2,0,1,12TH AVENUE EAST & LOGAN STREET NORTH,1,1,0,0,1,4,0,0,0,1,0,0,0,2,4,2,16
,2020-15107,39.68591,-105.02038,10/8/2020 16:11,16:11:00,6,0,0,SOUTH CLAY STREET & WEST MEXICO AVENUE,1,1,1,0,1,4,0,0,30,0,0,0,0,0,4,2,3
,2020-15108,39.78779,-104.80201,9/26/2020 3:18,3:18:00,15,0,0,KITTRIDGE STREET NORTH  & 53RD AVENUE EAST,1,3,0,0,1,4,0,0,25,0,0,0,0,0,4,3,14
,2020-15109,39.76698,-104.97335,10/13/2020 15:38,15:38:00,15,0,0,DOWNING STREET NORTH & 36TH AVENUE EAST,1,1,0,0,1,1,0,0,35,0,0,0,0,0,4,2,8
,2020-15110,39.65723,-105.03265,9/11/2020 8:00,8:00:00,3,0,0,LOWELL BOULEVARD SOUTH & 3400,1,1,1,0,1,2,0,0,25,0,0,0,0,0,4,2,16
,2020-15111,39.74003,-104.97309,10/13/2020 15:15,15:15:00,3,0,0,COLFAX AVENUE EAST & DOWNING STREET NORTH,1,1,0,0,1,1,0,0,30,0,0,0,0,1,2,2,13
,2020-15112,39.77995752,-104.9410699,8/21/2020 0:18,0:18:00,12,0,0,I70 & NORTH COLORADO BOULEVARD EASTBOUND ENTRANCE GORE POINT,1,3,0,0,1,4,0,0,55,0,0,0,0,0,4,2,13
,2020-15113,39.75699,-104.97336,9/19/2020 21:12,21:12:00,6,0,0,28TH AVENUE EAST & DOWNING STREET NORTH,1,3,0,0,1,4,0,0,30,0,0,0,0,0,4,2,16