id,drcog_id,latitude,longitude,crashtime,time,crashtype,numbkilled,numbinjurd,drcoglocat,rdconditin,lightngcon,roadcntgrd,weatherco,location,roaddescrp,schoolzone,constrzone,splimit,bikeinv,pedinv,sctrinv,motoinv,svrty,rdsystem,ttlvehcls,hcf
,2020-15114,39.77875,-104.97925,10/13/2020 14:15,14:15:00,15,0,0,WASHINGTON STREET NORTH  & 46TH AVENUE EAST,1,1,0,0,1,1,0,0,30,0,0,0,0,0,4,2,13
,2020-15115,39.74559,-104.99515,8/29/2020 15:00,15:00:00,10,0,0,15TH STREET & CHAMPA STREET,1,1,0,0,1,1,0,0,30,0,0,0,0,0,4,2,1
,2020-15116,39.73387,-104.99351,10/13/2020 15:30,15:30:00,3,0,0,11TH AVENUE WEST & SPEER BOULEVARD NORTH,1,1,0,0,1,1,0,0,30,0,0,0,0,0,4,2,13
,2020-15117,39.74014,-104.94416,9/23/2020 16:41,16:41:00,15,0,0,COLFAX AVENUE EAST & GARFIELD STREET NORTH,1,2,0,0,1,1,0,1,30,0,0,0,0,1,2,2,1
,2020-15118,39.69567,-104.95002,10/13/2020 16:25,16:25:00,2,0,1,STEELE STREET SOUTH  & MISSISSIPPI AVENUE EAST,1,1,0,0,1,3,0,0,30,1,0,0,0,2,4,2,7
,2020-15119,39.77728,-104.88278,9/14/2020 15:55,15:55:00,12,0,0,I70 EASTBOUND & CENTRAL PARK BOULEVARD NORTH,1,1,0,0,1,4,0,0,55,0,0,0,0,0,1,2,13
,2020-15120,39.78231,-104.95888,8/14/2020 6:55,6:55:00,6,0,0,YORK STREET NORTH  & 48TH AVENUE EAST,1,1,0,0,1,4,0,0,35,0,0,0,0,0,4,5,5
,2020-15121,39.75145453,-104.9979499,9/27/2020 22:20,22:20:00,6,0,0,17TH STREET & BLAKE STREET,1,3,0,0,1,4,0,0,35,0,0,0,0,0,4,3,14
,2020-15122,39.71327654,-104.9994304,9/30/2020 9:07,9:07:00,12,0,0,WEST CEDAR AVENUE & SOUTH KALAMATH STREET,1,1,0,0,1,1,0,0,30,0,0,0,0,0,4,2,13
,2020-15123,39.73294,-104.98613,10/6/2020 7:50,7:50:00,12,0,0,1000 NORTH LINCOLN STREET & EAST 11TH AVENUE,1,1,0,0,1,4,0,0,35,0,0,0,0,0,4,3,14
,2020-15124,39.69212,-104.99233,10/3/2020 22:29,22:29:00,3,0,0,1300 SOUTH SANTA FE DRIVE & SOUTH PLATTE RIVER DRIVE,1,3,0,0,1,2,0,0,45,0,0,0,0,0,2,3,5
,2020-15125,39.65308,-104.91826,8/2/2020 13:28,13:28:00,15,0,2,I25 HIGHWAY NORTHBOUND & EAST HAMPDEN AVENUE,1,1,0,0,1,4,0,0,65,0,0,0,0,3,1,3,1
,2020-15126,39.74819652,-104.8945197,10/9/2020 9:38,9:38:00,3,0,0,20TH STREET & HIGHWAY I25,1,1,0,0,1,1,0,0,25,0,0,0,0,0,1,2,14
,2020-15127,39.65304,-104.9363,10/8/2020 16:38,16:38:00,12,0,0,4300 EAST HAMPDEN AVENUE & SOUTH BIRCH STREET,1,1,0,0,1,4,0,0,35,0,0,0,0,1,2,3,3
,2020-15128,39.69794953,-104.8823089,10/8/2020 18:25,18:25:00,1,0,0,EAST MISSISSIPPI AVENUE & SOUTH ALTON STREET,1,2,0,0,1,1,0,0,35,0,0,0,0,0,4,2,1
,2020-15129,39.69849,-105.03818,10/11/2020 1:09,1:09:00,6,0,0,3900 WEST TENNESSEE AVENUE & SOUTH PERRY STREET,1,4,0,0,1,2,0,0,25,0,0,0,0,0,4,3,13
,2020-15130,39.69482,-104.99248,10/9/2020 9:14,9:14:00,12,0,2,SOUTH SANTA FE DRIVE & WEST ARIZONA AVENUE,1,1,0,0,1,4,0,0,45,0,0,0,0,2,2,3,13
,2020-15131,39.72548053,-105.0130699,10/3/2020 14:48,14:48:00,12,0,0,I25 HIGHWAY NORTHBOUND & WEST SIXTH AVENUE FRWY,1,1,0,0,1,4,0,0,65,0,0,0,0,0,1,3,13
,2020-15132,39.78744,-105.04398,10/14/2020 14:02,14:02:00,3,0,0,NORTH TENNYSON STREET & WEST 50TH AVENUE,1,1,1,0,1,1,0,0,30,0,0,0,0,0,4,2,13
,2020-15133,39.78034452,-104.9410699,9/20/2020 23:46,23:46:00,12,0,0,I70 & NORTH COLORADO BOULEVARD,1,3,0,0,1,4,0,0,65,0,0,0,0,0,1,4,1
,2020-15134,39.79629,-104.84716,9/30/2020 18:00,18:00:00,6,0,0,EAST 55TH AVENUE & NORTH PEORIA STREET,1,1,0,0,1,4,0,0,25,0,0,0,0,1,4,3,9
,2020-15135,39.72554,-105.01313,10/14/2020 13:17,13:17:00,15,0,0,I25 HIGHWAY NORTHBOUND & WEST SIXTH AVENUE,1,1,0,0,1,4,0,0,55,0,0,0,0,0,1,3,1
,2020-15136,39.72567,-104.99216,9/18/2020 17:32,17:32:00,15,0,0,300 WEST SIXTH AVENUE & NORTH CHEROKEE STREET,1,1,0,0,1,3,0,0,35,0,0,0,1,0,4,3,16
,2020-15137,39.75132,-105.01653,10/9/2020 13:46,13:46:00,12,0,0,I25 HIGHWAY NORTHBOUND OFF RAMP GORE POINT & WEST 23RD AVENUE,1,1,0,0,1,4,0,0,65,0,0,0,0,1,1,3,13
,2020-15138,39.65308,-104.91826,10/10/2020 23:40,23:40:00,12,0,0,EAST HAMPDEN AVENUE & I25 HIGHWAY NORTHBOUND OFF RAMP,1,3,1,0,1,3,0,0,35,0,0,0,0,0,2,3,16
,2020-15139,39.78561,-105.02519,10/6/2020 15:44,15:44:00,1,0,0,NORTH FEDERAL BOULEVARD & WEST 49TH AVENUE,1,1,1,0,1,1,0,0,,0,0,0,0,0,2,2,13
,2020-15140,39.76074,-105.01741,10/13/2020 11:12,11:12:00,15,0,0,2400 WEST CAITHNESS PLACE & NORTH ZUNI STREET,1,1,1,0,1,4,0,0,25,0,0,0,0,0,4,2,16
,2020-15141,39.75071,-104.96656,9/23/2020 2:18,2:18:00,6,0,0,1700 EAST 23RD AVENUE & NORTH WILLIAMS STREET,1,3,0,0,1,4,0,0,30,0,0,0,0,0,4,3,14
,2020-15142,39.77841,-104.91288,10/13/2020 8:00,8:00:00,12,0,0,I70 HIGHWAY WB & NORTH MONACO STREET,1,2,1,0,1,4,0,1,55,0,0,0,0,1,1,3,13
,2020-15143,39.69711,-104.98272,10/6/2020 15:53,15:53:00,12,0,0,I25 HIGHWAY SOUTHBOUND & SOUTH LOGAN STREET,1,1,1,0,1,4,0,0,50,0,0,0,0,1,1,3,3
,2020-15144,39.78378,-104.94052,10/5/2020 19:49,19:49:00,12,0,0,NORTH COLORADO BOULEVARD & EAST 48TH AVENUE,1,3,0,0,1,1,0,0,40,0,0,0,0,0,4,3,5
,2020-15145,39.71843,-105.05328,8/4/2020 22:29,22:29:00,1,0,5,NORTH SHERIDAN BOULEVARD & WEST FIRST AVENUE,1,3,0,0,1,1,0,0,35,0,0,0,0,3,2,3,5
,2020-15146,39.75014,-105.00485,9/8/2020 16:30,16:30:00,3,0,0,NORTH SPEER BOULEVARD & WEWATTA STREET,11,1,0,1,1,1,0,0,35,0,0,0,0,0,4,3,14
,2020-15147,39.72733,-105.05325,10/4/2020 23:17,23:17:00,15,0,0,WEST SIXTH AVENUE & NORTH SHERIDAN BOULEVARD,1,3,0,0,1,4,0,0,55,0,0,0,0,1,2,3,16
,2020-15148,39.70127,-104.98746,10/13/2020 11:13,11:13:00,3,0,0,800 SOUTH BROADWAY STREET & EAST OHIO AVENUE,1,1,0,0,1,1,0,0,30,0,0,0,0,0,4,2,13
,2020-15149,39.74379,-104.90816,10/6/2020 17:30,17:30:00,3,0,0,EAST 17TH AVENUE & NORTH ONEIDA STREET,1,1,0,0,1,1,0,0,25,0,0,0,0,0,4,2,13
,2020-15151,39.7256,-104.9484,10/13/2020 7:26,7:26:00,6,0,0,600 NORTH ADAMS STREET & EAST SEVENTH AVENUE PARKWAY,1,1,0,0,1,4,0,0,25,0,0,0,0,0,4,3,3
,2020-15152,39.77589,-104.97882,10/9/2020 15:20,15:20:00,3,0,0,RINGSBY COURT & NORTH WASHINGTON STREET,1,1,1,0,1,1,0,0,30,0,0,0,0,0,4,2,16
,2020-15153,39.69711,-104.98272,10/9/2020 15:00,15:00:00,12,0,0,I25 HWY_SB & SOUTH LOGAN STREET,1,1,1,0,1,4,0,0,60,0,0,0,0,1,1,3,7
,2020-15154,39.7303,-104.92576,10/9/2020 7:50,7:50:00,3,0,0,EAST HALE PKEY & NORTH GLENCOE STREET,1,1,0,0,1,1,0,0,25,0,0,0,0,1,4,2,3
,2020-15155,39.75754,-104.84704,10/12/2020 7:03,7:03:00,12,0,0,I70 HIGHWAY WB & NORTH PEORIA STREET,1,1,1,0,1,4,0,0,65,0,0,0,0,0,1,3,7
,2020-15156,39.7438,-104.95359,9/30/2020 19:06,19:06:00,3,0,1,EAST 17TH AVENUE & NORTH FILLMORE STREET,1,3,1,0,1,5,0,0,30,0,0,0,0,2,4,3,7
,2020-15157,39.76116,-105.00476,10/9/2020 13:46,13:46:00,12,0,0,I25 HIGHWAY SOUTHBOUND & 20TH STREET,1,1,0,0,1,4,0,0,55,0,0,0,0,0,1,3,3
,2020-15158,39.77828352,-104.9128819,10/13/2020 6:23,6:23:00,12,0,0,I70 & MONACO,1,3,0,0,1,4,0,0,55,0,0,0,0,0,1,3,13
,2020-15159,39.74370553,-105.0165889,7/14/2020 17:39,17:39:00,9,0,1,I25 HIGHWAY NORTHBOUND & WEST 17TH AVENUE,1,1,0,0,1,4,0,0,55,0,0,0,0,1,1,3,2
,2020-15160,39.78207,-104.84405,10/12/2020 2:22,2:22:00,16,0,0,12425 EAST ALBROOK DRIVE & PRIVATE PROPERTY,1,3,0,0,5,7,0,0,,0,0,0,0,0,3,8,5
,2020-15161,39.67841954,-104.9336584,10/3/2020 12:40,12:40:00,12,0,0,I25 HIGHWAY NORTHBOUND & EAST EVANS AVENUE,1,1,0,0,1,4,0,0,65,0,0,0,0,0,1,3,13
,2020-15162,39.69091,-104.93997,8/6/2020 11:12,11:12:00,12,0,2,1400 SOUTH COLORADO BOULEVARD & EAST FLORIDA AVENUE,1,1,0,0,1,4,0,0,35,0,0,0,0,2,2,4,3
,2020-15163,39.72509,-105.03248,9/17/2020 7:35,7:35:00,12,0,1,WEST SIXTH AVENUE & NORTH KNOX COURT,1,1,0,0,1,4,0,0,55,0,0,0,1,3,2,4,13
,2020-15164,39.76002,-104.88555,10/14/2020 16:37,16:37:00,12,0,0,EAST MLK BOULEVARD & NORTH XENIA STREET,1,1,1,0,1,4,0,0,30,0,0,0,0,0,4,3,16
,2020-15165,39.71306,-104.9385,10/12/2020 17:55,17:55:00,12,0,0,LEETSDALE DRIVE & EAST CEDAR AVENUE,1,1,1,0,1,1,0,0,35,0,0,0,0,1,2,3,3
,2020-15166,39.72548053,-105.0130699,10/2/2020 20:00,20:00:00,12,0,1,NORTHBOUND I25 HIGHWAY & WEST SIXTH AVENUE,1,3,0,0,1,4,0,0,30,0,0,0,0,2,1,3,13
,2020-15167,39.76802,-104.99497,10/2/2020 20:30,20:30:00,12,0,0,I25 NORTHBOUND OFF RAMP TO I70 & PARK AVENUE WEST,1,3,0,0,1,8,0,0,45,0,0,0,0,0,1,3,13
,2020-15168,39.72548053,-105.0130699,10/8/2020 11:19,11:19:00,12,0,0,I25 HIGHWAY SOUTHBOUND & WEST SIXTH AVENUE,1,1,0,0,1,4,0,0,55,0,0,0,0,0,1,3,3
,2020-15169,39.72554,-105.01313,10/11/2020 12:41,12:41:00,12,0,0,I25 HIGHWAY NORTHBOUND & WEST SIXTH AVENUE,1,1,0,0,1,4,0,0,65,0,0,0,0,1,1,3,13
,2020-15170,39.74026182,-104.8927374,9/7/2020 1:20,1:20:00,6,0,0,1500 NORTH UINTA STREET & 1500 NORTH,1,3,0,0,1,4,0,0,25,0,0,0,0,0,4,3,1
,2020-15171,39.69,-104.97342,10/9/2020 18:02,18:02:00,12,0,0,I25 HIGHWAY NORTHBOUND & SOUTH DOWNING STREET,1,2,0,0,1,4,0,0,55,0,0,0,0,0,1,3,3
,2020-15172,39.73585,-105.03218,10/14/2020 12:34,12:34:00,10,0,0,1200 NORTH KNOX COURT & WEST 12TH AVENUE,1,1,1,0,1,4,0,0,30,0,0,0,0,0,4,2,16
,2020-15173,39.77294,-105.02523,10/3/2020 17:44,17:44:00,12,0,0,NORTH FEDERAL BOULEVARD & WEST 41ST AVENUE,1,1,0,0,1,4,0,0,35,0,0,0,0,0,2,3,13
,2020-15175,39.70415954,-104.9933509,8/8/2020 6:27,6:27:00,15,0,0,NORTHBOUND I25 & EXIT 207B,1,1,1,0,1,4,0,0,65,0,0,0,0,0,1,3,7
,2020-15176,39.76746,-104.90345,10/11/2020 17:20,17:20:00,3,0,0,NORTH QUEBEC STREET & EAST 36TH AVENUE,1,1,0,0,1,1,0,0,45,0,0,0,0,0,4,3,13
,2020-15179,39.67846,-104.91738,10/8/2020 10:42,10:42:00,3,0,0,6100 EAST EVANS AVENUE & SOUTH MONACO STREET,1,1,0,0,1,2,0,0,10,0,0,0,0,0,4,2,8
,2020-15180,39.76796053,-104.9949709,10/8/2020 6:28,6:28:00,12,0,0,I25 HIGHWAY SOUTHBOUND & PARK WEST AVENUE,1,1,0,0,1,4,0,0,65,0,0,0,0,0,1,3,1
,2020-15187,39.69022,-104.94064,10/7/2020 13:35,13:35:00,12,0,0,COLORADO BOULEVARD & 1400 SOUTH,1,1,0,0,1,4,0,0,35,0,0,0,0,0,2,2,16
,2020-15189,39.71121,-104.99913,10/8/2020 9:44,9:44:00,5,0,0,I25 HIGHWAY SOUTHBOUND & WEST ALAMEDA AVENUE,1,1,0,0,1,4,0,0,65,0,0,0,0,0,1,3,14
,2020-15191,39.72541754,-105.0348994,10/8/2020 7:50,7:50:00,12,0,0,WEST SIXTH AVENUE FWY & NORTH LOWELL BOULEVARD,1,1,1,0,1,4,0,0,55,0,0,0,0,0,2,3,3
,2020-15193,39.72548053,-105.0130699,10/7/2020 18:05,18:05:00,12,0,0,I25 HWY_NB & WEST SIXTH AVENUE FWY,1,2,1,0,1,4,0,0,55,0,0,0,0,1,1,4,3
,2020-15194,39.77583,-104.86574,9/30/2020 14:30,14:30:00,12,0,0,I70 HIGHWAY WB & NORTH HAVANA STREET,1,1,0,0,1,4,0,1,55,0,0,0,0,0,1,3,1
,2020-15195,39.78632,-104.84705,10/7/2020 14:17,14:17:00,12,0,0,NORTH PEORIA STREET & EAST ANDREWS DRIVE,1,1,0,0,1,1,0,0,35,0,0,0,0,0,4,3,8
,2020-15196,39.64959,-104.88487,8/26/2020 16:29,16:29:00,3,0,0,EAST KENYON AVENUE & SOUTH YOSEMITE STREET,1,1,0,0,1,1,0,0,35,0,0,0,0,0,4,2,2
,2020-15198,39.72531,-104.93953,10/7/2020 15:50,15:50:00,12,0,1,EAST SIXTH AVENUE & 4000 EAST,1,1,0,0,1,4,0,0,35,0,0,0,0,2,4,3,5
,2020-15282,39.71818,-104.96392,10/8/2020 23:55,23:55:00,5,0,0,1900 EAST FIRST AVENUE & NORTH HIGH STREET,1,3,0,0,3,4,0,0,30,0,0,0,0,0,4,1,14
,2020-15286,39.7289,-104.99861,9/14/2020 17:18,17:18:00,3,0,0,WEST EIGHTH AVENUE & NORTH SANTA FE DRIVE,1,2,0,0,1,1,0,0,30,0,0,0,0,0,4,5,16
,2020-15287,39.72571,-105.00015,10/9/2020 17:26,17:26:00,15,0,0,NORTH KALAMATH STREET & WEST SIXTH STREET,1,1,0,0,1,1,0,0,35,0,0,0,0,0,4,2,13
,2020-15288,39.78625109,-104.791086,10/7/2020 14:13,14:13:00,12,0,0,PENA BOULEVARD & EAST WEST SPLIT,1,1,1,0,1,14,0,1,45,0,0,0,0,0,4,3,13
,2020-15289,39.73941,-105.03581,10/10/2020 1:05,1:05:00,6,0,0,1400 NORTH MEADE STREET & WEST COLFAX AVENUE,1,3,0,1,1,4,0,0,25,0,0,0,0,0,2,2,5
,2020-15291,39.72714,-104.9484,10/10/2020 6:51,6:51:00,12,0,0,3300 EAST 74TH AVENUE & NORTH ADAMS STREET,1,1,0,0,1,4,0,0,25,0,0,0,0,0,4,2,3
,2020-15292,39.78439,-104.9783,10/9/2020 9:54,9:54:00,12,0,0,EAST ELGIN PLACE & NORTH WASHINGTON STREET,1,1,1,0,1,1,0,0,25,0,0,0,0,0,4,2,13
,2020-15293,39.70372,-104.98749,10/9/2020 13:55,13:55:00,15,0,0,700 SOUTH BROADWAY STREET & EAST OHIO STREET,1,1,0,0,1,3,0,0,35,0,0,0,0,0,4,2,7
,2020-15294,39.74015,-104.91164,9/16/2020 10:26,10:26:00,12,0,0,NORTH MAGNOLIA STREET & EAST COLFAX AVENUE,1,1,0,0,1,1,0,0,30,0,0,0,0,1,2,2,13
,2020-15295,39.72565,-104.98888,10/9/2020 14:30,14:30:00,12,0,0,WEST SIXTH AVENUE & NORTH ACOMA STREET,1,1,0,0,1,4,0,0,35,0,0,0,0,0,4,3,3
,2020-15296,39.73606,-104.98612,10/9/2020 13:05,13:05:00,12,0,0,1200 NORTH LINCOLN STREET & 1200 NORTH,1,1,0,0,1,4,0,0,30,0,0,0,0,0,4,2,13
,2020-15297,39.72645,-104.98743,10/10/2020 16:00,16:00:00,15,0,0,600 NORTH BROADWAY STREET & EAST SEVENTH AVENUE,1,1,0,0,1,4,0,0,25,0,0,0,0,0,4,2,13
,2020-15298,39.76205,-104.97334,9/16/2020 12:45,12:45:00,15,0,0,NORTH DOWNING STREET & EAST MLK BOULEVARD,1,1,0,0,1,1,0,0,30,0,0,0,0,0,4,2,16
,2020-15300,39.70387154,-104.9862904,10/9/2020 3:30,3:30:00,6,0,0,600 SOUTH LINCOLN STREET & EAST EXPOSITION AVENUE,1,3,0,0,1,4,0,0,35,0,0,0,0,0,4,2,2
,2020-15302,39.72728,-104.98615,10/9/2020 13:34,13:34:00,6,0,0,NORTH LINCOLN STREET & EAST SEVENTH AVENUE,1,1,0,0,1,4,0,0,30,0,0,0,0,1,4,2,13
,2020-15303,39.67844,-104.93398,10/9/2020 14:06,14:06:00,12,0,0,I25 HWY_SB & EAST EVANS AVENUE,1,1,0,0,1,4,0,0,55,0,0,0,0,0,1,2,3
,2020-15304,39.65491,-104.87257,10/9/2020 19:40,19:40:00,16,0,0,9825 EAST GIRARD AVENUE & PRIVATE PROPERTY,1,3,0,0,5,7,0,0,10,0,0,0,0,0,3,1,6
,2020-15305,39.78213,-105.02524,10/11/2020 13:50,13:50:00,12,0,0,FEDERAL BOULEVARD & 4600 NORTH,1,1,0,0,1,4,0,0,35,0,0,0,0,1,2,2,3
,2020-15306,39.71638,-104.99226,9/1/2020 11:25,11:25:00,6,0,0,1 SOUTH CHEROKEE STREET & WEST ELLSWORTH AVENUE,1,1,0,0,1,3,0,0,25,0,0,0,0,0,4,2,3
,2020-15308,39.7029,-104.91284,10/10/2020 17:55,17:55:00,12,0,0,SOUTH MONACO STREET & LEETSDALE DRIVE,1,1,1,0,1,1,0,0,35,0,0,0,0,0,4,2,13
,2020-15312,39.77583,-104.86574,10/12/2020 8:00,8:00:00,12,0,0,I70 HIGHWAY WB & NORTH HAVANA STREET,1,1,0,0,1,4,0,0,55,0,0,0,0,0,1,2,13
,2020-15313,39.73689,-104.98231,8/26/2020 14:13,14:13:00,3,0,1,EAST 13TH AVENUE & NORTH LOGAN STREET,1,1,0,0,1,1,0,0,,0,0,0,0,2,4,2,8
,2020-15314,39.72394,-104.88402,10/8/2020 18:26,18:26:00,3,0,0,EAST LOWRY BOULEVARD & NORTH YOSEMNIT STREET,1,2,0,0,1,6,0,0,30,0,0,0,0,0,4,2,13
,2020-15315,39.74000353,-104.9920099,10/10/2020 17:39,17:39:00,15,0,0,NORTHBOUND HIGHWAY I225 NORTHBOUND ON RAMP & NORTHBOUND HIGHWAY I25,1,1,1,0,1,8,0,0,45,0,0,0,0,0,1,2,1
,2020-15316,39.77894,-104.95824,10/5/2020 12:03,12:03:00,3,0,0,EAST 45TH AVENUE & NORTH JOSEPHINE STREET,1,1,0,0,1,3,0,0,30,0,0,0,0,0,4,2,8
,2020-15317,39.74323,-104.91958,10/10/2020 15:58,15:58:00,15,0,0,5800 EAST 17TH AVENUE & NORTH IVY STREET,1,1,0,0,1,4,0,0,30,0,0,0,0,0,4,2,8
,2020-15318,39.74619,-104.98232,10/10/2020 11:00,11:00:00,3,0,0,EAST 19TH AVENUE & NORTH LOGAN STREET,1,1,0,0,1,1,0,0,25,0,0,0,0,1,4,2,8
,2020-15319,39.7255,-105.03946,7/27/2020 18:57,18:57:00,12,0,1,WEST SIXTH AVENUE & NORTH PERRY SOUTH,1,1,0,0,1,4,0,0,65,0,0,0,1,2,2,3,1
,2020-15320,39.69299954,-104.9925004,10/9/2020 20:50,20:50:00,15,0,0,SOUTH SANTA FE DRIVE & WEST LOUISIANA AVENUE,1,3,0,0,1,1,0,0,45,0,0,0,0,0,2,2,13
,2020-15322,39.7434,-104.91879,10/10/2020 15:58,15:58:00,15,0,0,5800 EAST 17TH AVENUE & NORTH IVY STREET,1,1,0,0,1,4,0,0,30,0,0,0,0,0,4,2,8
,2020-15323,39.69666,-104.99188,9/15/2020 7:24,7:24:00,12,0,0,SOUTH SANTA FE DRIVE & WEST MISSISSIPPI AVENUE,1,1,0,0,1,4,0,0,45,0,0,0,0,0,2,2,9
,2020-15324,39.72928754,-105.0251884,10/2/2020 15:40,15:40:00,12,0,0,WEST SIXTH AVENUE FWY & NORTH FEDERAL BOULEVARD,1,1,0,0,1,1,0,0,55,0,0,0,0,0,2,3,13
,2020-15325,39.6676,-104.89361,10/10/2020 10:42,10:42:00,3,0,0,EAST YALE AVENUE & SOUTH SYRACUSE WAY,1,1,0,0,1,1,0,0,30,0,0,0,0,0,4,2,14
,2020-15326,39.77142,-104.92522,10/9/2020 7:47,7:47:00,6,0,0,5300 EAST 39TH AVENUE & 5300 EAST,1,1,0,0,1,4,0,0,25,0,0,0,0,0,4,2,7
,2020-15327,39.74379,-104.89991,10/10/2020 10:32,10:32:00,8,0,0,EAST 17TH AVENUE & NORTH ROSEMARY STREET,1,1,0,0,1,1,0,0,35,0,0,0,0,0,4,2,8
,2020-15328,39.67369,-104.86953,10/10/2020 13:53,13:53:00,15,0,0,2300 SOUTH PARKER ROAD & EAST ILIFF AVENUE,1,1,0,0,1,4,0,0,35,0,0,0,0,0,4,2,7
,2020-15329,39.72295,-105.03945,10/9/2020 23:38,23:38:00,3,0,0,WEST FOURTH AVENUE & NORTH PERRY STREET,1,3,0,0,1,1,0,0,25,0,0,0,0,0,4,2,16
,2020-15330,39.72998,-104.99066,10/8/2020 15:10,15:10:00,12,0,0,NORTH SPEER BOULEVARD & NORTH BANNOCK STREET,1,1,0,0,1,14,0,0,35,0,0,0,0,0,4,2,14
,2020-15331,39.62417,-104.91311,10/10/2020 20:39,20:39:00,15,0,0,6400 EAST BELLEVIEW AVENUE & SOUTH MONACO STREET,1,4,0,0,1,3,0,0,40,0,0,0,0,1,2,2,13
,2020-15332,39.68479,-105.04739,10/12/2020 12:57,12:57:00,6,0,0,4700 WEST MEXICO AVENUE & SOUTH WINONA COURT,1,1,1,0,1,4,0,0,25,0,0,0,0,0,4,2,13
,2020-15333,39.73829,-104.935,10/8/2020 18:30,18:30:00,8,0,0,4500 EAST 14TH AVENUE & NORTH CLERMONT STREET,1,4,0,0,1,4,0,0,35,0,0,0,0,1,4,2,5
,2020-15334,39.78433,-104.8312,10/9/2020 7:35,7:35:00,6,0,0,NORTH CROWN BOULEVARD & EAST ANDREWS DRIVE,1,1,0,0,1,4,0,1,25,0,0,0,0,0,4,2,13
,2020-15335,39.7258,-105.04391,10/10/2020 11:19,11:19:00,5,0,1,4400 WEST SIXTH AVENUE & NORTH SHERIDAN BOULEVARD,1,1,0,0,3,4,0,0,55,0,0,0,0,2,2,1,16
,2020-15336,39.77657,-105.05092,10/6/2020 19:40,19:40:00,6,0,0,WEST 44TH AVENUE & NORTH YATES STREET,1,3,0,0,1,4,0,0,30,0,0,0,0,0,4,3,13
,2020-15337,39.70146,-104.98753,10/6/2020 18:57,18:57:00,15,0,0,I 25 HIGHWAY SOUTHBOUND & SOUTH BROADWAY STREET,1,3,1,0,1,4,0,0,65,0,0,0,0,0,1,2,13
,2020-15340,39.76738,-104.9008,10/9/2020 19:00,19:00:00,1,0,1,7500 EAST 36TH AVENUE & NORTH QUEBEC STREET,1,2,0,0,1,1,0,0,30,0,0,0,0,2,4,2,8
,2020-15341,39.90072,-104.66727,10/2/2020 12:52,12:52:00,11,0,1,PENA BOULEVARD & 8511,1,1,0,0,1,4,0,0,15,0,1,0,0,2,4,1,8
,2020-15342,39.74015,-104.90289,10/10/2020 17:21,17:21:00,12,0,0,7300 EAST COLFAX AVENUE & NORTH QUEBEC STREET,1,1,0,0,1,4,0,0,35,0,0,0,0,0,2,2,7
,2020-15343,39.76366,-104.98224,10/8/2020 17:00,17:00:00,6,0,0,30TH STREET & BLAKE STREET,1,3,1,0,1,4,0,0,,0,0,0,0,0,4,2,13
,2020-15344,39.70043,-105.05325,10/10/2020 11:49,11:49:00,3,0,0,WEST KENTUCKY AVENUE & SOUTH SHERIDAN BOULEVARD,1,1,0,0,1,1,0,0,35,0,0,0,0,0,2,2,16
,2020-15345,39.72255,-104.951,10/10/2020 12:18,12:18:00,10,0,0,EAST FOURTH AVENUE & NORTH STREET PAUL STREET,1,1,0,0,1,1,0,0,25,0,0,0,0,0,4,2,13
,2020-15346,39.77842,-104.90357,9/20/2020 1:25,1:25:00,5,0,0,I 70 HIGHWAY WB & NORTH NORTHFIELD QUEBEC STREET,1,3,0,0,2,4,0,0,65,0,0,0,0,0,1,1,16
,2020-15347,39.77829252,-104.9034319,10/9/2020 21:50,21:50:00,12,0,0,WB HIGHWAY I70 & NORTH QUEBEC STREET,1,3,0,0,1,4,0,0,65,0,0,0,0,0,1,2,13
,2020-15349,39.65311,-104.89876,10/9/2020 18:51,18:51:00,1,0,1,SOUTH TAMARAC DRIVE & EAST HAMPDEN AVENUE,1,3,0,0,1,1,0,0,40,0,0,0,0,3,4,2,13
,2020-15350,39.78111,-104.80984,10/9/2020 13:00,13:00:00,12,0,0,4700 NORTH CHAMBERS ROAD & EAST GREEN VALLEY RANCH BOULEVARD,1,1,0,0,1,4,0,0,40,0,0,0,0,0,4,2,7
,2020-15351,39.69028,-104.98749,10/10/2020 17:53,17:53:00,6,0,0,1400 SOUTH BROADWAY STREET & EAST ARKANSAS AVENUE,1,3,0,0,1,4,0,0,35,0,0,0,0,0,4,2,3
,2020-15352,39.74276,-104.9874,10/8/2020 16:42,16:42:00,15,0,1,1800 NORTH BROADWAY STREET & 1800 NORTH,1,1,0,0,1,4,0,0,30,0,0,0,1,2,4,2,13
,2020-15353,39.72554,-105.02514,10/10/2020 14:40,14:40:00,3,0,0,WEST SIXTH AVENUE & NORTH FEDERAL BOULEVARD,14,5,3,7,1,1,0,0,,0,0,0,0,1,2,2,16
,2020-15354,39.68573,-104.96872,10/9/2020 8:50,8:50:00,6,0,0,SOUTH FRANKLIN STREET & EAST MEXICO AVENUE,1,1,0,0,1,4,0,0,30,0,0,0,0,0,4,2,13
,2020-15355,39.69689653,-104.9238889,10/10/2020 13:17,13:17:00,12,0,0,EAST MISSISSIPPI AVENUE & EAST CHERRY CREEK SOUTH DRIVE,1,1,0,0,1,4,0,0,25,0,0,0,0,0,4,2,13