id,drcog_id,latitude,longitude,crashtime,time,crashtype,numbkilled,numbinjurd,drcoglocat,rdconditin,lightngcon,roadcntgrd,weatherco,location,roaddescrp,schoolzone,constrzone,splimit,bikeinv,pedinv,sctrinv,motoinv,svrty,rdsystem,ttlvehcls,hcf
,2020-15356,39.74198,-104.99285,10/10/2020 13:00,13:00:00,6,0,0,400 14TH STREET & GLENARM STREET,1,1,0,0,1,4,0,0,25,0,0,0,0,0,4,2,13
,2020-15357,39.72554,-105.01313,10/10/2020 13:10,13:10:00,12,0,5,I25 HIGHWAY NORTHBOUND & WEST SIXTH AVENUE,1,1,0,0,1,8,0,0,25,0,0,0,0,1,1,2,13
,2020-15358,39.67957,-105.02504,10/9/2020 13:24,13:24:00,15,0,0,2000 SOUTH FEDERAL BOULEVARD & WEST EVANS AVENUE,1,1,0,0,1,4,0,0,30,0,0,0,0,0,2,2,13
,2020-15359,39.68222,-105.03927,10/9/2020 18:46,18:46:00,14,0,0,3900 WEST JEWELL AVENUE & SOUTH PASEO WAY,1,3,0,0,1,4,0,0,30,0,0,0,0,0,4,2,14
,2020-15360,39.72558,-104.97291,10/9/2020 11:11,11:11:00,10,0,0,EAST SIXTH AVENUE & NORTH DOWNING STREET,1,1,0,0,1,1,0,0,30,0,0,0,0,0,4,2,13
,2020-15361,39.74370553,-105.0165889,9/15/2020 11:40,11:40:00,15,0,0,I 25 HIGHWAY NORTHBOUND & WEST 17TH AVENUE,1,1,0,0,1,4,0,0,65,0,0,0,0,0,4,2,13
,2020-15363,39.73871,-104.90232,10/9/2020 11:53,11:53:00,3,0,1,EAST 14TH AVENUE & NORTH QUINCE STREET,1,1,0,0,1,1,0,0,20,0,0,0,0,2,4,2,1
,2020-15364,39.70606,-104.94075,10/12/2020 14:40,14:40:00,1,0,0,EAST CHERRY CREEK SOUTH DRIVE & SOUTH COLORADO BOULEVARD,1,1,0,0,1,1,0,0,30,0,0,0,0,1,4,2,3
,2020-15365,39.70118,-104.98748,10/4/2020 23:15,23:15:00,1,0,3,SOUTH BROADWAY STREET & I25 HIGHWAY SOUTHBOUND,1,3,0,0,1,1,0,0,30,0,0,0,0,3,4,2,5
,2020-15366,39.72554,-105.01313,10/19/2020 7:43,7:43:00,15,0,0,I25 HIGHWAY NORTHBOUND & WEST SIXTH AVENUE,1,1,1,0,1,4,0,0,65,0,0,0,0,0,1,4,1
,2020-15367,39.74744,-104.90345,10/9/2020 20:10,20:10:00,1,0,3,EAST MONTVIEW BOULEVARD & NORTH QUEBEC STREET,1,3,0,0,1,1,0,0,30,0,0,0,0,2,4,2,7
,2020-15368,39.73834,-104.96692,9/28/2020 18:20,18:20:00,6,0,0,14TH AVENUE & 1700 EAST,1,1,0,0,1,4,0,0,25,0,0,0,0,0,4,4,16
,2020-15369,39.71497,-105.03611,10/4/2020 4:07,4:07:00,6,0,0,3700 WEST BAYAUD AVENUE & SOUTH MEADE STREET,1,4,0,0,1,4,0,0,25,0,0,0,0,0,4,2,16
,2020-15370,39.7137,-105.03159,10/7/2020 18:18,18:18:00,5,0,0, ,1,1,0,0,5,5,0,0,20,0,0,0,0,0,3,1,13
,2020-15371,39.75198,-104.97336,10/9/2020 21:43,21:43:00,3,0,0,EAST 24TH AVENUE & NORTH DOWNING STREET,1,3,0,0,1,1,0,0,25,0,0,0,0,0,4,2,14
,2020-15372,39.76582,-105.01472,10/9/2020 20:11,20:11:00,8,0,1,I25 NORTHBOUND OFF LOOP RAMP & SPEER BOULEVARD,1,3,1,0,6,8,0,0,55,0,0,0,0,1,1,2,14
,2020-15373,39.78654,-105.02521,9/21/2020 20:27,20:27:00,12,0,0,4900 NORTH FEDERAL BOULEVARD & WEST 49TH AVENUE,1,3,1,0,1,4,0,0,35,0,0,0,0,0,2,3,14
,2020-15374,39.71121,-104.99839,10/14/2020 8:20,8:20:00,3,0,0,SOUTH KALAMATH STREET & WEST ALAMEDA AVENUE,1,1,0,0,1,1,0,0,30,0,0,0,0,1,2,3,3
,2020-15375,39.76929,-105.00646,10/11/2020 19:17,19:17:00,1,0,2,WEST 38TH AVENUE & NORTH PECOS STREET,1,3,0,0,1,1,0,0,35,0,0,0,0,3,4,2,13
,2020-15376,39.78376,-104.8098,10/14/2020 6:45,6:45:00,3,0,0,EAST GREEN VALLEY RANCH BOULEVARD & NORTH CHAMBERS ROAD,1,2,0,0,1,1,0,0,40,0,0,0,0,1,4,3,1
,2020-15377,39.7448,-104.96347,9/10/2020 14:16,14:16:00,3,0,1,NORTH RACE STREET & EAST 18TH AVENUE,1,1,0,0,1,1,0,0,25,0,0,0,0,2,4,2,1
,2020-15378,39.74015,-104.94537,6/26/2020 17:48,17:48:00,6,0,0,EAST COLFAX AVENUE & NORTH MONROE STREET,11,1,0,1,1,4,0,0,35,0,0,0,0,0,2,3,5
,2020-15379,39.75775,-104.99858,10/2/2020 18:22,18:22:00,15,0,0,20TH STREET & CHESTNUT PLACE,1,2,1,0,1,3,0,0,30,0,0,0,0,0,4,2,1
,2020-15380,39.73601,-104.9752,10/9/2020 14:00,14:00:00,6,0,0,1200 NORTH OGDEN STREET & EAST 13TH AVENUE,1,1,0,0,1,4,0,0,35,0,0,0,0,0,4,2,7
,2020-15381,39.68473,-104.95945,10/3/2020 23:20,23:20:00,11,0,1,I25 HIGHWAY SOUTHBOUND & SOUTH UNIVERSITY BOULEVARD,1,3,1,0,1,4,0,0,0,0,1,0,0,3,1,1,16
,2020-15382,39.72383,-104.8842,10/9/2020 19:15,19:15:00,3,0,0,NORTH YOSEMITE STREET & LOWRY BOULEVARD EAST,1,3,0,0,1,1,0,0,,0,0,0,0,0,4,2,13
,2020-15383,39.71121,-104.99949,10/13/2020 6:45,6:45:00,2,0,0,WEST ALAMEDA AVENUE & SOUTHBOUND I25 TO ALAMEDA RAMP,1,2,0,0,1,1,0,0,35,1,0,0,0,0,2,2,3
,2020-15384,39.72524,-104.95989,10/12/2020 15:10,15:10:00,10,0,0,500 NORTH YORK STREET & EAST SIXTH AVENUE,1,1,1,0,1,2,0,0,30,0,0,0,0,0,4,2,13
,2020-15385,39.76443,-105.01897,9/18/2020 6:44,6:44:00,6,0,0,WEST 34TH AVENUE & M BRYANT STREET,1,4,0,0,2,4,0,0,30,0,0,0,0,0,4,3,16
,2020-15386,39.77767,-104.95646,10/7/2020 20:11,20:11:00,6,0,0,EAST 44TH AVENUE & NORTH ELIZABETH STREET,1,3,0,0,1,4,0,0,30,0,0,0,0,0,4,2,16
,2020-15387,39.84729,-104.66562,10/15/2020 14:10,14:10:00,12,0,2,8300 PENA BOULEVARD INBOUND & 8300,1,1,0,0,1,4,0,0,,0,0,0,0,2,4,3,7
,2020-15388,39.71121,-105.03246,10/13/2020 17:29,17:29:00,12,0,0,WEST ALAMEDA AVENUE & SOUTH KNOX COURT,1,1,0,0,1,4,0,0,35,0,0,0,0,0,4,3,3
,2020-15389,39.72624,-104.9407,10/14/2020 2:06,2:06:00,6,0,0,600 NORTH COLORADO BOULEVARD & EAST SIXTH AVENUE,1,3,0,0,1,4,0,0,35,0,0,0,0,0,2,3,3
,2020-15390,39.68946,-105.02971,10/12/2020 16:47,16:47:00,1,0,0,WEST FLORIDA AVENUE & SOUTH IRVING STREET,1,1,0,0,1,1,0,0,30,0,0,0,0,0,4,2,3
,2020-15391,39.74198,-104.94884,6/26/2020 17:50,17:50:00,6,0,0,EAST 16TH AVENUE & NORTH ADAMS STREET,11,1,0,1,1,3,0,0,25,0,0,0,0,0,4,2,5
,2020-15392,39.75988,-104.8908,10/4/2020 19:20,19:20:00,3,0,1,EAST MLK BOULEVARD & NORTH CENTRAL PARK BOULEVARD,1,3,0,0,1,1,0,0,35,0,0,0,0,2,4,2,1
,2020-15393,39.75074,-104.97812,9/9/2020 12:14,12:14:00,6,0,0,NORTH WASHINGTON STREET & COURT PLACE,1,1,0,0,1,4,0,0,25,0,0,0,0,0,4,2,16
,2020-15394,39.67846,-104.93162,10/12/2020 13:30,13:30:00,12,0,0,EAST EVANS AVENUE & SOUTH DAHLIA STREET,1,1,0,0,1,1,0,0,35,0,0,0,0,0,4,2,5
,2020-15395,39.76934,-105.0515,10/15/2020 14:38,14:38:00,15,0,0,5000 WEST 38TH AVENUE & NORTH ZENOBIA STREET,1,1,1,0,1,4,0,0,35,0,0,0,0,1,4,2,16
,2020-15396,39.7073,-104.92226,10/12/2020 15:15,15:15:00,12,0,0,LEETSDALE DRIVE & SOUTH HOLLY STREET,1,1,0,0,1,3,0,0,35,0,0,0,0,0,2,2,3
,2020-15397,39.75474,-105.00241,10/9/2020 18:05,18:05:00,6,0,1,CHESTNUT PLACE & 17TH STREET,1,2,0,0,1,4,0,0,25,0,0,0,0,2,4,2,1
,2020-15398,39.72563,-104.98362,10/11/2020 23:25,23:25:00,6,0,1,NORTH GRANT STREET & EAST SIXTH AVENUE,1,3,0,0,1,4,0,0,25,0,0,0,0,2,4,2,5
,2020-15399,39.69672,-105.0066,9/8/2020 16:59,16:59:00,3,0,0,SOUTH QUIVAS STREET & WEST MISSISSIPPI AVENUE,11,1,0,2,1,1,0,0,25,0,0,0,0,1,4,2,1
,2020-15400,39.7256,-104.94069,7/28/2020 9:48,9:48:00,12,0,0,EAST SIXTH AVENUE & NORTH COLORADO BOULEVARD,1,1,1,0,1,3,0,0,35,0,0,0,0,1,4,3,3
,2020-15401,39.68569,-104.95005,10/16/2020 17:28,17:28:00,3,0,0,EAST MEXICO AVENUE & SOUTH STEELE STREET,1,1,1,0,1,1,0,0,25,0,0,0,0,0,4,3,2
,2020-15403,39.72196,-104.96943,10/13/2020 0:19,0:19:00,5,0,1,NORTH HUMBOLDT STREET & EAST FOURTH AVENUE,1,3,0,0,3,3,0,0,25,0,0,0,0,2,4,1,1
,2020-15404,39.76839,-104.99482,9/26/2020 16:28,16:28:00,15,0,1,I25 HIGHWAY SOUTHBOUND & PARK AVENUE WEST,1,1,0,0,1,4,0,0,65,0,0,0,0,2,1,3,1
,2020-15405,39.79839,-104.78638,10/13/2020 5:30,5:30:00,1,0,0,EAST 56TH AVENUE & PEAN BOULEVARD,1,3,0,0,1,1,0,0,30,0,0,0,0,0,4,2,13
,2020-15407,39.75446,-104.99389,10/9/2020 19:27,19:27:00,6,0,0,2000 BLAKE STREET & 20TH STREET,1,3,0,0,1,4,0,0,0,0,0,0,0,0,4,2,16
,2020-15408,39.78395,-104.75632,10/9/2020 19:19,19:19:00,6,0,0,20000 EAST 48TH PLACE & NORTH HIMALAYA ROAD,1,3,0,0,1,4,0,0,25,0,0,0,0,0,4,2,16
,2020-15409,39.69228,-104.97695,10/19/2020 8:42,8:42:00,12,0,0,I25 HIGHWAY NORTHBOUND & SOUTH EMERSON STREET,1,1,0,0,1,4,0,0,55,0,0,0,0,0,1,3,13
,2020-15410,39.77583,-104.86574,10/12/2020 7:30,7:30:00,12,0,0,I70 HIGHWAY WB & NORTH HAVANA STREET,1,1,1,0,1,4,0,0,55,0,0,0,0,0,1,2,13
,2020-15411,39.78203652,-104.9018299,10/7/2020 16:43,16:43:00,15,0,0,SAND CREEK DRIVE SOUTH & NORTH NORTHFIELD QUEBEC STREET,1,1,0,0,1,4,0,0,40,0,0,0,0,0,4,2,16
,2020-15412,39.76188,-104.94058,10/9/2020 15:40,15:40:00,1,0,0,EAST MLK BOULEVARD & NORTH COLORADO BOULEVARD,1,1,0,0,1,1,0,0,30,0,0,0,0,1,2,2,1
,2020-15413,39.73942,-105.05321,10/15/2020 10:26,10:26:00,12,0,0,1400 NORTH SHERIDAN BOULEVARD & WEST COLFAX AVENUE,1,1,1,0,1,4,0,0,35,0,0,0,0,0,2,3,13
,2020-15414,39.68472,-104.95047,10/19/2020 18:36,18:36:00,12,0,0,I25 HIGHWAY SOUTHBOUND & SOUTH STEELE STREET,1,3,0,0,1,4,0,0,55,0,0,0,0,0,1,3,16
,2020-15415,39.77401,-104.84703,10/9/2020 15:46,15:46:00,15,0,0,NORTH PEORIA STREET & I 70 HIGHWAY WB ON RAMP,1,1,0,0,1,1,0,0,35,0,0,0,0,0,4,2,13
,2020-15417,39.65308,-104.91845,9/13/2020 21:30,21:30:00,5,0,1,I 25 HIGHWAY SOUTHBOUND OFF RAMP GORE POINT & EAST HAMPDEN AVENUE,1,3,0,0,3,4,0,0,60,0,0,0,0,3,4,1,5
,2020-15418,39.71779453,-104.9407999,10/15/2020 15:45,15:45:00,3,0,0,SOUTH COLORADO BOULEVARD & EAST FIRST AVENUE,1,1,1,0,1,1,0,0,35,0,0,0,0,0,2,2,2
,2020-15420,39.72814,-104.99285,10/9/2020 15:03,15:03:00,1,0,0,700 NORTH DELAWARE STREET & WEST EIGHTH AVENUE,1,1,0,0,1,2,0,0,25,0,0,0,0,0,4,2,16
,2020-15422,39.67809,-105.05842,10/15/2020 15:15,15:15:00,3,0,0,SOUTH EATON STREET & WEST GREEN MEADOWS PLACE,1,1,0,0,1,1,0,0,25,0,0,0,0,0,4,2,13
,2020-15423,39.72554,-105.01313,10/15/2020 20:13,20:13:00,15,0,0,I 25 HIGHWAY NORTHBOUND & WEST SIXTH AVENUE,1,3,0,0,1,4,0,0,65,0,0,0,0,1,1,3,13
,2020-15424,39.76449,-104.95976,10/14/2020 12:23,12:23:00,11,0,0,EAST BRUCE RANDOLPH AVENUE & NORTH YORK STREET,1,1,0,0,1,3,0,0,0,0,1,0,0,1,4,1,16
,2020-15425,39.63324,-104.90632,10/2/2020 12:40,12:40:00,12,0,0,I225 NORTHBOUND ON RAMP & I25 SOUTHBOUND,1,1,0,0,1,8,0,0,55,0,0,0,0,0,1,3,13
,2020-15428,39.65308,-104.91845,10/14/2020 23:50,23:50:00,3,0,0,EAST HAMPDEN AVENUE & I25 HWY_SB,1,4,1,0,1,1,0,0,40,0,0,0,0,0,2,3,3
,2020-15429,39.74033053,-105.0088984,10/16/2020 9:38,9:38:00,12,0,0,I70 HIGHWAY WB & MP 279.5,1,1,0,0,1,4,0,0,55,0,0,0,0,1,1,3,13
,2020-15430,39.65309,-104.91293,10/16/2020 16:50,16:50:00,12,0,0,SOUTH MONACO STREET & EAST HAMPDEN AVENUE,1,1,0,0,1,4,0,0,45,0,0,0,0,0,2,3,13
,2020-15431,39.71781253,-104.9473609,10/5/2020 9:55,9:55:00,6,0,0,0 NORTH COOK STREET & EAST FIRST AVENUE,1,1,0,0,1,4,0,0,25,0,0,0,0,0,4,3,7
,2020-15432,39.74378,-104.97338,10/9/2020 15:01,15:01:00,11,0,0,PARK AVENUE & NORTH DOWNING STREET,1,1,0,0,1,3,0,0,0,0,1,0,0,0,4,1,16
,2020-15433,39.73829,-104.93038,10/15/2020 16:18,16:18:00,15,0,0,EAST 14TH AVENUE & NORTH EUDORA STREET,1,1,0,0,1,1,0,0,30,0,0,0,0,1,4,2,13
,2020-15434,39.78039255,-104.9669254,10/4/2020 15:52,15:52:00,12,0,0,I70 HIGHWAY WB & NORTH BRIGHTON BOULEVARD,1,1,0,0,1,4,0,0,55,0,0,0,0,0,1,3,1
,2020-15436,39.72728,-104.98615,10/15/2020 12:37,12:37:00,12,0,0,EAST SEVENTH AVENUE & NORTH LINCOLN STREET,1,1,0,0,1,1,0,0,35,0,0,0,0,0,4,2,13
,2020-15438,39.77319,-104.80988,10/4/2020 13:20,13:20:00,12,0,0,EAST 40TH AVENUE & NORTH CHAMBERS RE,1,1,1,0,1,3,0,0,35,0,0,0,0,0,4,3,7
,2020-15439,39.76131,-104.76901,10/15/2020 17:15,17:15:00,3,0,0,EAST 45TH AVENUE & NORTH ARGONNE STREET,1,1,0,0,1,1,0,0,35,0,0,0,0,1,4,2,13
,2020-15441,39.71116,-104.98758,10/15/2020 16:37,16:37:00,12,0,0,WEST ALAMEDA AVENUE & SOUTH BROADWAY STREET,1,1,0,0,1,3,0,0,30,0,0,0,0,0,4,2,8
,2020-15443,39.77704,-104.88004,10/8/2020 17:36,17:36:00,12,0,1,I 270 HIGHWAY WB & I 70 HIGHWAY WB,1,2,1,0,1,8,0,0,65,0,0,0,0,2,1,4,16
,2020-15444,39.74610558,-104.9909622,10/14/2020 22:22,22:22:00,12,0,0,17TH STREET & CALIFORNIA STREET,1,3,0,0,1,1,0,0,25,0,0,0,0,0,4,2,13
,2020-15445,39.73666,-105.02518,10/9/2020 16:22,16:22:00,15,0,0,1200 NORTH FEDERAL BOULEVARD & WEST HOLDEN PLACE,1,1,0,0,1,4,0,0,30,0,0,0,0,0,2,2,13
,2020-15447,39.6822,-105.00408,9/16/2020 14:22,14:22:00,8,0,0,WEST JEWELL AVENUE & SOUTH NAVAJO STREET,1,1,0,0,1,1,0,0,35,0,0,0,0,0,4,3,5
,2020-15448,39.72554,-105.01313,10/15/2020 9:59,9:59:00,12,0,0,I25 HIGHWAY NORTHBOUND & WEST SIXTH AVENUE,1,1,0,0,1,4,0,0,55,0,0,0,0,0,1,5,1
,2020-15449,39.71138,-104.91996,10/14/2020 12:30,12:30:00,12,0,0,EAST ALAMEDA AVENUE & SOUTH JERSEY STREET,1,1,0,0,1,3,0,0,35,0,0,0,0,0,4,2,7
,2020-15450,39.78009,-104.94051,10/16/2020 9:03,9:03:00,12,0,0,I70 HWY_WB & NORTH COLORADO BOULEVARD,1,1,0,0,1,4,0,1,55,0,0,0,0,0,1,4,1
,2020-15451,39.72579,-105.03946,9/25/2020 13:46,13:46:00,12,0,0,WEST SIXTH AVENUE & NORTH PERRY STREET,1,1,0,0,1,4,0,0,65,0,0,0,0,0,2,3,16
,2020-15452,39.76116,-105.00476,10/3/2020 16:22,16:22:00,12,0,0,I25 HIGHWAY SOUTHBOUND & 20TH STREET,1,1,0,0,1,4,0,0,65,0,0,0,0,1,1,5,16
,2020-15453,39.69839054,-104.9827714,10/14/2020 14:50,14:50:00,14,0,0,300 EAST TENNESSEE AVENUE & SOUTH LOGAN STREET,1,1,0,0,1,4,0,0,25,0,0,0,0,1,4,3,1
,2020-15454,39.70146,-104.98753,10/5/2020 12:19,12:19:00,1,0,0,SOUTH BROADWAY STREET & I25 HIGHWAY SOUTHBOUND,1,1,0,0,1,1,0,0,30,0,0,0,0,1,4,3,13
,2020-15455,39.74015,-104.89286,10/4/2020 13:15,13:15:00,12,0,0,EAST COLFAX AVENUE & NORTH UINTA STREET,1,1,0,0,1,1,0,0,30,0,0,0,0,0,4,2,13
,2020-15456,39.77401,-104.84703,10/5/2020 15:13,15:13:00,12,0,0,I70 HIGHWAY EASTBOUND & NORTH PEORIA STREET,1,1,0,0,1,4,0,0,55,0,0,0,0,1,1,4,1
,2020-15457,39.71495954,-105.0312184,10/4/2020 18:05,18:05:00,6,0,1,100 OF SOUTH JULIAN STREET & WEST BAYAUD AVENUE,1,2,0,0,1,4,0,0,25,0,0,0,0,1,4,4,13
,2020-15458,39.73676,-104.92057,10/18/2020 18:58,18:58:00,6,0,0,EAST 13TH AVENUE & NORTH CLAYTON STREET,1,4,0,0,1,4,0,0,35,0,0,0,0,0,4,6,5
,2020-15459,39.75824,-104.92662,10/2/2020 4:29,4:29:00,6,0,1,5200 EAST 29TH AVENUE & NORTH FOREST STREET,1,3,0,0,1,4,0,0,25,0,0,0,0,3,4,3,9
,2020-15460,39.72975,-104.99123,10/15/2020 16:59,16:59:00,12,0,0,NORTH SPEER BOULEVARD & NORTH BANNOCK STREET,1,1,0,0,1,3,0,0,35,0,0,0,1,1,4,3,13
,2020-15462,39.72559,-105.02514,10/9/2020 13:50,13:50:00,3,0,0,NORTH FEDERAL BOULEVARD & WEST SIXTH AVENUE,1,1,0,0,1,1,0,0,30,0,0,0,0,0,2,2,13
,2020-15463,39.79226,-104.79727,10/3/2020 23:23,23:23:00,12,0,0,5371 NORTH LEWISTON COURT & 5371 NORTH,1,3,0,0,1,4,0,0,25,0,0,0,0,0,4,3,5
,2020-15464,39.74015,-104.89286,10/12/2020 15:29,15:29:00,15,0,0,EAST COLFAX AVENUE & NORTH UNITA STREET,1,1,0,0,1,1,0,0,35,0,0,0,0,0,2,2,13
,2020-15465,39.75372,-104.98636,10/15/2020 18:14,18:14:00,2,0,1,CURTIS STREET & PARK AVENUE WEST,1,1,0,0,1,1,0,0,0,1,0,0,0,2,4,2,16
,2020-15470,39.66665,-105.08146,10/15/2020 16:16,16:16:00,12,0,0,2700 SOUTH WADSWORTH BOULEVARD & WEST AMHERST AVENUE,1,1,0,0,1,4,0,0,45,0,0,0,0,0,2,2,13
,2020-15473,39.78360251,-104.791382,10/16/2020 7:35,7:35:00,12,0,0,4700 PENA BOULEVARD & GREEN VALLEY RANCH BOULEVARD,1,1,0,0,1,4,0,0,35,0,0,0,0,0,4,2,3
,2020-15475,39.77294,-105.02523,10/3/2020 12:56,12:56:00,12,0,0,NORTH FEDERAL BOULEVARD & WEST 41ST AVENUE,1,1,0,0,1,4,0,0,35,0,0,0,0,0,2,4,3
,2020-15476,39.7255,-105.03619,10/3/2020 16:50,16:50:00,12,0,0,3700 WEST SIXTH AVENUE & NORTH NEWTON STREET,1,1,0,0,1,4,0,0,45,0,0,0,0,0,2,3,13
,2020-15490,39.72932,-105.01483,10/15/2020 18:57,18:57:00,12,0,0,I25 HIGHWAY NORTHBOUND & WEST EIGHTH AVENUE,1,1,0,0,1,4,0,0,65,0,0,0,0,0,1,2,1
,2020-15513,39.69748,-104.94071,9/23/2020 9:40,9:40:00,12,0,0,1000 SOUTH COLORADO BOULEVARD & EAST TENNESSEE AVENUE,1,1,0,0,1,2,0,0,35,0,0,0,0,0,2,2,13
,2020-15515,39.75394,-105.05323,9/24/2020 13:13,13:13:00,12,0,0,2500 NORTH SHERIDAN BOULEVARD & WEST 25TH AVENUE,1,1,1,0,1,4,0,0,35,0,0,0,0,0,2,2,13
,2020-15516,39.66136,-105.03809,9/20/2020 10:37,10:37:00,12,0,0,WEST DARTMOUTH AVENUE & SOUTH NEWTON STREET,1,1,0,0,1,4,0,0,30,0,0,0,0,0,4,2,16
,2020-15517,39.73843,-104.98741,9/19/2020 22:37,22:37:00,10,0,0,14TH AVENUE EAST & BROADWAY STREET NORTH,1,3,0,0,1,1,0,0,35,0,0,0,0,0,4,2,13
,2020-15518,39.76116,-105.00476,9/10/2020 18:05,18:05:00,12,0,0,I25 HIGHWAY SOUTHBOUND & 20TH STREET,1,1,0,0,1,4,0,0,65,0,0,0,0,1,1,2,1
,2020-15519,39.75473,-104.9034,9/14/2020 13:38,13:38:00,15,0,0,NORTH QUEBEC STREET & EAST 26TH AVENUE,1,1,0,0,1,4,0,0,30,0,0,0,0,0,4,2,1
,2020-15522,39.74891,-104.97354,10/15/2020 22:10,22:10:00,6,0,1,2131 NORTH DOWNING STREET & 2131 NORTH,1,3,0,0,1,4,0,0,30,0,0,0,0,2,4,2,5
,2020-15523,39.65321954,-104.9183404,9/20/2020 10:12,10:12:00,12,0,0,HAMPEN AVENUE EAST  & I25,1,1,1,0,1,1,0,0,40,0,0,0,0,0,2,2,3
,2020-15524,39.7387,-104.88583,9/12/2020 23:01,23:01:00,3,0,0,EAST 14TH AVENUE & NORTH XENIA STREET,1,3,0,0,1,1,0,0,30,0,0,0,0,0,4,2,5
,2020-15525,39.73972,-104.94854,8/21/2020 14:00,14:00:00,6,0,0,1475 NORTH ADAMS STREET & COLFAX AVENUE,1,1,0,0,1,4,0,0,35,0,0,0,1,0,4,2,8
,2020-15526,39.77401,-104.84703,9/21/2020 14:40,14:40:00,12,0,1,I70 EASTBOUND & PEORIA STREET NORTH,1,1,0,0,1,4,0,0,55,0,0,0,0,2,1,2,3
,2020-15527,39.7112,-104.9989,8/31/2020 12:54,12:54:00,12,0,0,I25 HWYNB & WEST ALAMEDA AVENUE,1,1,0,0,1,4,0,0,60,0,0,0,0,0,1,2,5
,2020-15529,39.7983,-104.77212,9/24/2020 7:55,7:55:00,12,0,0,NORTH TOWER ROAD & EAST 56TH AVENUE,1,1,0,0,1,4,0,0,40,0,0,0,0,1,4,3,13
,2020-15531,39.75812,-104.89183,10/15/2020 22:40,22:40:00,3,0,0,EAST 29TH AVENUE & NORTH VALENTIA STREET,1,3,0,0,1,1,0,0,25,0,0,0,0,0,4,2,7
,2020-15532,39.68738,-105.02976,10/15/2020 20:21,20:21:00,6,0,0,1600 SOUTH IRVING STREET & WEST IOWA AVENUE,1,4,1,0,1,4,0,0,35,0,0,0,0,0,4,2,16
,2020-15584,39.71815,-105.03971,9/29/2020 15:12,15:12:00,3,0,0,NORTH PERRY STREET & WEST FIRST AVENUE,1,1,1,0,1,1,0,0,25,0,0,0,0,0,4,3,4
,2020-15589,39.72566,-105.05326,10/16/2020 11:10,11:10:00,12,0,0,WEST SIXTH AVENUE & NORTH SHERIDAN BOULEVARD,1,1,1,0,1,3,0,0,35,0,0,0,0,0,2,2,13
,2020-15592,39.69392,-104.99249,10/16/2020 11:21,11:21:00,12,0,0,1200 SOUTH SANTA FE DRIVE & WEST ARIZONA AVENUE,1,1,0,0,1,4,0,0,40,0,0,0,0,0,2,2,14
,2020-15593,39.74289,-104.89286,10/16/2020 0:01,0:01:00,6,0,1,1600 NORTH UINTA STREET & EAST 16TH AVENUE,1,4,0,0,1,4,0,0,20,0,0,0,0,2,4,2,5
,2020-15594,39.67919,-105.03832,10/16/2020 8:04,8:04:00,1,0,0,SOUTH PATTON COURT & WEST EVANS AVENUE,1,1,0,0,1,1,0,0,30,0,0,0,0,0,4,2,13
,2020-15598,39.68865,-105.05326,2/16/2020 10:55,10:55:00,12,0,0,1500 SOUTH SHERIDAN BOULEVARD & WEST FLORIDA AVENUE,1,1,0,0,1,4,0,0,30,0,0,0,0,0,2,2,13
,2020-15600,39.77728,-104.88278,10/16/2020 10:35,10:35:00,12,0,0,I70 HIGHWAY WB & NORTH CENTRAL PARK BOULEVARD,1,1,0,0,1,4,0,0,65,0,0,0,0,1,1,2,13
,2020-15604,39.71495054,-105.0396784,10/16/2020 3:57,3:57:00,6,0,0,000 SOUTH PERRY STREET & WEST BAYAUD AVENUE,1,4,0,0,1,4,0,0,25,0,0,0,0,0,4,2,14
,2020-15608,39.72548053,-105.0130699,10/10/2020 21:02,21:02:00,15,0,2,I25 HIGHWAY SOUTHBOUND OFF RAMP GORE POINT & EAST SIXTH AVENUE FWY,1,3,0,0,1,4,0,0,65,0,0,0,0,1,1,2,16
,2020-15610,39.82548,-104.77189,10/16/2020 9:20,9:20:00,12,0,0,NORTH TOWER ROAD & EAST 71ST AVENUE,1,1,0,0,1,4,0,0,35,0,0,0,0,0,4,2,13
,2020-15612,39.61833,-105.09124,10/16/2020 11:01,11:01:00,12,0,0,5400 SOUTH WADSWORTH BOULEVARD & WEST CRESTLINE AVENUE,1,1,0,0,1,4,0,0,45,0,0,0,0,0,4,2,3
,2020-15620,39.64558,-105.05329,10/16/2020 9:30,9:30:00,3,0,0,SOUTH SHERIDAN BOULEVARD & WEST MANSFIELD AVENUE,1,1,0,0,1,1,0,0,40,0,0,0,0,0,4,2,7
,2020-15622,39.70381,-104.94069,10/16/2020 11:16,11:16:00,12,0,0,SOUTH COLORADO BOULEVARD & EAST EXPOSITION AVENUE,1,1,0,0,1,4,0,0,35,0,0,0,0,1,2,2,13
,2020-15623,39.72554,-105.01313,10/15/2020 20:13,20:13:00,12,0,0,I 25 HIGHWAY NORTHBOUND & WEST SIXTH AVENUE,1,3,0,0,1,4,0,0,65,0,0,0,0,1,1,2,13
,2020-15627,39.66749,-104.92548,9/29/2020 21:18,21:18:00,15,0,0,I 25 HIGHWAY NORTHBOUND & EAST YALE AVENUE,14,5,3,7,1,4,0,0,65,0,0,0,0,1,1,3,16
,2020-15633,39.67852,-104.98757,10/15/2020 22:58,22:58:00,3,0,2,EAST EVANS AVENUE & SOUTH BROADWAY STREET,1,3,0,0,1,1,0,0,30,0,0,0,0,3,4,2,5