id,drcog_id,latitude,longitude,crashtime,time,crashtype,numbkilled,numbinjurd,drcoglocat,rdconditin,lightngcon,roadcntgrd,weatherco,location,roaddescrp,schoolzone,constrzone,splimit,bikeinv,pedinv,sctrinv,motoinv,svrty,rdsystem,ttlvehcls,hcf
,2020-15635,39.77708652,-104.8829299,10/15/2020 23:05,23:05:00,12,0,0,I 70 HIGHWAY EASTBOUND & NORTH CENTRALPARK BOULEVARD,1,3,0,0,1,4,0,1,65,0,0,0,0,0,1,2,16
,2020-15650,39.73848,-105.03815,9/30/2020 2:13,2:13:00,6,0,0,NORTH OSCEOLA STREET & WEST 14TH AVENUE,1,4,0,0,2,4,0,0,25,0,0,0,0,0,4,4,1
,2020-15658,39.8342455,-104.692922,10/16/2020 12:45,12:45:00,12,0,0,26400 PENA BOULEVARD INBOUND & NORTH JACKSON GAP,1,1,0,0,1,4,0,0,45,0,0,0,0,1,4,2,14
,2020-15665,39.83344,-104.68138,10/16/2020 12:45,12:45:00,12,0,0,PENA BOULEVARD & 26400,1,1,0,0,1,4,0,0,,0,0,0,0,0,4,2,7
,2020-15668,39.69849,-104.9927,10/16/2020 18:54,18:54:00,12,0,0,SOUTH PLATTE RIVER DRIVE & WEST TENNESSEE AVENUE,1,3,0,0,1,1,0,0,45,0,0,0,0,0,4,2,1
,2020-15672,39.84453252,-104.6811103,10/16/2020 5:25,5:25:00,12,0,0,8100 PENA BOULEVARD & 8100,1,3,0,0,1,4,0,0,35,0,0,0,0,0,4,2,8
,2020-15716,39.66774,-105.08146,9/15/2020 14:31,14:31:00,1,0,0,SOUTH WADSWORTH BOULEVARD & WEST YALE AVENUE,1,1,0,0,1,2,0,0,40,0,0,0,0,0,2,2,3
,2020-15744,39.73204,-104.98358,9/30/2020 15:45,15:45:00,6,0,0,EAST 10TH AVENUE & NORTH GRANT STREET,1,1,1,0,1,4,0,0,25,0,0,0,0,0,4,2,14
,2020-15906,39.74031254,-105.0531919,10/29/2020 12:45,12:45:00,12,0,0,WEST COLFAX AVENUE & SHERIDAN BOULEVARD,1,1,0,0,1,1,0,0,35,0,0,0,0,0,2,2,8
,2020-15954,39.83190914,-104.6928743,9/24/2020 16:15,16:15:00,15,0,0,7800 PENA BOULEVARD OUT BOUND & EAST 75TH AVENUE,1,1,0,0,1,4,0,0,45,0,0,0,0,0,4,2,1
,2020-15956,39.71118,-105.02509,10/14/2020 17:49,17:49:00,3,0,0,WEST ALAMEDA AVENUE & SOUTH FEDERAL BOULEVARD,1,1,0,0,1,1,0,0,30,0,0,0,0,0,2,3,14
,2020-16379,39.69852553,-104.9035309,11/10/2020 8:10,8:10:00,12,0,0,HIGHWAY 83 & SOUTH QUEBEC STREET,1,1,0,0,1,4,0,1,40,0,0,0,0,1,2,2,13
,2020-16717,39.70042454,-105.0532279,10/14/2020 13:12,13:12:00,15,0,0,SOUTH SHERIDAN BOULEVARD & WEST KENTUCKY AVENUE,1,1,0,0,1,3,0,0,35,0,0,0,0,0,2,2,16
,2020-16969,39.72552,-105.01336,10/10/2020 19:55,19:55:00,9,0,0,I25 HWY_SB & WEST EIGHTH AVENUE,1,3,0,0,3,4,0,0,55,0,0,0,0,0,1,2,13
,2020-16993,39.77712,-104.88279,10/13/2020 4:00,4:00:00,12,1,1,I70 & CENTRAL PARK BOULEVARD EASTBOUND OFF RAMP,1,3,0,0,1,4,0,0,65,0,0,0,0,4,1,2,1
,2020-17002,39.66464,-104.86633,10/24/2020 1:01,1:01:00,9,1,1,HAVANA STREET  & DARTMOUTH AVENUE EAST,1,3,0,0,1,4,0,0,35,0,0,0,0,4,2,1,5
,2020-17302,39.72631754,-105.0537409,10/23/2020 14:19,14:19:00,12,0,0,WEST SIXTH AVENUE EASTBOUND OFF SLIP RAMP & SHERIDAN BOULEVARD,1,1,1,0,1,1,0,0,40,0,0,0,0,0,4,2,16
,2020-17463,39.76746,-104.90345,10/26/2020 18:40,18:40:00,11,0,0,NORTH QUEBEC STREET & EAST 36TH AVENUE,4,2,0,0,1,1,0,0,0,0,1,0,0,1,4,1,16
,2020-17467,39.71121,-104.99913,10/26/2020 12:11,12:11:00,5,0,0,I25 HIGHWAY SOUTHBOUND & WEST ALAMEDA AVENUE,8,1,1,0,3,4,0,0,55,0,0,0,0,1,1,1,3
,2020-17468,39.76564,-105.00413,10/1/2020 19:41,19:41:00,6,0,0,NAVAJO STREET & WEST 35TH AVENUE,1,3,0,0,1,4,0,0,25,0,0,0,0,0,4,2,5
,2020-17469,39.69809542,-104.9052959,10/22/2020 19:12,19:12:00,5,0,0,LEETSDALE DRIVE & 7150,11,3,0,1,3,4,0,0,35,0,0,0,0,0,4,1,16
,2020-17470,39.78002,-104.88274,10/26/2020 14:52,14:52:00,12,0,0,NORTH CENTRAL PARK BOULEVARD & EAST 46TH AVENUE,11,1,0,0,1,4,0,0,45,0,0,0,0,0,4,2,14
,2020-17473,39.70728,-105.02469,10/23/2020 14:40,14:40:00,12,0,0,500 SOUTH FEDERAL BOULEVARD & WEST VIRGINIA AVENUE,1,1,0,0,1,4,0,0,40,0,0,0,0,0,2,2,13
,2020-17474,39.7093,-104.94073,10/8/2020 18:00,18:00:00,12,0,0,SOUTH COLORADO BOULEVARD & EAST DAKOTA AVENUE,1,2,1,0,1,3,0,0,35,0,0,0,0,0,2,2,16
,2020-17477,39.73871,-104.90581,10/2/2020 6:00,6:00:00,5,0,0,EAST 14TH AVENUE & NORTH PONTIAC STREET,1,3,0,0,2,4,0,0,30,0,0,0,0,0,4,1,16
,2020-17478,39.74546,-104.9895,10/21/2020 14:37,14:37:00,3,0,1,1700 WLETON STREET & 17TH STREET,1,1,0,0,1,3,0,0,25,0,0,0,1,3,4,2,5
,2020-17481,39.73203,-104.97868,10/26/2020 12:30,12:30:00,3,0,0,EAST 10TH AVENUE & NORTH WASHINGTON STREET,4,1,1,0,1,1,0,0,30,0,0,0,0,0,4,2,13
,2020-17482,39.78004,-104.98919,10/26/2020 3:21,3:21:00,5,0,0,I70 HIGHWAY EASTBOUND ON RAMP & I25 HIGHWAY NORTHBOUND,7,3,0,2,2,8,0,0,45,0,0,0,0,0,1,1,13
,2020-17483,39.74035,-105.05092,10/26/2020 12:00,12:00:00,3,0,0,WEST COLFAX AVENUE & NORTH YATES STREET,4,1,0,2,1,2,0,0,15,0,0,0,0,0,4,2,1
,2020-17484,39.74291,-104.99165,10/26/2020 18:10,18:10:00,10,0,0,15TH STREET & GLENARM PLACE,4,2,0,0,1,1,0,0,30,0,0,0,0,0,4,2,16
,2020-17485,39.69651,-104.89705,10/27/2020 10:30,10:30:00,11,0,0,7800 EAST MISSISSIPPI AVENUE & SOUTH PARKER ROAD,7,1,0,0,1,2,0,0,40,0,1,0,0,0,4,1,14
,2020-17488,39.77410752,-104.8828579,10/11/2020 20:47,20:47:00,12,0,0,4100 NORTH CENTRAL PARK BOULEVARD & EAST 40TH AVENUE,1,3,0,0,1,4,0,0,35,0,0,0,0,0,4,2,1
,2020-17489,39.78627,-105.00514,10/25/2020 18:53,18:53:00,5,0,0,WEST 50TH AVENUE & NORTH OSAGE STREET,9,3,0,2,1,1,0,0,,0,0,0,0,0,4,1,14
,2020-17490,39.72096,-104.9407,10/25/2020 15:01,15:01:00,5,0,0,NORTH COLORADO BOULEVARD & EAST THIRD AVENUE,4,1,1,2,3,4,0,0,35,0,0,0,0,0,4,1,13
,2020-17493,39.67847,-104.92227,10/26/2020 11:25,11:25:00,3,0,0,EAST EVANS AVENUE & SOUTH HOLLY STREET,7,1,0,2,1,1,0,0,35,0,0,0,0,0,4,2,7
,2020-17495,39.72561,-104.97756,10/25/2020 19:33,19:33:00,10,0,0,EAST SIXTH AVENUE & NORTH CLARKSON STREET,4,2,1,2,1,1,0,0,35,0,0,0,0,0,4,2,13
,2020-17498,39.72542,-104.87859,10/25/2020 21:20,21:20:00,6,0,0,500 NORTH ALTON WAY & EAST LOWRY BOULEVARD,9,3,0,2,1,4,0,0,35,0,0,0,0,0,4,2,1
,2020-17499,39.7848,-104.84074,10/25/2020 1:22,1:22:00,5,0,0,EAST ANDREWS DRIVE & NORTH TULSA COURT,1,3,0,0,1,1,0,0,25,0,0,0,0,0,4,1,1
,2020-17500,39.75234,-105.01946,10/26/2020 11:50,11:50:00,6,0,0,WEST 24TH AVENUE & 2600,7,1,0,0,1,4,0,0,25,0,0,0,0,0,4,2,16
,2020-17502,39.78303,-104.90063,10/23/2020 12:45,12:45:00,15,0,0,NORTH NORTHFIELD QUEBEC STREET & I270 HWYEB,1,1,1,0,1,4,0,0,40,0,0,0,0,0,2,2,7
,2020-17503,39.67845,-104.93377,10/26/2020 11:36,11:36:00,15,0,0,I25 HIGHWAY NORTHBOUND & EAST EVANS AVENUE,4,1,0,2,1,4,0,0,60,0,0,0,0,1,1,2,7
,2020-17505,39.74467,-104.99635,10/27/2020 8:00,8:00:00,5,0,0,14TH STREET & CHAMPA STREET,9,1,0,0,3,1,0,0,25,0,0,0,0,0,4,1,13
,2020-17508,39.75378,-104.99848,10/25/2020 18:40,18:40:00,3,0,0,18TH STREET & WYNKOOP STREET,12,3,1,2,1,1,0,0,25,0,0,0,0,0,4,2,13
,2020-17509,39.68148,-104.98321,10/26/2020 11:37,11:37:00,6,0,0,SOUTH LOGAN STREET & 1933,4,1,0,0,1,4,0,0,30,0,0,0,0,0,4,2,3
,2020-17511,39.74306,-104.9097,10/8/2020 13:42,13:42:00,5,0,0,1671 NEWPORT STREET & EAST 17TH AVENUE,1,1,0,0,3,4,0,0,20,0,0,0,0,0,4,1,1
,2020-17512,39.74467,-104.99635,10/27/2020 7:35,7:35:00,12,0,0,CHAMPA STREET & 14TH STREET,9,1,0,0,1,1,0,0,25,0,0,0,0,0,4,2,13
,2020-17513,39.7983,-104.76978,10/26/2020 11:00,11:00:00,12,0,0,NORTH ARGONNE STREET & EAST 56TH AVENUE,4,1,0,0,1,3,0,0,30,0,0,0,0,0,4,2,13
,2020-17516,39.75762,-104.98654,10/26/2020 11:20,11:20:00,6,0,0,LARIMER STREET & 25TH STREET,4,1,0,0,1,1,0,0,30,0,0,0,0,0,4,2,13
,2020-17518,39.78439,-105.02519,10/26/2020 10:30,10:30:00,5,0,0,I70 HIGHWAY WB OFF RAMP GORE POINT & NORTH FEDERAL BOULEVARD,4,1,1,2,2,8,0,0,65,0,0,0,0,1,4,1,13
,2020-17522,39.74328,-104.98549,10/25/2020 7:03,7:03:00,5,0,0,NORTH LINCOLN SHERMAN ALY & EAST 17TH AVENUE,9,4,0,2,1,4,0,0,30,0,0,0,0,0,4,1,5
,2020-17523,39.66762,-104.92576,10/26/2020 13:27,13:27:00,15,0,0,I25 HIGHWAY SOUTHBOUND & EAST YALE AVENUE,8,1,0,0,1,4,0,0,55,0,0,0,0,0,1,2,7
,2020-17524,39.77669,-104.99918,10/26/2020 3:26,3:26:00,5,0,0,ALBROOK DRIVE & 14250 EAST,4,3,0,0,5,4,0,0,25,0,0,0,0,0,3,1,7
,2020-17525,39.6801,-104.94068,10/25/2020 11:45,11:45:00,12,0,0,EAST BUCHTEL BOULEVARD / EAST COLORADO CENTER DRIVE & SOUTH COLORADO BOULEVARD,9,1,0,2,1,4,0,0,30,0,0,0,0,0,2,2,13
,2020-17526,39.73688,-104.97301,10/26/2020 10:20,10:20:00,5,0,0,EAST 13TH AVENUE & NORTH DOWNING STREET,4,1,1,0,2,1,0,0,30,0,0,0,0,0,4,2,13
,2020-17528,39.74489,-104.98742,10/27/2020 8:45,8:45:00,3,0,0,NORTH BROADWAY STREET & EAST 18TH AVENUE,11,1,0,0,1,1,0,0,30,0,0,0,0,0,4,2,8
,2020-17529,39.72811,-104.99852,10/24/2020 20:08,20:08:00,15,0,0,700 NORTH SANTA FE DRIVE & WEST SEVENTH AVENUE,1,3,0,0,1,4,0,0,35,0,0,0,0,0,4,2,14
,2020-17532,39.76198,-104.90344,10/27/2020 9:21,9:21:00,3,0,0,NORTH QUEBEC STREET & EAST MLK BOULEVARD,4,1,0,0,1,1,0,0,35,0,0,0,0,0,4,2,8
,2020-17534,39.68227,-105.02504,10/27/2020 4:24,4:24:00,1,0,0,SOUTH FEDERAL BOULEVARD & WEST JEWELL AVENUE,5,3,0,0,1,1,0,0,40,0,0,0,0,1,2,2,13
,2020-17537,39.69674,-105.02375,10/26/2020 2:20,2:20:00,5,0,0,2900 WEST MISSISSIPI AVENUE & SOUTH ELIOT STREET,9,3,0,2,3,4,0,0,30,0,0,0,0,0,4,1,3
,2020-17538,39.78314,-105.00642,10/26/2020 5:49,5:49:00,15,0,0,I70 HIGHWAY EASTBOUND & NORTH PECOS STREET,9,2,0,2,1,4,0,0,55,0,0,0,0,0,1,2,14
,2020-17540,39.79838951,-104.7873005,10/26/2020 7:37,7:37:00,5,0,0,INBOUND NORTH PENA BOULEVARD & EAST 56TH AVENUE,4,1,0,2,3,4,0,0,65,0,0,0,0,1,4,1,16
,2020-17542,39.68936,-104.9129,10/26/2020 14:07,14:07:00,15,0,0,SOUTH MONACO STREET & EAST FLORIDA AVENUE,7,1,0,0,1,1,0,0,40,0,0,0,0,0,4,2,8
,2020-17543,39.68312654,-104.9406514,10/26/2020 15:25,15:25:00,15,0,0,I25 SOUTHBOUND OFF RAMP & COLORADO BOULEVARD SOUTH,11,1,1,0,1,8,0,0,25,0,0,0,0,0,1,2,13
,2020-17544,39.70606,-104.94075,10/26/2020 0:15,0:15:00,3,0,0,EAST CHERRY CREEK SOUTH DRIVE & SOUTH COLORADO BOULEVARD,9,3,0,2,1,1,0,0,35,0,0,0,0,0,2,2,13
,2020-17545,39.75442,-104.94061,10/26/2020 15:00,15:00:00,12,0,0,EAST 26TH AVENUE & NORTH COLORADO BOULEVARD,9,1,0,0,1,4,0,0,35,0,0,0,0,0,2,2,3
,2020-17547,39.66763,-104.91287,10/26/2020 13:13,13:13:00,12,0,0,EAST YALE AVENUE & 2700,4,1,0,0,1,4,0,0,35,0,0,0,0,1,4,2,13
,2020-17549,39.71942,-105.05328,10/10/2020 15:02,15:02:00,9,0,0,SHERIDAN BOULEVARD NORTH & FIRST AVENUE WEST,1,1,1,0,1,4,0,0,40,0,0,0,0,0,2,1,13
,2020-17551,39.72928754,-105.0251884,10/27/2020 15:40,15:40:00,15,0,0,SIXTH AVENUE WEST & FEDERAL BOULEVARD NORTH,1,1,0,0,1,4,0,0,65,0,0,0,0,0,2,2,13
,2020-17552,39.75014,-105.00485,10/27/2020 8:53,8:53:00,1,0,0,NORTH SPEER BOULEVARD & WEWATTA STREET,1,1,0,0,1,1,0,0,35,0,0,0,0,0,4,2,13
,2020-17554,39.75029,-105.00124,10/27/2020 12:30,12:30:00,15,0,0,WAZEE STREET & 15TH STREET,11,1,0,0,1,1,0,0,30,0,0,0,0,1,4,2,13
,2020-17556,39.77343,-104.75054,10/27/2020 14:03,14:03:00,8,0,0,NORTH JEBEL STREET & EAST 41ST PLACE,1,1,0,0,1,1,0,0,25,0,0,0,0,1,4,2,3
,2020-17557,39.68935453,-104.9558208,10/27/2020 13:26,13:26:00,3,0,0,SOUTH ELIZABETH STREET / CLAYTON STREET ALLEY & 1600,11,1,0,0,1,5,0,0,15,0,0,0,0,0,4,2,13
,2020-17558,39.71325,-104.99941,10/27/2020 15:45,15:45:00,12,0,0,SOUTH KALAMATH STREET & WEST CEDAR AVENUE,1,1,0,0,1,4,0,0,30,0,0,0,0,0,4,2,6
,2020-17559,39.61833,-105.09124,10/27/2020 12:40,12:40:00,12,0,0,WADSWORTH BOULEVARD SOUTH & CRESTILINE AVENUE WEST,1,1,0,0,1,3,0,0,45,0,0,0,0,1,2,2,3
,2020-17560,39.71942,-104.95855,10/27/2020 11:41,11:41:00,3,0,0,SECOND AVENUE EAST & JOSEPHINE STREET NORTH,7,1,0,0,1,1,0,0,30,0,0,0,0,0,4,2,13
,2020-17561,39.63997,-104.8851,10/27/2020 12:35,12:35:00,3,0,0,YOSEMITE STREET SOUTH & I225 SOUTHBOUND/WESTBOUND RAMPS,11,1,0,0,1,1,0,0,35,0,0,0,0,0,4,2,3
,2020-17562,39.76448,-104.94057,10/27/2020 7:01,7:01:00,3,0,1,COLORADO BOULEVARD NORTH & BRUCE RANDOLPH AVENUE EAST,1,2,0,0,1,1,0,0,30,0,0,0,0,2,2,2,1
,2020-17563,39.74891,-104.9874,10/26/2020 15:00,15:00:00,15,0,0,20TH STREET & BROADWAY STREET NORTH,4,1,0,0,1,1,0,0,30,0,0,0,0,0,4,2,13
,2020-17565,39.78009,-104.94051,10/27/2020 15:31,15:31:00,12,0,0,I70 & MM 277.75,1,1,0,0,1,4,0,0,55,0,0,0,0,1,1,2,3
,2020-17566,39.75596,-104.90053,10/27/2020 15:00,15:00:00,10,0,0,EAST 28TH AVENUE & NORTH ROSLYN STREET,1,1,1,0,1,5,0,0,30,0,0,0,0,0,4,2,7
,2020-17567,39.80366351,-104.7626405,9/30/2020 7:35,7:35:00,12,0,0,NORTH DUNKIRK STREET & EAST 59TH AVENUE,1,1,0,0,1,4,0,0,35,0,0,0,0,1,4,2,1
,2020-17568,39.78256,-104.77491,9/28/2020 16:01,16:01:00,5,0,1,NORTH YAMPA STREET & 4739,1,1,0,0,2,7,0,0,15,0,0,0,0,3,4,2,10
,2020-17572,39.71116,-104.98758,8/17/2020 0:26,0:26:00,10,0,0,WEST ALAMEDA AVENUE & SOUTH BROADWAY STREET,1,3,0,0,1,1,0,0,35,0,0,0,0,0,4,2,5
,2020-17574,39.68294,-104.94055,8/9/2020 18:55,18:55:00,12,0,0,I25 SOUTHBOUND ON RAMP LOOP FROM & COLORADO BOULEVARD SOUTHBOUND EXIT GORE POINT,1,1,1,0,1,8,0,0,25,0,0,0,0,0,1,2,13
,2020-17577,39.72255,-104.98623,10/1/2020 12:15,12:15:00,15,0,0,NORTH LINCOLN STREET & EAST FOURTH AVENUE,1,1,0,0,1,4,0,0,30,0,0,0,0,0,4,2,13
,2020-17580,39.73848554,-105.0532009,10/17/2020 14:53,14:53:00,15,0,0,1800 NORTH SHERIDAN BOULEVARD & WEST 14TH AVENUE,1,1,1,0,1,4,0,0,35,0,0,0,0,0,4,2,1
,2020-17619,39.67842,-104.94015,10/22/2020 10:37,10:37:00,12,0,0,EAST EVANS AVENUE  & SOUTH COLORADO BOULEVARD,11,1,0,0,1,1,0,0,40,0,0,0,0,0,2,2,13
,2020-17620,39.76192,-104.91522,10/27/2020 17:23,17:23:00,9,0,1,LEYDEN STREET NORTH & MLK BOULEVARD EAST,1,1,0,0,1,1,0,0,35,0,0,0,0,3,4,1,10
,2020-17621,39.78095,-104.88282,10/22/2020 8:10,8:10:00,5,0,0,46TH PLACE EAST & CENTRAL PARK BOULEVARD NORTH,1,1,0,0,3,1,0,0,35,0,0,0,0,0,4,1,13
,2020-17622,39.78353,-105.05324,10/22/2020 16:37,16:37:00,5,0,0,I70 EASTBOUND ENTRANCE GORE POINT FROM & SHERIDAN BOULEVARD NORTH,1,1,1,0,1,4,0,0,55,0,0,0,0,0,1,1,13
,2020-17624,39.76048,-104.97937,10/22/2020 14:13,14:13:00,1,0,0,ARAPAHOE STREET & 30TH STREET,1,1,0,0,1,4,0,0,25,0,0,0,0,0,4,2,14
,2020-17628,39.67852,-104.98757,10/22/2020 13:18,13:18:00,12,0,0,SOUTH BROADWAY STREET & EAST EVANS AVENUE,1,1,0,7,1,1,0,0,35,0,0,0,0,0,4,2,1
,2020-17630,39.74003,-104.97309,10/22/2020 19:13,19:13:00,15,0,0,NORTH DOWNING STREET & EAST COLFAX AVENUE,11,3,0,1,1,1,0,0,35,0,0,0,0,0,4,2,16
,2020-17634,39.73686,-104.99572,10/22/2020 14:27,14:27:00,12,0,0,WEST 13TH AVENUE & NORTH SPEER BOULEVARD,1,1,0,0,1,4,0,0,35,0,0,0,0,0,4,2,13
,2020-17635,39.74016,-104.94727,10/22/2020 15:23,15:23:00,3,0,0,COLFAX AVENUE EAST & COOK STREET NORTH,11,1,0,0,1,1,0,0,30,0,0,0,0,0,2,2,14
,2020-17636,39.67486,-104.96408,10/27/2020 7:10,7:10:00,3,0,0,ILIFF AVENUE EAST & 1900 EAST,4,1,0,0,1,5,0,0,25,0,0,0,0,0,4,2,13
,2020-17638,39.76814053,-104.9949709,10/22/2020 14:49,14:49:00,15,0,0,I25 & PARK AVENUE WEST,1,1,0,0,1,4,0,0,65,0,0,0,0,0,1,2,13
,2020-17640,39.72728,-104.98236,10/13/2020 6:49,6:49:00,5,0,0,NORTH LOGAN STREET & EAST SEVENTH AVENUE,1,2,1,0,2,4,0,0,30,0,0,0,0,0,4,1,3
,2020-17642,39.66235,-104.91297,10/22/2020 8:55,8:55:00,15,0,0,3000 SOUTH MONACO STREET & EAST CARTER CIRCLE,11,1,0,4,1,3,0,0,35,0,0,0,0,0,4,2,7
,2020-17644,39.76796053,-104.9949709,10/21/2020 22:11,22:11:00,12,0,0,I25 SOUTHBOUND OFF RAMP EXIT GORE POINT TO & PARK AVENUE WEST,1,3,1,0,1,8,0,0,35,0,0,0,0,1,4,2,13
,2020-17647,39.73841,-104.88903,10/22/2020 15:30,15:30:00,5,0,0,WABASH STREET NORTH & 1360 NORTH WABASH STREET,1,1,0,0,2,5,0,0,25,0,0,0,0,0,4,1,13
,2020-17649,39.72133,-105.03972,10/20/2020 15:04,15:04:00,3,0,0,WEST THIRD AVENUE & NORTH PERRY STREET,1,1,0,0,1,1,0,0,25,0,0,0,0,0,4,2,3
,2020-17650,39.66749,-104.92548,10/22/2020 8:55,8:55:00,12,0,0,I25 & YALE AVENUE EAST,1,1,0,0,1,4,0,0,65,0,0,0,0,0,1,2,14
,2020-17653,39.78376,-104.8098,10/27/2020 16:33,16:33:00,1,0,1,CHAMBERS ROAD NORTH & GATEWAY AVENUE EAST,1,1,0,0,1,1,0,0,40,0,0,0,0,3,4,2,13
,2020-17654,39.74275,-105.03933,10/22/2020 17:10,17:10:00,3,0,0,16TH AVENUE WEST & PERRY STREET NORTH,11,1,0,0,1,1,0,0,25,0,0,0,0,0,4,2,13
,2020-17655,39.77401,-104.84703,10/21/2020 13:45,13:45:00,15,0,0,PEORIA STREET NORTH & I70 EASTBOUND OFF RAMP,1,1,0,0,1,1,0,0,25,0,0,0,0,0,4,2,14
,2020-17665,39.72932,-105.01483,10/22/2020 7:25,7:25:00,12,0,0,I25 & EIGHTH AVENUE WEST,1,2,0,0,1,4,0,0,65,0,0,0,0,0,1,2,13
,2020-17666,39.79755,-104.82896,10/20/2020 8:00,8:00:00,6,0,0,EAST RANDOLPH PLACE & NORTH XAPARY WAY,1,1,0,0,1,4,0,0,25,0,0,0,0,0,4,2,1
,2020-17669,39.70515,-104.92698,10/22/2020 6:41,6:41:00,6,0,0,FOREST STREET SOUTH & CENTER AVENUE EAST,1,1,0,0,1,4,0,0,30,0,0,0,0,0,4,2,13
,2020-17670,39.6782,-105.02981,10/27/2020 18:25,18:25:00,1,0,0,IRVING STREET SOUTH & EVANS AVENUE WEST,1,3,0,0,1,1,0,0,25,0,0,0,0,0,4,2,7
,2020-17672,39.75121153,-105.0220384,10/22/2020 11:38,11:38:00,3,0,0,DECATUR STREET NORTH & 23RD AVENUE WEST,1,1,1,0,1,1,0,0,25,0,0,0,0,0,4,2,13
,2020-17674,39.65308,-104.91845,10/9/2020 6:28,6:28:00,15,0,0,I25 & HAMPDEN AVENUE EAST,1,1,0,0,1,4,0,0,60,0,0,0,0,0,2,2,5
,2020-17676,39.77051,-105.01121,10/22/2020 11:00,11:00:00,3,0,0,NORTH TEJON STREET & WEST 39TH AVENUE,1,1,0,0,1,1,0,0,25,0,0,0,0,0,4,2,13
,2020-17678,39.73543,-104.98477,10/8/2020 9:30,9:30:00,6,0,0,SHERMAN STREET NORTH & 1200 NORTH SHERMAN STREET,1,1,0,0,1,4,0,0,25,0,0,0,0,0,4,2,13
,2020-17679,39.78235,-104.91044,11/5/2020 16:46,16:46:00,15,0,0,EAST 47TH DRIVE & EAST 46TH AVENUE DRIVE,1,2,0,0,1,2,0,0,30,0,0,0,0,0,4,2,16
,2020-17682,39.72214,-105.0288,10/18/2020 23:18,23:18:00,6,0,0,300 NORTH HOOKER STREET & WEST THIRD AVENUE,1,3,0,0,1,4,0,0,25,0,0,0,0,0,4,2,13
,2020-17688,39.67475653,-104.8708519,10/10/2020 19:49,19:49:00,12,0,0,PARKER ROAD SOUTH & ILIFF AVENUE EAST,1,3,0,0,1,3,0,0,35,0,0,0,0,0,2,2,1
,2020-17691,39.68312654,-104.9406514,10/22/2020 13:36,13:36:00,9,0,0,I25 SOUTHBOUND ON RAMP LOOP FROM & COLORADO BOULEVARD SOUTH,1,1,1,0,2,8,0,0,35,0,0,0,0,0,1,1,14
,2020-17692,39.74085,-104.89199,10/18/2020 11:11,11:11:00,5,0,0,VALENTIA STREET NORTH & 1525 NORTH VALENTIA STREET,1,1,0,0,3,5,0,0,,0,0,0,0,0,4,1,14
,2020-17693,39.72487,-104.98104,10/10/2020 10:00,10:00:00,6,0,0,PENNSYLVANIA STREET NORTH & 500 NORTH,1,1,0,0,1,4,0,0,25,0,0,0,0,0,4,2,7
,2020-17694,39.74291,-104.99165,10/16/2020 11:18,11:18:00,10,0,0,15TH STREET & GLENARM PLACE,1,1,0,0,1,1,0,0,30,0,0,0,0,0,4,2,13
,2020-17695,39.72688,-104.91395,10/14/2020 5:30,5:30:00,6,0,0,SEVENTH AVENUE EAST & LOCUST STREET NORTH,1,3,0,0,1,4,0,0,25,0,0,0,0,0,4,2,1
,2020-17696,39.76417,-104.9745,7/8/2020 21:30,21:30:00,6,0,0,ARAPAHOE STREET & 33RD STREET,1,3,0,0,1,4,0,0,25,0,0,0,0,0,4,2,13
,2020-17697,39.72094,-104.98625,10/21/2020 17:45,17:45:00,15,0,0,NORTH LINCOLN STREET & EAST THIRD AVENUE,1,1,0,0,1,3,0,0,30,0,0,0,0,1,4,2,8
,2020-17698,39.69046,-104.99282,10/18/2020 17:00,17:00:00,12,0,0,SANTA FE DRIVE SOUTH & FLORIDA AVENUE WEST,1,1,0,0,1,3,0,0,45,0,0,0,0,0,2,2,16
,2020-17699,39.74587,-104.96223,10/20/2020 12:35,12:35:00,6,0,0,VINE STREET NORTH & 19TH AVENUE EAST,1,1,0,0,1,2,0,0,25,0,0,0,0,0,4,2,16
,2020-17700,39.77007,-105.02077,11/4/2020 17:48,17:48:00,5,0,0,25TH AVENUE WEST & 2700 WEST,1,3,1,0,3,5,0,0,15,0,0,0,0,0,4,1,8
,2020-17701,39.77292,-104.86581,10/19/2020 7:08,7:08:00,5,0,0,40TH AVENUE EAST & HAVANA STREET NORTH,1,2,0,0,2,1,0,0,40,0,0,0,0,0,4,1,16
,2020-17702,39.65306,-104.88142,10/21/2020 15:00,15:00:00,3,0,0,HAMPDEN AVENUE EAST & AKRON STREET SOUTH,1,1,0,0,1,1,0,0,25,0,0,0,0,1,2,2,3
,2020-17704,39.73524553,-104.9861599,10/21/2020 13:30,13:30:00,12,0,0,EAST 12TH AVENUE & NORTH LINCOLN STREET,1,1,0,0,1,3,0,0,25,0,0,0,0,0,2,2,3
,2020-17707,39.73418,-104.9105,10/21/2020 15:33,15:33:00,6,0,0,RICHTHOFEN PLACE EAST & NIAGARA STREET NORTH,1,1,0,0,1,4,0,0,20,0,0,0,0,0,4,2,13
,2020-17708,39.78002,-104.88274,10/21/2020 15:40,15:40:00,3,0,0,CENTRAL PARK BOULEVARD NORTH & 46TH AVENUE EAST,1,1,0,0,1,1,0,0,40,0,0,0,0,0,4,2,7