id,drcog_id,latitude,longitude,crashtime,time,crashtype,numbkilled,numbinjurd,drcoglocat,rdconditin,lightngcon,roadcntgrd,weatherco,location,roaddescrp,schoolzone,constrzone,splimit,bikeinv,pedinv,sctrinv,motoinv,svrty,rdsystem,ttlvehcls,hcf
,2020-17709,39.73942,-105.04867,10/21/2020 17:43,17:43:00,6,0,0,WOLFF STREET NORTH & 14TH AVENUE WEST,1,2,0,0,1,4,0,0,25,0,0,0,0,0,4,2,16
,2020-17711,39.72576,-105.0362,10/17/2020 1:25,1:25:00,5,0,0,HIGHWAY 6 FRONTAGE ROAD  & MEADE STREET NORTH,1,3,0,0,3,4,0,0,25,0,0,0,0,0,4,1,1
,2020-17713,39.72548053,-105.0130699,10/22/2020 11:45,11:45:00,12,0,0,I25 NORTHBOUND OFF RAMP TO & SIXTH AVENUE WEST,1,1,0,1,1,8,0,0,45,0,0,0,0,0,1,2,3
,2020-17714,39.70554,-105.04767,11/8/2020 9:33,9:33:00,6,0,0,CENTER AVENUE WEST & VRAIN STREET SOUTH,1,1,0,0,1,4,0,0,25,0,0,0,0,0,4,2,16
,2020-17715,39.74916,-105.00082,10/11/2020 18:00,18:00:00,6,0,0,BLAKE STREET & 1400,1,3,0,0,1,4,0,0,25,0,0,0,0,0,4,2,5
,2020-17717,39.7784,-105.02051,11/7/2020 18:09,18:09:00,6,0,0,NORTH CLAY STREET & WEST 45TH AVENUE,1,4,0,0,1,4,0,0,25,0,0,0,0,0,4,2,1
,2020-17718,39.78423,-105.02519,10/18/2020 16:15,16:15:00,3,0,1,FEDERAL BOULEVARD NORTH & I70 WB OFF RAMP,1,1,0,0,1,1,0,0,35,0,0,0,0,2,2,2,8
,2020-17720,39.77706,-104.84744,10/12/2020 23:02,23:02:00,6,0,0,NORTH PEORIA STREET & 4475,1,3,0,0,5,7,0,0,10,0,0,0,0,0,3,2,16
,2020-17721,39.70043,-105.05325,10/21/2020 16:50,16:50:00,1,0,1,SHERIDAN BOULEVARD SOUTH & KENTUCKY AVENUE WEST,1,1,1,0,1,1,0,0,35,0,0,0,1,3,2,2,3
,2020-17723,39.68752,-105.02029,10/12/2020 15:47,15:47:00,6,0,0,CLAY STREET SOUTH & MEXICO AVENUE WEST,1,1,1,0,1,4,0,0,25,0,0,0,0,0,4,2,5
,2020-17727,39.74056,-104.98853,10/21/2020 16:49,16:49:00,10,0,0,COLFAX AVENUE WEST & 15TH STREET,1,1,0,0,1,1,0,0,30,0,0,0,0,0,2,2,8
,2020-17728,39.76929,-105.0112,10/21/2020 15:42,15:42:00,1,0,0,38TH AVENUE WEST & TEJON STREET NORTH,1,1,0,0,1,1,0,0,35,0,0,0,0,0,4,2,7
,2020-17729,39.76810452,-104.9536384,10/22/2020 16:23,16:23:00,5,0,0,37TH AVENUE EAST & FILLMORE STREET NORTH,1,2,0,0,1,5,0,0,10,0,0,0,0,0,4,1,16
,2020-17730,39.71152,-105.00905,10/22/2020 11:08,11:08:00,6,0,0,ALAMEDA AVENUE WEST & 1511 WEST ALAMEDA AVENUE,1,1,0,0,5,7,0,0,10,0,0,0,0,0,3,2,13
,2020-17731,39.67486,-104.9141,10/21/2020 13:53,13:53:00,12,0,0,EAST ILIFF AVENUE & SOUTH LOCUST STREET,1,1,0,0,1,4,0,0,25,0,0,0,0,0,4,2,3
,2020-17732,39.77997,-104.94981,10/21/2020 16:45,16:45:00,15,0,0,STEELE STREET NORTH & I70 EASTBOUND OFF RAMP,1,1,0,0,1,1,0,0,35,0,0,0,0,0,2,2,1
,2020-17737,39.75036,-104.98201,10/29/2020 15:48,15:48:00,3,0,0,PARK AVENUE WEST & GLENARM PLACE,1,1,0,0,1,1,0,0,30,0,0,0,0,0,4,2,13
,2020-17738,39.76745,-105.01587,11/8/2020 12:13,12:13:00,6,0,0,ZUNI STREET NORTH & 36TH AVENUE WEST,1,1,0,0,1,4,0,0,25,0,0,0,0,0,4,2,16
,2020-17739,39.77656453,-105.0474319,11/4/2020 19:55,19:55:00,3,0,0,44TH AVENUE EAST & WINONNA COURT NORTH,1,3,0,0,1,5,0,0,10,0,0,0,0,0,4,2,14
,2020-17741,39.78378251,-104.798069,11/8/2020 21:42,21:42:00,12,0,0,NORTH MEMPHIS STREET & EAST GREEN VALLEY RANCH BOULEVARD,1,3,0,0,1,4,0,0,30,0,0,0,0,0,4,2,13
,2020-17743,39.74015,-104.887,10/11/2020 15:00,15:00:00,3,0,0,COLFAX AVENUE EAST & XANTHIA STREET NORTH,1,1,1,6,1,1,0,0,25,0,0,0,0,0,2,2,5
,2020-17744,39.74948,-104.97457,10/29/2020 14:05,14:05:00,15,0,0,EAST 22ND AVENUE & NORTH OGDEN STREET,1,1,0,0,1,1,0,0,30,0,0,0,0,0,4,2,13
,2020-17745,39.7177,-104.95004,11/7/2020 12:27,12:27:00,5,0,0,STEELE STREET NORTH & FIRST AVENUE EAST,1,1,0,0,3,1,0,0,30,0,0,0,0,0,4,2,1
,2020-17746,39.79838,-104.88439,11/9/2020 13:31,13:31:00,1,0,0,56TH AVENUE EAST & CENTRAL PARK BOULEVARD NORTH,9,1,0,0,1,1,0,0,45,0,0,0,0,0,4,2,14
,2020-17747,39.67836554,-104.9593894,10/13/2020 1:25,1:25:00,3,0,2,UNIVERSITY BOULEVARD SOUTH & EVANS AVENUE EAST,1,3,0,0,1,1,0,0,35,0,0,0,0,3,4,2,5
,2020-17748,39.76163,-105.00572,11/8/2020 21:53,21:53:00,5,0,1,20TH STREET & NORTH OSAGE STREET,1,3,1,0,3,3,0,0,25,0,0,0,0,2,4,1,5
,2020-17750,39.7563,-105.01584,10/8/2020 19:24,19:24:00,3,0,0,NORTH ZUNI STREET & NORTH SPEER BOULEVARD,1,1,1,7,1,2,0,0,25,0,0,0,0,0,4,2,3
,2020-17753,39.72409454,-105.0532504,10/28/2020 10:05,10:05:00,12,0,0,SHERIDAN BOULEVARD & FIFTH AVENUE,1,1,0,0,1,3,0,0,35,0,0,0,0,0,4,2,16
,2020-17756,39.71654354,-105.0263089,11/8/2020 21:31,21:31:00,6,0,0,GROVE STREET & WEST ELLSWORTH AVENUE,1,4,0,0,1,4,0,0,25,0,0,0,0,0,4,2,16
,2020-17757,39.69978,-104.90269,11/4/2020 10:08,10:08:00,12,0,0,EAST KENTUCKY AVENUE & SOUTH QUEBEC STREET,1,1,0,0,1,3,0,0,25,0,0,0,0,0,4,2,13
,2020-17758,39.76199,-104.96222,10/29/2020 13:35,13:35:00,10,0,0,MLK BOULEVARD EAST & VINE STREET NORTH,1,1,0,0,1,1,0,0,35,0,0,0,0,0,4,2,13
,2020-17759,39.76161,-104.89059,10/11/2020 17:45,17:45:00,12,0,0,NORTH CENTRAL PARK BOULEVARD & EAST 32ND AVENUE,1,1,0,0,1,1,0,0,35,0,0,0,0,0,4,2,9
,2020-17760,39.76068,-104.98085,11/9/2020 14:49,14:49:00,15,0,0,LAWRENCE STREET & 29TH STREET,11,1,0,2,1,4,0,0,25,0,0,0,0,0,4,2,13
,2020-17761,39.70759,-105.02509,11/4/2020 17:48,17:48:00,1,0,0,FEDERAL BOULEVARD SOUTH & VIRGINIA AVENUE WEST,1,3,0,0,1,1,0,0,35,0,0,0,0,0,2,2,13
,2020-17763,39.75129,-105.01679,10/28/2020 10:59,10:59:00,5,0,0,I25 & 23RD AVENUE WEST,1,1,0,0,2,4,0,0,55,0,0,0,0,0,1,1,2
,2020-17764,39.71814,-105.0409,11/4/2020 11:03,11:03:00,12,0,0,WEST FIRST AVENUE & NORTH PERRY STREET,1,1,0,0,1,4,0,0,30,0,0,0,0,1,4,2,1
,2020-17765,39.71974,-105.0397,11/4/2020 18:57,18:57:00,15,0,0,NORTH PERRY STREET & WEST SECOND AVENUE,1,3,0,0,1,1,0,0,25,0,0,0,0,0,4,2,13
,2020-17767,39.71121,-104.9989,11/5/2020 8:34,8:34:00,12,0,0,I25 & ALAMEDA AVENUE WEST,1,1,0,0,1,4,0,0,55,0,0,0,0,0,1,3,3
,2020-17769,39.7258,-105.04391,11/6/2020 21:00,21:00:00,12,0,0,SIXTH AVENUE WEST & TENNYSON STREET NORTH,1,3,0,0,1,4,0,0,65,0,0,0,0,1,2,3,13
,2020-17771,39.69764,-105.02639,11/8/2020 11:23,11:23:00,12,0,0,GROVE STREET & WEST MISSISSIPPI AVENUE,1,1,0,0,1,4,0,0,25,0,0,0,0,0,4,2,13
,2020-17772,39.74824,-104.98647,11/4/2020 14:45,14:45:00,3,0,0,WELTON STREET & 20TH STREET,1,1,0,0,1,1,0,0,25,0,0,0,0,0,4,2,14
,2020-17773,39.78406,-104.99013,11/9/2020 7:20,7:20:00,5,0,0,48TH AVENUE WEST & WARNER PLACE WEST,1,1,1,0,3,1,0,0,45,0,0,0,0,0,4,1,3
,2020-17774,39.74273,-105.02526,11/9/2020 11:50,11:50:00,6,0,0,16TH AVENUE WEST & FEDERAL BOULEVARD NORTH,1,1,1,0,1,4,0,0,25,0,0,0,0,0,4,2,16
,2020-17775,39.77798,-104.92229,11/9/2020 9:00,9:00:00,15,0,0,EAST STAPLETON SOUTH DRIVE & NORTH HOLLY STREET,1,1,0,0,1,1,0,0,35,0,0,0,0,0,4,2,13
,2020-17778,39.76806,-104.96949,10/7/2020 19:30,19:30:00,6,0,0,EAST 37TH AVENUE & 1500,1,1,0,0,1,4,0,0,25,0,0,0,0,0,4,2,3
,2020-17779,39.75278,-104.98741,11/1/2020 10:24,10:24:00,3,0,1,CURTIS STREET & BROADWAY STREET NORTH,1,1,0,0,1,1,0,0,30,0,0,0,0,2,4,2,8
,2020-17780,39.74003,-104.97309,11/9/2020 17:05,17:05:00,3,0,0,COLFAX AVENUE EAST & DOWNING STREET NORTH,11,2,0,2,1,1,0,0,30,0,0,0,0,0,4,2,8
,2020-17781,39.78645,-104.82974,10/6/2020 13:48,13:48:00,6,0,0,EAST 50TH AVENUE & NORTH CROWN BOULEVARD,1,1,0,0,1,4,0,0,25,0,0,0,0,0,4,2,16
,2020-17784,39.78435,-104.84703,11/8/2020 20:36,20:36:00,3,0,0,PEORIA STREET NORTH & 4800 NORTH,1,3,0,0,1,2,0,0,35,0,0,0,0,0,4,2,13
,2020-17788,39.78239,-104.84701,11/8/2020 17:21,17:21:00,12,0,0,NORTH PEORIA STREET & EAST ALBROOK DRIVE,1,3,0,0,1,3,0,0,40,0,0,0,0,0,4,2,13
,2020-17789,39.77283,-104.79148,7/15/2020 6:25,6:25:00,15,0,0,PENA BOULEVARD & 40TH AVENUE EAST,1,1,1,0,1,4,0,0,40,0,0,0,0,0,4,2,14
,2020-17790,39.70146,-104.98753,10/20/2020 16:59,16:59:00,12,0,0,I25 & WASHINGTON STREET SOUTH,1,1,0,0,1,4,0,0,55,0,0,0,0,0,1,2,13
,2020-17791,39.72909,-104.9874,11/8/2020 11:00,11:00:00,3,0,1,EAST EIGHTH AVENUE & NORTH BROADWAY STREET,1,1,0,0,1,1,0,0,30,0,0,0,0,2,4,2,13
,2020-17792,39.68496,-105.02742,11/8/2020 14:54,14:54:00,6,0,0,COLORADO AVENUE WEST & FEDERAL BOULEVARD SOUTH,1,1,0,0,1,4,0,0,25,0,0,0,0,1,4,3,5
,2020-17793,39.73713,-104.91244,10/28/2020 11:17,11:17:00,10,0,0,EAST 13TH AVENUE & NORTH MONACO STREET,1,1,0,0,1,1,0,0,30,0,0,0,0,0,4,2,8
,2020-17794,39.63324,-104.90632,10/29/2020 13:32,13:32:00,12,0,0,I225 & I25,1,1,0,0,1,4,0,0,65,0,0,0,0,0,1,2,7
,2020-17796,39.78021,-104.98919,10/29/2020 15:45,15:45:00,12,0,0,I25 & I70,1,1,1,0,1,4,0,0,65,0,0,0,0,0,1,2,3
,2020-17797,39.75967,-105.00178,11/9/2020 16:48,16:48:00,1,0,0,20TH STREET & LITTLE RAVEN STREET,11,3,1,2,1,1,0,0,25,0,0,0,0,0,4,2,13
,2020-17799,39.8001,-104.77211,10/28/2020 11:04,11:04:00,15,0,0,NORTH TOWER ROAD & EAST 56TH AVENUE,1,1,0,0,1,3,0,0,45,0,0,0,0,0,4,2,13
,2020-17800,39.77593,-104.74772,10/29/2020 17:19,17:19:00,6,0,0,MITCHELL PLACE EAST & KIRK COURT NORTH,1,1,1,0,1,4,0,0,25,0,0,0,0,1,4,2,16
,2020-17804,39.75948,-104.95975,10/29/2020 15:45,15:45:00,3,0,0,30TH AVENUE EAST & YORK STREET NORTH,1,1,0,0,1,1,0,0,35,0,0,0,0,0,4,2,13
,2020-17806,39.71843,-105.05328,11/5/2020 20:10,20:10:00,3,0,0,SHERIDAN BOULEVARD NORTH & FIRST AVENUE WEST,1,3,0,0,1,1,0,0,35,0,0,0,0,0,2,2,13
,2020-17807,39.71658,-104.9875,10/29/2020 17:12,17:12:00,12,0,1,NORTH BROADWAY STREET & EAST ELLSWORTH AVENUE,1,1,0,0,1,4,0,0,30,0,0,0,0,2,4,2,5
,2020-17808,39.77287,-104.83383,11/4/2020 7:45,7:45:00,5,0,0,I70 & I225,1,1,0,0,2,4,0,0,55,0,0,0,0,0,1,1,7
,2020-17813,39.78009,-104.94051,10/24/2020 17:49,17:49:00,12,0,0,I70 & COLORADO BOULEVARD NORTH,1,2,0,0,1,4,0,0,65,0,0,0,0,0,1,4,13
,2020-17814,39.78015,-104.93165,11/7/2020 1:16,1:16:00,12,0,0,I70 & DAHLIA STREET NORTH,1,3,0,0,1,4,0,0,65,0,0,0,0,0,1,3,13
,2020-17818,39.68982,-104.97343,10/4/2020 15:52,15:52:00,15,0,0,I25 & DOWNING STREET SOUTH,1,1,0,0,1,4,0,0,65,0,0,0,0,0,1,2,13
,2020-17819,39.78286,-105.01078,10/24/2020 16:40,16:40:00,5,0,0,TEJON STREET NORTH & 4750 NORTH TEJON STREET,1,1,0,0,3,4,0,0,25,0,0,0,0,0,4,3,5
,2020-17824,39.75129,-105.01679,11/7/2020 17:35,17:35:00,12,0,0,I25 & 23RD AVENUE WEST,1,1,0,0,1,4,0,0,65,0,0,0,0,0,1,3,13
,2020-17828,39.77312,-105.03343,10/4/2020 1:29,1:29:00,9,0,0,41ST AVENUE WEST & KING STREET NORTH,1,3,0,0,1,4,0,0,25,0,0,0,0,0,4,2,5
,2020-17830,39.78314,-105.00642,9/13/2020 2:29,2:29:00,15,0,0,I70 WB EXIT GORE POINT TO & PECOS STREET NORTH,1,3,0,0,1,4,0,0,55,0,0,0,0,0,1,3,3
,2020-17833,39.74765,-105.00249,9/19/2020 10:22,10:22:00,1,0,1,AURARIA PARKWAY & SPEER BOULEVARD NORTH,1,1,0,0,1,1,0,0,35,0,0,0,0,3,4,2,8
,2020-17834,39.68951,-105.04616,9/25/2020 22:27,22:27:00,6,0,0,SOUTH VRAIN WAY & 1400,1,4,0,0,1,4,0,0,25,0,0,0,0,0,4,2,5
,2020-17835,39.72554,-105.01313,11/4/2020 8:44,8:44:00,12,0,0,I25 & SIXTH AVENUE WEST,1,1,0,0,1,4,0,0,65,0,0,0,0,0,1,2,13
,2020-17839,39.75601,-104.98689,9/26/2020 23:13,23:13:00,5,0,0,24TH STREET & LAWRENCE STREET,1,3,0,0,2,3,0,0,30,0,0,0,0,0,4,1,5
,2020-17840,39.78089352,-104.8861294,9/25/2020 13:20,13:20:00,3,0,0,EAST 46TH AVENUE & NORTH XENIA STREET,1,1,3,0,1,1,0,0,25,0,0,0,0,0,4,2,16
,2020-17844,39.65308,-104.91826,11/4/2020 9:14,9:14:00,12,0,0,I25 SOUTHBOUND OFF RAMP SLIP TO & HAMPDEN AVENUE EAST,1,1,0,0,1,8,0,0,45,0,0,0,0,0,1,2,13
,2020-17846,39.72923,-104.94069,9/30/2020 5:20,5:20:00,1,0,0,COLORADO BOULEVARD NORTH & EIGHTH AVENUE EAST,1,3,0,0,1,1,0,0,35,0,0,0,0,0,2,2,16
,2020-17848,39.76204,-105.01119,10/4/2020 11:05,11:05:00,1,0,0,WEST 32ND AVENUE & NORTH TEJON STREET,1,1,0,0,1,1,0,0,30,0,0,0,0,0,4,2,1
,2020-17851,39.69111,-105.0352,9/28/2020 3:20,3:20:00,6,0,0,SOUTH MEDE STREET & 1400,1,4,0,0,1,3,0,0,25,0,0,0,0,0,4,2,3
,2020-17854,39.77412,-105.02053,11/4/2020 2:59,2:59:00,6,0,0,NORTH CLAY STREET & WEST 42ND AVENUE,1,4,0,0,1,4,0,0,25,0,0,0,0,0,4,4,3
,2020-17855,39.7544,-104.96068,9/26/2020 16:30,16:30:00,6,0,0,EAST 26TH AVENUE & 2200,1,1,0,0,1,4,0,0,35,0,0,0,0,0,4,2,3
,2020-17857,39.72554,-104.95866,9/24/2020 16:30,16:30:00,6,0,0,EAST SIXTH AVENUE & 2400,1,1,0,0,1,4,0,0,35,0,0,0,0,0,4,2,3
,2020-17858,39.72552,-105.01336,11/4/2020 9:16,9:16:00,12,0,0,I25 SOUTHBOUND ON RAMP FROM & HIGHWAY 6 EASTBOUND,1,1,1,0,1,8,0,0,55,0,0,0,0,0,1,2,13
,2020-17861,39.66794,-104.87353,10/27/2020 8:10,8:10:00,6,0,0,DAYTON WAY SOUTH & ELMIRA STREET SOUTH,4,5,0,7,1,4,0,0,25,0,0,0,0,0,4,2,5
,2020-17863,39.71079,-105.02304,10/27/2020 19:39,19:39:00,5,0,0,WEST ALAMEDA AVENUE & SOUTH DECATUR STREET,1,3,0,0,3,4,0,0,35,0,0,0,0,0,2,1,5
,2020-17865,39.70295,-104.95935,11/4/2020 11:31,11:31:00,12,0,0,SOUTH UNIVERSITY BOULEVARD & EAST OHIO AVENUE,1,1,0,0,1,4,0,0,35,0,0,0,0,0,4,2,13
,2020-17868,39.7822,-104.95998,10/18/2020 17:17,17:17:00,6,0,0,NORTH CLAUDE COURT  & EAST 47TH AVENUE,1,1,0,0,1,4,0,0,25,0,0,0,0,0,4,3,1
,2020-17869,39.69192,-105.05321,11/7/2020 13:13,13:13:00,15,0,0,SHERIDAN BOULEVARD SOUTH & LOUISIANA AVENUE WEST,1,1,0,0,1,3,0,0,35,0,0,0,0,1,2,3,13
,2020-17870,39.78364,-104.79048,11/8/2020 17:16,17:16:00,12,0,0,EAST GREEN VALLEY RANCH BOULEVARD & PENA BOULEVARD,1,3,0,0,1,4,0,0,45,0,0,0,0,1,4,3,7
,2020-17871,39.67842,-104.95939,11/4/2020 11:49,11:49:00,12,0,0,EAST EVANS AVENUE & SOUTH UNIVERSITY BOULEVARD,1,1,0,0,1,3,0,0,30,0,0,0,0,1,4,2,14
,2020-17873,39.78635746,-104.8363914,7/26/2020 1:28,1:28:00,6,0,0,ANDREWS DRIVE EAST & 13295 EAST ANDREWS DRIVE,11,4,0,0,3,4,0,0,35,0,0,0,0,0,4,2,16
,2020-17877,39.63014355,-105.0816904,10/2/2020 19:27,19:27:00,12,0,1,SOUTH WADSWORTH BOULEVARD & WEST LAYTON AVENUE,1,2,0,0,1,4,0,0,45,0,0,0,0,2,4,2,13
,2020-17878,39.72912,-104.94399,10/8/2020 13:49,13:49:00,12,0,0,EAST EIGHTH AVENUE & NORTH GARFIELD STREET,1,1,0,0,1,1,0,0,30,0,0,0,0,0,4,2,3
,2020-17879,39.7387,-104.88583,10/6/2020 13:12,13:12:00,15,0,0,EAST 14TH AVENUE & NORTH XENIA STREET,1,1,0,0,1,1,0,0,30,0,0,0,0,0,4,2,1
,2020-17880,39.79838,-104.88439,10/7/2020 4:30,4:30:00,15,0,1,56TH AVENUE EAST & CENTRAL PARK BOULEVARD NORTH,1,3,0,0,1,4,0,0,40,0,0,0,0,2,4,2,1
,2020-17881,39.78307152,-104.9009119,10/6/2020 17:33,17:33:00,15,0,0,I270 & NORTHFIELD QUEBEC STREET,1,1,0,0,1,4,0,0,55,0,0,0,0,0,1,1,13
,2020-17889,39.67846,-104.93162,11/3/2020 14:30,14:30:00,12,0,0,SOUTH DAHLIA STREET & EAST EVANS AVENUE,1,1,0,0,1,3,0,0,25,0,0,0,0,0,4,2,1
,2020-17893,39.74042054,-105.0531919,11/6/2020 11:54,11:54:00,12,0,0,COLFAX AVENUE WEST & SHERIDAN BOULEVARD,1,1,0,0,1,1,0,0,35,0,0,0,0,0,2,2,14
,2020-17903,39.71506,-104.9407,11/3/2020 7:52,7:52:00,12,0,0,LEETSDALE DRIVE & SOUTH COLORADO BOULEVARD,1,1,0,0,1,3,0,0,35,0,0,0,0,0,2,2,13
,2020-17909,39.78364,-104.7817,11/3/2020 12:35,12:35:00,15,0,0,NORTH TELLURIDE STREET & EAST GREEN VALLEY RANCH BOULEVARD,1,1,0,0,1,3,0,1,30,0,0,0,0,0,4,2,13
,2020-17917,39.78027,-104.98956,11/1/2020 0:43,0:43:00,5,0,0,I25 SOUTHBOUND EXIT GORE POINT TO & I70,1,3,0,0,3,4,0,0,65,0,0,0,0,0,1,1,5
,2020-17919,39.73687,-104.99869,9/22/2020 11:35,11:35:00,12,0,0,NORTH SANTA FE DRIVE & WEST 13TH AVENUE,1,1,0,0,1,1,0,0,30,0,0,0,0,0,4,2,16
,2020-17922,39.68486,-104.95945,7/20/2020 16:30,16:30:00,15,0,0,I25 & UNIVERSITY BOULEVARD SOUTH,1,1,0,0,1,4,0,0,65,0,0,0,0,0,1,2,13
,2020-17923,39.78012,-104.95297,10/23/2020 1:07,1:07:00,15,0,0,I70 WB ENTRANCE GORE POINT FROM & VASQUEZ BOULEVARD NORTH,4,3,1,2,1,8,0,0,65,0,0,0,0,0,4,2,7
,2020-17924,39.77931,-104.82328,8/7/2020 20:32,20:32:00,6,0,0,EAST 46TH AVENUE & 14561,1,2,0,0,1,4,0,0,25,0,0,0,0,0,4,2,3
,2020-17925,39.74112,-104.99365,8/7/2020 22:31,22:31:00,2,0,0,GLENARM PLACE & 14TH STREET,1,3,0,0,1,3,0,0,30,1,0,0,0,0,4,2,16
,2020-17929,39.77625,-104.84702,11/6/2020 21:09,21:09:00,1,0,1,PEORIA STREET NORTH & I70 WB ON RAMP,1,3,0,0,1,1,0,0,35,0,0,0,0,2,4,2,3
,2020-17930,39.69673,-105.00871,11/3/2020 13:32,13:32:00,1,0,0,WEST MISSISSIPPI AVENUE & SOUTH RARITAN STREET,1,1,0,0,1,1,0,0,30,0,0,0,0,1,4,2,13
,2020-17932,39.71121,-104.99913,9/24/2020 6:30,6:30:00,5,0,0,I25 & ALAMEDA AVENUE WEST,1,1,0,0,1,4,0,0,65,0,0,0,0,0,1,2,14
,2020-17937,39.65309,-104.91535,10/25/2020 12:15,12:15:00,3,0,0,LOCUST STREET SOUTH & HAMPDEN AVENUE EAST,9,1,0,2,1,2,0,0,25,0,0,0,0,0,4,2,13
,2020-17938,39.67845359,-104.9211352,10/23/2020 20:15,20:15:00,12,0,0,EAST EVANS AVENUE  & SOUTH HOLLY STREET,1,3,0,0,1,4,0,0,35,0,0,0,0,0,4,2,5
,2020-17943,39.89899601,-104.9590834,10/22/2020 22:07,22:07:00,5,0,0,GAYLORD STREET & YORK STREET NORTH,11,3,0,1,3,5,0,0,15,0,0,0,0,0,4,1,13
,2020-17950,39.67845,-104.93377,11/3/2020 13:40,13:40:00,15,0,0,EVANS AVENUE EAST & I25 NORTHBOUND RAMPS,1,1,0,0,1,1,0,0,30,0,0,0,0,0,4,2,3
,2020-17957,39.74749,-104.97696,11/3/2020 16:21,16:21:00,3,0,0,NORTH CLARKSON STREET & EAST 20TH AVENUE,1,1,0,0,1,2,0,0,25,0,0,0,0,0,4,2,8
,2020-17959,39.71813,-104.95462,11/3/2020 18:00,18:00:00,12,0,0,NORTH DETROIT STREET & EAST FIRST AVENUE,1,1,0,0,1,3,0,0,25,0,0,0,0,0,4,2,14
,2020-17960,39.78014,-104.96709,7/31/2020 12:00,12:00:00,15,0,0,I70 & BRIGHTON BOULEVARD NORTH,1,1,0,0,1,4,0,0,65,0,0,0,0,0,1,2,16
,2020-17967,39.68954354,-105.0532504,11/6/2020 12:27,12:27:00,12,0,0,SHERIDAN BOULEVARD SOUTH & FLORIDA AVENUE WEST,1,1,0,0,1,1,0,0,35,0,0,0,0,1,2,2,3
,2020-17968,39.67846,-104.91281,11/3/2020 17:00,17:00:00,10,0,0,EAST EVANS AVENUE & SOUTH MONACO STREET,1,1,0,0,1,1,0,0,35,0,0,0,0,0,4,2,1
,2020-17971,39.78379,-104.79744,10/25/2020 4:14,4:14:00,5,0,0,EAST GREEN VALLEY RANCH BOULEVARD & NORTH AIRPORT WAY,4,3,0,2,3,4,0,0,40,0,0,0,0,1,4,1,5
,2020-17975,39.67085,-104.86605,10/24/2020 21:54,21:54:00,5,0,0,SOUTH PARKER ROAD & SOUTH HAVANA STREET,1,2,0,0,2,1,0,0,45,0,0,0,0,1,2,1,5
,2020-17976,39.79673,-104.76273,11/14/2020 18:24,18:24:00,11,0,0,DUNKIRK STREET NORTH & ROBINS DRIVE EAST,1,3,0,0,1,1,0,0,30,0,1,0,0,1,4,1,3
,2020-17977,39.67844653,-104.9111575,11/3/2020 18:07,18:07:00,15,0,0,EVANS AVENUE EAST & 5600 EAST,1,3,0,0,1,4,0,0,35,0,0,0,0,0,4,2,7
,2020-17979,39.71803,-104.95334,11/14/2020 15:09,15:09:00,12,0,0,EAST FIRST AVENUE  & NORTH MILWAUKEE STREET,1,2,0,0,1,4,0,0,25,0,0,0,0,1,4,2,13
,2020-17981,39.78601186,-104.9782804,10/25/2020 7:40,7:40:00,5,0,0,I70 WB DISTRIBUTOR RAMP & WASHINGTON STREET,4,1,1,2,3,8,0,0,55,0,0,0,0,0,1,1,7
,2020-17982,39.68072,-105.05323,10/24/2020 9:05,9:05:00,10,0,0,SHERIDAN BOULEVARD SOUTH & EVANS AVENUE WEST,1,1,0,0,1,2,0,0,35,0,0,0,0,0,2,2,13
,2020-17984,39.74247,-104.97874,9/8/2020 19:49,19:49:00,15,0,0,NORTH WASHINGTON STREET & EAST 17TH AVENUE,11,4,0,2,1,4,0,0,25,0,0,0,0,0,4,2,13
,2020-17985,39.78327,-105.00643,10/25/2020 11:14,11:14:00,5,0,1,I70 & PECOS STREET NORTH,9,1,1,2,3,4,0,0,55,0,0,0,0,2,1,1,10
,2020-17986,39.78406,-104.98956,10/25/2020 8:09,8:09:00,15,0,0,I25 & 48TH AVENUE WEST,9,1,0,2,1,4,0,0,55,0,0,0,0,1,1,2,16
,2020-17987,39.63414,-104.90674,11/6/2020 22:53,22:53:00,5,0,0,I225 NORTHBOUND FROM & I25 NORTHBOUND,1,3,1,0,2,4,0,0,45,0,0,0,0,1,1,1,1
,2020-17988,39.74677,-104.99185,11/14/2020 8:03,8:03:00,5,0,0,17TH STREET & STOUT STREET,1,1,0,0,3,1,0,0,30,0,0,0,0,1,4,1,13
,2020-17989,39.75036553,-104.9819704,11/7/2020 21:27,21:27:00,12,0,0,GLENARM PLACE & PARK AVENUE WEST,1,3,0,0,1,1,0,0,25,0,0,0,0,0,4,2,3
,2020-17990,39.79838951,-104.7873005,11/8/2020 5:58,5:58:00,12,0,1,EAST 56TH AVENUE & NORTH PENA BOULEVARD,1,1,0,0,1,4,0,1,30,0,0,0,0,1,4,2,5
,2020-17991,39.65616255,-105.0532189,10/25/2020 9:01,9:01:00,3,0,0,SHERIDAN BOULEVARD SOUTH & DARTMOUTH AVENUE WEST,9,1,0,2,1,2,0,0,40,0,0,0,0,0,2,2,14
,2020-17992,39.79824,-104.82363,10/25/2020 6:23,6:23:00,8,0,0,EAST 56TH AVENUE & NORTH BLACKHAWK WAY,9,3,0,2,1,4,0,0,35,0,0,0,0,0,4,2,14