id,drcog_id,latitude,longitude,crashtime,time,crashtype,numbkilled,numbinjurd,drcoglocat,rdconditin,lightngcon,roadcntgrd,weatherco,location,roaddescrp,schoolzone,constrzone,splimit,bikeinv,pedinv,sctrinv,motoinv,svrty,rdsystem,ttlvehcls,hcf
,2020-17994,39.65104,-104.88851,10/25/2020 10:35,10:35:00,6,0,0,8500 EAST JEFFERSON AVENUE & SOUTH VERBENA STREET,4,1,0,2,1,4,0,0,25,0,0,0,0,0,4,2,13
,2020-17995,39.63868,-105.08735,10/25/2020 12:46,12:46:00,3,0,0,SOUTH AMMONS STREET & WEST QUINCY AVENUE,11,1,0,2,1,2,0,0,30,0,0,0,0,0,4,2,7
,2020-17996,39.8411845,-104.6701295,10/25/2020 19:00,19:00:00,5,0,0,80TH AVENUE & SHADY GROVE STREET,9,3,0,2,2,4,0,0,30,0,0,0,0,0,4,1,7
,2020-17997,39.78314,-105.00642,10/25/2020 5:50,5:50:00,5,0,0,I70 & PECOS STREET NORTH,9,1,1,2,3,4,0,0,65,0,0,0,0,0,1,1,13
,2020-17998,39.72552,-105.01336,9/8/2020 18:00,18:00:00,11,0,1,I25 & SIXTH AVENUE WEST,11,1,0,2,1,4,0,0,55,0,1,0,0,1,1,1,13
,2020-17999,39.67846,-104.90689,11/6/2020 15:09,15:09:00,2,0,1,EVANS AVENUE EAST & PONTIAC WAY SOUTH,1,1,0,0,1,4,0,0,0,1,0,0,0,3,4,2,16
,2020-18000,39.71295,-104.98278,10/24/2020 21:12,21:12:00,3,0,0,SOUTH LOGAN STREET & EAST CEDAR AVENUE,1,4,0,0,1,1,0,0,25,0,0,0,0,0,4,2,13
,2020-18001,39.79066,-104.82464,10/24/2020 19:51,19:51:00,14,0,0,EAST 52ND AVENUE & NORTH CROWN BOULEVARD,1,3,0,0,1,4,0,0,25,0,0,0,0,0,4,2,3
,2020-18002,39.66768,-104.98999,11/6/2020 23:16,23:16:00,11,0,1,YALE AVENUE WEST & BANNOCK STREET SOUTH,1,3,0,0,1,1,0,0,30,0,1,0,0,2,4,1,1
,2020-18004,39.66759,-104.95938,11/14/2020 12:56,12:56:00,3,0,0,SOUTH UNIVERSITY BOULEVARD & EAST YALE AVENUE,1,1,0,0,1,1,0,0,35,0,0,0,0,0,4,2,13
,2020-18005,39.69388,-104.97693,11/13/2020 17:00,17:00:00,6,0,0,SOUTH EMERSON STREET & 1200,1,3,0,0,1,4,0,0,25,0,0,0,0,0,4,2,14
,2020-18006,39.77559252,-104.8659109,11/8/2020 14:34,14:34:00,15,0,0,I70 & HAVANA STREET NORTH,1,1,0,0,1,4,0,0,55,0,0,0,0,0,1,2,7
,2020-18007,39.72548053,-105.0130699,11/14/2020 12:59,12:59:00,4,0,0,I25 NORTHBOUND EXIT GORE POINT TO & SIXTH AVENUE WEST,1,1,0,6,1,4,0,0,55,0,0,0,0,0,1,3,13
,2020-18008,39.72096,-104.9407,11/14/2020 18:12,18:12:00,1,0,0,COLORADO BOULEVARD NORTH & THIRD AVENUE EAST,1,3,0,0,1,1,0,0,45,0,0,0,0,1,2,2,13
,2020-18010,39.77566,-105.05324,11/7/2020 10:19,10:19:00,12,0,0,SHERIDAN BOULEVARD NORTH & 43RD AVENUE WEST,1,1,0,0,1,4,0,0,35,0,0,0,0,0,2,2,1
,2020-18011,39.74752153,-104.9782894,9/7/2020 17:05,17:05:00,5,0,0,PARK AVENUE WEST & 3381 WEST PARK AVENUE,1,1,0,0,3,4,0,0,15,0,0,0,0,0,4,1,13
,2020-18012,39.73221,-105.04273,11/8/2020 19:13,19:13:00,6,0,0,STUART STREET NORTH & 900 NORTH,1,3,3,0,1,4,0,0,20,0,0,0,0,0,4,2,14
,2020-18013,39.71835253,-104.9862589,8/24/2020 21:55,21:55:00,14,0,0,NORTH LINCOLN STREET & EAST FIRST AVENUE,1,3,0,0,1,4,0,0,30,0,0,0,0,0,4,2,5
,2020-18014,39.71163,-104.95917,10/24/2020 12:38,12:38:00,12,0,2,SOUTH UNIVERSITY BOULEVARD  & EAST ALAMEDA AVENUE,1,1,0,0,1,4,0,0,30,0,0,0,0,2,4,2,7
,2020-18015,39.68951,-105.01571,11/7/2020 17:29,17:29:00,3,0,0,ZUNI STREET SOUTH & FLORIDA AVENUE WEST,1,3,1,0,1,1,0,0,30,0,0,0,0,0,4,2,13
,2020-18016,39.78381,-105.05324,10/24/2020 22:27,22:27:00,3,0,0,SHERIDAN BOULEVARD NORTH & 48TH AVENUE WEST,1,3,0,1,1,1,0,0,35,0,0,0,0,0,2,2,13
,2020-18017,39.74104,-104.94066,10/24/2020 22:51,22:51:00,12,0,0,COLORADO BOULEVARD NORTH & COLFAX AVENUE EAST,1,3,0,0,1,3,0,0,35,0,0,0,0,0,2,2,4
,2020-18018,39.75846,-105.02137,10/25/2020 12:35,12:35:00,12,0,0,WEST 29TH AVENUE & NORTH SPEER BOULEVARD,4,1,0,2,1,3,0,0,30,0,0,0,0,0,4,2,7
,2020-18019,39.83358,-104.72301,10/25/2020 3:38,3:38:00,9,0,0,PENA BOULEVARD & 7500,4,3,0,2,3,4,0,0,65,0,0,0,0,0,4,1,7
,2020-18020,39.67301054,-104.9593804,10/25/2020 10:24,10:24:00,15,0,0,UNIVERSITY BOULEVARD SOUTH & WESLEY AVENUE EAST,4,1,0,2,1,4,0,0,35,0,0,0,0,0,4,2,13
,2020-18021,39.69408,-105.05321,11/8/2020 12:37,12:37:00,1,0,1,SHERIDAN BOULEVARD SOUTH & ARIZONA AVENUE,1,1,0,0,1,1,0,0,40,0,0,0,0,2,4,2,1
,2020-18022,39.68649,-105.04706,11/6/2020 20:30,20:30:00,6,0,0,WINONA COURT SOUTH & 1600 SOUTH,1,4,0,0,1,4,0,0,25,0,0,0,0,0,4,2,16
,2020-18023,39.74034,-105.03228,11/14/2020 20:38,20:38:00,5,0,0,COLFAX AVENUE WEST & KNOX COURT NORTH,1,3,0,0,3,4,0,0,35,0,0,0,0,0,2,1,16
,2020-18024,39.65311,-104.89876,10/25/2020 8:45,8:45:00,3,0,0,SOUTH TAMARAC DRIVE & EAST HAMPDEN AVENUE,9,1,0,2,1,1,0,0,30,0,0,0,0,0,2,2,13
,2020-18025,39.76802,-104.99497,10/25/2020 0:29,0:29:00,5,0,1,I25 NORTHBOUND ON RAMP & PARK AVENUE WEST,11,3,1,2,3,8,0,0,45,0,0,0,0,2,1,1,13
,2020-18027,39.65355,-105.04388,8/11/2020 18:30,18:30:00,5,0,0,RALEIGH STREET SOUTH & 3551 SOUTH RALEIGH STREET,1,1,0,0,3,4,0,0,,0,0,0,0,0,4,1,14
,2020-18028,39.74002,-104.98051,8/15/2020 2:32,2:32:00,15,0,0,COLFAX AVENUE EAST & PENNSYLVANIA STREET,1,3,0,0,1,4,0,0,30,0,0,0,0,0,2,2,14
,2020-18030,39.72733783,-104.9837254,10/25/2020 3:30,3:30:00,5,0,0,I70 & MM 281.7,4,4,0,2,3,4,0,0,65,0,0,0,0,0,1,1,7
,2020-18031,39.6786,-105.03438,10/24/2020 23:51,23:51:00,3,0,0,EVANS AVENUE WEST & LOWELL BOULEVARD SOUTH,1,3,0,0,1,1,0,0,25,0,0,0,0,1,4,2,5
,2020-18033,39.76802,-104.99497,11/8/2020 14:05,14:05:00,9,0,0,I25 & PARK AVENUE WEST,1,1,0,0,1,4,0,0,55,0,0,0,0,0,1,2,13
,2020-18035,39.71888,-104.95899,10/25/2020 9:40,9:40:00,12,0,0,NORTH JOSEPHINE STREET  & EAST SECOND AVENUE,4,1,0,2,1,3,0,0,30,0,0,0,0,0,4,2,1
,2020-18036,39.76116,-105.00476,10/26/2020 9:53,9:53:00,15,0,0,I25 & 20TH STREET,8,1,0,7,1,4,0,0,55,0,0,0,0,0,1,2,3
,2020-18037,39.65319255,-105.0532909,10/25/2020 17:20,17:20:00,5,0,0,HIGHWAY 285 WB & SHERIDAN BOULEVARD SOUTH,4,1,0,2,3,4,0,0,65,0,0,0,0,1,2,1,1
,2020-18039,39.71019,-104.94072,11/8/2020 14:22,14:22:00,12,0,0,COLORADO BOULEVARD SOUTH & ALAMEDA AVENUE EAST,1,1,1,0,1,3,0,0,35,0,0,0,0,0,2,2,3
,2020-18040,39.78024553,-105.0345889,11/6/2020 17:49,17:49:00,6,0,0,WEST 46TH AVENUE  & NORTH LOWELL AVENUE,1,3,0,0,1,4,0,0,25,0,0,0,0,0,4,2,16
,2020-18041,39.70223,-105.02753,11/8/2020 14:55,14:55:00,3,0,1,OHIO AVENUE WEST & HAZEL COURT SOUTH,1,1,0,0,1,1,0,0,25,0,0,0,0,2,4,2,3
,2020-18042,39.78185,-104.97864,11/7/2020 20:15,20:15:00,5,0,0,NORTH WASHINGTON STREET & EAST 47TH AVENUE,1,3,0,0,3,1,0,0,35,0,0,0,0,0,4,1,9
,2020-18043,39.74545,-104.99009,11/14/2020 12:35,12:35:00,10,0,0,17TH STREET & WELTON STREET,1,1,0,6,1,1,0,0,30,0,0,0,0,0,4,2,13
,2020-18044,39.73204,-105.0333,11/8/2020 17:52,17:52:00,6,0,0,NORTH KING STREET & 900,1,4,1,0,1,4,0,0,25,0,0,0,0,0,4,2,3
,2020-18045,39.74373253,-104.9406289,11/14/2020 11:00,11:00:00,1,0,0,17TH AVENUE EAST & COLORADO BOULEVARD NORTH,1,1,0,0,1,1,0,0,35,0,0,0,0,0,2,2,13
,2020-18046,39.69566,-104.90351,11/14/2020 8:11,8:11:00,3,0,0,SOUTH QUEBEC STREET & EAST MISSISSIPPI AVENUE,1,1,0,0,1,1,0,0,35,0,0,0,0,0,4,2,13
,2020-18047,39.72413053,-104.9874919,11/8/2020 3:03,3:03:00,5,0,0,FIFTH AVENUE WEST & BROADWAY STREET NORTH,1,4,0,0,3,4,0,0,25,0,0,0,0,0,4,1,5
,2020-18048,39.7983,-104.77212,10/25/2020 7:55,7:55:00,12,0,0,NORTH TOWER ROAD & EAST 56TH AVENUE,9,1,0,2,1,4,0,0,40,0,0,0,0,0,4,2,13
,2020-18049,39.74000653,-104.9764579,10/19/2020 12:54,12:54:00,2,0,0,COLFAX AVENUE EAST & EMERSON STREET NORTH,1,1,0,0,1,5,0,0,15,1,0,0,0,1,2,2,13
,2020-18050,39.77728,-104.88278,10/8/2020 19:18,19:18:00,12,0,0,I70 & CENTRAL PARK BOULEVARD NORTH,1,3,0,0,1,4,0,0,65,0,0,0,0,0,1,2,13
,2020-18051,39.65308,-104.91845,10/25/2020 21:40,21:40:00,12,0,0,I25 SOUTHBOUND ON RAMP SLIP FROM & HIGHWAY 285 EASTBOUND,9,3,1,2,1,8,0,0,45,0,0,0,0,0,1,2,13
,2020-18052,39.74879,-105.02055,10/20/2020 8:15,8:15:00,3,0,0,21ST AVENUE WEST & DECATUR STREET NORTH,1,1,0,0,1,5,0,0,20,0,0,0,0,0,4,2,3
,2020-18053,39.76193,-104.92229,10/26/2020 9:38,9:38:00,3,0,0,EAST MLK BOULEVARD & NORTH HOLLY STREET,4,1,0,0,1,1,0,0,30,0,0,0,0,0,4,2,13
,2020-18054,39.68897,-104.97343,10/23/2020 7:49,7:49:00,12,0,0,SOUTH DOWNING STREET & I25,4,1,0,0,1,4,0,0,25,0,0,0,0,1,1,2,7
,2020-18055,39.67476,-104.87084,10/12/2020 0:20,0:20:00,3,0,0,PARKER ROAD SOUTH & ILIFF AVENUE EAST,1,4,0,0,1,1,0,0,40,0,0,0,0,0,2,2,14
,2020-18056,39.74012,-104.99885,10/28/2020 14:23,14:23:00,15,0,0,COLFAX AVENUE WEST & SPEER BOULEVARD NORTHBOUND,1,1,0,0,1,1,0,0,35,0,0,0,0,0,2,2,16
,2020-18057,39.71472553,-104.9814979,10/16/2020 9:00,9:00:00,14,0,0,PENNSYLVANIA STREET & BAYAUD AVENUE EAST,1,1,0,0,1,3,0,0,30,0,0,0,0,0,4,2,13
,2020-18058,39.75131053,-105.0165799,10/20/2020 14:13,14:13:00,5,0,0,I25 & 23RD AVENUE WEST,1,1,0,0,1,4,0,0,55,0,0,0,0,0,1,2,14
,2020-18059,39.74000353,-104.9920099,11/3/2020 11:11,11:11:00,15,0,0,I25 NORTHBOUND OFF RAMP GORE POINT TO & SIXTH AVENUE WEST,1,1,0,0,1,8,0,0,55,0,0,0,0,0,1,2,13
,2020-18060,39.76919,-104.97335,11/3/2020 6:48,6:48:00,12,0,0,WALNUT STREET & NORTH DOWNING STREET,1,1,0,0,1,1,0,0,25,0,0,0,0,0,4,2,3
,2020-18061,39.70146,-104.98753,11/3/2020 11:37,11:37:00,12,0,0,BROADWAY STREET SOUTH & I25 SOUTHBOUND ON RAMP,1,1,0,0,1,1,0,0,35,0,0,0,0,0,4,2,14
,2020-18062,39.74891,-104.9874,10/20/2020 9:55,9:55:00,12,0,0,NORTH BROADWAY STREET & 20TH STREET,1,1,0,0,1,1,0,0,35,0,0,0,0,0,4,2,13
,2020-18063,39.73982,-104.97188,10/19/2020 7:30,7:30:00,6,0,0,MARION STREET NORTH & COLFAX AVENUE EAST,1,4,0,0,1,4,0,0,30,0,0,0,0,0,4,2,13
,2020-18064,39.78924,-105.02518,11/7/2020 12:37,12:37:00,15,0,0,FEDERAL BOULEVARD NORTH & 51ST AVENUE WEST,1,1,0,0,1,4,0,0,35,0,0,0,0,0,2,2,13
,2020-18065,39.73687,-104.99869,10/23/2020 8:45,8:45:00,3,0,0,WEST 13TH AVENUE & NORTH SANTA FE DRIVE,1,1,0,0,1,1,0,0,30,0,0,0,0,0,4,2,16
,2020-18066,39.72524464,-104.9717459,10/19/2020 23:00,23:00:00,6,0,0,NORTH MARION STREET  & EAST SIXTH AVENUE,1,3,0,0,1,4,0,0,25,0,0,0,0,0,4,2,16
,2020-18067,39.77052,-105.01236,10/30/2020 10:45,10:45:00,1,0,0,NORTH UMATILLA STREET & WEST 39TH AVENUE,1,1,0,0,1,1,0,0,30,0,0,0,0,0,4,2,16
,2020-18068,39.79198,-104.84293,10/25/2020 8:42,8:42:00,5,0,0,ELEMENDORF PLACE EAST & SCRANTON STREET NORTH,9,3,0,2,3,1,0,0,,0,0,0,0,0,4,1,14
,2020-18070,39.63862,-104.90996,10/23/2020 9:24,9:24:00,5,0,0,QUINCY AVENUE EAST & I25,4,1,2,2,3,4,0,0,35,0,0,0,0,1,4,1,13
,2020-18072,39.74005,-104.98358,11/3/2020 11:00,11:00:00,10,0,0,COLFAX AVENUE EAST & GRANT STREET NORTH,1,1,0,0,1,1,0,0,30,0,0,0,0,0,2,2,13
,2020-18074,39.77412,-104.80989,10/23/2020 14:03,14:03:00,12,0,0,CHAMBERS ROAD NORTH & ANDREWS DRIVE NORTH,1,1,0,0,1,4,0,0,40,0,0,0,0,0,4,2,6
,2020-18075,39.74677,-104.99185,10/23/2020 14:20,14:20:00,15,0,0,17TH STREET & STOUT STREET,1,1,0,0,1,1,0,0,25,0,0,0,0,0,4,2,13
,2020-18076,39.68897,-104.97343,10/20/2020 10:24,10:24:00,6,0,0,EAST BUTCHEL BOULEVARD & SOUTH DOWNING STREET,1,1,0,0,1,4,0,0,30,0,0,0,0,0,1,2,13
,2020-18077,39.71532,-104.95923,10/23/2020 7:46,7:46:00,12,0,0,CHERRY CREEK SOUTHEAST DRIVE & UNIVERSITY BOULEVARD SOUTH,4,1,0,0,1,1,0,0,35,0,0,0,0,0,4,2,13
,2020-18078,39.71121,-104.9989,10/30/2020 9:42,9:42:00,12,0,0,I25 & ALAMEDA AVENUE WEST,1,1,1,0,1,4,0,0,55,0,0,0,0,0,1,2,1
,2020-18079,39.77732952,-104.8829389,10/25/2020 9:45,9:45:00,15,0,0,CENTRAL PARK BOULEVARD NORTH & I70 EASTBOUND OFF RAMP,7,1,1,0,1,1,0,0,35,0,0,0,0,0,4,2,13
,2020-18080,39.71021,-104.95932,10/30/2020 19:58,19:58:00,12,0,0,UNIVERSITY BOULEVARD SOUTH & DAKOTA AVENUE EAST,14,5,3,7,1,1,0,0,35,0,0,0,0,0,4,2,7
,2020-18081,39.6931,-105.02972,10/20/2020 12:30,12:30:00,3,0,0,WEST LOUISIANA AVENUE & SOUTH IRVING STREET,1,1,0,0,1,1,0,0,25,0,0,0,1,1,4,2,3
,2020-18082,39.73653,-105.03843,10/28/2020 13:00,13:00:00,6,0,0,WEST 13TH AVENUE  & NORTH PERRY STREET,1,1,0,0,1,4,0,0,25,0,0,0,0,0,4,2,1
,2020-18083,39.70042454,-105.0532279,11/3/2020 22:07,22:07:00,1,0,0,SHERIDAN BOULEVARD SOUTH & KENTUCKY AVENUE WEST,1,3,0,0,1,1,0,0,35,0,0,0,0,0,2,2,7
,2020-18084,39.74312,-104.99312,10/25/2020 12:15,12:15:00,12,0,0,WELTON STREET  & 15TH STREET,11,1,0,2,1,2,0,0,30,0,0,0,0,1,4,2,8
,2020-18085,39.77996,-104.84075,10/23/2020 9:25,9:25:00,12,0,0,EAST ALBROOK DRIVE  & NORTH TULSA STREET,1,1,0,0,1,4,0,0,35,0,0,0,0,1,4,2,13
,2020-18086,39.67475,-104.8753,10/29/2020 12:16,12:16:00,5,0,0,EAST ILIFF AVENUE & SOUTH DAYTON WAY,1,1,0,0,3,1,0,0,25,0,0,0,0,0,4,1,16
,2020-18087,39.7657,-104.94991,11/14/2020 7:51,7:51:00,3,0,0,EAST 35TH AVENUE & NORTH STEELE STREET,1,1,0,0,1,1,0,0,30,0,0,0,0,0,4,2,16
,2020-18089,39.75849,-105.04473,10/23/2020 14:30,14:30:00,15,0,0,WEST 29TH AVENUE & TENNYSON STREET,1,1,0,0,1,4,0,0,25,0,0,0,0,0,4,2,13
,2020-18090,39.7703,-104.97192,11/1/2020 10:26,10:26:00,3,0,0,38TH STREET & WALNUT STREET,1,1,0,0,1,2,0,0,30,0,0,0,0,0,4,2,8
,2020-18091,39.66751,-104.86611,10/28/2020 8:41,8:41:00,12,0,0,SOUTH HAVANA STREET & EAST YALE AVENUE,1,1,0,0,1,4,0,0,35,0,0,0,0,0,2,2,13
,2020-18092,39.71621953,-104.9407909,10/31/2020 9:05,9:05:00,12,0,0,0000 NORTH COLORADO BOULEVARD & EAST ELLSWORTH AVENUE,1,1,1,0,1,4,0,0,35,0,0,0,0,0,4,2,3
,2020-18093,39.73942,-105.05321,11/3/2020 10:28,10:28:00,15,0,0,SHERIDAN BOULEVARD NORTH & COLFAX AVENUE WEST,1,1,1,0,1,3,0,0,35,0,0,0,0,0,2,2,13
,2020-18095,39.75639,-104.98739,11/3/2020 9:00,9:00:00,3,0,0,24TH STREET & BROADWAY STREET NORTH,1,1,0,0,1,1,0,0,25,0,0,0,0,0,4,2,13
,2020-18096,39.7838,-104.80171,10/30/2020 20:30,20:30:00,3,0,0,EAST GREEN VALLEY RANCH BOULEVARD & NORTH KITTEREDGE STREET,1,3,0,0,1,1,0,0,40,0,0,0,0,0,4,2,5
,2020-18097,39.68051,-105.02503,10/20/2020 12:50,12:50:00,12,0,0,FEDERAL BOULEVARD SOUTH & ASBURY AVENUE WEST,1,1,0,0,1,4,0,0,40,0,0,0,0,0,2,2,3
,2020-18098,39.75537841,-104.9807271,11/1/2020 2:46,2:46:00,5,0,1,STOUT STREET & 1100,1,3,0,0,3,4,0,0,30,0,0,0,0,2,4,1,5
,2020-18099,39.7801,-104.95343,11/3/2020 10:44,10:44:00,1,0,0,NORTH VASQUEZ BOULEVARD & EAST 46TH AVENUE,1,1,0,0,1,1,0,0,35,0,0,0,0,1,2,2,13
,2020-18100,39.75229,-104.99169,11/7/2020 18:15,18:15:00,1,0,0,LAWRENCE STREET & 20TH STREET,1,3,0,0,1,1,0,0,30,0,0,0,0,1,4,2,13
,2020-18101,39.76515,-104.89048,11/3/2020 18:24,18:24:00,12,0,0,NORTH CENTRAL PARK BOULEVARD & EAST 35TH AVENUE,1,2,0,0,1,4,0,0,30,0,0,0,0,0,4,2,13
,2020-18102,39.75237967,-104.9846406,11/1/2020 1:07,1:07:00,12,0,0,I25 NORTHBOUND EXIT GORE POINT TO & PARK AVENUE WEST,1,3,0,0,1,4,0,0,55,0,0,0,0,0,1,2,13
,2020-18103,39.65308,-104.91845,11/3/2020 7:30,7:30:00,12,0,0,I25 SOUTHBOUND OFF RAMP TO & HAMPDEN AVENUE EAST,1,1,1,0,1,8,0,0,35,0,0,0,0,0,1,2,13
,2020-18104,39.68661,-104.93169,10/28/2020 7:38,7:38:00,13,0,0,DAHLIA STREET SOUTH & IOWA AVENUE EAST,1,1,0,0,1,4,0,0,0,0,1,0,0,1,4,1,16
,2020-18105,39.77792,-104.85068,10/26/2020 9:54,9:54:00,5,0,1,45TH AVENUE EAST & PARIS STREET NORTH,4,1,0,0,3,4,0,0,25,0,0,0,0,2,4,2,13
,2020-18106,39.71131,-104.89379,11/7/2020 13:33,13:33:00,5,0,0,ALAMEDA AVENUE EAST & FAIRMOUNT DRIVE EAST,1,1,0,0,2,4,0,0,40,0,0,0,0,0,4,1,3
,2020-18107,39.76061,-104.90011,11/7/2020 9:50,9:50:00,3,0,0,NORTH ROSLYN STREET & EAST MLK BOULEVARD,1,1,0,0,1,1,0,0,35,0,0,0,0,1,4,2,13
,2020-18108,39.77583,-104.86574,11/3/2020 11:11,11:11:00,9,0,0,I70 WB OFF RAMP EXIT GORE POINT TO & HAVANA STREET NORTH,1,1,0,0,1,8,0,0,55,0,0,0,0,1,1,1,1
,2020-18109,39.7794,-104.97915,10/24/2020 13:15,13:15:00,12,0,0,WASHINGTON STREET NORTH & I70 EASTBOUND RAMPS,1,1,0,0,1,3,0,0,30,0,0,0,0,0,4,2,3
,2020-18110,39.69143,-104.91289,10/23/2020 8:24,8:24:00,5,0,0,MONACO STREET SOUTH & CHERRY CREEK NORTHEAST DRIVE,4,1,0,0,3,1,0,0,35,0,0,0,0,0,4,1,14
,2020-18111,39.77842,-104.90357,11/3/2020 7:40,7:40:00,12,0,0,I70 & NORTHFIELD QUEBEC STREET,1,1,0,0,1,4,0,0,55,0,0,0,0,0,1,2,13
,2020-18112,39.77393652,-104.8469389,11/3/2020 12:49,12:49:00,12,0,0,I70 & PEORIA STREET NORTH,1,1,0,0,1,4,0,0,65,0,0,0,0,0,1,2,1
,2020-18113,39.79445,-104.83122,10/30/2020 18:25,18:25:00,3,0,0,WORCHESTER STREET NORTH & MAXWELL PLACE EAST,1,3,0,0,1,1,0,0,25,0,0,0,0,0,4,2,9
,2020-18114,39.78951,-104.77214,10/23/2020 7:55,7:55:00,3,0,0,EAST 51ST AVENUE & NORTH TOWER ROAD,1,1,0,0,1,1,0,0,45,0,0,0,0,1,4,2,13
,2020-18116,39.75471,-105.00595,10/23/2020 8:23,8:23:00,6,0,0,LITTLE RAVEN STREET & BASSETT CIRCLE,1,1,0,0,1,4,0,0,30,0,0,0,0,0,4,2,14
,2020-18117,39.76929,-105.02524,11/7/2020 14:07,14:07:00,12,0,0,WEST 38TH AVENUE & NORTH FEDERAL BOULEVARD,1,1,0,0,1,3,0,0,35,0,0,0,0,0,2,2,6
,2020-18118,39.78203652,-104.9018299,10/24/2020 12:40,12:40:00,9,0,0,SAND CREEK ROAD & NORTH QUEBEC STREET,1,1,0,0,1,4,0,0,35,0,0,0,0,0,2,2,13
,2020-18119,39.77799,-104.77207,10/20/2020 18:54,18:54:00,1,0,0,TOWER ROAD NORTH & 45TH AVENUE EAST,1,3,0,0,1,1,0,0,40,0,0,0,0,0,4,2,13
,2020-18120,39.68399,-104.97578,10/25/2020 12:49,12:49:00,6,0,0,COLORADO AVENUE EAST & OGDEN STREET SOUTH,4,1,0,2,1,4,0,0,25,0,0,0,0,0,4,2,13
,2020-18121,39.74006,-104.98739,10/25/2020 10:35,10:35:00,3,0,0,COLFAX AVENUE EAST & BROADWAY STREET NORTH,11,1,0,2,1,1,0,0,30,0,0,0,0,0,2,2,13
,2020-18122,39.70572553,-104.8904697,11/1/2020 4:00,4:00:00,5,0,0,VALENTIA STREET SOUTH & FAIRMOUNT DRIVE EAST,1,3,0,0,2,6,0,0,30,0,0,0,0,0,4,1,7
,2020-18123,39.76542,-104.98508,10/24/2020 11:30,11:30:00,12,0,0,NORTH BRIGHTON BOULEVARD & 29TH STREET,1,1,0,0,1,4,0,0,30,0,0,0,0,0,4,2,2
,2020-18124,39.74015,-104.92343,10/20/2020 12:06,12:06:00,15,0,0,COLFAX AVENUE EAST & HUDSON STREET NORTH,1,1,0,0,1,4,0,0,30,0,0,0,0,0,2,2,16
,2020-18125,39.77393652,-104.8469389,11/7/2020 6:33,6:33:00,12,0,0,I70 & PEORIA STREET NORTH,1,1,0,0,1,4,0,0,65,0,0,0,0,0,1,2,1
,2020-18126,39.75967,-105.00178,10/22/2020 14:02,14:02:00,11,0,0,20TH STREET & LITTLE RAVEN,1,1,0,0,1,1,0,0,0,0,1,0,0,0,4,1,16
,2020-18127,39.77421,-104.84704,10/20/2020 18:48,18:48:00,15,0,0,I70 & PEORIA STREET NORTH,1,3,0,0,1,4,0,0,55,0,0,0,0,0,1,2,13
,2020-18128,39.72728,-104.98614,10/22/2020 11:13,11:13:00,6,0,0,SEVENTH AVENUE EAST & SHERMAN STREET NORTH,1,3,0,0,1,4,0,0,25,0,0,0,0,0,4,2,16
,2020-18130,39.73687,-104.99869,11/7/2020 12:40,12:40:00,12,0,0,WEST 13TH AVENUE & NORTH SANTA FE DRIVE,1,1,0,0,1,4,0,0,25,0,0,0,0,0,4,2,13
,2020-18131,39.67121,-104.95939,11/7/2020 9:15,9:15:00,5,0,0,UNIVERSITY BOULEVARD SOUTH & HARVARD AVENUE EAST,1,1,0,0,3,4,0,0,30,0,0,0,0,0,4,1,13
,2020-18132,39.74744,-104.90345,10/24/2020 19:02,19:02:00,1,0,0,NORTH QUEBEC STREET & EAST MONTVIEW BOULEVARD,1,3,0,0,1,1,0,0,30,0,0,0,0,0,4,2,7
,2020-18133,39.70767,-105.02983,10/22/2020 16:19,16:19:00,12,0,0,WEST VIRGINIA AVENUE & SOUTH JULIAN STREET,1,1,0,0,1,2,0,0,25,0,0,0,0,0,4,2,13
,2020-18136,39.69571,-104.98508,11/7/2020 17:32,17:32:00,5,0,1,SHERMAN STREET SOUTH & MISSISSIPPI AVENUE EAST,1,4,0,0,1,4,0,0,25,0,0,0,0,2,4,1,5
,2020-18137,39.76929,-105.02524,11/7/2020 14:29,14:29:00,3,0,0,WEST 38TH AVENUE & NORTH FEDERAL BOULEVARD,1,1,0,1,1,1,0,0,35,0,0,0,0,0,2,2,1
,2020-18138,39.74092,-104.96971,10/21/2020 15:42,15:42:00,3,0,0,PARK AVENUE & NORTH HUMBOLDT STREET,1,1,0,0,1,1,0,0,30,0,0,0,0,0,4,2,8
,2020-18139,39.74324,-104.97269,10/21/2020 15:14,15:14:00,15,0,0,PARK AVENUE & EAST 17TH AVENUE,1,1,0,0,1,4,0,0,30,0,0,0,0,0,4,2,1
,2020-18140,39.76929,-105.0112,11/7/2020 10:00,10:00:00,1,0,0,38TH AVENUE WEST & TEJON STREET NORTH,1,1,0,0,1,1,0,0,35,0,0,0,0,0,4,2,13
,2020-18141,39.68294,-104.94055,10/15/2020 6:25,6:25:00,15,0,0,I25 SOUTHBOUND ON RAMP LOOP FROM & COLORADO BOULEVARD SOUTH,1,2,1,0,1,8,0,0,55,0,0,0,0,0,1,2,13
,2020-18142,39.77833753,-104.9793514,10/22/2020 15:42,15:42:00,12,0,0,WASHINGTON STREET & WEST 45TH AVENUE,1,1,1,0,1,4,0,0,35,0,0,0,0,0,4,2,13
,2020-18143,39.77237,-104.90716,10/8/2020 13:57,13:57:00,12,0,0,EAST SMITH ROAD & NORTH ONEIDA STREET,1,1,0,0,1,4,0,0,30,0,0,0,0,0,4,2,13