id,drcog_id,latitude,longitude,crashtime,time,crashtype,numbkilled,numbinjurd,drcoglocat,rdconditin,lightngcon,roadcntgrd,weatherco,location,roaddescrp,schoolzone,constrzone,splimit,bikeinv,pedinv,sctrinv,motoinv,svrty,rdsystem,ttlvehcls,hcf
,2020-18144,39.77842,-104.90357,9/9/2020 14:54,14:54:00,15,0,0,I70 & NORTHFIELD QUEBEC STREET,1,1,0,0,1,4,0,0,65,0,0,0,0,0,1,2,13
,2020-18146,39.65378,-104.88478,11/7/2020 13:52,13:52:00,15,0,0,YOSEMITE STREET SOUTH & HAMPDEN AVENUE EAST,1,1,1,0,1,4,0,0,35,0,0,0,0,0,4,2,13
,2020-18153,39.77704,-104.88003,10/22/2020 16:19,16:19:00,12,0,0,I70 & I270 WB DIRECT CONNECT,1,1,0,0,1,4,0,0,55,0,0,0,0,0,1,2,8
,2020-18157,39.78360251,-104.791382,10/22/2020 16:06,16:06:00,12,0,0,EAST GREEN VALLEY RANCH BOULEVARD & NORTH PENA BOULEVARD,1,1,0,0,1,4,0,0,40,0,0,0,0,1,4,2,1
,2020-18158,39.76929,-105.00414,10/28/2020 20:04,20:04:00,1,0,0,38TH AVENUE WEST & NAVAJO STREET NORTH,1,3,0,0,1,1,0,0,35,0,0,0,0,1,4,2,5
,2020-18180,39.78178,-104.77213,10/29/2020 11:05,11:05:00,3,0,0,TOWER ROAD NORTH & 47TH AVENUE EAST,1,1,0,0,1,1,0,0,40,0,0,0,0,0,4,2,1
,2020-18186,39.69583,-105.02506,10/20/2020 12:22,12:22:00,12,0,0,FEDERAL BOULEVARD SOUTH & MISSISSIPPI AVENUE WEST,1,1,0,0,1,4,0,0,35,0,0,0,0,0,2,2,1
,2020-18187,39.77658,-104.8315,10/22/2020 22:00,22:00:00,12,0,0,NORTH CRYSTAL STREET & EAST ALBROOK DRIVE,4,3,0,2,1,1,0,0,25,0,0,0,0,0,4,2,1
,2020-18189,39.76467,-105.02528,10/22/2020 17:55,17:55:00,6,0,0,WEST 34TH AVENUE & NORTH FEDERAL BOULEVARD,11,3,0,2,1,4,0,0,25,0,0,0,0,0,4,2,16
,2020-18190,39.78027,-104.98956,11/13/2020 21:39,21:39:00,5,0,0,I25 SOUTHBOUND EXIT GORE POINT TO & I70,1,3,0,0,3,4,0,0,65,0,0,0,0,1,1,1,1
,2020-18191,39.67943,-104.97574,10/22/2020 17:29,17:29:00,10,0,0,OGDEN STREET SOUTH & EVANS AVENUE EAST,11,2,0,1,1,1,0,0,25,0,0,0,0,0,4,2,1
,2020-18193,39.78384453,-104.8999958,10/23/2020 1:09,1:09:00,12,0,0,I70 EASTBOUND ENTRANCE GORE POINT FROM & NORTHFIELD QUEBEC STREET,4,4,0,2,1,4,0,0,65,0,0,0,0,0,1,2,16
,2020-18195,39.77703,-104.88298,10/22/2020 22:07,22:07:00,5,0,0,I270 & CENTRAL PARK BOULEVARD NORTH,6,3,1,2,2,4,0,0,65,0,0,0,0,1,4,1,13
,2020-18197,39.76938,-105.04686,10/22/2020 17:54,17:54:00,15,0,0,WEST 38TH AVENUE & 4600,11,3,0,1,1,4,0,0,35,0,0,0,0,0,4,2,5
,2020-18200,39.77728,-104.88278,10/23/2020 7:20,7:20:00,12,0,0,I70 WB ON RAMP FROM & CENTRAL PARK BOULEVARD NORTH,4,2,1,0,1,8,0,0,40,0,0,0,0,0,1,2,13
,2020-18203,39.68949,-105.02506,10/24/2020 0:05,0:05:00,15,0,0,FEDERAL BOULEVARD SOUTH & FLORIDA AVENUE WEST,1,3,0,0,1,1,0,0,40,0,0,0,0,0,4,2,13
,2020-18205,39.75014,-105.00485,10/26/2020 6:00,6:00:00,12,0,0,CHOPPER CIRCLE & NORTH SPEER BOULEVARD,4,3,1,2,1,1,0,0,35,0,0,0,0,0,4,2,1
,2020-18213,39.70754,-104.98762,10/25/2020 14:31,14:31:00,3,0,0,SOUTH BROADWAY STREET & WEST VIRGINIA AVENUE,9,1,0,2,1,1,0,0,30,0,0,0,0,1,4,2,3
,2020-18218,39.71151,-104.94656,11/13/2020 23:03,23:03:00,5,0,0,EAST ALAMEDA AVENUE & EAST CHERRY CREEK NORTH DRIVE,1,3,0,0,2,4,0,0,30,0,0,0,0,0,4,1,5
,2020-18228,39.77562,-104.86574,10/22/2020 18:12,18:12:00,1,0,0,HAVANA STREET NORTH & I70 EASTBOUND ON RAMP,11,3,0,1,1,1,0,0,35,0,0,0,0,0,4,2,13
,2020-18229,39.69854096,-104.8822481,11/3/2020 16:00,16:00:00,5,0,0,MISSISSIPPI AVENUE EAST & 9099 EAST MISSISSIPPI AVENUE,1,1,0,0,3,4,0,0,,0,0,0,0,0,4,1,7
,2020-18234,39.78021,-104.98919,10/22/2020 21:45,21:45:00,12,0,0,I70 & I25,4,3,0,1,1,4,0,0,65,0,0,0,0,0,1,2,7
,2020-18238,39.76193901,-104.9027595,10/23/2020 10:00,10:00:00,5,0,0,EAST MLK BOULEVARD & 7401,11,1,0,0,4,1,0,0,25,0,0,0,0,0,4,1,16
,2020-18241,39.65308,-104.91826,11/12/2020 13:58,13:58:00,15,0,0,I25 NORTHBOUND OFF RAMP EXIT GORE POINT TO & HAMPDEN AVENUE EAST,1,1,1,0,1,8,0,0,60,0,0,0,0,0,1,2,1
,2020-18242,39.73562,-104.89642,10/25/2020 15:45,15:45:00,3,0,0,EAST 12TH AVENUE & NORTH TRENTON STREET,4,1,0,2,1,1,0,0,15,0,0,0,0,0,4,2,13
,2020-18243,39.71119,-104.99714,11/13/2020 15:35,15:35:00,15,0,0,SOUTH SANTA FE DRIVE & WEST ALAMEDA AVENUE,1,1,0,0,1,3,0,0,35,0,0,0,0,0,4,2,2
,2020-18244,39.70586,-104.92697,10/23/2020 15:00,15:00:00,6,0,0,SOUTH FOREST STREET  & LEETSDALE DRIVE,1,1,0,0,1,4,0,0,25,0,0,0,0,0,2,2,1
,2020-18245,39.71117,-105.03879,10/5/2020 18:35,18:35:00,12,0,0,3900 WEST ALAMEDA AVENUE & SOUTH PERRY STREET,1,1,0,0,1,3,0,0,35,0,0,0,0,0,4,2,3
,2020-18246,39.75794,-104.99831,10/30/2020 21:38,21:38:00,3,0,0,CHESTNUT PLACE & 2000,1,3,0,0,1,2,0,0,25,0,0,0,0,0,4,2,8
,2020-18247,39.70491,-105.03503,10/23/2020 18:42,18:42:00,6,0,0,SOUTH LOWELL BOULEVARD  & WEST EXPOSITION AVENUE,1,1,0,0,1,4,0,0,20,0,0,0,0,0,4,2,1
,2020-18248,39.68279,-104.95918,11/4/2020 8:08,8:08:00,10,0,0,BUCHTEL BOULEVARD EAST & UNIVERSITY BOULEVARD SOUTH,1,1,0,0,1,1,0,0,30,0,0,0,0,0,4,2,16
,2020-18249,39.73765,-104.95396,11/13/2020 15:30,15:30:00,6,0,0,NORTH DETROIT STREET  & EAST 14TH AVENUE,1,1,0,0,1,4,0,0,30,0,0,0,0,0,4,2,8
,2020-18250,39.77966052,-104.9792614,10/30/2020 8:10,8:10:00,15,0,0,I70 WB DISTRIBUTOR RAMP & WASHINGTON AVENUE NORTH,1,1,0,0,1,8,0,0,45,0,0,0,0,0,1,2,13
,2020-18251,39.68072,-105.05323,10/16/2020 15:24,15:24:00,12,0,1,SOUTH SHERIDAN BOULEVARD & WEST JEWELL AVENUE,1,1,1,0,1,3,0,0,40,0,0,0,0,1,2,2,16
,2020-18252,39.76148,-104.97461,11/12/2020 16:27,16:27:00,15,0,0,32ND STREET & CHAMPA STREET,1,2,0,0,1,4,0,0,25,0,0,0,0,0,4,2,1
,2020-18253,39.75576,-104.98896,11/13/2020 8:09,8:09:00,10,0,0,PARK AVENUE WEST & LARIMER STREET,1,1,0,0,1,1,0,0,30,0,0,0,0,0,4,2,13
,2020-18254,39.67846,-104.9252,11/12/2020 15:26,15:26:00,1,0,0,EVANS AVENUE EAST & GRAPE STREET SOUTH,1,1,0,0,1,1,0,0,35,0,0,0,0,0,4,2,14
,2020-18255,39.72931,-105.01319,11/10/2020 7:12,7:12:00,2,0,1,EIGHTH AVENUE WEST & VALLEJO STREET NORTH,1,1,1,0,1,1,0,0,35,1,0,0,0,1,4,2,3
,2020-18256,39.71121,-104.99913,10/30/2020 8:26,8:26:00,12,0,0,I25 & ALAMEDA AVENUE WEST,1,1,1,0,1,4,0,0,55,0,0,0,0,0,1,2,1
,2020-18257,39.71005,-105.02959,9/23/2020 20:40,20:40:00,6,0,0,SOUTH IRVING STREET  & WEST NEVADA PLACE,1,3,0,0,1,4,0,0,30,0,0,0,0,0,4,2,13
,2020-18258,39.6603,-104.88511,11/13/2020 0:23,0:23:00,5,0,1,SOUTH SYRACUSE WAY & SOUTH YOSEMITE STREET,1,3,0,0,4,1,0,0,35,0,0,0,0,2,4,1,1
,2020-18259,39.77703,-104.88298,10/22/2020 23:23,23:23:00,12,0,0,I270 & CENTRAL PARK BOULEVARD NORTH,4,3,0,2,1,4,0,0,65,0,0,0,0,0,1,2,7
,2020-18260,39.69294,-104.94063,10/26/2020 8:25,8:25:00,1,0,0,COLORADO BOULEVARD SOUTH & LOUISIANA AVENUE EAST,7,1,1,2,1,1,0,0,35,0,0,0,0,0,2,2,1
,2020-18261,39.74011,-104.99808,11/13/2020 17:20,17:20:00,12,0,0,NORTH SPEER BOULEVARD & WEST COLFAX AVENUE,1,3,0,0,1,3,0,0,30,0,0,0,0,0,4,2,1
,2020-18262,39.74002,-104.98111,10/8/2020 19:15,19:15:00,3,0,0,COLFAX AVENUE EAST & PENNSYLVANIA STREET NORTH,1,4,1,0,1,1,0,0,30,0,0,0,0,0,2,2,1
,2020-18263,39.77484,-104.7534,11/13/2020 18:46,18:46:00,3,0,0,HIMALAYA ROAD NORTH & 42ND AVENUE EAST,1,3,0,0,1,1,0,0,30,0,0,0,0,0,4,2,8
,2020-18264,39.71295,-104.98278,10/30/2020 16:50,16:50:00,3,0,0,EAST CEDAR AVENUE & SOUTH LOGAN STREET,1,1,0,0,1,1,0,0,30,0,0,0,0,1,4,2,3
,2020-18265,39.74,-104.96477,11/14/2020 0:39,0:39:00,12,0,0,COLFAX AVENUE EAST & HIGH STREET NORTH,1,3,0,0,1,1,0,0,30,0,0,0,0,0,2,2,5
,2020-18266,39.78303,-104.90063,9/20/2020 0:01,0:01:00,12,0,0,NORTHFIELD QUEBEC STREET & I270 WB ON RAMP,1,3,0,0,1,1,0,0,40,0,0,0,0,0,4,2,16
,2020-18267,39.76697,-104.9721,11/12/2020 15:00,15:00:00,3,0,0,MARION STREET NORTH & 36TH AVENUE EAST,1,1,0,0,1,1,0,0,35,0,0,0,0,0,4,2,16
,2020-18268,39.77842,-104.90357,10/7/2020 19:02,19:02:00,15,0,0,NORTHFIELD QUEBEC STREET & I70 WB RAMPS,1,2,0,0,1,3,0,0,35,0,0,0,0,0,4,2,8
,2020-18269,39.65312,-104.90242,11/13/2020 16:43,16:43:00,12,0,0,HAMPDEN AVENUE EAST & 7500 EAST,1,3,1,0,1,1,0,0,40,0,0,0,0,0,2,2,13
,2020-18271,39.78324253,-105.0064504,10/22/2020 22:27,22:27:00,12,0,0,I70 WB EXIT GORE POINT TO & PECOS STREET NORTH,4,3,0,2,1,4,0,0,65,0,0,0,0,0,2,2,13
,2020-18272,39.72827,-104.9407,11/15/2020 10:15,10:15:00,15,0,0,COLORADO BOULEVARD NORTH & SEVENTH AVENUE EAST,1,1,0,0,1,1,0,0,35,0,0,0,0,0,4,2,16
,2020-18273,39.74000353,-104.9920099,11/12/2020 19:05,19:05:00,9,0,0,MONACO STREET SOUTH & LASALLE AVENUE EAST,1,3,0,0,3,4,0,0,35,0,0,0,0,0,4,1,7
,2020-18274,39.74034,-105.03698,10/22/2020 22:20,22:20:00,3,0,2,COLFAX AVENUE WEST & NEWTON STREET NORTH,11,3,0,2,1,1,0,0,35,0,0,0,0,1,2,2,14
,2020-18275,39.71735,-104.89599,11/13/2020 10:30,10:30:00,10,0,0,RAMPART WAY NORTH & LOWRY BOULEVARD EAST,1,1,0,0,1,6,0,0,30,0,0,0,0,0,4,2,7
,2020-18276,39.78018253,-104.9891794,11/13/2020 22:27,22:27:00,5,0,0,I70 EASTBOUND EXIT GORE POINT TO & I25 SOUTHBOUND,1,3,0,0,3,4,0,0,55,0,0,0,0,1,1,1,5
,2020-18277,39.77703,-104.88298,10/22/2020 23:23,23:23:00,12,0,0,I270 & CENTRAL PARK BOULEVARD NORTH,4,3,0,2,1,4,0,0,55,0,0,0,0,0,1,2,7
,2020-18278,39.69113,-104.97343,11/9/2020 17:20,17:20:00,15,0,0,DOWNING STREET & ARKANSAS AVENUE,9,3,0,2,1,3,0,0,25,0,0,0,0,0,4,2,16
,2020-18279,39.77508,-104.90337,11/13/2020 12:23,12:23:00,15,0,0,NORTH QUEBEC STREET & EAST 40TH AVENUE,1,1,1,0,1,4,0,0,30,0,0,0,0,0,4,2,1
,2020-18280,39.7645,-104.96595,10/30/2020 14:46,14:46:00,3,0,0,BRUCE RANDOLPH AVENUE EAST & WILLIAMS STREET NORTH,1,1,0,0,1,1,0,0,,0,0,0,0,0,4,2,16
,2020-18281,39.75313,-105.00805,10/17/2020 19:52,19:52:00,15,0,1,NORTH SPEER BOULEVARD & ELITCH CIRCLE,1,3,1,0,1,4,0,0,35,0,0,0,1,3,4,2,7
,2020-18282,39.75822,-105.0239,11/13/2020 10:55,10:55:00,12,0,0,WEST 29TH AVENUE & NORTH FEDERAL BOULEVARD,1,1,1,0,1,3,0,0,30,0,0,0,0,0,2,2,16
,2020-18283,39.74016,-104.89286,10/31/2020 10:32,10:32:00,12,0,0,EAST COLFAX AVENUE & NORTH UINTA STREET,1,1,0,0,1,1,0,0,35,0,0,0,0,1,2,2,16
,2020-18284,39.66758,-104.92069,11/13/2020 15:25,15:25:00,1,0,0,EAST YALE AVENUE & SOUTH HOLLY STREET,1,1,0,0,1,1,0,0,30,0,0,0,0,0,4,2,3
,2020-18285,39.76802,-104.99497,11/13/2020 11:23,11:23:00,12,0,1,I25 & PARK AVENUE WEST,1,1,1,0,1,4,0,0,55,0,0,0,0,2,1,2,1
,2020-18286,39.70138,-104.98745,9/20/2020 13:42,13:42:00,15,0,0,I25 & BROADWAY STREET SOUTH,1,1,0,0,1,4,0,0,55,0,0,0,0,0,1,2,13
,2020-18287,39.78818789,-104.8834134,10/31/2020 22:20,22:20:00,8,0,0,NORTH QUEBEC STREET & EAST 50TH AVENUE,1,3,0,0,1,4,0,0,40,0,0,0,0,0,4,2,5
,2020-18288,39.73126,-104.96939,10/31/2020 16:25,16:25:00,15,0,0,HUMBOLDT STREET NORTH & NINTH AVENUE EAST,1,1,1,0,1,4,0,0,30,0,0,0,0,0,4,2,5
,2020-18289,39.74016,-104.89525,10/17/2020 18:15,18:15:00,10,0,0,COLFAX AVENUE EAST & TAMARAC STREET NORTH,1,1,0,0,1,1,0,0,35,0,0,0,0,0,2,2,1
,2020-18290,39.67561,-105.05318,10/16/2020 14:30,14:30:00,12,0,0,SHERIDAN BOULEVARD SOUTH & WARREN AVENUE WEST,1,1,0,0,1,1,0,0,35,0,0,0,0,0,2,2,16
,2020-18291,39.67101,-105.02857,11/2/2020 9:41,9:41:00,6,0,0,HOOKER STREET SOUTH & YALE AVENUE WEST,1,1,0,0,1,4,0,0,25,0,0,0,0,0,4,2,16
,2020-18292,39.69489,-105.02006,11/8/2020 17:00,17:00:00,6,0,0,CLAY STREET SOUTH & MISSISSIPPI AVENUE WEST,14,5,3,7,1,4,0,0,25,0,0,0,0,0,4,2,16
,2020-18293,39.71051,-105.04204,10/23/2020 22:32,22:32:00,3,0,0,SOUTH RALEIGH STREET & WEST NEVADA PLACE,1,4,0,0,1,1,0,0,25,0,0,0,0,0,4,2,13
,2020-18294,39.73686,-104.99412,10/22/2020 19:21,19:21:00,10,0,0,NORTH ELATI STREET & WEST 13TH AVENUE,11,3,1,1,1,2,0,0,30,0,0,0,0,0,4,2,7
,2020-18295,39.63599,-104.90828,10/22/2020 19:08,19:08:00,12,0,0,I25 SOUTHBOUND OFF RAMP & BELLEVIEW AVENUE,4,3,1,2,1,8,0,0,45,0,0,0,0,0,1,2,7
,2020-18296,39.75649,-104.93942,10/31/2020 19:59,19:59:00,5,0,0,28TH AVENUE EAST & ALBION STREET NORTH,1,3,0,0,2,1,0,0,25,0,0,0,0,0,4,1,13
,2020-18297,39.70295,-104.96402,11/13/2020 13:55,13:55:00,15,0,0,SOUTH RACE STREET & EAST EXPOSITION AVENUE,1,1,0,0,1,3,0,0,25,0,0,0,0,0,4,2,2
,2020-18298,39.72534,-104.91257,10/23/2020 7:55,7:55:00,12,0,0,EAST SIXTH AVENUE & NORTH MONACO STREET,4,1,0,0,1,1,0,0,35,0,0,0,0,1,4,2,13
,2020-18299,39.73688,-105.00526,10/11/2020 2:11,2:11:00,12,0,0,WEST 13TH AVENUE & NORTH OSAGE STREET,1,3,0,0,1,14,0,0,25,0,0,0,0,0,4,2,13
,2020-18300,39.74044,-105.01397,10/31/2020 18:52,18:52:00,3,0,3,COLFAX AVENUE WEST & I25 NORTHBOUND OFF RAMP,1,3,0,0,1,1,0,0,45,0,0,0,0,3,2,2,16
,2020-18301,39.73718421,-104.9671937,9/19/2020 11:00,11:00:00,6,0,0,NORTH GILPIN STREET  & EAST 13TH AVENUE,1,1,0,0,1,4,0,0,25,0,0,0,0,0,4,2,16
,2020-18302,39.67845,-104.93377,10/14/2020 17:56,17:56:00,12,0,0,I25 & EVANS AVENUE EAST,1,1,0,0,1,4,0,0,60,0,0,0,0,0,1,2,1
,2020-18303,39.77868,-104.91288,11/13/2020 11:15,11:15:00,10,0,0,EAST STAPLETON DRIVE & NORTH MONACO STREET,1,1,0,0,1,1,0,0,35,0,0,0,0,0,4,2,8
,2020-18304,39.78739,-104.97828,10/31/2020 10:24,10:24:00,10,0,0,50TH AVENUE EAST & WASHINGTON STREET NORTH,1,1,0,0,1,1,0,0,25,0,0,0,0,0,4,2,14
,2020-18305,39.74044,-105.01416,10/31/2020 14:29,14:29:00,9,0,1,I25 SOUTHBOUND ON RAMP LOOP FROM & HIGHWAY 40 WB,1,1,1,0,1,8,0,0,25,0,0,0,1,3,1,1,8
,2020-18306,39.62815,-104.90696,11/13/2020 13:30,13:30:00,3,0,0,UNION AVENUE EAST & NEWPORT STREET SOUTH,1,1,0,0,1,1,0,0,30,0,0,0,0,0,4,2,3
,2020-18307,39.73685,-104.98739,11/13/2020 8:20,8:20:00,12,0,0,EAST 13TH AVENUE & NORTH BROADWAY STREET,1,1,1,0,1,3,0,0,30,0,0,0,0,0,4,2,13
,2020-18308,39.69746,-105.00152,9/23/2020 22:05,22:05:00,6,0,0,LIPAN STREET SOUTH & HOYE PLACE WEST,1,3,1,0,1,1,0,0,30,0,0,0,0,0,4,2,1
,2020-18309,39.70126,-105.02038,10/31/2020 1:48,1:48:00,6,0,0,CLAY STREET SOUTH & KENTUCKY AVENUE WEST,1,4,0,1,1,4,0,0,25,0,0,0,0,0,4,2,14
,2020-18310,39.69687,-105.05323,10/31/2020 12:30,12:30:00,12,0,0,SOUTH SHERIDAN BOULEVARD & MORRISON ROAD,1,1,0,0,1,3,0,0,30,0,0,0,0,0,2,2,3
,2020-18312,39.71119,-104.99714,11/13/2020 16:41,16:41:00,10,0,0,SOUTH SANTA FE DRIVE & WEST ALAMEDA AVENUE,1,1,0,0,1,1,0,0,35,0,0,0,0,0,4,2,2
,2020-18313,39.70402,-105.03213,10/31/2020 22:09,22:09:00,6,0,0,WEST EXPOSTION AVENUE  & SOUTH KNOX COURT,1,4,0,0,1,4,0,0,,0,0,0,0,0,4,2,1
,2020-18314,39.72907,-104.98615,11/13/2020 22:55,22:55:00,3,0,0,EAST EIGHTH AVENUE & NORTH LINCOLN STREET,1,3,0,0,1,1,0,0,30,0,0,0,0,0,4,2,16
,2020-18315,39.69301,-104.98157,11/12/2020 17:45,17:45:00,6,0,0,PENNSYLVANIA STREET SOUTH & LOUISIANA AVENUE EAST,1,3,0,0,1,3,0,0,25,0,0,0,0,0,4,2,1
,2020-18316,39.72538,-105.01301,9/19/2020 5:46,5:46:00,5,0,0,I25 NORTHBOUND ON RAMP LOOP ENTRANCE GORE POINT FROM & HIGHWAY 6 EASTBOUND,1,2,1,0,2,8,0,0,35,0,0,0,0,0,1,1,16
,2020-18317,39.77714,-104.88298,11/13/2020 11:00,11:00:00,5,0,0,I70 EASTBOUND OFF RAMP TO & CENTRAL PARK BOULEVARD NORTH,1,1,0,0,1,8,0,0,35,0,0,0,0,1,1,1,13
,2020-18318,39.78365651,-104.761178,10/31/2020 13:20,13:20:00,12,0,0,EAST GREEN VALLEY RANCH BOULEVARD & NORTH FLANDERS WAY,1,1,0,0,1,3,0,0,35,0,0,0,0,0,4,2,4
,2020-18319,39.74035,-105.05321,11/7/2020 22:50,22:50:00,15,0,0,COLFAX AVENUE WEST & SHERIDAN BOULEVARD NORTH,1,3,0,0,1,1,0,0,35,0,0,0,0,0,2,2,14
,2020-18320,39.7796,-104.84702,10/5/2020 17:20,17:20:00,1,0,0,PEORIA STREET NORTH & 46TH AVENUE EAST,1,1,0,0,1,1,0,0,35,0,0,0,0,1,4,2,13
,2020-18321,39.77421,-104.84704,10/28/2020 6:54,6:54:00,12,0,0,I70 & PEORIA STREET NORTH,1,2,1,0,1,4,0,0,55,0,0,0,0,1,1,2,1
,2020-18322,39.68209,-104.90348,11/12/2020 15:40,15:40:00,15,0,0,SOUTH QUEBEC STREET & EAST JEWELL AVENUE,1,1,0,0,1,1,0,0,35,0,0,0,0,0,4,2,3
,2020-18323,39.77393652,-104.8469389,11/13/2020 23:10,23:10:00,12,0,0,I70 & PEORIA STREET NORTH,1,3,1,0,1,4,0,0,55,0,0,0,0,0,1,2,7
,2020-18324,39.70606,-104.94075,11/1/2020 1:57,1:57:00,12,0,0,COLORADO BOULEVARD SOUTH & CHERRY CREEK SOUTHEAST DRIVE,1,3,0,0,1,1,0,0,35,0,0,0,0,0,2,2,5
,2020-18325,39.71116,-104.98758,9/30/2020 19:00,19:00:00,12,0,0,SOUTH BROADWAY STREET & EAST ALAMEDA AVENUE,1,1,0,0,1,3,0,0,25,0,0,0,0,0,4,2,16
,2020-18326,39.73727,-104.89875,10/30/2020 16:38,16:38:00,10,0,0,EAST 13TH AVENUE & NORTH SYRACUSE STREET,1,1,0,0,1,1,0,0,30,0,0,0,0,0,4,2,3
,2020-18327,39.73868352,-104.8893694,11/13/2020 16:29,16:29:00,10,0,0,EAST 14TH AVENUE & NORTH WABASH STREET,1,2,0,0,1,1,0,0,30,0,0,0,0,0,4,2,8
,2020-18328,39.73671,-104.94067,10/31/2020 22:33,22:33:00,3,0,0,EAST 13TH AVENUE & NORTH COLORADO BOULEVARD,1,3,0,0,1,1,0,0,35,0,0,0,0,1,2,2,13
,2020-18329,39.68489954,-104.9594704,11/1/2020 0:56,0:56:00,5,0,0,I25 & UNIVERSITY BOULEVARD SOUTH,1,3,1,7,3,4,0,0,30,0,0,0,0,0,1,1,5
,2020-18330,39.7414,-104.99884,11/1/2020 1:00,1:00:00,15,0,0,STOUT STREET & SPEER BOULEVARD NORTH,1,3,0,0,1,1,0,0,40,0,0,0,0,0,4,2,4
,2020-18331,39.68932,-104.94063,10/29/2020 15:25,15:25:00,15,0,0,COLORADO BOULEVARD SOUTH & FLORIDA AVENUE EAST,1,1,0,0,1,3,0,0,40,0,0,0,0,0,2,2,16
,2020-18332,39.76037,-104.98649,11/15/2020 3:52,3:52:00,6,0,0,BLAKE STREET & 26TH STREET,1,3,0,0,1,4,0,0,30,0,0,0,0,0,4,2,5
,2020-18333,39.78021,-105.05324,10/28/2020 6:57,6:57:00,12,0,0,NORTH SHERIDAN BOULEVARD & WEST 46TH AVENUE,1,1,0,0,1,1,0,0,35,0,0,0,0,0,2,2,13
,2020-18334,39.72908,-104.97294,10/30/2020 11:43,11:43:00,12,0,0,EAST EIGHTH AVENUE & NORTH DOWNING STREET,1,1,0,0,1,4,0,0,30,0,0,0,0,0,4,2,13
,2020-18335,39.74824,-104.98647,11/1/2020 17:45,17:45:00,3,0,0,20TH STREET & WELTON STREET,1,3,1,0,1,1,0,0,30,0,0,0,0,1,4,2,16
,2020-18336,39.72563,-104.98488,11/13/2020 22:21,22:21:00,2,0,0,SIXTH AVENUE EAST & SHERMAN STREET NORTH,1,3,0,0,1,1,0,0,0,1,0,0,0,1,4,2,16
,2020-18337,39.7112,-105.00865,10/30/2020 10:43,10:43:00,3,0,0,SOUTH RARITAN STREET & WEST ALAMEDA AVENUE,1,1,0,0,1,1,0,0,25,0,0,0,0,0,2,2,13
,2020-18338,39.69674,-105.02974,10/29/2020 15:39,15:39:00,3,0,0,WEST MISSISSIPPI AVENUE & SOUTH IRVING STREET,1,1,0,0,1,1,0,0,25,0,0,0,0,0,4,2,13
,2020-18339,39.69746,-104.86596,10/29/2020 15:22,15:22:00,11,0,1,HAVANA STREET SOUTH & TENNESSEE AVENUE EAST,1,1,0,0,1,3,0,0,0,0,1,0,0,2,4,1,16
,2020-18340,39.65311,-104.89876,10/31/2020 11:20,11:20:00,1,0,0,SOUTH TAMARAC DRIVE & EAST HAMPDEN AVENUE,1,1,0,0,1,1,0,0,30,0,0,0,0,1,2,2,13
,2020-18341,39.74036,-105.04867,8/17/2020 18:11,18:11:00,11,0,0,WOLFF STREET NORTH & COLFAX AVENUE WEST,1,1,1,0,1,4,0,0,25,0,1,0,0,1,1,1,16
,2020-18342,39.70299,-105.02038,10/1/2020 19:30,19:30:00,6,0,0,SOUTH CLAY STREET  & WEST EXPOSITION AVENUE,1,4,0,0,1,4,0,0,25,0,0,0,0,0,4,2,16
,2020-18343,39.77287,-104.83384,9/7/2020 1:58,1:58:00,5,0,0,I25 & I70,1,3,0,0,2,4,0,0,65,0,0,0,0,0,1,1,14
,2020-18344,39.69883,-104.90436,10/29/2020 16:34,16:34:00,12,0,0,LEETSDALE DRIVE & QUEBEC STREET SOUTH,1,1,0,0,1,3,0,0,40,0,0,0,0,0,2,2,1
,2020-18345,39.77425152,-104.8471099,11/1/2020 18:11,18:11:00,12,0,0,I70 WB ON RAMP SLIP FROM & PEORIA STREET NORTH,1,3,0,0,1,8,0,0,35,0,0,0,0,1,1,2,1
,2020-18347,39.74196,-104.94536,10/31/2020 16:47,16:47:00,2,0,0,16TH AVENUE EAST & MONROE STREET NORTH,1,1,0,0,1,1,0,0,0,1,0,0,0,1,4,2,16
,2020-18349,39.77401,-104.84703,10/31/2020 14:45,14:45:00,15,0,0,I70 & PEORIA STREET NORTH,1,1,0,0,1,4,0,0,65,0,0,0,0,0,1,2,16
,2020-18350,39.80761,-104.77203,8/30/2020 21:20,21:20:00,12,0,0,NORTH TOWER ROAD & EAST 59TH AVENUE,1,3,0,0,1,4,0,0,45,0,0,0,0,0,4,2,1
,2020-18351,39.69317,-105.05188,11/15/2020 15:55,15:55:00,3,0,0,SOUTH ZENOBIA STREET & WEST LOUISIANA AVENUE,1,1,0,0,1,1,0,0,25,0,0,0,0,0,4,2,14
,2020-18352,39.72922,-104.97147,10/31/2020 18:29,18:29:00,5,0,0,MARION STREET NORTH & 800 NORTH MARION STREET,1,3,0,0,3,4,0,0,30,0,0,0,0,0,4,1,7
,2020-18353,39.69065,-105.02483,8/2/2020 20:02,20:02:00,15,0,0,FEDERAL BOULEVARD SOUTH & FLORIDA AVENUE WEST,1,2,0,0,1,3,0,0,35,0,0,0,0,0,2,2,1