id,drcog_id,latitude,longitude,crashtime,time,crashtype,numbkilled,numbinjurd,drcoglocat,rdconditin,lightngcon,roadcntgrd,weatherco,location,roaddescrp,schoolzone,constrzone,splimit,bikeinv,pedinv,sctrinv,motoinv,svrty,rdsystem,ttlvehcls,hcf
,2020-18354,39.77651053,-104.9894089,10/30/2020 8:38,8:38:00,15,0,0,I25 & 44TH AVENUE WEST,1,1,0,0,1,4,0,0,55,0,0,0,0,0,1,2,16
,2020-18355,39.74044,-105.01416,10/28/2020 9:36,9:36:00,15,0,0,I25 & COLFAX AVENUE WEST,1,1,1,0,1,4,0,0,65,0,0,0,0,0,1,2,1
,2020-18356,39.74867,-105.00206,11/15/2020 17:41,17:41:00,15,0,0,14TH STREET & BLAKE STREET,1,3,0,0,1,1,0,0,30,0,0,0,0,1,4,2,13
,2020-18357,39.75268,-104.97892,6/11/2020 12:05,12:05:00,6,0,0,GLENARM PLACE & 26TH STREET,1,1,0,0,1,2,0,0,25,0,0,0,0,0,4,2,13
,2020-18365,39.66502,-104.89736,10/29/2020 17:18,17:18:00,12,0,0,SOUTH ULSTER STREET & EAST TUFTS AVENUE,1,1,0,0,1,3,0,0,35,0,0,0,0,0,4,2,3
,2020-18366,39.76446,-104.94172,10/29/2020 17:31,17:31:00,10,0,0,EAST BRUCE RANDOLPH AVENUE & NORTH HARRISON STREET,1,1,0,0,1,3,0,0,35,0,0,0,0,0,4,2,4
,2020-18435,39.77421,-104.84704,10/30/2020 6:00,6:00:00,15,0,0,I70 WB ON RAMP FROM & PEORIA STREET NORTH,1,3,0,0,1,8,0,0,45,0,0,0,0,0,1,2,1
,2020-18438,39.67846,-104.93162,11/3/2020 15:00,15:00:00,12,0,0,EAST EVANS AVENUE & SOUTH DAHLIA STREET,1,1,1,0,1,3,0,0,35,0,0,0,0,0,4,2,3
,2020-18440,39.76571953,-104.9948314,10/29/2020 23:26,23:26:00,5,0,0,PARK AVENUE WEST & GLOBEVILLE ROAD NORTH,1,3,0,0,3,1,0,0,35,0,0,0,0,0,4,1,8
,2020-18442,39.78406,-104.98956,11/8/2020 3:37,3:37:00,5,0,1,I25 & 48TH AVENUE WEST,1,3,0,0,3,4,0,0,65,0,0,0,0,2,1,1,5
,2020-18445,39.78012,-104.95297,11/14/2020 21:11,21:11:00,5,0,0,I70 EASTBOUND EXIT GORE POINT TO & VASQUEZ BOULEVARD NORTH / STEELE STREET,1,3,0,0,3,4,0,0,65,0,0,0,0,0,1,1,8
,2020-18446,39.75474,-104.87245,10/30/2020 16:30,16:30:00,6,0,0,26TH AVENUE EAST & EMPORIA STREET NORTH,1,5,0,0,1,4,0,0,,0,0,0,0,0,4,2,16
,2020-18452,39.71121,-105.01452,9/14/2020 15:18,15:18:00,12,0,0,200 SOUTH YUMA STREET & WEST ALAMEDA AVENUE,1,1,0,0,1,2,0,0,25,0,0,0,0,1,4,2,13
,2020-18457,39.67856,-104.98289,10/23/2020 17:49,17:49:00,15,0,0,EAST EVANS AVENUE & SOUTH LOGAN STREET,1,1,0,0,1,1,0,0,35,0,0,0,0,0,4,2,7
,2020-18458,39.76549,-105.02522,10/30/2020 12:51,12:51:00,12,0,0,FEDERAL BOULEVARD NORTH & 35TH AVENUE WEST,1,1,1,0,1,4,0,0,35,0,0,0,0,0,2,2,13
,2020-18467,39.73832,-104.94289,10/30/2020 8:28,8:28:00,10,0,0,14TH AVENUE EAST & JACKSON STREET NORTH,1,1,0,0,1,2,0,0,25,0,0,0,0,0,4,2,14
,2020-18471,39.6605,-105.02516,10/31/2020 9:10,9:10:00,1,0,0,FEDERAL BOULEVARD SOUTH & DARTMOUTH AVENUE WEST,1,1,0,0,1,1,0,0,35,0,0,0,0,0,2,2,13
,2020-18472,39.66614,-104.94069,10/29/2020 19:27,19:27:00,2,0,1,COLORADO BOULEVARD SOUTH & 2700 SOUTH,1,3,1,0,1,2,0,0,25,1,0,0,0,3,2,2,14
,2020-18474,39.74034,-105.03932,10/29/2020 11:30,11:30:00,11,0,1,PERRY STREET NORTH & COLFAX AVENUE WEST,1,1,0,0,1,1,0,0,25,0,1,0,0,2,4,1,16
,2020-18476,39.69657,-104.94061,11/2/2020 16:00,16:00:00,12,0,0,COLORADO BOULEVARD SOUTH & MISSISSIPPI AVENUE EAST,1,1,0,0,1,1,0,0,30,0,0,0,0,0,2,2,16
,2020-18477,39.74395,-105.03307,9/28/2020 11:30,11:30:00,6,0,0,NORTH KING STREET & WEST 17TH AVENUE,1,1,0,0,1,4,0,0,25,0,0,0,0,0,4,2,14
,2020-18479,39.7783,-104.90343,10/30/2020 14:45,14:45:00,15,0,0,QUEBEC STREET & NORTHFIELD BOULEVARD,1,1,1,0,1,4,0,0,40,0,0,0,0,0,4,2,14
,2020-18480,39.72413,-104.95826,11/15/2020 18:20,18:20:00,3,0,0,EAST FIFTH AVENUE & NORTH JOSEPHINE STREET,1,4,0,0,1,1,0,0,30,0,0,0,0,0,4,2,7
,2020-18481,39.77296,-104.97542,10/29/2020 11:49,11:49:00,12,0,0,38TH STREET & NORTH BRIGHTON BOULEVARD,1,1,0,0,1,1,0,0,30,0,0,0,0,0,4,2,13
,2020-18482,39.72548053,-105.0130699,10/13/2020 17:15,17:15:00,12,0,0,I25 & SIXTH AVENUE WEST,1,1,3,0,1,4,0,0,55,0,0,0,0,0,1,2,13
,2020-18483,39.73972,-104.99999,10/29/2020 11:07,11:07:00,12,0,0,1400 NORTH SANTA FE DRIVE & WEST COLFAX AVENUE,1,1,1,0,1,2,0,0,30,0,0,0,0,0,4,2,13
,2020-18484,39.78797,-104.8657,10/14/2020 4:03,4:03:00,5,0,0,5000 NORTH HAVANA STREET & EAST 51ST AVENUE,1,3,0,0,2,4,0,0,35,0,0,0,0,0,4,1,14
,2020-18485,39.75804,-105.02054,10/30/2020 17:20,17:20:00,5,0,1,SPEER BOULEVARD NORTH & CLAY STREET NORTH,1,1,0,0,1,1,0,0,35,0,0,0,1,3,4,1,7
,2020-18486,39.70386,-104.91471,10/29/2020 12:01,12:01:00,3,0,0,LEETSDALE DRIVE & EXPOSITION AVENUE EAST,1,1,1,0,1,1,0,0,35,0,0,0,0,0,2,2,7
,2020-18487,39.71122,-105.03306,10/23/2020 18:20,18:20:00,15,0,0,ALAMEDA AVENUE WEST & KING STREET SOUTH,1,2,0,0,1,1,0,0,35,0,0,0,0,0,2,2,1
,2020-18488,39.71114,-105.02754,11/14/2020 12:30,12:30:00,3,0,0,HAZEL COURT SOUTH & ALAMEDA AVENUE WEST,1,1,1,0,1,2,0,0,25,0,0,0,0,0,4,2,16
,2020-18489,39.78002,-104.93166,10/15/2020 19:10,19:10:00,15,0,0,I70 & DAHLIA STREET NORTH,1,3,0,0,1,4,0,0,55,0,0,0,0,1,1,2,13
,2020-18490,39.78364,-104.79048,11/14/2020 19:49,19:49:00,1,0,0,GREEN VALLEY RANCH BOULEVARD EAST & PENA BOULEVARD,1,3,0,0,1,1,0,0,40,0,0,0,0,1,4,2,13
,2020-18491,39.66018629,-104.8629056,9/22/2020 17:00,17:00:00,16,0,0,10700 EAST DARTMOUTH AVENUE & 10700 EAST,1,1,0,0,5,7,0,0,25,0,1,0,0,1,3,1,13
,2020-18492,39.68849,-104.98751,11/2/2020 13:15,13:15:00,6,0,0,BROADWAY STREET SOUTH & 1500 SOUTH,1,1,0,0,1,4,0,0,30,0,0,0,0,0,4,2,14
,2020-18493,39.74894,-104.99949,10/30/2020 13:09,13:09:00,3,0,0,15TH STREET & MARKET STREET,1,1,0,0,1,1,0,0,30,0,0,0,0,0,4,2,13
,2020-18494,39.71498,-105.02509,11/2/2020 22:57,22:57:00,3,0,0,FEDERAL BOULEVARD SOUTH & BAYAUD AVENUE WEST,1,3,1,0,1,1,0,0,25,0,0,0,0,0,4,2,13
,2020-18496,39.72928,-104.90347,10/18/2020 14:00,14:00:00,12,0,0,NORTH QUEBEC STREET & EAST EIGHTH AVENUE,1,1,0,0,1,1,0,0,30,0,0,0,0,0,4,2,13
,2020-18497,39.77528,-105.04398,10/29/2020 11:26,11:26:00,6,0,0,4300 WEST 43RD AVENUE & NORTH TENNYSON STREET,1,1,0,0,1,4,0,0,25,0,0,0,0,0,4,2,14
,2020-18500,39.77778,-105.00644,10/30/2020 12:35,12:35:00,15,0,0,4400 NORTH PECOS STREET & 4400 NORTH,1,1,0,0,1,4,0,0,25,0,0,0,0,0,4,2,13
,2020-18501,39.68487,-104.95945,10/29/2020 7:15,7:15:00,15,0,0,I25 & UNIVERSITY BOULEVARD SOUTH,1,1,0,0,1,4,0,0,55,0,0,0,0,0,1,2,7
,2020-18502,39.76075,-104.96098,10/29/2020 9:01,9:01:00,3,0,0,NORTH GAYLORD STREET & EAST 31ST AVENUE,1,1,0,0,1,1,0,0,25,0,0,0,0,0,4,2,13
,2020-18503,39.74000353,-104.9920099,10/29/2020 11:10,11:10:00,15,0,0,I25 NORTHBOUND ENTRANCE GORE POINT FROM & 38TH AVENUE WEST,1,1,0,0,1,4,0,0,65,0,0,0,0,0,1,2,13
,2020-18504,39.78004,-104.98919,10/24/2020 7:17,7:17:00,9,0,1,I70 WB OFF RAMP TO & I25 NORTHBOUND RAMP CONNECTION,1,1,1,0,2,8,0,0,45,0,0,0,0,2,1,1,1
,2020-18506,39.6972,-104.98282,9/18/2020 10:17,10:17:00,9,0,0,I25 & LOGAN STREET SOUTH,1,1,0,0,1,4,0,0,55,0,0,0,0,0,1,2,13
,2020-18507,39.6299,-105.10988,11/3/2020 2:00,2:00:00,5,0,0,SOUTH KIPLING STREET & WEST SARATOGA PLACE,1,3,0,0,2,4,0,0,45,0,0,0,0,0,4,1,2
,2020-18510,39.75161,-104.90334,11/5/2020 21:00,21:00:00,15,0,0,2300 NORTH QUEBEC STREET & EAST 23RD AVENUE,1,3,0,0,1,4,0,0,35,0,0,0,0,0,4,2,1
,2020-18511,39.71119,-104.99714,10/14/2020 14:00,14:00:00,12,0,0,WEST ALAMEDA AVENUE & SOUTH SANTA FE DRIVE,1,1,0,0,1,3,0,0,30,0,0,0,0,0,4,2,13
,2020-18512,39.72562,-104.98236,10/30/2020 13:40,13:40:00,3,0,0,EAST SIXTH AVENUE & NORTH LOGAN STREET,1,1,0,0,1,1,0,0,30,0,0,0,0,0,4,2,1
,2020-18513,39.71833,-104.97391,10/29/2020 9:37,9:37:00,15,0,0,EAST SPEER BOULEVARD & EAST FIRST AVENUE,1,1,0,0,1,5,0,0,30,0,0,0,0,0,4,2,13
,2020-18514,39.73829,-104.9492,9/10/2020 8:50,8:50:00,6,0,0,3200 EAST 14TH AVENUE & NORTH STEELE STREET,1,1,0,0,1,3,0,0,30,0,0,0,0,0,4,2,3
,2020-18515,39.70488,-105.00502,11/3/2020 8:02,8:02:00,12,0,0,1300 WEST GILL PLACE & SOUTH PECOS STREET,1,1,0,0,1,2,0,0,,0,0,0,0,0,4,2,13
,2020-18516,39.74694,-104.99688,11/3/2020 8:00,8:00:00,2,0,0,15TH STREET & ARAPAHOE STREET,1,1,0,0,1,1,0,0,25,1,0,0,0,1,4,2,8
,2020-18517,39.76188,-104.94058,10/22/2020 20:32,20:32:00,1,0,0,COLORADO BOULEVARD NORTH & MLK BOULEVARD EAST,11,3,0,1,1,1,0,0,40,0,0,0,0,1,2,2,1
,2020-18518,39.76022,-105.01315,10/29/2020 21:30,21:30:00,6,0,0,VALLEJO STREET NORTH & 30TH AVENUE WEST,1,3,1,0,1,4,0,0,25,0,0,0,0,0,4,2,16
,2020-18519,39.73841,-105.04078,11/1/2020 7:30,7:30:00,6,0,0,4100 WEST 14TH AVENUE & NORTH QUITMAN STREET,1,1,0,0,1,4,0,0,25,0,0,0,0,0,4,2,16
,2020-18520,39.76142,-104.90346,10/29/2020 8:45,8:45:00,3,0,0,MLK BOULEVARD EAST & QUEBEC STREET NORTH,1,1,0,0,1,1,0,0,45,0,0,0,0,0,4,2,1
,2020-18521,39.75616,-104.99191,11/3/2020 9:15,9:15:00,3,0,0,BLAKE STREET & 22ND STREET,1,1,0,0,1,1,0,0,30,0,0,0,0,0,4,2,3
,2020-18522,39.74056,-104.98853,10/29/2020 7:50,7:50:00,15,0,0,COLFAX AVENUE WEST & 15TH STREET,1,1,0,0,1,1,0,0,30,0,0,0,0,0,2,2,13
,2020-18523,39.73677,-104.94618,10/30/2020 14:34,14:34:00,10,0,0,EAST 13TH AVENUE & NORTH MADISON STREET,1,1,0,0,1,1,0,0,25,0,0,0,0,0,4,2,14
,2020-18524,39.75147,-104.99797,10/30/2020 15:37,15:37:00,10,0,0,BLAKE STREET & 17TH STREET,1,1,0,0,1,1,0,0,25,0,0,0,0,0,4,2,8
,2020-18525,39.71889,-104.97406,10/20/2020 14:15,14:15:00,15,0,0,EAST SPEER BOULEVARD & NORTH CORONA STREET,1,1,0,0,1,3,0,0,30,0,0,0,0,0,4,2,16
,2020-18526,39.73941,-105.03815,9/21/2020 15:00,15:00:00,6,0,0,1400 NORTH OSCEOLA STREET & 1400 NORTH,1,1,0,0,1,4,0,0,25,0,0,0,0,0,4,2,13
,2020-18527,39.72566,-105.05326,10/15/2020 9:15,9:15:00,12,0,0,SHERIDAN BOULEVARD NORTH & SIXTH AVENUE WEST,1,1,1,0,1,4,0,0,35,0,0,0,0,0,2,2,4
,2020-18529,39.70946,-105.03856,10/31/2020 11:00,11:00:00,6,0,0,3900 WEST DAKOTA AVENUE & SOUTH PERRY STREET,1,1,0,0,1,4,0,0,25,0,0,0,0,0,4,2,16
,2020-18530,39.73685,-104.99024,11/2/2020 12:05,12:05:00,2,0,1,13TH AVENUE WEST & BANNOCK STREET NORTH,1,1,0,0,1,1,0,0,0,1,0,0,0,2,4,2,16
,2020-18531,39.75468,-104.98514,11/3/2020 10:00,10:00:00,3,0,0,24TH STREET & CURTIS STREET,1,1,0,0,1,1,0,0,25,0,0,0,0,0,4,2,13
,2020-18532,39.6823,-105.02037,10/30/2020 12:49,12:49:00,3,0,0,WEST JEWELL AVENUE & SOUTH CLAY STREET,1,1,0,0,1,1,0,0,30,0,0,0,0,0,4,2,13
,2020-18534,39.77293752,-104.8656994,10/23/2020 6:25,6:25:00,1,0,0,HAVANA STREET NORTH & 40TH AVENUE EAST,1,2,0,0,1,1,0,0,35,0,0,0,0,0,4,2,13
,2020-18535,39.79091,-104.94165,11/2/2020 14:40,14:40:00,10,0,0,NORTH VASQUEZ BOULEVARD & EAST 52ND AVENUE,1,1,0,0,1,1,0,0,35,0,0,0,0,0,4,2,8
,2020-18536,39.72256,-104.87701,9/14/2020 13:05,13:05:00,6,0,0,9500 EAST FIFTH AVENUE & NORTH DALLAS STREET,1,1,0,0,1,4,0,0,25,0,0,0,0,0,4,2,13
,2020-18537,39.74379,-104.90346,11/2/2020 11:30,11:30:00,3,0,0,QUEBEC STREET NORTH & 17TH AVENUE EAST,1,1,0,0,1,1,0,0,30,0,0,0,0,0,4,2,13
,2020-18538,39.69197,-105.02029,10/18/2020 20:26,20:26:00,6,0,0,CLAY STREET SOUTH & LOUISIANA AVENUE WEST,1,3,0,0,1,4,0,0,25,0,0,0,0,0,4,2,5
,2020-18539,39.76954,-105.03522,10/21/2020 16:55,16:55:00,3,0,0,38TH AVENUE WEST & LOWELL BOULEVARD NORTH,1,2,0,0,1,3,0,0,30,0,0,0,1,0,4,2,3
,2020-18540,39.72933,-104.97499,10/21/2020 15:45,15:45:00,6,0,0,OGDEN STREET NORTH & 800 NORTH,1,1,0,0,1,4,0,0,25,0,0,0,0,0,4,2,16
,2020-18541,39.74005,-104.98358,10/20/2020 17:32,17:32:00,1,0,0,COLFAX AVENUE EAST & GRANT STREET NORTH,1,1,0,0,1,1,0,0,45,0,0,0,1,1,2,2,13
,2020-18542,39.77842,-104.90357,10/28/2020 13:55,13:55:00,15,0,0,NORTHFIELD QUEBEC STREET & I70 WB RAMPS,1,1,0,0,1,1,0,0,40,0,0,0,0,0,4,2,14
,2020-18543,39.69401,-105.02507,10/29/2020 15:00,15:00:00,3,0,0,FEDERAL BOULEVARD SOUTH & LOUISIANA AVENUE WEST,1,1,0,0,1,2,0,0,40,0,0,0,0,0,2,2,13
,2020-18544,39.70386,-104.95936,10/21/2020 16:55,16:55:00,1,0,0,UNIVERSITY BOULEVARD SOUTH & EXPOSITION AVENUE EAST,1,1,0,0,1,1,0,0,30,0,0,0,0,0,4,2,1
,2020-18545,39.68487,-104.95945,10/4/2020 11:58,11:58:00,15,0,0,I25 & UNIVERSITY BOULEVARD SOUTH,1,1,0,0,1,4,0,0,60,0,0,0,0,1,1,2,1
,2020-18546,39.74011,-104.99702,10/14/2020 14:30,14:30:00,12,0,0,COLFAX AVENUE WEST & GALAPAGO STREET NORTH,1,1,0,0,1,4,0,0,30,0,0,0,0,0,2,2,1
,2020-18547,39.78356,-104.77962,6/30/2020 16:15,16:15:00,15,0,0,18100 EAST GREEN VALLEY RANCH BOULEVARD & 18100 EAST,1,1,0,0,1,4,0,0,35,0,0,0,0,0,4,2,14
,2020-18548,39.74746,-104.88466,10/12/2020 16:00,16:00:00,12,0,0,NORTH CENTRAL PARK BOULEVARD & EAST MONTVIEW BOULEVARD,1,1,0,2,1,1,0,0,35,0,0,0,0,0,4,2,3
,2020-18549,39.75848,-105.02361,11/9/2020 15:04,15:04:00,3,0,0,ELIOT STREET NORTH & 29TH AVENUE WEST,11,1,1,2,1,1,0,0,25,0,0,0,0,0,4,2,13
,2020-18550,39.73171,-105.03473,10/27/2020 13:57,13:57:00,6,0,0,WINONA COURT NORTH & 10TH AVENUE WEST,7,1,1,0,1,4,0,0,25,0,0,0,0,0,4,2,16
,2020-18551,39.70034,-105.02977,10/28/2020 18:34,18:34:00,1,0,0,WEST KENTUCKY AVENUE & SOUTH IRVING STREET,1,1,0,0,1,1,0,0,25,0,0,0,0,0,4,2,13
,2020-18552,39.79775,-104.75025,10/21/2020 20:00,20:00:00,6,0,0,RANDOLPH PLACE EAST & JEBEL COURT NORTH,1,4,0,0,1,4,0,0,25,0,0,0,0,0,4,2,13
,2020-18553,39.72171,-104.89982,10/21/2020 10:25,10:25:00,15,0,0,RAMPART WAY NORTH & FOURTH AVENUE EAST,1,1,0,0,1,4,0,0,25,0,0,0,0,0,4,2,7
,2020-18554,39.74044,-105.01397,10/20/2020 18:46,18:46:00,12,0,0,I25 & COLFAX AVENUE WEST,1,3,0,0,1,4,0,0,65,0,0,0,0,0,1,2,13
,2020-18555,39.69839953,-104.9628679,10/21/2020 10:42,10:42:00,5,0,0,VINE STREET SOUTH & TENNESSEE AVENUE EAST,1,1,1,0,3,5,0,0,10,0,0,0,0,0,4,1,13
,2020-18556,39.77401,-104.84703,10/27/2020 16:53,16:53:00,12,0,0,I70 & PEORIA STREET NORTH,1,1,0,0,1,4,0,0,65,0,0,0,0,0,1,2,16
,2020-18557,39.63324,-104.90632,10/21/2020 14:29,14:29:00,12,0,0,I225 WB/SB RAMP SPLIT TO & I25 NORTHBOUND,1,1,0,0,1,4,0,0,65,0,0,0,1,1,1,1,1
,2020-18558,39.74695,-104.96954,10/21/2020 11:27,11:27:00,12,0,0,EAST 20TH AVENUE & NORTH HUMBOLDT STREET,1,1,0,0,1,1,0,0,25,0,0,0,0,0,4,2,13
,2020-18559,39.70146,-104.98753,11/1/2020 13:52,13:52:00,3,0,0,BROADWAY STREET SOUTH & I25 SOUTHBOUND OFF RAMP,1,1,0,0,1,1,0,0,35,0,0,0,0,0,4,2,7
,2020-18560,39.69295,-104.939,10/23/2020 16:32,16:32:00,12,0,0,4200 EAST LOUISIANA AVENUE & SOUTH BELLAIRE STREET,1,1,0,0,1,4,0,0,25,0,0,0,0,0,4,2,6
,2020-18561,39.78004,-104.98919,10/17/2020 6:06,6:06:00,15,0,0,I25 NORTHBOUND EXIT GORE POINT TO & I70,1,3,0,0,1,4,0,0,55,0,0,0,0,0,1,2,16
,2020-18562,39.72413,-104.99858,11/9/2020 16:10,16:10:00,3,0,0,SANTA FE DRIVE NORTH & FIFTH AVENUE WEST,1,1,0,2,1,1,0,0,25,0,0,0,0,0,4,2,3
,2020-18563,39.73833,-104.94396,11/9/2020 12:10,12:10:00,12,0,0,EAST 14TH AVENUE & NORTH GARFIELD STREET,11,1,0,0,1,1,0,0,30,0,0,0,0,0,4,2,13
,2020-18564,39.67946,-104.98051,10/21/2020 19:33,19:33:00,6,0,0,2000 SOUTH PEARL STREET & EAST EVANS AVENUE,1,4,0,0,1,4,0,0,25,0,0,0,0,0,4,2,5
,2020-18565,39.68021,-104.97542,10/25/2020 8:51,8:51:00,6,0,0,OGDEN STREET SOUTH & EVANS AVENUE EAST,9,4,0,2,1,4,0,0,25,0,0,0,0,0,4,2,5
,2020-18566,39.77549,-104.92938,10/21/2020 14:12,14:12:00,12,0,1,4800 EAST SMITH ROAD & 4800 EAST,1,1,0,0,1,4,0,0,35,0,0,0,1,3,4,2,8
,2020-18568,39.73204,-105.03205,10/22/2020 6:00,6:00:00,6,0,0,900 NORTH KNOX COURT & WEST NINTH AVENUE,1,4,1,0,1,4,0,0,30,0,0,0,0,0,4,2,1
,2020-18569,39.75537,-105.01269,10/21/2020 16:03,16:03:00,12,0,0,I25 & SPEER BOULEVARD NORTH,1,1,0,0,1,4,0,0,55,0,0,0,0,0,1,2,13
,2020-18570,39.63828,-104.89479,10/28/2020 17:36,17:36:00,12,0,0,SOUTH TAMARAC STREET & EAST QUINCY AVENUE,1,1,0,0,1,3,0,0,35,0,0,0,0,0,4,2,8
,2020-18571,39.81462,-104.77209,10/18/2020 0:17,0:17:00,3,0,0,TOWER ROAD NORTH & 65TH AVENUE EAST,1,3,0,0,1,1,0,0,45,0,0,0,0,0,4,2,13
,2020-18572,39.66763,-104.9119,10/27/2020 14:09,14:09:00,12,0,0,6500 EAST YALE AVENUE & SOUTH MONACO STREET,11,1,0,0,1,3,0,0,30,0,0,0,0,0,4,2,14
,2020-18573,39.74000353,-104.9920099,10/29/2020 5:15,5:15:00,15,0,0,HIGHWAY 6 WB DISTRIBUTOR RAMP FROM & I25 SOUTHBOUND OFF RAMP,1,3,0,0,1,8,0,0,65,0,0,0,0,0,2,1,14
,2020-18574,39.67844,-104.93398,11/9/2020 15:00,15:00:00,15,0,0,EVANS AVENUE EAST & I25,1,1,0,2,1,4,0,0,30,0,0,0,0,0,4,2,8
,2020-18575,39.77841,-104.91288,11/5/2020 7:44,7:44:00,12,0,0,I70 & MONACO STREET NORTH,1,1,0,0,1,4,0,1,65,0,0,0,0,0,1,2,1
,2020-18576,39.63572,-105.086,10/29/2020 14:43,14:43:00,12,0,0,8000 WEST STANFORD AVENUE & 800 WEST,1,1,0,0,1,4,0,0,25,0,0,0,0,0,4,2,13
,2020-18577,39.74044,-105.01397,10/21/2020 11:34,11:34:00,3,0,0,COLFAX AVENUE WEST & I25 NORTHBOUND OFF RAMP,1,1,1,0,1,1,0,0,35,0,0,0,0,1,2,2,13
,2020-18578,39.77728,-104.88278,10/29/2020 6:55,6:55:00,12,0,0,CENTRAL PARK BOULEVARD NORTH & I70 WB OFF RAMP,1,3,1,0,1,1,0,0,,0,0,0,0,0,1,2,16
,2020-18579,39.77109,-104.84704,10/21/2020 15:34,15:34:00,10,0,0,NORTH PEORIA STREET & EAST 39TH AVENUE,1,1,1,0,1,1,0,0,35,0,0,0,0,0,4,2,7
,2020-18580,39.78194,-104.95474,10/10/2020 15:08,15:08:00,5,0,0,THOMPSON COURT NORTH & CLAYTON STREET,1,1,0,0,3,5,0,0,25,0,0,0,0,0,4,1,5
,2020-18581,39.79768,-104.80082,7/27/2020 22:44,22:44:00,6,0,0,RANDOLPH PLACE EAST & KITTREDGE STREET NORTH,1,3,0,0,1,1,0,0,25,0,0,0,0,0,4,2,13
,2020-18582,39.6295,-105.03481,10/28/2020 18:50,18:50:00,6,0,0,LOWELL BOULEVARD SOUTH & WAGON TRAIL DRIVE WEST,1,2,0,0,1,4,0,0,35,0,0,0,0,0,4,2,14
,2020-18583,39.77401,-104.84704,10/10/2020 1:00,1:00:00,12,0,0,I70 EASTBOUND EXIT GORE POINT TO & PEORIA STREET NORTH,1,3,0,0,1,4,0,0,65,0,0,0,0,0,1,2,13
,2020-18584,39.782,-104.90174,10/21/2020 10:33,10:33:00,1,0,0,SAND CREEK ROAD NORTH & NORTHFIELD QUEBEC STREET,1,1,0,0,1,3,0,0,45,0,0,0,0,0,4,2,1
,2020-18585,39.77012,-104.74925,10/1/2020 2:19,2:19:00,6,0,0,3800 NORTH JERICHO STREET & 3800 NORTH,1,4,0,0,1,4,0,0,20,0,0,0,0,0,4,2,13
,2020-18586,39.78194,-104.98352,10/23/2020 7:30,7:30:00,14,0,0,47TH AVENUE EAST & GRANT STREET NORTH,1,1,0,0,1,1,0,0,25,0,0,0,0,1,4,2,6
,2020-18587,39.71299,-104.98754,11/9/2020 13:20,13:20:00,3,0,0,SOUTH BROADWAY STREET & WEST CEDAR AVENUE,1,1,0,2,1,1,0,0,30,0,0,0,0,0,4,2,1
,2020-18588,39.73044,-104.9836,10/21/2020 16:21,16:21:00,3,0,0,NORTH GRANT STREET & EAST NINTH AVENUE,1,1,1,0,1,1,0,0,45,0,0,0,0,1,4,2,14
,2020-18589,39.77562,-104.86574,10/21/2020 19:04,19:04:00,1,0,0,HAVANA STREET NORTH & I70 WB ON RAMP,1,3,0,0,1,1,0,0,40,0,0,0,0,1,4,2,13
,2020-18590,39.70150454,-104.9875189,10/10/2020 22:13,22:13:00,6,0,0,I25 & BROADWAY STREET SOUTH,1,3,0,0,3,4,0,0,50,0,0,0,0,0,1,2,5
,2020-18592,39.74505,-104.90696,10/29/2020 0:09,0:09:00,6,0,0,EAST 18TH AVENUE & NORTH OLIVE STREET,1,3,0,0,1,4,0,0,25,0,0,0,0,1,4,2,5
,2020-18593,39.75129,-105.01679,10/24/2020 12:59,12:59:00,12,0,0,I25 & 23RD AVENUE WEST,1,1,0,0,1,4,0,0,55,0,0,0,0,0,1,2,13
,2020-18594,39.75779,-105.01583,10/28/2020 8:50,8:50:00,15,0,0,2800 NORTH ZUNI STREET & WEST 28TH AVENUE,1,1,1,0,1,3,0,0,30,0,0,0,0,0,4,2,8
,2020-18595,39.68768,-105.02505,10/25/2020 7:47,7:47:00,6,0,0,WEST IOWA AVENUE & SOUTH FEDERAL BOULEVARD,4,1,0,2,1,4,0,0,25,0,0,0,0,0,4,2,14
,2020-18596,39.77728,-104.88278,10/5/2020 12:37,12:37:00,15,0,0,I70 WB EXIT GORE POINT TO & CENTRAL PARK BOULEVARD NORTH,1,1,0,0,1,4,0,0,65,0,0,0,0,0,1,2,16
,2020-18597,39.78009,-104.94051,10/13/2020 9:41,9:41:00,12,0,0,I70 & COLORADO BOULEVARD NORTH,1,1,0,0,1,4,0,0,65,0,0,0,0,0,1,2,3
,2020-18598,39.78021,-105.03925,10/21/2020 12:22,12:22:00,11,0,0,46TH AVENUE WEST & PERRY STREET NORTH,1,1,0,0,1,4,0,0,0,0,1,0,0,0,4,1,16
,2020-18599,39.7729,-104.94982,7/27/2020 17:36,17:36:00,3,0,0,EAST 40TH AVENUE & NORTH STEELE STREET,1,1,0,0,1,1,0,0,35,0,0,0,0,0,4,2,13
,2020-18600,39.76561,-105.02524,10/17/2020 21:04,21:04:00,12,0,0,FEDERAL BOULEVARD NORTH & 35TH AVENUE WEST,1,3,0,0,1,1,0,0,35,0,0,0,0,1,2,2,13
,2020-18601,39.77401,-104.84704,10/24/2020 3:58,3:58:00,6,0,0,I70 EASTBOUND ENTRANCE GORE POINT FROM & PEORIA STREET NORTH,1,4,1,0,3,4,0,0,55,0,0,0,0,0,1,2,1