id,drcog_id,latitude,longitude,crashtime,time,crashtype,numbkilled,numbinjurd,drcoglocat,rdconditin,lightngcon,roadcntgrd,weatherco,location,roaddescrp,schoolzone,constrzone,splimit,bikeinv,pedinv,sctrinv,motoinv,svrty,rdsystem,ttlvehcls,hcf
,2020-18602,39.74016,-104.90816,10/22/2020 14:18,14:18:00,5,0,1,COLFAX AVENUE EAST & ONEIDA STREET NORTH,1,1,0,0,3,4,0,0,35,0,0,0,0,2,2,2,10
,2020-18603,39.65345795,-105.0631557,10/26/2020 11:25,11:25:00,12,0,0,HAMPDEN AVENUE WEST & MM 257,9,1,1,2,1,4,0,0,65,0,0,0,0,0,2,2,7
,2020-18604,39.72561554,-105.0249184,10/21/2020 17:18,17:18:00,12,0,4,HIGHWAY 6 EASTBOUND DISTRIBUTOR RAMP FROM & FEDERAL BOULEVARD NORTH,1,1,0,0,1,8,0,0,45,0,0,0,0,2,2,2,8
,2020-18605,39.66777,-105.06939,11/1/2020 22:21,22:21:00,15,0,0,YALE AVENUE WEST & LAMAR STREET SOUTH,1,3,0,0,1,4,0,0,40,0,0,0,0,1,4,2,5
,2020-18606,39.78881353,-105.0532504,11/11/2020 16:07,16:07:00,12,0,0,SHERIDAN BOULEVARD NORTH & 51ST AVENUE WEST,1,2,1,0,1,1,0,0,35,0,0,0,0,0,2,2,7
,2020-18607,39.70306,-105.03112,10/4/2020 10:26,10:26:00,6,0,0,3300 WEST WALSH PLACE & SOUTH IRVING STREET,1,1,0,0,1,4,0,0,25,0,0,0,0,0,4,4,16
,2020-18608,39.74485,-104.97754,11/11/2020 14:22,14:22:00,3,0,0,EAST 18TH AVENUE & NORTH CLARKSON STREET,1,1,0,0,1,1,0,0,35,0,0,0,0,0,4,2,14
,2020-18611,39.69663553,-104.8659784,11/2/2020 19:14,19:14:00,12,0,0,1000 SOUTH HAVANA STREET & EAST MISSISSIPPI AVENUE,1,3,0,0,1,1,0,0,35,0,0,0,0,0,4,3,3
,2020-18612,39.74003,-104.97214,11/9/2020 15:05,15:05:00,3,0,0,COLFAX AVENUE EAST & MARION STREET NORTH,11,1,0,2,1,1,0,0,30,0,0,0,0,0,2,2,13
,2020-18613,39.72561554,-105.0249184,10/26/2020 12:26,12:26:00,12,0,0,HIGHWAY 6 EASTBOUND OFF RAMP TO & FEDERAL BOULEVARD NORTH,9,1,0,2,1,8,0,0,45,0,0,0,0,1,1,1,3
,2020-18616,39.72819,-104.96937,10/8/2020 19:26,19:26:00,6,0,0,700 NORTH HUMBOLDT STREET & EAST SEVENTH AVENUE,1,3,1,0,1,4,0,0,25,0,0,0,0,0,4,3,13
,2020-18617,39.77881,-104.84703,10/28/2020 14:37,14:37:00,12,0,0,4500 NORTH PEORIA STREET & EAST 45TH AVENUE,1,1,0,0,1,4,0,0,30,0,0,0,0,0,4,4,3
,2020-18618,39.76833,-104.99497,11/11/2020 17:32,17:32:00,12,0,0,I25 SOUTHBOUND EXIT GORE POINT TO & PARK AVENUE WEST,1,2,1,0,1,4,0,0,55,0,0,0,0,0,1,2,8
,2020-18619,39.77401,-104.84703,11/11/2020 17:19,17:19:00,15,0,0,I70 & PEORIA STREET NORTH,1,3,0,0,1,4,0,0,55,0,0,0,0,0,1,2,13
,2020-18620,39.83543,-104.7155,11/11/2020 15:46,15:46:00,12,0,0,7600 NORTH GUN CLUB ROAD & EAST 78TH AVENUE,1,1,0,0,1,1,0,0,45,0,0,0,0,0,4,2,1
,2020-18622,39.76635,-104.9693,10/20/2020 3:00,3:00:00,6,0,0,3400 NORTH HUMBOLDT STREET & EAST 35TH AVENUE,1,3,0,0,1,4,0,0,25,0,0,0,0,0,4,3,1
,2020-18623,39.69861,-104.98746,11/11/2020 17:40,17:40:00,15,0,0,SOUTH BROADWAY STREET & EAST TENNESSEE AVENUE,1,3,0,0,1,4,0,0,35,0,0,0,0,0,4,2,13
,2020-18624,39.76081,-105.01247,10/26/2020 11:59,11:59:00,3,0,0,NORTH LYLE COURT & WEST 31ST AVENUE,4,1,1,2,1,1,0,0,25,0,0,0,0,0,4,3,13
,2020-18626,39.68943,-105.00159,10/25/2020 7:52,7:52:00,14,0,0,FLORIDA AVENUE WEST & LIPAN STREET SOUTH,4,1,2,2,1,3,0,0,40,0,0,0,0,0,4,3,3
,2020-18628,39.68487,-104.95945,10/26/2020 10:10,10:10:00,12,0,0,I25 NORTHBOUND EXIT GORE POINT TO & UNIVERSITY BOULEVARD SOUTH,4,1,1,2,1,4,0,0,60,0,0,0,0,0,1,5,13
,2020-18630,39.75824,-104.96904,11/2/2020 14:47,14:47:00,11,0,0,29TH AVENUE EAST & 1500 EAST,1,1,0,0,1,4,0,0,25,0,1,0,0,0,4,1,1
,2020-18631,39.75393,-105.00344,10/25/2020 18:13,18:13:00,6,0,0,CHESTNUT PLACE & 16TH STREET,9,1,0,2,1,1,0,0,30,0,1,0,0,0,4,2,7
,2020-18633,39.78002,-104.88274,10/28/2020 15:30,15:30:00,12,0,0,EAST 46TH AVENUE & NORTH CENTRAL PARK BOULEVARD,1,1,0,0,1,1,0,0,30,0,0,0,0,0,4,3,14
,2020-18634,39.74044,-105.01416,10/27/2020 9:02,9:02:00,5,0,0,HIGHWAY 40 EASTBOUND EXIT GORE POINT TO & I25 SOUTHBOUND,4,1,1,0,2,4,0,0,40,0,0,0,0,0,2,2,13
,2020-18636,39.77589,-104.97882,10/26/2020 14:25,14:25:00,12,0,0,NORTH WASHINGTON STREET & RINGSBY COURT,4,1,1,0,1,1,0,0,35,0,0,0,0,0,4,2,13
,2020-18637,39.74447,-105.00001,11/1/2020 11:15,11:15:00,3,0,0,ARAPAHOE STREET & SPEER BOULEVARD NORTH,1,1,0,0,1,1,0,0,30,0,0,0,0,0,4,2,16
,2020-18638,39.67846,-104.91989,11/2/2020 16:00,16:00:00,12,0,0,5800 EAST EVANS AVENUE & SOUTH JASMINE STREET,1,1,0,0,1,4,0,0,30,0,0,0,0,1,4,3,13
,2020-18641,39.74833,-104.92689,10/30/2020 9:00,9:00:00,6,0,0,FOREST STREET NORTH & MONTVIEW BOULEVARD EAST,1,1,0,0,1,4,0,0,,0,0,0,0,0,4,4,16
,2020-18643,39.76449,-104.95976,10/20/2020 13:06,13:06:00,12,0,0,EAST BRUCE RANDOLPH AVENUE & NORTH YORK STREET,1,1,0,0,1,4,0,0,30,0,0,0,0,1,4,3,4
,2020-18644,39.73362553,-104.9407684,10/28/2020 12:30,12:30:00,12,0,0,COLORADO BOULEVARD NORTH & 11TH AVENUE EAST,1,1,0,0,1,1,0,0,35,0,0,0,0,0,2,4,13
,2020-18645,39.77899642,-104.9269286,10/30/2020 23:30,23:30:00,12,0,0,I70 & FOREST STREET NORTH,1,4,0,0,1,4,0,1,55,0,0,0,0,0,1,5,13
,2020-18646,39.70150454,-104.9875189,11/2/2020 16:33,16:33:00,12,0,0,I25 & BROADWAY STREET SOUTH,1,1,0,0,1,4,0,0,65,0,0,0,0,0,1,2,13
,2020-18650,39.7112,-105.00065,11/2/2020 7:30,7:30:00,1,0,0,WEST ALAMEDA AVENUE & SOUTH PLATTE RIVER DRIVE,1,1,0,0,1,1,0,0,35,0,0,0,0,1,4,3,13
,2020-18651,39.72093,-104.99858,11/2/2020 11:23,11:23:00,15,0,0,NORTH SANTA FE DRIVE & WEST THIRD AVENUE,1,1,0,0,1,3,0,0,30,0,0,0,0,0,4,2,1
,2020-18652,39.79839,-104.7873,11/2/2020 8:50,8:50:00,15,0,0,PENA BOULEVARD OUTBOUND & EAST 56TH AVENUE,1,1,0,0,1,4,0,0,65,0,0,0,0,1,4,2,1
,2020-18656,39.75756553,-105.0193114,11/11/2020 14:50,14:50:00,3,0,0,BRYANT STREET NORTH & SPEER BOULEVARD,1,1,0,0,1,1,0,0,25,0,0,0,0,0,4,2,13
,2020-18661,39.74467,-104.99635,11/11/2020 20:20,20:20:00,12,0,0,14TH STREET & CHAMPA STREET,1,3,1,0,1,1,0,0,30,0,0,0,0,0,4,2,5
,2020-18663,39.77505,-104.8099,10/19/2020 7:00,7:00:00,12,0,0,NORTH CHAMBERS ROAD & EAST ANDREWS DRIVE,1,2,0,0,1,4,0,0,45,0,0,0,0,0,4,4,5
,2020-18671,39.7092,-104.9837,10/19/2020 7:40,7:40:00,12,0,0,400 SOUTH GRANT STREET & EAST VIRGINIA AVENUE,1,1,0,0,1,5,0,0,15,0,0,0,0,0,4,3,16
,2020-18674,39.77658253,-105.0029404,5/29/2020 18:30,18:30:00,6,0,0,MARIPOSA STREET & 3737 MARIPOSA STREET,1,1,0,0,1,4,0,0,25,0,0,0,0,0,4,2,1
,2020-18675,39.73942,-105.05312,10/2/2020 23:05,23:05:00,15,0,0,SHERIDAN BOULEVARD NORTH & COLFAX AVENUE EAST,1,3,1,0,1,3,0,0,35,0,0,0,0,0,4,2,5
,2020-18676,39.78805,-104.97828,10/1/2020 11:00,11:00:00,12,0,0,5000 NORTH WASHINGTON STREET & EAST 50TH AVENUE,1,1,0,0,1,3,0,0,35,0,0,0,0,0,4,2,13
,2020-18720,39.69143,-104.91289,10/23/2020 3:12,3:12:00,5,0,1,MONACO STREET SOUTH & CHERRY CREEK NORTHEAST DRIVE,4,3,0,0,3,1,0,0,35,0,0,0,0,3,4,1,7
,2020-18729,39.68234,-105.01569,10/23/2020 7:05,7:05:00,3,0,0,WEST JEWELL AVENUE & SOUTH ZUNI STREET,11,1,0,2,1,1,0,0,30,0,0,0,0,0,4,2,13
,2020-18736,39.61441,-105.0913,10/28/2020 12:53,12:53:00,10,0,0,LONG DRIVE WEST & WADSWORTH BOULEVARD SOUTH,1,1,0,0,1,4,0,0,35,0,0,0,0,0,4,2,7
,2020-18742,39.74013,-104.94066,11/3/2020 15:35,15:35:00,12,0,0,COLFAX AVENUE EAST & COLORADO BOULEVARD NORTH,1,1,0,0,1,1,0,0,35,0,0,0,0,0,2,2,13
,2020-18766,39.72561,-104.97756,10/28/2020 13:30,13:30:00,10,0,0,EAST SIXTH AVENUE & NORTH CLARKSON STREET,1,1,0,0,1,1,0,0,30,0,0,0,0,0,4,2,3
,2020-18772,39.73677,-104.94508,10/14/2020 7:12,7:12:00,10,0,0,13TH AVENUE EAST & MONROE STREET NORTH,1,2,0,0,1,1,0,0,30,0,0,0,0,0,4,2,14
,2020-18779,39.72907,-104.9855,10/21/2020 9:24,9:24:00,15,0,0,EIGHTH AVENUE & SHERMAN STREET NORTH,1,1,0,0,1,4,0,0,,0,0,0,0,0,4,2,16
,2020-18781,39.77428977,-104.7914964,10/28/2020 13:53,13:53:00,12,0,0,4000 PENA BOULEVARD OUTBOUND & EAST 40TH AVENUE,1,1,0,0,1,4,0,0,65,0,0,0,0,0,4,2,1
,2020-18782,39.77658861,-104.9894083,10/20/2020 17:27,17:27:00,12,0,0,I25 & I225,1,1,0,0,1,4,0,0,65,0,0,0,0,0,1,2,14
,2020-18784,39.7783,-104.90343,10/11/2020 13:20,13:20:00,15,0,0,NORTHFIELD QUEBEC STREET & I70 WB RAMPS,1,1,1,6,1,4,0,0,40,0,0,0,0,0,4,2,1
,2020-18786,39.6655,-104.94069,10/21/2020 8:00,8:00:00,1,0,0,COLORADO BOULEVARD SOUTH & AMHERST AVENUE EAST,1,1,1,0,1,1,0,0,35,0,0,0,0,0,2,2,14
,2020-18787,39.76448,-104.94057,10/30/2020 22:45,22:45:00,15,0,0,BRUCE RANDOLPH AVENUE EAST & COLORADO BOULEVARD NORTH,1,3,0,0,1,1,0,0,35,0,0,0,0,0,4,2,7
,2020-18788,39.6603,-104.88511,11/1/2020 4:28,4:28:00,5,0,0,YOSEMITE STREET SOUTH & SYRACUSE WAY SOUTH,1,2,0,0,3,4,0,0,35,0,0,0,0,0,4,1,13
,2020-18789,39.70396,-104.98159,10/15/2020 15:30,15:30:00,6,0,0,PENNSYLVANIA STREET SOUTH & EXPOSITION AVENUE EAST,1,1,0,0,1,4,0,0,20,0,0,0,0,0,4,2,3
,2020-18790,39.72812,-105.00018,10/21/2020 8:13,8:13:00,12,0,0,700 NORTH KALAMATH STREET & WEST EIGHTH AVENUE,1,1,0,0,1,4,0,0,30,0,0,0,0,0,4,2,16
,2020-18792,39.77296,-104.97542,10/30/2020 6:21,6:21:00,2,0,0,38TH STREET & BRIGHTON BOULEVARD NORTH,1,2,0,0,1,1,0,0,35,1,0,0,0,1,4,2,7
,2020-18793,39.71812,-104.95221,10/28/2020 13:01,13:01:00,15,0,0,FIRST AVENUE EAST & MILWAUKEE STREET NORTH,1,1,0,0,1,4,0,0,30,0,0,0,0,0,4,2,13
,2020-18794,39.71121,-104.99913,10/20/2020 18:43,18:43:00,12,0,0,I25 & ALAMEDA AVENUE WEST,1,3,0,0,1,4,0,0,55,0,0,0,0,0,1,2,3
,2020-18795,39.72094,-104.98625,10/23/2020 16:45,16:45:00,15,0,0,LINCOLN STREET NORTH & THIRD AVENUE EAST,1,1,0,0,1,4,0,0,30,0,0,0,0,0,4,2,5
,2020-18796,39.72907,-104.9836,10/28/2020 12:35,12:35:00,3,0,0,EAST EIGHTH AVENUE & NORTH GRANT STREET,1,1,0,0,1,1,0,0,25,0,0,0,0,0,4,2,14
,2020-18797,39.76095,-104.97877,10/20/2020 18:30,18:30:00,3,0,0,ARAPAHOE STREET & 30TH STREET,1,3,0,0,1,1,0,0,25,0,0,0,0,0,4,2,3
,2020-18798,39.71288953,-104.9769079,10/30/2020 9:14,9:14:00,8,0,0,EAST CEDAR AVENUE & SOUTH EMERSON STREET,1,1,0,0,1,1,0,0,25,0,0,0,0,1,4,2,16
,2020-18799,39.72548053,-105.0130699,10/20/2020 18:06,18:06:00,12,0,0,I25 & SIXTH AVENUE WEST,1,2,1,0,1,4,0,0,55,0,0,0,0,0,1,2,13
,2020-18801,39.74034,-105.04107,10/31/2020 15:30,15:30:00,12,0,0,COLFAX AVENUE WEST & QUITMAN STREET NORTH,1,1,0,0,1,4,0,0,30,0,0,0,0,1,1,2,13
,2020-18803,39.74044,-105.01397,10/30/2020 17:50,17:50:00,3,0,0,COLFAX AVENUE WEST & I25 SOUTHBOUND OFF RAMP,1,1,0,0,1,1,0,0,35,0,0,0,1,0,2,2,16
,2020-18804,39.71119,-104.99714,10/21/2020 7:43,7:43:00,15,0,0,SANTA FE DRIVE SOUTH & ALAMEDA AVENUE WEST,1,1,0,0,1,3,0,0,40,0,0,0,0,0,2,2,13
,2020-18805,39.63866,-104.90401,10/28/2020 15:45,15:45:00,1,0,0,EAST QUINCY AVENUE & EAST EASTMOOR DRIVE,1,1,0,0,1,1,0,0,40,0,0,0,0,0,4,2,14
,2020-18806,39.73437,-104.94067,10/21/2020 8:28,8:28:00,12,0,0,COLORADO BOULEVARD NORTH & 12TH AVENUE EAST,1,1,0,0,1,3,0,0,35,0,0,0,0,0,2,2,1
,2020-18807,39.74044,-105.01416,10/21/2020 7:47,7:47:00,12,0,0,I25 & COLFAX AVENUE WEST,1,1,0,0,1,4,0,0,55,0,0,0,0,0,1,2,3
,2020-18809,39.67845553,-104.9159419,10/21/2020 7:55,7:55:00,1,0,0,EVANS AVENUE EAST & LEYDEN STREET SOUTH,1,1,0,0,1,2,0,0,35,0,0,0,0,0,4,2,7
,2020-18811,39.72554,-105.01313,10/21/2020 7:06,7:06:00,12,0,0,I25 & SIXTH AVENUE WEST,1,1,1,0,1,4,0,0,55,0,0,0,0,0,1,2,1
,2020-18812,39.70150454,-104.9875189,9/6/2020 10:53,10:53:00,15,0,0,I25 SOUTHBOUND ON RAMP & BROADWAY STREET SOUTH,1,1,1,0,1,8,0,0,35,0,0,0,0,0,1,2,1
,2020-18813,39.62421,-105.09718,10/14/2020 12:16,12:16:00,12,0,0,8900 WEST BELLEVIEW AVENUE & SOUTH FIELD WAY,1,1,0,0,1,4,0,0,40,0,0,0,0,0,4,2,16
,2020-18815,39.71112,-105.03153,10/23/2020 17:50,17:50:00,5,0,0,ALAMEDA AVENUE WEST & KNOX COURT SOUTH,1,1,0,0,3,3,0,0,35,0,0,0,0,0,2,2,9
,2020-18816,39.80607,-104.87963,10/28/2020 15:41,15:41:00,3,0,0,EAST 60TH AVENUE & NORTH BOSTON COURT,1,1,0,0,1,1,0,0,25,0,0,0,0,0,4,2,13
,2020-18817,39.71120654,-104.9991784,11/9/2020 21:48,21:48:00,9,0,1,I25 & ALAMEDA AVENUE WEST,9,3,0,0,2,4,0,0,55,0,0,0,0,2,1,1,5
,2020-18818,39.68408954,-105.0203284,11/1/2020 9:21,9:21:00,3,0,0,WEST COLORADO AVENUE & SOUTH CLAY STREET,1,1,0,0,1,1,0,0,25,0,0,0,0,0,4,2,13
,2020-18820,39.77728,-104.88278,11/6/2020 7:30,7:30:00,15,0,0,I70 & CENTRAL PARK BOULEVARD NORTH,1,1,0,0,1,4,0,0,55,0,0,0,0,0,1,2,13
,2020-18821,39.65334,-105.05321,10/24/2020 13:20,13:20:00,12,0,0,SHERIDAN BOULEVARD SOUTH & HAMPDEN AVENUE SERVICE ROAD,1,1,0,0,1,1,0,0,40,0,0,0,0,1,2,2,5
,2020-18822,39.68469254,-104.9504884,11/6/2020 1:26,1:26:00,12,0,0,I25 & STEELE STREET SOUTH,1,3,0,0,1,4,0,1,65,0,0,0,0,0,1,2,3
,2020-18823,39.74327,-104.98108,11/10/2020 6:03,6:03:00,6,0,0,NORTH PENNSYLVANIA STREET & EAST 17TH AVENUE,1,2,0,0,1,4,0,0,25,0,0,0,0,0,4,2,13
,2020-18824,39.67845,-104.93398,9/8/2020 7:00,7:00:00,12,0,0,I25 SOUTHBOUND OFF RAMP TO & EVANS AVENUE EAST,1,1,0,0,1,8,0,0,35,0,0,0,0,0,1,2,16
,2020-18825,39.78271,-104.85791,11/2/2020 5:37,5:37:00,5,0,0,11155 EAST 47TH AVENUE & 11155 EAST,1,2,0,0,3,4,0,0,35,0,0,0,0,1,4,1,5
,2020-18826,39.7553,-105.01249,11/2/2020 7:25,7:25:00,3,0,0,SPEER BOULEVARD NORTH & I25 SOUTHBOUND OFF RAMP,1,1,1,0,1,1,0,0,35,0,0,0,0,0,4,2,3
,2020-18827,39.84842,-104.67307,11/12/2020 11:13,11:13:00,15,0,0,8400 PENA BOULEVARD & 8400,1,1,0,0,1,4,0,0,15,0,0,0,0,0,4,2,1
,2020-18828,39.65616,-105.05322,11/6/2020 7:20,7:20:00,1,0,0,SHERIDAN BOULEVARD SOUTH & DARTMOUTH AVENUE WEST,1,1,0,0,1,1,0,0,35,0,0,0,0,0,2,2,13
,2020-18829,39.77562,-104.86574,11/2/2020 8:00,8:00:00,12,0,0,I70 & HAVANA STREET NORTH,1,1,0,0,1,4,0,0,65,0,0,0,0,0,1,2,13
,2020-18830,39.76737,-104.90081,10/28/2020 13:20,13:20:00,8,0,0,EAST 36TH AVENUE & NORTH ROSLYN STREET,1,1,0,0,1,1,0,0,30,0,0,0,0,1,4,2,13
,2020-18831,39.74026,-104.98739,11/1/2020 9:43,9:43:00,15,0,0,1500 NORTH BROADWAY STREET & EAST COLFAX AVENUE,1,1,0,0,1,4,0,0,30,0,0,0,0,0,4,2,8
,2020-18832,39.70245,-104.91225,10/31/2020 23:45,23:45:00,12,0,0,6500 LEETSDALE DRIVE & SOUTH MONACO STREET,1,3,0,0,1,1,0,0,35,0,0,0,0,1,4,2,13
,2020-18833,39.75472,-104.90696,11/10/2020 8:42,8:42:00,6,0,0,NORTH OLIVE STREET & EAST 26TH AVENUE,1,1,0,0,1,3,0,0,25,0,0,0,0,0,4,2,3
,2020-18835,39.78346313,-105.0112169,10/17/2020 22:01,22:01:00,15,0,0,I70 & MM 282,1,1,0,0,1,4,0,0,55,0,0,0,0,0,1,3,1
,2020-18836,39.73866,-105.04593,10/29/2020 21:00,21:00:00,5,0,0,VRAIN STREET NORTH & 1406 NORTH VRAIN STREET,1,3,0,0,2,5,0,0,20,0,0,0,0,0,4,1,16
,2020-18837,39.75532,-104.99939,11/5/2020 17:45,17:45:00,15,0,0,WEWATTA STREET & 18TH STREET,1,4,0,0,1,4,0,0,30,0,0,0,0,0,4,2,1
,2020-18838,39.76929,-105.00646,9/25/2020 20:25,20:25:00,12,0,0,WEST 38TH AVENUE & NORTH PECOS STREET,1,3,0,0,1,3,0,0,35,0,0,0,0,0,4,2,13
,2020-18840,39.69661,-104.97339,11/1/2020 18:26,18:26:00,6,0,0,SOUTH DOWNING STREET & EAST MISSISSIPPI AVENUE,1,3,0,0,1,4,0,0,30,0,0,0,0,1,4,2,5
,2020-18841,39.72559,-105.02514,9/14/2020 8:40,8:40:00,12,0,0,SIXTH AVENUE WEST & FEDERAL BOULEVARD NORTH,1,1,1,0,1,4,0,0,55,0,0,0,0,1,2,2,13
,2020-18842,39.63958,-104.88511,11/9/2020 21:59,21:59:00,12,0,0,I225 & YOSEMITE STREET SOUTH,7,4,0,2,1,4,0,0,65,0,0,0,0,0,1,2,13
,2020-18843,39.76526,-105.05324,11/2/2020 10:19,10:19:00,12,0,0,SHERIDAN BOULEVARD NORTH & 35TH AVENUE WEST,1,1,1,0,1,3,0,0,35,0,0,0,0,0,2,2,10
,2020-18844,39.77401,-104.84703,11/10/2020 7:35,7:35:00,12,0,0,I70 EASTBOUND OFF RAMP TO & PEORIA STREET NORTH,11,1,0,0,1,8,0,0,35,0,0,0,0,1,1,2,13
,2020-18845,39.78753,-104.83456,11/5/2020 22:57,22:57:00,6,0,0,NORTH WHEELING STREET & NORTH UTOPIA COURT,1,3,0,0,1,4,0,0,25,0,0,0,0,0,4,2,7
,2020-18846,39.75926,-105.0105,11/2/2020 7:26,7:26:00,6,0,0,BOULDER STREET & 16TH STREET,1,1,0,0,1,4,0,0,25,0,0,0,0,0,4,2,16
,2020-18847,39.7983,-104.77212,11/2/2020 12:30,12:30:00,12,0,0,EAST 56TH AVENUE & NORTH TOWER ROAD,1,1,0,0,1,1,0,0,35,0,0,0,0,0,4,2,13
,2020-18848,39.72586,-104.98622,10/31/2020 11:30,11:30:00,10,0,0,EAST SPEER BOULEVARD & NORTH LINCOLN STREET,1,1,0,0,1,1,0,0,30,0,0,0,0,0,4,2,8
,2020-18849,39.74743,-104.91281,11/2/2020 9:45,9:45:00,3,0,0,EAST MONTEVIEW BOULEVARD & NORTH MONACO STREET,1,1,0,0,1,1,0,0,40,0,0,0,0,1,4,2,13
,2020-18850,39.72525,-105.0334,11/2/2020 7:46,7:46:00,12,0,0,SIXTH AVENUE WEST & FEDERAL BOULEVARD NORTH,1,1,0,0,1,4,0,0,55,0,0,0,0,0,2,2,13
,2020-18851,39.72565154,-105.0131914,11/1/2020 22:51,22:51:00,9,0,0,I25 SOUTHBOUND ON RAMP FROM & HIGHWAY 6 EASTBOUND,1,1,1,0,1,8,0,0,65,0,0,0,0,0,2,1,13
,2020-18852,39.75641353,-104.9898184,10/31/2020 12:50,12:50:00,15,0,0,PARK AVENUE WEST & WALNUT STREET,1,1,0,0,1,4,0,0,30,0,0,0,0,0,4,2,7
,2020-18853,39.67847,-104.92227,11/10/2020 7:10,7:10:00,15,0,0,EAST EVANS AVENUE & SOUTH HOLLY STREET,1,1,0,0,1,3,0,0,30,0,0,0,0,0,4,2,13
,2020-18854,39.71828,-104.95922,11/5/2020 15:15,15:15:00,15,0,0,2300 EAST FIRST AVENUE & NORTH UNIVERSITY BOULEVARD,1,1,0,0,1,3,0,0,30,0,0,0,0,0,4,2,3
,2020-18855,39.72911,-104.95903,11/10/2020 6:42,6:42:00,3,0,0,EIGHTH AVENUE EAST & JOSEPHINE STREET NORTH,4,1,0,0,1,1,0,0,30,0,0,0,0,0,4,2,13
,2020-18856,39.71029,-105.02509,10/31/2020 13:15,13:15:00,12,0,0,FEDERAL BOULEVARD SOUTH & ALAMEDA AVENUE,1,1,0,0,1,3,0,0,40,0,0,0,0,1,2,2,16
,2020-18857,39.77856252,-104.9034184,11/1/2020 16:00,16:00:00,15,0,0,NORTHFIELD QUEBEC STREET & I70 EASTBOUND ON RAMP,1,1,0,0,1,1,0,0,35,0,0,0,0,0,4,2,13
,2020-18858,39.67332,-104.94071,11/5/2020 17:24,17:24:00,1,0,0,COLORADO BOULEVARD SOUTH & WESLEY AVENUE EAST,1,2,0,0,1,1,0,0,40,0,0,0,0,0,2,2,2
,2020-18859,39.7406,-104.98912,11/1/2020 15:10,15:10:00,11,0,1,COLFAX AVENUE WEST & BROADWAY STREET NORTH,1,1,0,0,1,4,0,0,0,0,1,0,0,2,2,1,16
,2020-18860,39.75852,-105.03461,11/2/2020 14:29,14:29:00,2,0,1,LOWELL BOULEVARD NORTH & 29TH AVENUE WEST,1,1,0,0,1,1,0,0,0,1,0,0,0,2,4,2,16
,2020-18861,39.78062352,-104.9497999,10/20/2020 21:26,21:26:00,15,0,0,I70 & VASQUEZ BOULEVARD,1,3,0,0,1,4,0,0,35,0,0,0,0,0,4,2,16
,2020-18862,39.68489954,-104.9594704,11/6/2020 7:45,7:45:00,12,0,0,I25 NORTHBOUND OFF RAMP & UNIVERSITY BOULEVARD SOUTH,1,1,1,0,1,8,0,0,,0,0,0,0,0,4,2,13
,2020-18863,39.67334,-105.02507,11/1/2020 23:47,23:47:00,5,0,0,FEDERAL BOULEVARD SOUTH & WESLEY AVENUE WEST,1,3,0,0,3,1,0,0,40,0,0,0,0,0,2,1,8
,2020-18864,39.63428,-104.9071,11/2/2020 7:45,7:45:00,12,0,0,I25 & I225,1,1,0,0,1,4,0,0,65,0,0,0,0,1,1,2,13
,2020-18865,39.63215,-105.08989,11/5/2020 22:13,22:13:00,5,0,0,BALSAM WAY SOUTH & TUFTS AVENUE WEST,1,3,0,0,3,1,0,0,35,0,0,0,0,0,4,1,13
,2020-18866,39.72733,-105.05325,8/21/2020 10:05,10:05:00,12,0,0,HIGHWAY 6 EASTBOUND ON RAMP FROM & SHERIDAN BOULEVARD NORTH,1,1,1,0,1,8,0,0,55,0,0,0,0,0,2,2,13
,2020-18867,39.72565,-104.98626,11/5/2020 20:00,20:00:00,12,0,0,NORTH LINCOLN STREET & EAST SIXTH AVENUE,1,3,0,0,1,1,0,0,35,0,0,0,0,0,4,2,16
,2020-18868,39.6801,-104.94068,10/31/2020 10:40,10:40:00,3,0,0,COLORADO BOULEVARD SOUTH & BUCHTEL BOULEVARD EAST,1,1,0,0,1,1,0,0,35,0,0,0,0,0,2,2,3
,2020-18869,39.72726,-104.97877,11/5/2020 16:11,16:11:00,10,0,0,NORTH WASHINGTON STREET & EAST SEVENTH AVENUE,1,1,0,0,1,1,0,0,30,0,0,0,0,0,4,2,16
,2020-18870,39.70124,-105.02508,10/20/2020 19:30,19:30:00,15,0,0,FEDERAL BOULEVARD SOUTH & KENTUCKY AVENUE WEST,1,3,0,0,1,3,0,0,35,0,0,0,0,1,2,2,7
,2020-18871,39.76815,-104.96718,11/2/2020 13:30,13:30:00,6,0,0,GILPIN STREET NORTH & 37TH AVENUE EAST,1,1,1,0,1,4,0,0,30,0,0,0,0,0,4,2,14
,2020-18873,39.78004,-104.98919,11/6/2020 8:45,8:45:00,15,0,0,I25 & I70,1,1,0,0,1,4,0,0,55,0,0,0,0,0,1,2,1
,2020-18874,39.66758,-104.92069,11/5/2020 13:35,13:35:00,12,0,0,EAST YALE AVENUE & SOUTH HOLLY STREET,1,1,0,0,1,1,0,0,30,0,0,0,0,1,4,2,3
,2020-18876,39.77828,-104.91288,11/5/2020 10:00,10:00:00,15,0,0,I70 & MONACO STREET NORTH,1,1,1,0,1,4,0,1,55,0,0,0,0,0,1,2,13