id,drcog_id,latitude,longitude,crashtime,time,crashtype,numbkilled,numbinjurd,drcoglocat,rdconditin,lightngcon,roadcntgrd,weatherco,location,roaddescrp,schoolzone,constrzone,splimit,bikeinv,pedinv,sctrinv,motoinv,svrty,rdsystem,ttlvehcls,hcf
,2020-18877,39.73844,-104.98549,11/10/2020 6:39,6:39:00,3,0,0,1400 EAST 14TH AVENUE & 1400 EAST,1,1,0,0,1,5,0,0,10,0,0,0,0,0,4,2,14
,2020-18878,39.74106,-104.90346,11/1/2020 9:25,9:25:00,15,0,0,1500 NORTH QUEBEC STREET & 1500 NORTH,1,1,0,0,1,4,0,0,30,0,0,0,0,0,4,2,8
,2020-18879,39.74758,-104.96346,10/31/2020 13:30,13:30:00,6,0,0,2000 NORTH RACE STREET & EAST 20TH AVENUE,1,1,0,0,1,4,0,0,25,0,0,0,0,0,4,2,13
,2020-18880,39.65312,-104.90303,10/9/2020 16:30,16:30:00,12,0,0,HAMPDEN AVENUE EAST & TAMARAC STREET SOUTH,1,1,0,0,1,4,0,0,40,0,0,0,0,0,2,2,13
,2020-18881,39.76072,-105.00633,11/1/2020 23:35,23:35:00,5,0,0,1800 CENTRAL STREET & 18TH STREET,1,3,0,0,3,4,0,0,25,0,0,0,0,0,4,1,5
,2020-18882,39.65306,-104.9244,11/2/2020 6:45,6:45:00,12,0,0,HAMPDEN AVENUE EAST & GRAPE STREET SOUTH,1,2,1,0,1,4,0,0,35,0,0,0,0,0,2,2,3
,2020-18883,39.78561,-105.02519,10/16/2020 6:50,6:50:00,12,0,0,FEDERAL BOULEVARD NORTH & 49TH AVENUE WEST,1,1,0,0,1,1,0,0,35,0,0,0,0,0,2,2,13
,2020-18884,39.70578,-105.0251,11/12/2020 6:30,6:30:00,3,0,1,FEDERAL BOULEVARD SOUTH & VIRGINIA AVENUE WEST,1,1,0,0,1,2,0,0,35,0,0,0,0,2,2,2,13
,2020-18885,39.71828,-104.95922,11/1/2020 18:16,18:16:00,15,0,0,EAST FIRST AVENUE & NORTH UNIVERSITY BOULEVARD,1,2,0,0,1,4,0,0,35,0,0,0,0,0,4,2,13
,2020-18886,39.77562,-104.86574,10/9/2020 21:10,21:10:00,15,0,0,I70 & HAVANA STREET NORTH,1,3,0,0,1,4,0,0,55,0,0,0,0,0,1,2,1
,2020-18888,39.75241,-105.02515,11/5/2020 22:57,22:57:00,3,0,0,FEDERAL BOULEVARD NORTH & 24TH AVENUE WEST,1,1,1,0,1,1,0,0,30,0,0,0,0,0,2,2,13
,2020-18892,39.76586,-104.93236,10/31/2020 23:36,23:36:00,5,0,0,DEXTER COURT NORTH & 3526 NORTH DEXTER COURT,1,3,0,7,4,5,0,0,,0,0,0,0,0,4,1,5
,2020-18894,39.78194,-104.96134,10/28/2020 17:45,17:45:00,6,0,0,NORTH GAYLORD STREET & EAST 47TH AVENUE,1,4,0,0,1,1,0,0,35,0,0,0,0,0,4,2,16
,2020-18903,39.63569,-104.89379,11/12/2020 7:02,7:02:00,3,0,0,TAMARAC STREET SOUTH & I225 WB/SB OFF RAMP,1,1,0,0,1,1,0,0,30,0,0,0,0,0,1,2,13
,2020-18905,39.78919,-104.83486,11/12/2020 8:15,8:15:00,3,0,0,UVALDA STREET NORTH & VICTOR WAY NORTH,1,1,0,0,1,1,0,0,25,0,0,0,0,1,4,2,13
,2020-18921,39.7837,-104.77212,9/25/2020 12:39,12:39:00,3,0,0,EAST GREEN VALLEY RANCH BOULEVARD & NORTH TOWER ROAD,1,1,0,0,1,1,0,0,35,0,0,0,0,0,4,2,13
,2020-18922,39.75483494,-105.0243033,9/20/2020 3:04,3:04:00,5,0,0,FEDERAL BOULEVARD NORTH & 2660 NORTH FEDERAL BOULEVARD,1,3,0,0,3,3,0,0,35,0,0,0,0,0,4,1,13
,2020-18923,39.71417,-105.03849,9/25/2020 22:15,22:15:00,6,0,0,100 SOUTH OSCEOLA STREET & WEST BAYAUD AVENUE,1,3,0,0,1,4,0,0,25,0,0,0,0,0,4,2,13
,2020-18946,39.72534,-104.91257,11/5/2020 12:06,12:06:00,3,0,1,EAST SIXTH AVENUE & NORTH MONACO STREET,1,1,0,0,1,1,0,0,30,0,0,0,0,2,4,2,13
,2020-18947,39.66681,-104.92802,10/4/2020 19:30,19:30:00,6,0,0,FOREST STREET SOUTH & 2740 SOUTH FOREST STREET,1,3,0,0,2,4,0,0,30,0,0,0,0,0,4,2,1
,2020-18955,39.77452,-104.92232,10/30/2020 2:30,2:30:00,3,0,0,EAST SMITH ROAD & NORTH HOLLY STREET,1,3,0,0,1,1,0,0,35,0,0,0,0,1,4,2,5
,2020-18967,39.71118,-105.00156,10/29/2020 19:04,19:04:00,1,0,0,ALAMEDA AVENUE WEST & LIPAN STREET SOUTH,1,2,0,0,1,1,0,0,30,0,0,0,0,0,2,2,13
,2020-18973,39.67737,-105.02981,11/7/2020 11:40,11:40:00,12,0,0,SOUTH IRVING STREET & WEST WARREN AVENUE,1,1,0,0,1,4,0,0,35,0,0,0,0,1,4,3,10
,2020-18975,39.72892,-105.00018,11/7/2020 9:08,9:08:00,3,0,1,WEST EIGHTH AVENUE & NORTH KALAMATH STREET,1,1,0,0,1,1,0,0,35,0,0,0,0,3,4,3,5
,2020-18976,39.75175,-104.99587,10/17/2020 21:47,21:47:00,15,0,0,18TH STREET & MARKET STREET,1,1,0,0,1,4,0,0,30,0,0,0,0,0,4,2,5
,2020-18977,39.74006,-104.98614,11/11/2020 14:10,14:10:00,14,0,0,EAST COLFAX AVENUE & NORTH LINCOLN STREET,1,1,0,0,1,1,0,0,30,0,0,0,0,1,4,5,15
,2020-18979,39.67841954,-104.9336584,10/23/2020 15:35,15:35:00,12,0,0,I25 NORTHBOUND ON RAMP & EVANS AVENUE EAST,1,1,0,0,1,8,0,0,45,0,0,0,0,1,1,3,14
,2020-18981,39.74396,-105.02522,10/22/2020 19:35,19:35:00,10,0,0,FEDERAL BOULEVARD NORTH & 17TH AVENUE WEST,11,3,0,1,1,1,0,0,35,0,0,0,0,0,2,3,14
,2020-18982,39.75884352,-104.8645519,10/18/2020 22:04,22:04:00,15,0,0,10500 EAST MLK BOULEVARD & NORTH IOLA STREET,1,3,0,0,1,4,0,0,35,0,0,0,0,0,4,2,5
,2020-18983,39.63324,-104.90632,11/2/2020 15:40,15:40:00,15,0,0,I225 & I25,1,1,0,0,1,4,0,0,55,0,0,0,0,0,1,2,3
,2020-18984,39.67843,-104.996,10/19/2020 13:20,13:20:00,12,0,0,WEST EVANS AVENUE & SOUTH GALAPAGO STREET,1,1,0,0,1,3,0,0,35,0,0,0,0,0,4,3,3
,2020-18985,39.71973,-104.9532,10/16/2020 17:33,17:33:00,6,0,0,200 NORTH FILLMORE STREET & 200 NORTH,1,3,0,0,1,4,0,0,25,0,0,0,0,0,4,2,14
,2020-18987,39.68758,-104.99206,10/20/2020 16:20,16:20:00,15,0,0,SANTA FE DRIVE SOUTH & IOWA AVENUE WEST,1,1,0,0,1,3,0,0,45,0,0,0,0,0,2,2,3
,2020-18988,39.73849,-105.05322,10/23/2020 19:10,19:10:00,12,0,0,SHERIDAN BOULEVARD NORTH & 14TH AVENUE WEST,1,3,0,0,1,1,0,0,35,0,0,0,0,0,2,3,3
,2020-18989,39.75867,-104.97823,10/25/2020 13:33,13:33:00,6,0,0,29TH STREET & CHAMPA STREET,4,1,1,2,2,4,0,0,30,0,0,0,0,0,4,4,13
,2020-18990,39.67841,-104.94075,11/8/2020 18:56,18:56:00,3,0,0,COLORADO BOULEVARD SOUTH & EVANS AVENUE EAST,1,3,0,0,1,1,0,0,35,0,0,0,0,1,2,4,3
,2020-18991,39.75513553,-105.0127189,10/20/2020 15:52,15:52:00,12,0,0,I25 & SPEER BOULEVARD,1,1,0,0,1,4,0,0,65,0,0,0,0,0,1,3,14
,2020-18992,39.62379,-104.90172,8/12/2020 22:45,22:45:00,6,0,0,I25 & BELLEVIEW AVENUE EAST,1,4,0,0,3,4,0,0,65,0,0,0,0,1,1,3,14
,2020-18993,39.7001,-105.04856,10/23/2020 20:29,20:29:00,15,0,0,MORRISON ROAD & WOLFF STREET SOUTH,1,3,1,0,1,4,0,0,30,0,0,0,0,1,4,3,7
,2020-18994,39.71532,-104.95923,10/23/2020 7:36,7:36:00,15,0,0,UNIVERSITY BOULEVARD SOUTH & CHERRY CREEK SOUTHEAST DRIVE,4,1,0,2,1,3,0,0,35,0,0,0,0,0,4,3,13
,2020-18995,39.77826,-104.89661,10/22/2020 23:50,23:50:00,12,0,0,I270 & I70,4,4,1,1,1,4,0,0,55,0,0,0,0,0,1,5,16
,2020-18998,39.71479,-104.91279,10/20/2020 7:40,7:40:00,12,0,0,100 SOUTH MONACO STREET & EAST CEDAR AVENUE,1,1,0,0,1,3,0,0,30,0,0,0,0,0,4,3,1
,2020-18999,39.63479,-104.90088,11/2/2020 18:04,18:04:00,15,0,0,I225 NORTHBOUND EXIT GORE POINT TO & TAMARAC STREET,1,3,1,0,1,4,0,0,65,0,0,0,0,0,1,2,13
,2020-19000,39.65321954,-104.9183404,11/9/2020 19:15,19:15:00,15,0,0,I25 & HAMPDEN AVENUE EAST,9,4,0,2,1,4,0,0,65,0,0,0,0,0,1,3,7
,2020-19001,39.73294,-104.98613,11/5/2020 16:35,16:35:00,15,0,0,1000 NORTH LINCOLN STREET & EAST 11TH AVENUE,1,1,0,0,1,4,0,0,35,0,0,0,0,0,4,2,1
,2020-19002,39.63139,-104.88522,10/20/2020 15:20,15:20:00,3,0,0,YOSEMITE STREET SOUTH & UNION AVENUE EAST,1,1,0,0,1,1,0,0,30,0,0,0,0,1,4,2,3
,2020-19003,39.73838,-104.95627,10/23/2020 14:04,14:04:00,6,0,0,14TH AVENUE EAST & ELIZABETH STREET NORTH,1,1,0,0,1,4,0,0,30,0,0,0,0,1,4,4,3
,2020-19004,39.65309,-104.9433,10/20/2020 14:42,14:42:00,5,0,0,HAMPDEN AVENUE EAST & COLORADO BOULEVARD SOUTH,1,1,1,0,3,4,0,1,40,0,0,0,0,0,2,1,5
,2020-19005,39.68473,-104.95945,10/20/2020 16:04,16:04:00,12,0,0,I25 SOUTHBOUND ON RAMP FROM & UNIVERSITY BOULEVARD SOUTH,1,1,1,0,1,8,0,0,60,0,0,0,0,0,1,2,13
,2020-19006,39.73688,-105.00526,10/20/2020 15:03,15:03:00,10,0,0,OSAGE STREET NORTH & 13TH AVENUE WEST,1,1,0,0,1,1,0,0,25,0,0,0,0,0,4,2,7
,2020-19007,39.74003,-104.9811,11/2/2020 17:00,17:00:00,12,0,0,COLFAX AVENUE EAST & PENNSYLVANIA STREET NORTH,1,1,0,0,1,1,0,0,45,0,0,0,0,0,2,2,14
,2020-19008,39.75211,-105.03696,10/23/2020 9:28,9:28:00,6,0,0,24TH AVENUE WEST & NEWTON STREET NORTH,1,1,1,0,1,4,0,0,25,0,0,0,0,0,4,3,16
,2020-19009,39.70759,-105.02509,11/11/2020 13:41,13:41:00,12,0,0,FEDERAL BOULEVARD SOUTH & VIRGINIA AVENUE WEST,1,1,0,0,1,1,0,0,40,0,0,0,0,0,2,3,3
,2020-19010,39.69662,-104.98507,11/2/2020 18:28,18:28:00,3,0,0,EAST MISSISSIPPI AVENUE & SOUTH SHERMAN STREET,1,3,0,0,1,1,0,0,30,0,0,0,0,0,4,2,8
,2020-19012,39.69302,-104.98626,11/4/2020 16:30,16:30:00,15,0,0,EAST LOUISIANA AVENUE & SOUTH LINCOLN STREET,1,1,0,0,1,1,0,0,25,0,0,0,0,0,4,2,3
,2020-19013,39.7541,-105.00158,11/5/2020 10:00,10:00:00,12,0,0,WEWATTA STREET & 17TH STREET,1,1,0,0,1,1,0,0,25,0,0,0,0,0,4,2,14
,2020-19014,39.72027,-105.02394,11/12/2020 9:21,9:21:00,3,0,0,FEDERAL BOULEVARD SOUTH & SECOND AVENUE EAST,1,1,0,0,1,1,0,0,35,0,0,0,0,0,4,3,13
,2020-19015,39.78379,-105.00034,10/22/2020 22:55,22:55:00,8,0,0,WEST 48TH AVENUE & NORTH KALAMATH STREET,4,3,1,2,1,14,0,0,35,0,0,0,0,0,4,3,9
,2020-19016,39.70024,-104.94068,10/25/2020 16:26,16:26:00,3,0,0,COLORADO BOULEVARD SOUTH & EXPOSITION AVENUE EAST,4,3,1,2,1,1,0,0,25,0,0,0,0,0,4,2,14
,2020-19017,39.77562,-104.86574,10/6/2020 14:15,14:15:00,15,0,0,I70 & HAVANA STREET,1,1,1,0,1,4,0,0,55,0,0,0,0,0,1,2,9
,2020-19018,39.78327,-105.00643,10/22/2020 21:35,21:35:00,12,0,0,I70 & PECOS STREET NORTH,4,3,1,2,1,4,0,0,55,0,0,0,0,1,1,3,13
,2020-19019,39.77714,-104.88298,10/6/2020 15:32,15:32:00,12,0,0,I70 & CENTRAL PARK BOULEVARD NORTH,1,1,0,0,1,4,0,1,65,0,0,0,0,1,1,2,16
,2020-19020,39.69115,-104.95934,10/25/2020 13:25,13:25:00,12,0,0,SOUTH UNIVERSITY BOULEVARD & EAST ARKANSAS AVENUE,9,1,0,2,1,3,0,0,30,0,0,0,0,0,4,2,7
,2020-19021,39.7829,-104.97837,11/5/2020 10:14,10:14:00,5,0,0,WASHINGTON STREET NORTH & ELK PLACE EAST,1,1,0,0,3,1,0,0,30,0,0,0,0,0,4,1,13
,2020-19022,39.73937,-104.97888,10/25/2020 13:00,13:00:00,3,0,0,WASHINGTON STREET NORTH & 1433 NORTH WASHINGTON STREET,9,1,0,2,1,5,0,0,10,0,0,0,0,1,4,2,16
,2020-19023,39.73848,-105.03227,11/4/2020 18:04,18:04:00,3,0,0,NORTH KNOX COURT & WEST 14TH AVENUE,1,3,0,0,1,1,0,0,25,0,0,0,0,1,4,2,3
,2020-19024,39.72383,-104.8842,11/5/2020 15:02,15:02:00,10,0,0,YOSEMITE STREET NORTH & LOWRY BOULEVARD EAST,1,1,0,0,1,6,0,0,25,0,0,0,0,0,4,2,7
,2020-19025,39.70381,-104.94069,11/4/2020 16:45,16:45:00,12,0,0,COLORADO BOULEVARD SOUTH & EXPOSITION AVENUE EAST,1,1,0,0,1,3,0,0,35,0,0,0,0,0,2,2,3
,2020-19026,39.74326,-104.97989,11/5/2020 10:00,10:00:00,3,0,0,17TH AVENUE EAST & PEARL STREET NORTH,1,1,0,0,1,1,0,0,25,0,0,0,0,0,4,2,14
,2020-19027,39.7524,-105.02052,10/13/2020 16:50,16:50:00,3,0,0,WEST 24TH AVENUE & NORTH CLAY STREET,1,1,0,0,1,1,0,0,30,0,0,0,0,0,4,2,13
,2020-19028,39.73368,-104.97643,11/2/2020 14:56,14:56:00,3,0,0,EAST 11TH AVENUE & NORTH EMERSON STREET,1,1,0,0,1,1,0,0,25,0,0,0,0,0,4,2,14
,2020-19029,39.75132,-105.01653,11/11/2020 15:42,15:42:00,12,0,0,I25 & 23RD AVENUE WEST,1,1,0,0,1,4,0,0,65,0,0,0,0,0,1,4,1
,2020-19030,39.78384,-105.00644,11/5/2020 15:42,15:42:00,12,0,0,WEST 48TH AVENUE & NORTH PECOS STREET,1,1,3,0,1,6,0,0,30,0,0,0,0,0,4,2,13
,2020-19031,39.68209,-104.92223,11/4/2020 14:00,14:00:00,15,0,0,SOUTH HOLLY STREET & EAST JEWELL AVENUE,1,1,0,0,1,3,0,0,25,0,0,0,0,0,4,2,8
,2020-19032,39.77443,-104.79048,10/12/2020 6:31,6:31:00,12,0,0,4100 PENA BOULEVARD INBOUND & EAST 40TH AVENUE,1,2,0,0,1,4,0,0,25,0,0,0,0,0,4,2,3
,2020-19033,39.69411554,-104.9792299,11/5/2020 16:55,16:55:00,12,0,0,I25 & WASHINGTON STREET SOUTH,1,3,0,0,1,4,0,0,65,0,0,0,0,0,1,2,13
,2020-19034,39.62378,-104.90141,11/4/2020 15:00,15:00:00,15,0,0,BELLEVIEW AVENUE EAST & I25 NORTHBOUND RAMPS,1,1,0,0,1,1,0,0,30,0,0,0,0,0,4,2,3
,2020-19035,39.63652,-105.03472,10/15/2020 19:50,19:50:00,12,0,0,SOUTH LOWELL BOULEVARD & WEST RADCLIFF AVENUE,1,4,0,0,1,1,0,0,25,0,0,0,0,0,4,2,1
,2020-19036,39.71121,-104.9989,11/2/2020 13:52,13:52:00,15,0,0,I25 & ALAMEDA AVENUE WEST,1,1,1,0,1,4,0,0,65,0,0,0,0,0,1,2,1
,2020-19037,39.66762,-104.92576,11/5/2020 15:27,15:27:00,12,0,0,YALE AVENUE EAST & I25,1,1,0,0,1,4,0,0,30,0,0,0,0,1,4,2,13
,2020-19038,39.64031384,-105.0480952,11/2/2020 12:30,12:30:00,16,0,0,4725 WEST QUINCY AVENUE & 4725 WEST,1,1,1,0,5,7,0,0,10,0,0,0,0,1,3,2,1
,2020-19039,39.75104953,-104.9828704,11/2/2020 15:47,15:47:00,3,0,1,PARK AVENUE WEST & WELTON STREET,1,2,0,0,1,1,0,0,30,0,0,0,0,1,4,2,2
,2020-19040,39.76024,-104.99465,10/25/2020 14:58,14:58:00,5,0,1,1900 PARK AVENUE WEST & DELGANY STREET,4,1,0,2,2,4,0,0,35,0,0,0,0,2,4,1,13
,2020-19041,39.78307152,-104.9009119,11/2/2020 11:24,11:24:00,12,0,0,I270 & NORTHFIELD QUEBEC STREET,1,1,0,0,1,4,0,0,65,0,0,0,0,0,1,2,3
,2020-19042,39.70752,-104.98635,11/4/2020 14:10,14:10:00,15,0,0,SOUTH LINCOLN STREET & EAST VIRGINIA AVENUE,1,1,0,0,1,3,0,0,30,0,0,0,0,0,4,2,16
,2020-19043,39.74035,-104.98883,11/5/2020 0:34,0:34:00,5,0,1,COLFAX AVENUE WEST & BANNOCK STREET NORTH,1,3,0,0,3,4,0,0,30,0,0,0,0,3,2,1,5
,2020-19044,39.78934463,-105.0532759,11/5/2020 14:50,14:50:00,16,0,0,5161 NORTH SHERIDAN BOULEVARD & 5161 NORTH,1,1,1,0,5,7,0,0,,0,0,0,0,0,3,1,16
,2020-19045,39.72951,-105.05324,11/4/2020 18:00,18:00:00,3,0,0,SHERIDAN BOULEVARD NORTH & EIGHTH AVENUE WEST,1,3,1,0,1,1,0,0,35,0,0,0,0,0,2,2,8
,2020-19046,39.75537,-105.01269,11/2/2020 17:42,17:42:00,12,0,0,I25 & SPEER BOULEVARD NORTH,1,4,0,0,1,4,0,0,65,0,0,0,0,0,1,2,7
,2020-19047,39.67916,-105.05002,10/21/2020 16:20,16:20:00,3,0,0,WEST EVANS AVENUE & SOUTH XAVIER STREET,1,1,0,0,1,1,0,0,25,0,0,0,0,1,4,2,3
,2020-19048,39.79392,-104.81536,11/2/2020 15:10,15:10:00,10,0,0,MAXWELL PLACE EAST & EAGLE STREET NORTH,1,1,1,0,1,4,0,0,25,0,0,0,0,0,4,2,13
,2020-19049,39.69666,-104.99294,11/5/2020 16:06,16:06:00,3,0,0,PLATTE RIVER DRIVE SOUTH & MISSISSIPPI AVENUE WEST,1,1,0,0,1,1,0,0,35,0,0,0,0,0,2,2,13
,2020-19050,39.68766,-104.90354,11/4/2020 12:51,12:51:00,3,0,0,QUEBEC STREET SOUTH & IOWA AVENUE EAST,1,1,0,0,1,1,0,0,35,0,0,0,0,1,4,2,13
,2020-19051,39.74287,-104.94768,10/16/2020 9:30,9:30:00,6,0,0,COOK STREET NORTH & 17TH AVENUE EAST,1,1,0,0,1,2,0,0,25,0,0,0,0,0,4,2,16
,2020-19052,39.74492053,-104.9406289,11/5/2020 18:19,18:19:00,15,0,0,COLORADO BOULEVARD NORTH & 18TH AVENUE EAST,1,1,0,0,1,1,0,0,35,0,0,0,0,0,2,2,13
,2020-19053,39.75056,-104.99919,10/25/2020 15:51,15:51:00,2,0,0,BLAKE STREET & 16TH STREET,10,2,0,2,1,1,0,0,0,1,0,0,0,1,4,2,16
,2020-19054,39.72565,-104.98626,10/25/2020 13:09,13:09:00,3,0,0,SIXTH AVENUE EAST & SPEER BOULEVARD EAST,11,1,0,2,1,1,0,0,30,0,0,0,0,1,4,2,14
,2020-19055,39.72891,-104.99861,11/2/2020 15:24,15:24:00,3,0,0,WEST EIGHTH AVENUE & NORTH SANTA FE DRIVE,1,1,1,0,1,2,0,0,30,0,0,0,0,0,4,2,13
,2020-19056,39.74865,-104.98945,10/5/2020 14:35,14:35:00,3,0,0,STOUT STREET & 19TH STREET,1,1,0,0,1,1,0,0,30,0,0,0,0,0,4,2,13
,2020-19057,39.82189,-104.77195,10/19/2020 19:54,19:54:00,3,0,0,EAST 69TH AVENUE & NORTH TOWER ROAD,1,3,0,0,1,1,0,0,30,0,0,0,0,0,4,2,13
,2020-19059,39.78008,-104.98937,10/9/2020 16:30,16:30:00,15,0,0,I25 SOUTHBOUND  EXIT GORE POINT TO & I70,1,1,0,0,1,13,0,0,65,0,0,0,0,0,1,2,1
,2020-19060,39.73681,-104.95979,11/6/2020 12:39,12:39:00,12,0,0,EAST 13TH AVENUE & NORTH YORK STREET,1,1,0,0,1,4,0,0,30,0,0,0,0,0,4,2,13
,2020-19061,39.77842,-104.90357,10/23/2020 13:00,13:00:00,15,0,0,NORTHFIELD QUEBEC STREET & I70,1,1,0,0,1,4,0,1,25,0,0,0,0,0,4,2,13
,2020-19062,39.76655,-104.98364,8/11/2020 11:40,11:40:00,6,0,0,BRIGHTON BOULEVARD NORTH & 31ST STREET,1,1,0,0,1,4,0,0,30,0,0,0,0,0,4,2,13
,2020-19063,39.70135,-105.04679,11/4/2020 18:59,18:59:00,10,0,0,WEST ADA PLACE & MORRISON ROAD,1,2,0,0,1,1,0,0,30,0,0,0,0,0,4,2,13
,2020-19064,39.79833,-104.76269,11/5/2020 6:53,6:53:00,1,0,0,NORTH DUNKIRK STREET & EAST 56TH AVENUE,1,2,1,0,1,1,0,0,30,0,0,0,0,0,4,2,13
,2020-19065,39.77842,-104.90357,11/6/2020 11:20,11:20:00,14,0,0,NORTHFIELD QUEBEC STREET & I70 WB RAMPS,1,1,1,0,1,4,0,0,40,0,0,0,0,0,4,2,13
,2020-19066,39.70402,-105.03112,10/19/2020 8:33,8:33:00,6,0,0,3300 WEST EXPOSITION AVENUE & SOUTH IRVING STREET,1,1,0,0,1,4,0,0,25,0,0,0,0,0,4,2,2
,2020-19068,39.73128,-105.05325,9/29/2020 9:42,9:42:00,3,0,0,SHERIDAN BOULEVARD NORTH & NINTH AVENUE WEST,1,1,0,0,1,1,0,0,30,0,0,0,0,0,2,2,16
,2020-19069,39.72559,-104.97523,11/6/2020 14:12,14:12:00,3,0,0,EAST SIXTH AVENUE & NORTH OGDEN STREET,1,1,0,0,1,1,0,0,30,0,0,0,0,0,4,2,3
,2020-19070,39.66749,-104.92548,11/6/2020 19:25,19:25:00,15,0,0,I25 & YALE AVENUE EAST,1,3,1,0,1,4,0,0,65,0,0,0,0,0,1,2,5
,2020-19071,39.68930053,-104.9407504,11/6/2020 11:24,11:24:00,5,0,0,COLORADO BOULEVARD SOUTH & FLORIDA AVENUE EAST,1,1,1,0,2,1,0,0,30,0,0,0,0,0,2,1,5
,2020-19072,39.73923,-104.98232,11/5/2020 7:05,7:05:00,10,0,0,LOGAN STREET NORTH & 1400 NORTH,1,1,0,0,1,2,0,0,30,0,0,0,0,0,4,2,13
,2020-19073,39.76183152,-104.9128504,10/24/2020 15:22,15:22:00,12,0,0,NORTH MONACO PARKWAY & EAST MLK BOULEVARD,1,1,0,7,1,1,0,0,35,0,0,0,0,0,4,2,13
,2020-19074,39.74351,-104.9733,10/8/2020 10:38,10:38:00,15,0,0,1700 NORTH DOWNING STREET & 1700 NORTH,1,1,0,0,1,4,0,0,30,0,0,0,0,0,4,2,13
,2020-19075,39.79143296,-104.941211,11/6/2020 11:24,11:24:00,5,0,0,VASQUEZ BOULEVARD & 5293 VASQUEZ BOULEVARD,1,1,0,0,1,14,0,0,30,0,0,0,0,1,4,1,1
,2020-19076,39.71656,-104.98563,10/19/2020 23:00,23:00:00,6,0,0,100 EAST ELLSWORTH AVENUE & NORTH LINCOLN STREET,1,3,0,0,1,4,0,0,25,0,0,0,0,0,4,2,1
,2020-19077,39.73846,-104.9969,10/1/2020 7:46,7:46:00,15,0,0,NORTH SPEER BOULEVARD & WEST 14TH AVENUE,1,1,0,0,1,4,0,0,35,0,0,0,0,0,4,2,13
,2020-19078,39.69754,-105.04339,11/4/2020 18:21,18:21:00,5,0,0,TENNYSON STREET SOUTH & 1060 SOUTH TENNYSON STREET,1,4,0,0,3,4,0,0,25,0,0,0,0,0,4,1,1
,2020-19079,39.68234,-105.01569,11/4/2020 19:19,19:19:00,3,0,0,SOUTH ZUNI STREET & WEST JEWELL AVENUE,1,3,0,0,1,1,0,0,25,0,0,0,0,0,4,2,1
,2020-19080,39.78306252,-104.9006419,11/5/2020 18:48,18:48:00,12,0,0,I270 WB ON RAMP FROM & NORTHFIELD QUEBEC STREET,1,2,1,0,1,8,0,0,40,0,0,0,0,0,1,2,13
,2020-19081,39.75848,-105.02523,9/28/2020 14:03,14:03:00,12,0,0,FEDERAL BOULEVARD NORTH & 29TH AVENUE WEST,1,1,0,0,1,3,0,0,35,0,0,0,0,1,2,2,16
,2020-19082,39.69302,-104.98747,10/19/2020 16:15,16:15:00,3,0,0,BROADWAY STREET SOUTH & LOUISIANA AVENUE EAST,1,1,0,0,1,1,0,0,30,0,0,0,0,1,4,2,3
,2020-19083,39.76552,-104.97981,9/8/2020 17:30,17:30:00,12,0,0,32ND STREET & BLAKE STREET,11,1,0,2,1,1,0,0,35,0,0,0,0,1,4,2,5
,2020-19084,39.74004,-105.04132,10/25/2020 20:41,20:41:00,5,0,0,COLFAX AVENUE WEST & 4190 WEST COLFAX AVENUE,9,3,1,2,2,4,0,0,35,0,0,0,0,0,4,2,16
,2020-19085,39.74007,-104.99165,10/19/2020 22:48,22:48:00,3,0,1,COLFAX AVENUE WEST & COURT PLACE,1,4,0,0,1,1,0,0,35,0,0,0,0,1,4,2,13
,2020-19086,39.73682953,-104.9128009,11/6/2020 19:17,19:17:00,12,0,0,NORTHBOUND NORTH MONACO PARKWAY & EAST 13TH AVENUE,1,2,0,0,1,1,0,0,30,0,0,0,0,0,4,2,3
,2020-19087,39.68294,-104.94055,11/4/2020 18:37,18:37:00,15,0,0,I25 & COLORADO BOULEVARD SOUTH,1,3,0,0,1,4,0,0,60,0,0,0,0,0,1,2,3
,2020-19088,39.74065,-104.89286,9/23/2020 12:00,12:00:00,12,0,0,COLFAX AVENUE EAST & UINTA STREET NORTH,1,1,0,0,1,4,0,0,35,0,0,0,0,0,2,2,13
,2020-19089,39.72251053,-104.9939899,11/6/2020 11:45,11:45:00,6,0,0,400 NORTH FOX ELATI ALY & WEST FOURTH AVENUE,1,1,0,0,1,5,0,0,15,0,0,0,0,0,4,2,13
,2020-19090,39.68865,-105.05326,10/16/2020 10:55,10:55:00,12,0,0,SHERIDAN BOULEVARD SOUTH & FLORIDA AVENUE WEST,1,1,0,0,1,3,0,0,30,0,0,0,0,0,2,2,13
,2020-19091,39.77995,-104.94051,11/6/2020 9:30,9:30:00,15,0,0,I70 & COLORADO BOULEVARD NORTH,1,1,0,0,1,4,0,0,65,0,0,0,0,0,1,2,13
,2020-19092,39.7384,-104.96477,9/30/2020 18:39,18:39:00,3,0,0,NORTH HIGH STREET & EAST 14TH AVENUE,1,1,0,0,1,1,0,0,25,0,0,0,0,0,4,2,14
,2020-19093,39.75185,-104.88992,11/6/2020 9:30,9:30:00,6,0,0,NORTH CENTRAL PARK BOULEVARD & NORTH WABASH STREET,1,1,0,0,1,4,0,0,30,0,0,0,0,0,4,2,13