id,drcog_id,latitude,longitude,crashtime,time,crashtype,numbkilled,numbinjurd,drcoglocat,rdconditin,lightngcon,roadcntgrd,weatherco,location,roaddescrp,schoolzone,constrzone,splimit,bikeinv,pedinv,sctrinv,motoinv,svrty,rdsystem,ttlvehcls,hcf
,2020-19094,39.72554,-105.01313,11/6/2020 12:55,12:55:00,12,0,0,I25 NORTHBOUND OFF RAMP EXIT GORE POINT TO & SIXTH AVENUE WEST,1,1,0,0,1,8,0,0,45,0,0,0,0,0,1,2,13
,2020-19095,39.73508,-104.97844,9/30/2020 9:53,9:53:00,6,0,0,700 EAST 12TH AVENUE & 700 EAST,1,1,0,0,1,4,0,0,25,0,0,0,0,0,4,2,14
,2020-19096,39.77714,-104.88298,11/6/2020 16:50,16:50:00,12,0,0,I70 & CENTRAL PARK BOULEVARD NORTH,1,1,0,0,1,4,0,0,55,0,0,0,0,0,1,2,14
,2020-19097,39.78369,-104.77212,11/5/2020 18:34,18:34:00,12,0,0,4700 NORTH TOWER ROAD & EAST GREEN VALLEY RANCH BOULEVARD,1,3,0,0,1,4,0,0,40,0,0,0,0,0,4,2,13
,2020-19098,39.76833,-104.99497,10/24/2020 14:08,14:08:00,12,0,0,I25 & PARK AVENUE WEST,1,1,0,0,1,4,0,0,55,0,0,0,0,0,1,2,13
,2020-19099,39.78746,-105.02522,11/6/2020 19:13,19:13:00,1,0,0,FEDERAL BOULEVARD NORTH & 50TH AVENUE WEST,1,3,0,0,1,2,0,0,35,0,0,0,0,1,2,2,13
,2020-19100,39.75829,-104.94059,10/1/2020 15:15,15:15:00,12,0,0,COLORADO BOULEVARD NORTH & 29TH AVENUE EAST,1,1,0,0,1,1,0,0,35,0,0,0,0,1,2,2,7
,2020-19101,39.71702,-104.89557,10/23/2020 21:20,21:20:00,12,0,0,EAST FAIRMOUNT DRIVE & EAST LOWRY BOULEVARD,1,3,0,0,1,6,0,0,30,0,0,0,0,0,4,2,5
,2020-19102,39.74002453,-104.9988094,10/19/2020 15:15,15:15:00,12,0,0,SPEER BOULEVARD & WEST COLFAX AVENUE,1,1,0,0,1,3,0,0,30,0,0,0,0,0,4,2,1
,2020-19103,39.71942,-105.05328,10/19/2020 15:25,15:25:00,15,0,0,100 NORTH SHERIDAN BOULEVARD & WEST FIRST AVENUE,1,1,0,0,1,3,0,0,30,0,0,0,0,0,4,2,13
,2020-19104,39.77438,-104.88277,10/20/2020 6:59,6:59:00,12,0,0,4000 NORTH CENTRAL PARK BOULEVARD & EAST 40TH AVENUE,1,2,1,0,1,3,0,0,35,0,0,0,0,0,4,2,14
,2020-19106,39.78327,-105.00643,11/6/2020 9:32,9:32:00,15,0,0,I70 WB OFF RAMP EXIT GORE POINT TO & PECOS STREET NORTH,1,1,0,0,1,8,0,0,55,0,0,0,0,0,1,2,8
,2020-19107,39.69675,-105.01329,10/20/2020 6:27,6:27:00,14,0,0,2100 WEST MISSISSIPPI AVENUE & SOUTH TEJON STREET,1,3,0,0,1,1,0,0,30,0,0,0,0,0,4,2,16
,2020-19121,39.76562,-104.91997,11/4/2020 11:35,11:35:00,6,0,0,EAST 35TH AVENUE & NORTH IVY STREET,1,1,0,0,1,4,0,0,25,0,0,0,0,0,4,2,16
,2020-19122,39.74527,-105.00072,10/23/2020 21:57,21:57:00,15,0,0,LAWRENCE STREET & SPEER BOULEVARD NORTH,1,3,0,0,1,1,0,0,30,0,0,0,0,0,4,2,13
,2020-19205,39.73727,-104.90346,10/24/2020 7:54,7:54:00,3,0,0,NORTH QUEBEC STREET & EAST 13TH AVENUE,1,1,1,0,1,1,0,0,30,0,0,0,0,1,4,2,3
,2020-19209,39.77668,-104.80991,10/23/2020 23:10,23:10:00,3,0,0,46TH AVENUE EAST & CHAMBERS ROAD NORTH,1,3,0,0,1,1,0,0,40,0,0,0,0,0,4,2,1
,2020-19217,39.74378,-104.9442,10/24/2020 0:30,0:30:00,6,0,0,3700 EAST 17TH AVENUE & NORTH JACKSON STREET,1,3,0,0,1,4,0,0,35,0,0,0,0,0,4,2,16
,2020-19218,39.73671,-104.94067,10/23/2020 13:30,13:30:00,12,0,0,COLORADO BOULEVARD NORTH & 13TH AVENUE EAST,1,1,0,0,1,3,0,0,35,0,0,0,0,0,2,2,1
,2020-19222,39.74036,-105.04867,11/10/2020 14:46,14:46:00,11,0,0,COLFAX AVENUE WEST & WOLFF STREET NORTH,1,1,1,0,1,1,0,0,0,0,1,0,0,1,2,1,16
,2020-19224,39.76928,-105.00176,10/23/2020 17:27,17:27:00,3,0,0,LIPAN STREET NORTH & 38TH AVENUE WEST,1,2,0,0,1,1,0,0,35,0,0,0,0,0,4,2,10
,2020-19226,39.68072,-105.05323,10/24/2020 11:29,11:29:00,12,0,0,1900 SOUTH SHERIDAN BOULEVARD & 1900 SOUTH,1,1,1,0,1,4,0,0,40,0,0,0,0,0,4,2,13
,2020-19227,39.78785,-105.00514,10/23/2020 17:24,17:24:00,15,0,0,OSAGE STREET NORTH & 5000 NORTH,1,2,0,0,1,4,0,0,25,0,0,0,0,0,4,2,7
,2020-19228,39.693,-104.97798,10/23/2020 16:05,16:05:00,12,0,1,I25 & LOUISIANA AVENUE EAST,1,1,0,0,1,4,0,0,60,0,0,0,0,2,1,2,1
,2020-19231,39.77425152,-104.8471099,10/24/2020 6:16,6:16:00,12,0,0,I70 EASTBOUND ON RAMP FROM & PEORIA STREET NORTH,1,3,0,0,1,8,0,0,65,0,0,0,0,0,1,2,13
,2020-19234,39.69392,-104.99249,10/24/2020 10:20,10:20:00,12,0,0,SANTA FE DRIVE SOUTH & ARIZONA AVENUE WEST,1,1,0,0,1,3,0,0,40,0,0,0,0,0,2,2,1
,2020-19235,39.65309,-104.89408,10/24/2020 12:15,12:15:00,3,0,1,HAMPDEN AVENUE EAST & ULSTER STREET SOUTH,1,1,0,0,1,1,0,0,40,0,0,0,0,2,4,2,13
,2020-19236,39.72624,-104.9407,10/23/2020 18:30,18:30:00,12,0,0,COLORADO BOULEVARD NORTH & 640 NORTH COLORADO BOULEVARD,1,1,0,0,1,4,0,0,35,0,0,0,0,0,2,2,4
,2020-19239,39.67959,-105.02037,10/23/2020 15:50,15:50:00,3,0,0,CLAY STREET SOUTH & EVANS AVENUE WEST,1,1,0,0,1,1,0,0,25,0,0,0,0,0,4,2,13
,2020-19240,39.71464,-104.94069,10/24/2020 2:43,2:43:00,12,0,0,EAST BAYAUD AVENUE & SOUTH COLORADO BOULEVARD,1,3,0,0,1,1,0,0,35,0,0,0,0,0,4,2,16
,2020-19241,39.75348,-104.98842,10/23/2020 22:13,22:13:00,8,0,0,22ND STREET & ARAPAHOE STREET,1,3,0,0,1,1,0,0,30,0,0,0,0,0,4,2,13
,2020-19247,39.7077,-105.05087,10/23/2020 18:37,18:37:00,3,0,0,YATES STREET SOUTH & VIRGINIA AVENUE WEST,1,1,0,0,1,1,0,0,25,0,0,0,0,0,4,2,16
,2020-19250,39.78004,-104.98919,11/10/2020 10:21,10:21:00,5,0,0,I25 NORTHBOUND OFF RAMP SPLIT TO & I70 EASTBOUND ON RAMP,11,1,1,0,3,8,0,0,45,0,0,0,0,0,1,1,13
,2020-19251,39.74158,-104.9899,10/23/2020 12:31,12:31:00,15,0,0,COURT PLACE & 15TH STREET,1,1,0,0,1,4,0,0,25,0,0,0,0,0,4,2,14
,2020-19252,39.71833453,-104.9874919,10/24/2020 16:42,16:42:00,6,0,0,000 NORTH BROADWAY & WEST FIRST AVENUE,1,1,0,0,1,3,0,0,35,0,0,0,0,1,4,3,14
,2020-19253,39.76729,-104.89042,10/23/2020 16:35,16:35:00,6,0,0,3500 NORTH CENTRAL PARK BOULEVARD & EAST 35TH AVENUE,1,1,0,0,1,4,0,0,,0,0,0,0,0,4,2,13
,2020-19254,39.76199,-104.95856,11/10/2020 9:40,9:40:00,15,0,0,EAST MLK BOULEVARD & NORTH JOSEPHINE STREET,1,1,1,0,1,4,0,0,35,0,0,0,0,0,4,2,1
,2020-19255,39.75472,-104.91282,10/23/2020 11:59,11:59:00,3,0,0,NORTH MONACO STREET & EAST 26TH AVENUE,1,1,0,0,1,1,0,0,30,0,0,0,0,0,4,2,16
,2020-19256,39.73764,-104.9874,10/23/2020 12:27,12:27:00,12,0,0,1300 NORTH BROADWAY STREET & WEST 13TH AVENUE,1,1,1,0,1,4,0,0,30,0,0,0,0,0,4,2,13
,2020-19257,39.78336148,-105.0392498,11/10/2020 9:00,9:00:00,5,0,0,I70 & PERRY STREET NORTH,1,1,0,0,2,4,0,0,65,0,0,0,0,0,1,2,13
,2020-19258,39.74821,-104.96657,11/10/2020 9:50,9:50:00,3,0,0,1700 EAST 21ST AVENUE & NORTH HIGH STREET,1,1,0,0,1,2,0,0,25,0,0,0,0,1,4,2,13
,2020-19259,39.65307,-104.88479,10/23/2020 12:11,12:11:00,12,0,0,SOUTH YOSEMITE STREET & EAST HAMPDEN AVENUE,1,1,1,0,1,4,0,0,30,0,0,0,0,0,4,2,13
,2020-19260,39.73649,-104.93385,11/10/2020 12:50,12:50:00,15,0,0,EAST 13TH AVENUE & NORTH CHERRY STREET,1,1,0,0,1,1,0,0,30,0,0,0,0,0,4,2,13
,2020-19261,39.8338315,-104.746859,10/23/2020 20:45,20:45:00,5,0,0,PENA BOULEVARD & E470 WB EXIT GORE POINT TO NORTHBOUND,4,3,0,2,3,4,0,0,65,0,0,0,0,0,2,1,7
,2020-19262,39.74492,-104.99426,10/23/2020 13:43,13:43:00,3,0,0,15TH STREET & STOUT STREET,1,1,0,0,1,1,0,0,25,0,0,0,0,0,4,2,14
,2020-19263,39.7241,-104.97876,11/10/2020 12:23,12:23:00,3,0,0,EAST FIFTH AVENUE & NORTH WASHINGTON STREET,1,1,0,0,1,1,0,0,25,0,0,0,0,0,4,2,13
,2020-19264,39.79838951,-104.7873005,10/22/2020 21:30,21:30:00,15,0,0,PENA BOULEVARD & 56TH AVENUE EAST,12,3,0,1,1,4,0,0,65,0,0,0,0,0,4,2,14
,2020-19265,39.78435,-104.84703,11/10/2020 13:07,13:07:00,3,0,0,PEORIA STREET NORTH & 51ST AVENUE EAST,1,1,0,0,1,2,0,0,40,0,0,0,0,0,4,2,13
,2020-19266,39.74326,-104.95978,11/11/2020 10:17,10:17:00,3,0,0,NORTH YORK STREET & EAST 17TH AVENUE,1,1,1,0,1,1,0,0,30,0,0,0,0,1,4,2,4
,2020-19267,39.70211,-105.03823,11/8/2020 9:32,9:32:00,6,0,0,OHIO AVENUE WEST & PATTON COURT SOUTH,1,1,0,0,1,4,0,0,25,0,0,0,0,0,4,2,5
,2020-19268,39.77288,-104.94055,11/10/2020 14:04,14:04:00,1,0,0,COLORADO BOULEVARD NORTH & 40TH AVENUE EAST,1,1,0,0,1,1,0,0,35,0,0,0,0,0,2,2,13
,2020-19269,39.75537,-105.01269,11/10/2020 8:54,8:54:00,12,0,0,I25 & SPEER BOULEVARD NORTH,1,1,0,0,1,4,0,0,55,0,0,0,0,0,1,2,1
,2020-19270,39.76286,-104.92935,11/9/2020 11:10,11:10:00,15,0,0,3200 NORTH ELM STREET & EAST THRILL PLACE,1,1,0,0,1,4,0,0,25,0,0,0,0,0,4,2,13
,2020-19271,39.71656,-104.98563,11/9/2020 11:25,11:25:00,8,0,0,100 EAST ELLSWORTH AVENUE & 100 EAST,1,1,1,0,1,5,0,0,15,0,0,0,0,1,4,2,3
,2020-19272,39.72548053,-105.0130699,11/11/2020 13:46,13:46:00,15,0,0,I25 & SIXTH AVENUE WEST,1,1,0,0,1,4,0,0,65,0,0,0,0,0,1,2,13
,2020-19273,39.78929,-104.84467,11/10/2020 12:51,12:51:00,10,0,0,EAST 51ST AVENUE & NORTH QUENTIN STREET,1,1,0,0,1,1,0,0,35,0,0,0,0,0,4,2,13
,2020-19274,39.73838,-104.9528,11/1/2020 15:27,15:27:00,12,0,0,NORTH FILLMORE STREET & EAST 14TH AVENUE,1,1,0,0,1,4,0,0,35,0,0,0,0,0,4,2,13
,2020-19275,39.72342,-104.98379,11/11/2020 13:15,13:15:00,10,0,0,NORTH GRANT STREET & EAST SPEER BOULEVARD,1,1,0,0,1,1,0,0,25,0,0,0,0,0,4,2,3
,2020-19276,39.78306252,-104.9006419,11/10/2020 15:15,15:15:00,1,0,0,NORTHFIELD QUEBEC STREET & I270 WB ON RAMP,1,1,0,0,1,1,0,0,40,0,0,0,0,1,2,2,16
,2020-19277,39.78009,-104.94051,11/11/2020 10:25,10:25:00,15,0,0,I70 WB LOOP ENTRANCE GORE POINT FROM & HIGHWAY 2 NORTHBOUND,1,1,1,0,1,8,0,1,65,0,0,0,0,0,1,2,8
,2020-19278,39.78311,-104.90094,11/10/2020 15:39,15:39:00,15,0,0,NORTHFIELD QUEBEC STREET & I270 EASTBOUND OFF RAMP LOOP,1,2,0,0,1,1,0,0,35,0,0,0,0,0,2,2,8
,2020-19279,39.72394,-104.88402,11/11/2020 9:30,9:30:00,3,0,0,LOWRY BOULEVARD EAST & YOSEMITE STREET NORTH,1,1,0,0,1,6,0,0,30,0,0,0,0,0,4,2,13
,2020-19280,39.73515,-104.97987,11/10/2020 18:00,18:00:00,2,0,1,12TH AVENUE EAST & PEARL STREET NORTH,1,3,0,0,1,1,0,0,25,1,0,0,0,3,4,2,13
,2020-19281,39.72567,-104.99282,11/11/2020 9:29,9:29:00,15,0,0,WEST SIXTH AVENUE & NORTH DELAWARE STREET,1,1,1,0,1,1,0,0,30,0,0,0,0,0,4,2,13
,2020-19282,39.71124,-105.03728,11/11/2020 7:55,7:55:00,3,0,2,ALAMEDA AVENUE WEST & NEWTON STREET SOUTH,1,1,0,0,1,1,0,0,25,0,0,0,0,3,2,2,1
,2020-19283,39.78368,-105.05324,11/11/2020 15:24,15:24:00,15,0,0,I70 & SHERIDAN BOULEVARD NORTH,1,1,0,0,1,4,0,0,65,0,0,0,0,0,1,2,13
,2020-19284,39.70146,-104.98753,11/11/2020 10:50,10:50:00,1,0,0,BROADWAY STREET SOUTH & I25 SOUTHBOUND ON RAMP,1,1,0,0,1,1,0,0,35,0,0,0,0,0,4,2,3
,2020-19285,39.69114,-104.96406,11/10/2020 14:20,14:20:00,6,0,0,RACE STREET SOUTH & ARKANSAS AVENUE EAST,1,1,0,0,1,3,0,0,25,0,0,0,0,0,4,2,3
,2020-19286,39.74328,-104.98486,11/10/2020 16:00,16:00:00,3,0,0,100 EAST 17TH AVENUE & 100 EAST,1,1,0,0,1,5,0,0,,0,0,0,0,0,4,2,3
,2020-19287,39.72710953,-104.9532109,11/8/2020 2:09,2:09:00,6,0,0,2900 EAST SEVENTH AVENUE PARKWAY & NORTH FILLMORE STREET,1,3,0,0,1,4,0,0,30,0,0,0,0,0,4,2,16
,2020-19288,39.72261,-104.9826,11/11/2020 5:58,5:58:00,5,0,1,LOGAN STREET NORTH & SPEER BOULEVARD EAST,1,2,0,0,2,1,0,0,30,0,0,0,0,2,4,1,8
,2020-19289,39.72534,-104.91257,11/11/2020 14:20,14:20:00,3,0,0,NORTH MONACO STREET & EAST SIXTH AVENUE,1,1,0,0,1,1,0,0,35,0,0,0,0,1,4,2,3
,2020-19290,39.72296,-105.04245,11/11/2020 6:00,6:00:00,6,0,0,4200 WEST FOURTH AVENUE & SOUTH RALEIGH STREET,1,3,0,0,1,4,0,0,25,0,0,0,0,0,4,2,1
,2020-19291,39.74719,-104.89728,11/2/2020 15:46,15:46:00,6,0,0,SPRUCE STREET NORTH & 19TH AVENUE EAST,1,1,0,0,1,4,0,0,25,0,0,0,0,0,4,2,13
,2020-19292,39.72548053,-105.0130699,11/11/2020 8:52,8:52:00,12,0,0,I25 & SIXTH AVENUE WEST,1,1,0,0,1,4,0,0,65,0,0,0,0,0,1,2,13
,2020-19293,39.68936,-104.92234,11/11/2020 12:28,12:28:00,3,0,0,FLORIDA AVENUE EAST & HOLLY STREET SOUTH,1,1,0,0,1,1,0,0,30,0,0,0,0,0,4,2,13
,2020-19294,39.78236,-104.86582,11/10/2020 16:15,16:15:00,12,0,0,NORTH HAVANA STREET & EAST 47TH AVENUE,1,1,0,0,1,4,0,0,35,0,0,0,0,0,4,2,14
,2020-19295,39.77878,-104.86582,11/10/2020 11:38,11:38:00,3,0,0,45TH AVENUE EAST & HAVANA STREET NORTH,1,1,0,0,1,1,0,0,35,0,0,0,0,0,4,2,13
,2020-19296,39.70126,-105.02038,11/8/2020 0:47,0:47:00,6,0,0,800 SOUTH CLAY STREET & WEST OHIO AVENUE,1,4,0,0,1,4,0,0,25,0,0,0,0,0,4,2,3
,2020-19297,39.74044,-105.01416,11/11/2020 3:51,3:51:00,9,0,0,I25 SOUTHBOUND ON RAMP LOOP FROM & HIGHWAY 40 WB,1,4,1,0,1,8,0,0,40,0,0,0,0,1,1,1,7
,2020-19300,39.65308,-104.91845,11/10/2020 21:21,21:21:00,12,0,1,I25 & HAMPDEN AVENUE EAST,1,3,1,0,1,4,0,0,65,0,0,0,1,2,1,2,6
,2020-19301,39.71816,-105.03002,11/10/2020 22:46,22:46:00,6,0,0,FIRST AVENUE WEST & IRVING STREET NORTH,1,3,0,0,3,4,0,0,35,0,0,0,0,0,4,2,4
,2020-19302,39.77583,-104.86574,11/11/2020 8:45,8:45:00,12,0,0,I70 & HAVANA STREET NORTH,1,1,0,0,1,4,0,0,65,0,0,0,0,0,1,2,13
,2020-19331,39.77052,-105.00176,10/4/2020 15:34,15:34:00,6,0,0,WEST 39TH AVENUE & NORTH LIPAN STREET,1,1,0,0,1,4,0,0,30,0,0,0,0,0,4,2,13
,2020-19333,39.68932,-104.94063,10/10/2020 19:36,19:36:00,1,0,0,COLORADO BOULEVARD SOUTH & FLORIDA AVENUE EAST,1,3,0,0,1,1,0,0,40,0,0,0,0,1,4,2,1
,2020-19334,39.7783,-104.90343,10/19/2020 16:27,16:27:00,12,0,0,I70 & NORTHFIELD QUEBEC STREET,1,1,0,0,1,4,0,0,55,0,0,0,0,0,1,3,14
,2020-19335,39.78291,-104.75541,10/13/2020 4:50,4:50:00,1,0,0,EAST GREEN VALLEY RANCH BOULEVARD & NORTH HIMALAYA ROAD,1,3,0,0,1,1,0,0,35,0,0,0,0,1,4,2,1
,2020-19339,39.72269,-104.95556,10/14/2020 15:00,15:00:00,6,0,0,NORTH CLAYTON STREET & 400,1,1,0,0,1,4,0,0,25,0,0,0,0,0,4,3,3
,2020-19344,39.67834,-105.00202,11/6/2020 13:55,13:55:00,12,0,0,WEST EVANS AVENUE & SOUTH LIPAN STREET,1,1,0,0,1,4,0,0,30,0,0,0,0,0,4,2,5
,2020-19345,39.71829,-104.94958,11/3/2020 13:15,13:15:00,12,0,0,NORTH STEELE STREET & 100,1,1,0,0,1,4,0,0,25,0,0,0,0,0,4,2,13
,2020-19347,39.69657,-104.94068,11/12/2020 10:40,10:40:00,3,0,0,MISSISSIPPI AVENUE EAST & HARRISON STREET SOUTH,1,1,0,0,1,2,0,0,30,0,0,0,0,0,4,2,13
,2020-19349,39.75132,-105.01653,11/12/2020 17:03,17:03:00,12,0,0,I25 & 23RD AVENUE WEST,1,3,0,0,1,4,0,0,65,0,0,0,0,0,1,2,1
,2020-19350,39.7337,-104.97412,11/12/2020 13:28,13:28:00,11,0,0,CORONA STREET NORTH & 11TH AVENUE EAST,1,1,0,0,1,1,0,0,0,0,1,0,0,1,4,1,16
,2020-19352,39.77159,-104.84703,11/12/2020 12:10,12:10:00,12,0,0,NORTH PEORIA STREET & EAST 39TH AVENUE,1,1,0,0,1,4,0,0,35,0,0,0,0,0,4,2,13
,2020-19354,39.73101553,-104.9351299,11/12/2020 15:34,15:34:00,15,0,0,NORTH CLERMONT STREET & EAST NINTH AVENUE,1,1,0,0,1,4,0,0,25,0,0,0,0,0,4,2,13
,2020-19355,39.78196,-104.95703,11/12/2020 17:32,17:32:00,5,0,0,47TH AVENUE EAST & COLUMBINE STREET NORTH,1,3,0,0,3,1,0,0,25,0,0,0,0,0,4,1,14
,2020-19356,39.73456,-104.98741,10/22/2020 18:24,18:24:00,12,0,0,NORTH BROADWAY STREET & 1100,11,3,0,1,1,4,0,0,30,0,0,0,0,0,4,3,13
,2020-19357,39.70481,-105.01807,11/12/2020 10:41,10:41:00,6,0,0,BRYANT STREET SOUTH & EXPOSITION AVENUE WEST,1,1,1,0,1,4,0,0,25,0,0,0,0,0,4,2,16
,2020-19358,39.69675,-105.02517,11/12/2020 10:14,10:14:00,12,0,0,WEST MISSISSIPPI AVENUE & SOUTH FEDERAL BOULEVARD,1,1,0,0,1,4,0,0,25,0,0,0,0,0,2,2,13
,2020-19359,39.74322,-104.96476,11/1/2020 23:50,23:50:00,3,0,0,EAST 17TH AVENUE & NORTH HIGH STREET,1,3,0,0,1,1,0,0,25,0,0,0,0,0,4,2,5
,2020-19362,39.77032,-104.97885,11/12/2020 9:26,9:26:00,10,0,0,35TH STREET & BRIGHTON BOULEVARD NORTH,1,1,0,0,1,1,0,0,25,0,0,0,0,0,4,2,13
,2020-19364,39.67864,-105.02506,11/12/2020 19:05,19:05:00,12,0,0,SOUTH FEDERAL BOULEVARD & WEST EVANS AVENUE,1,3,0,0,1,3,0,0,25,0,0,0,0,0,2,2,13
,2020-19365,39.69666,-104.99294,11/12/2020 12:47,12:47:00,3,0,0,PLATTE RIVER DRIVE SOUTH & MISSISSIPPI AVENUE WEST,1,1,0,0,1,1,0,0,45,0,0,0,0,0,2,2,3
,2020-19366,39.75987,-104.89021,11/10/2020 23:35,23:35:00,3,0,0,NORTH CENTRAL PARK BOULEVARD & EAST MLK BOULEVARD,1,3,0,0,1,1,0,0,30,0,0,0,0,1,4,2,5
,2020-19367,39.71084,-105.02188,8/26/2020 14:07,14:07:00,5,0,0,WEST ALAMEDA AVENUE & SOUTH DALE COURT,1,1,0,0,3,4,0,0,35,0,0,0,0,1,2,1,7
,2020-19368,39.67731,-105.05327,11/12/2020 14:02,14:02:00,12,0,1,SHERIDAN BOULEVARD SOUTH & EVANS AVENUE WEST,1,1,0,0,1,4,0,0,40,0,0,0,0,2,2,2,1
,2020-19369,39.75513,-105.01272,11/12/2020 17:18,17:18:00,15,0,0,I25 & SPEER BOULEVARD NORTH,1,3,0,0,1,4,0,0,55,0,0,0,0,0,1,2,13
,2020-19370,39.77288,-104.94169,11/12/2020 6:24,6:24:00,1,0,0,EAST 40TH AVENUE & NORTH HARRISON STREET,1,2,0,0,1,2,0,0,30,0,0,0,0,1,4,2,13
,2020-19371,39.74231,-104.99934,11/11/2020 20:20,20:20:00,3,0,1,CHAMPA STREET & NORTH SPEER BOULEVARD,1,3,0,0,1,1,0,0,35,0,0,0,0,3,4,2,5
,2020-19373,39.6895,-105.04426,9/22/2020 16:59,16:59:00,12,0,0,SOUTH TENNYSON STREET & WEST FLORIDA AVENUE,1,1,0,0,1,3,0,0,25,0,0,0,0,1,4,3,5
,2020-19374,39.68948,-105.02506,9/18/2020 23:06,23:06:00,3,0,4,FEDERAL BOULEVARD SOUTH & FLORIDA AVENUE WEST,1,3,0,0,1,1,0,0,35,0,0,0,0,2,2,2,13
,2020-19376,39.72561554,-105.0249184,11/11/2020 19:18,19:18:00,15,0,0,FEDERAL BOULEVARD NORTH & HIGHWAY 6 WB OFF RAMP,1,2,1,0,1,1,0,0,35,0,0,0,0,0,4,2,13
,2020-19377,39.77828352,-104.9128819,11/11/2020 18:30,18:30:00,15,0,0,I70 & MONACO PARKWAY,1,3,0,0,1,4,0,0,65,0,0,0,0,0,1,2,13
,2020-19379,39.67916,-105.05326,11/11/2020 11:49,11:49:00,1,0,1,SHERIDAN BOULEVARD SOUTH & EVANS AVENUE WEST,1,1,0,0,1,1,0,0,40,0,0,0,0,3,2,2,3
,2020-19381,39.67847,-104.92227,11/11/2020 14:00,14:00:00,15,0,0,EAST EVANS AVENUE & SOUTH HOLLY STREET,1,1,0,0,1,4,0,0,35,0,0,0,0,0,4,2,5
,2020-19387,39.63435268,-105.0432294,9/12/2020 16:15,16:15:00,3,0,0,STANFORD AVENUE WEST & 7900 WEST,1,1,1,0,1,2,0,0,35,0,0,0,0,1,4,2,13
,2020-19389,39.77283,-104.79059,11/11/2020 23:05,23:05:00,3,0,1,EAST 40TH AVENUE & PENA BOULEVARD INBOUND,1,3,0,0,1,1,0,0,45,0,0,0,0,2,4,2,5
,2020-19390,39.76136,-104.95857,11/11/2020 23:16,23:16:00,6,0,0,NORTH JOSEPHINE STREET & EAST MLK BOULEVARD,1,3,0,0,1,4,0,0,25,0,0,0,0,0,4,2,3
,2020-19391,39.76565,-104.91247,11/10/2020 14:39,14:39:00,3,0,1,NORTH MONACO STREET & EAST 35TH AVENUE,1,1,0,0,1,1,0,0,30,0,0,0,0,2,4,2,1
,2020-19392,39.78360322,-105.004901,11/11/2020 15:58,15:58:00,3,0,0,PECOS STREET NORTH & I70 WB OFF RAMP,1,1,1,0,1,6,0,0,20,0,0,0,0,1,1,2,13
,2020-19393,39.68056,-105.01542,11/11/2020 8:30,8:30:00,6,0,0,SOUTH ZUNI STREET & WEST ASBURY AVENUE,1,1,0,0,1,4,0,0,25,0,0,0,0,0,4,4,2
,2020-19395,39.77995,-104.94051,11/11/2020 23:55,23:55:00,12,0,0,I70 & COLORADO BOULEVARD NORTH,1,3,0,0,1,4,0,0,65,0,0,0,0,1,1,2,16
,2020-19396,39.77856252,-104.9034184,11/10/2020 20:24,20:24:00,12,0,0,QUEBEC STREET & I70 WB RAMP,1,3,0,0,1,1,0,0,30,0,0,0,0,0,2,3,3
,2020-19397,39.7111,-105.03028,8/1/2020 5:15,5:15:00,12,0,0,WEST ALAMEDA AVENUE & SOUTH JULIAN STREET / SOUTH IRVING STREET ALLEY,1,3,0,0,1,5,0,0,35,0,0,0,0,0,2,2,1
,2020-19398,39.7256,-104.94069,11/12/2020 6:08,6:08:00,12,0,0,NORTH COLORADO BOULEVARD & EAST SIXTH AVENUE,1,2,0,0,1,4,0,0,30,0,0,0,0,0,2,2,13
,2020-19399,39.74034,-105.03228,2/21/2020 7:45,7:45:00,6,0,0,WEST COLFAX AVENUE & NORTH KNOX COURT,1,1,0,0,1,3,0,0,35,0,0,0,0,0,2,2,13
,2020-19401,39.75019453,-105.0047314,2/25/2020 10:55,10:55:00,12,0,0,NORTH SPEER BOULEVARD SOUTHBOUND & WEWATTA STREET,1,1,1,0,1,4,0,0,35,0,0,0,0,0,4,3,7
,2020-19404,39.73183,-104.97442,11/9/2020 18:22,18:22:00,6,0,0,NORTH CORONA STREET & 995,9,3,0,2,1,4,0,0,25,0,0,0,0,0,4,3,16
,2020-19406,39.77562,-104.86574,11/13/2020 17:29,17:29:00,12,0,0,I70 & HAVANA STREET NORTH,1,2,0,0,1,4,0,0,65,0,0,0,0,0,1,3,13
,2020-19407,39.72562,-104.98236,11/12/2020 17:03,17:03:00,6,0,0,EAST SIXTH AVENUE & NORTH LOGAN STREET,1,3,0,1,1,1,0,0,25,0,0,0,0,0,4,3,2
,2020-19408,39.73841,-104.96949,11/13/2020 19:01,19:01:00,6,0,0,1500 EAST 14TH AVENUE & NORTH FRANKLIN STREET,1,4,0,0,1,4,0,0,30,0,0,0,0,0,4,4,5
,2020-19410,39.74326,-104.97989,11/6/2020 19:50,19:50:00,3,0,0,EAST 17TH AVENUE & NORTH PEARL STREET,1,3,0,0,1,1,0,0,,0,0,0,0,0,4,2,5
,2020-19411,39.71163,-104.95917,2/21/2020 8:27,8:27:00,12,0,0,200 SOUTH UNIVERSITY BOULEVARD & EAST ALAMEDA AVENUE,1,1,0,0,1,4,0,0,35,0,0,0,0,0,4,3,3