id,drcog_id,latitude,longitude,crashtime,time,crashtype,numbkilled,numbinjurd,drcoglocat,rdconditin,lightngcon,roadcntgrd,weatherco,location,roaddescrp,schoolzone,constrzone,splimit,bikeinv,pedinv,sctrinv,motoinv,svrty,rdsystem,ttlvehcls,hcf
,2020-19413,39.74516,-105.02521,11/13/2020 15:36,15:36:00,1,0,0,FEDERAL BOULEVARD NORTH & 18TH AVENUE WEST,1,1,1,0,1,1,0,0,35,0,0,0,0,1,2,3,13
,2020-19414,39.79254,-104.77206,11/11/2020 17:47,17:47:00,8,0,2,NORTH TOWER ROAD & EAST ELMENDORF DRIVE,1,4,0,0,1,1,0,0,45,0,0,0,0,3,4,3,7
,2020-19416,39.72548053,-105.0130699,11/11/2020 9:08,9:08:00,12,0,0,I25 & SIXTH AVENUE WEST,1,1,0,0,1,4,0,0,65,0,0,0,0,0,1,3,13
,2020-19418,39.77552,-105.00643,11/11/2020 0:39,0:39:00,6,0,0,NORTH PECOS STREET & WEST 43RD AVENUE,1,3,0,0,1,4,0,0,35,0,0,0,0,0,4,4,5
,2020-19419,39.72548053,-105.0130699,11/11/2020 7:24,7:24:00,12,0,0,I25 & SIXTH AVENUE WEST,1,1,0,0,1,4,0,0,,0,0,0,0,0,1,3,7
,2020-19420,39.71117082,-105.0385189,2/19/2020 10:00,10:00:00,15,0,0,WEST ALAMEDA AVENUE WB & 5100,11,1,1,2,1,4,0,0,35,0,0,0,0,0,2,2,7
,2020-19421,39.74137453,-104.9405794,2/18/2020 8:30,8:30:00,12,0,0,NORTH COLORADO BOULEVARD NORTHBOUND & 16TH AVENUE,1,1,0,0,1,4,0,0,35,0,0,0,0,0,2,2,7
,2020-19425,39.74008,-104.99292,6/1/2020 11:30,11:30:00,12,0,0,COLFAX AVENUE WEST & DELAWARE STREET NORTH,1,1,0,0,1,1,0,0,30,0,0,0,0,0,2,2,14
,2020-19426,39.72231,-105.05288,9/16/2020 15:01,15:01:00,12,0,0,SHERIDAN BOULEVARD NORTH & FIFTH AVENUE WEST,1,1,0,0,1,3,0,0,30,0,0,0,0,0,2,2,14
,2020-19427,39.73684,-104.98486,10/9/2020 15:40,15:40:00,10,0,0,13TH AVENUE EAST & SHERMAN STREET NORTH,1,1,0,0,1,1,0,0,30,0,0,0,0,0,4,2,13
,2020-19428,39.78922,-104.98522,10/7/2020 19:40,19:40:00,6,0,0,EAST 51ST AVENUE & NORTH SHERMAN STREET,1,2,0,0,1,4,0,0,25,0,0,0,0,0,4,3,16
,2020-19532,39.8342455,-104.692922,8/20/2020 21:00,21:00:00,5,0,0,PENA BOULEVARD & JACKSON GAP,11,3,0,1,2,4,0,0,65,0,0,0,0,0,4,1,13
,2020-19533,39.73443,-104.97411,10/28/2020 9:02,9:02:00,6,0,0,1100 NORTH CORONA STREET & EAST 11TH AVENUE,7,1,0,0,1,4,0,0,25,0,0,0,0,0,4,3,14
,2020-19534,39.77583,-104.86574,10/30/2020 16:38,16:38:00,12,0,0,I70 & HAVANA STREET NORTH,1,1,0,0,1,4,0,0,65,0,0,0,0,0,1,3,13
,2020-19537,39.75129,-105.01679,10/29/2020 15:01,15:01:00,12,0,0,I25 & 23RD AVENUE WEST,1,1,0,0,1,4,0,0,55,0,0,0,0,1,1,3,7
,2020-19539,39.76191,-104.91262,3/14/2020 22:12,22:12:00,9,0,0,MONACO STREET NORTH & MLK BOULEVARD EAST,1,4,0,0,2,1,0,0,35,0,0,0,0,0,4,1,5
,2020-19541,39.74044,-105.01416,10/29/2020 18:20,18:20:00,15,0,0,I25 & COLFAX AVENUE WEST,1,3,0,0,1,4,0,0,55,0,0,0,0,0,1,2,1
,2020-19542,39.63282,-104.90641,10/29/2020 12:47,12:47:00,12,0,0,I225 & I25,1,1,0,0,1,4,0,0,55,0,0,0,0,0,1,4,7
,2020-19545,39.78009,-104.94051,10/24/2020 13:50,13:50:00,15,0,0,I70 & COLORADO BOULEVARD NORTH,1,1,0,0,1,4,0,0,65,0,0,0,0,0,1,3,1
,2020-19549,39.718,-104.95118,7/16/2020 12:06,12:06:00,12,0,0,EAST FIRST AVENUE & NORTH STREET PAUL STREET,1,1,0,0,1,3,0,0,30,0,0,0,0,0,4,2,13
,2020-19553,39.76095,-105.00433,10/29/2020 15:33,15:33:00,12,0,0,I25 & 20TH STREET,1,1,0,0,1,4,0,0,55,0,0,0,0,0,1,3,16
,2020-19554,39.71121,-104.99913,10/28/2020 10:05,10:05:00,12,0,0,I25 & ALAMEDA AVENUE WEST,1,1,1,0,1,4,0,0,55,0,0,0,0,0,1,3,13
,2020-19556,39.69743,-104.98282,10/29/2020 16:31,16:31:00,12,0,0,I25 & LOGAN STREET SOUTH,1,1,0,0,1,4,0,0,65,0,0,0,0,0,1,3,13
,2020-19557,39.71120654,-104.9991784,10/24/2020 14:26,14:26:00,12,0,0,I25 & ALAMEDA AVENUE WEST,1,1,1,0,1,4,0,0,55,0,0,0,0,0,1,3,13
,2020-19558,39.67085,-104.86605,11/1/2020 10:28,10:28:00,3,0,0,PARKER ROAD SOUTH & HAVANA STREET SOUTH,1,1,0,0,1,1,0,0,35,0,0,0,0,1,4,4,13
,2020-19559,39.75484,-105.02522,10/22/2020 18:34,18:34:00,1,0,0,FEDERAL BOULEVARD NORTH & 26TH AVENUE WEST,11,3,1,1,1,1,0,0,30,0,0,0,0,0,2,3,13
,2020-19561,39.67847,-104.96523,10/16/2020 13:14,13:14:00,15,0,0,EAST EVANS AVENUE & SOUTH HIGH STREET,1,1,0,0,1,4,0,0,30,0,0,0,0,0,4,4,5
,2020-19564,39.73848,-105.00282,10/15/2020 17:23,17:23:00,6,0,0,NORTH MARIPOSA STREET & WEST 14TH AVENUE,1,1,0,0,1,4,0,0,35,0,0,0,0,0,4,4,13
,2020-19565,39.75414,-104.9893,9/27/2020 22:57,22:57:00,6,0,0,22ND STREET & LAWRENCE STREET,1,3,0,0,1,4,0,0,30,0,0,0,0,0,4,3,1
,2020-19566,39.68588,-105.02505,11/13/2020 12:25,12:25:00,12,0,0,FEDERAL BOULEVARD SOUTH & COLORADO AVENUE WEST,1,1,0,0,1,4,0,0,40,0,0,0,0,0,2,3,1
,2020-19569,39.72098383,-104.98396,11/6/2020 14:49,14:49:00,12,0,1,I70 & MM 281.3,1,1,1,1,1,4,0,1,55,0,0,0,0,2,1,3,1
,2020-19570,39.73043658,-104.9836124,10/30/2020 15:26,15:26:00,12,0,0,NORTH GRANT STREET & EAST NINTH AVENUE,1,1,0,0,1,3,0,0,30,0,0,0,0,0,4,3,16
,2020-19573,39.79692,-104.83563,10/18/2020 3:30,3:30:00,6,0,0,NORTH UVALDA STREET & EAST ROBINS DRIVE,1,3,0,0,1,4,0,0,25,0,0,0,0,0,4,3,5
,2020-19575,39.63324,-104.90632,11/3/2020 5:49,5:49:00,12,0,0,I225 WB/SB SLIP RAMP TO & I25 NB/SB RAMPS,1,2,0,0,1,4,0,0,65,0,0,0,0,0,1,3,7
,2020-19577,39.77355,-104.93827,11/13/2020 2:48,2:48:00,6,0,0,40TH AVENUE EAST & ALBION STREET NORTH,1,3,1,0,1,4,0,0,30,0,0,0,0,0,1,5,5
,2020-19583,39.71417,-105.03961,10/23/2020 20:00,20:00:00,6,0,0,100 SOUTH PERRY STREET & WEST BAYAUD AVENUE,1,3,0,0,1,4,0,0,,0,0,0,0,0,4,5,16
,2020-19584,39.75848,-105.02523,11/5/2020 17:19,17:19:00,12,0,0,FEDERAL BOULEVARD NORTH & 29TH AVENUE WEST,1,3,0,0,1,1,0,0,35,0,0,0,0,0,2,3,16
,2020-19585,39.75305653,-104.9854804,11/6/2020 19:54,19:54:00,3,0,0,PARK AVENUE WEST & CHAMPA STREET,1,3,0,0,1,1,0,0,30,0,0,0,0,1,4,3,4
,2020-19587,39.72564,-104.98744,10/11/2020 3:45,3:45:00,3,0,0,BROADWAY STREET NORTH & SIXTH AVENUE EAST,1,3,0,0,1,1,0,0,35,0,0,0,0,1,4,2,1
,2020-19590,39.75122,-104.93583,10/15/2020 20:57,20:57:00,6,0,0,BIRCH STREET NORTH & 2300 NORTH,1,4,0,0,1,4,0,0,20,0,0,0,0,0,4,3,5
,2020-19591,39.79838,-104.88439,10/31/2020 0:11,0:11:00,3,0,3,EAST 56TH AVENUE & NORTH CENTRAL PARK BOULEVARD,1,3,0,0,1,1,0,0,40,0,0,0,0,1,4,3,5
,2020-19595,39.74033,-105.03228,10/27/2020 18:05,18:05:00,15,0,0,COLFAX AVENUE WEST & KNOX COURT NORTH,1,2,0,0,1,4,0,0,30,0,0,0,0,0,2,3,1
,2020-19598,39.71655253,-104.9899399,10/15/2020 16:07,16:07:00,6,0,0,BANNOCK STREET SOUTH & ELLSWORTH AVENUE WEST,1,1,0,0,1,4,0,0,25,0,0,0,0,0,4,3,14
,2020-19601,39.70043,-105.05325,9/30/2020 16:11,16:11:00,3,0,0,SHERIDAN BOULEVARD SOUTH & KENTUCKY AVENUE WEST,1,1,1,0,1,1,0,0,25,0,0,0,0,0,2,3,16
,2020-19602,39.65311,-104.89876,11/2/2020 18:30,18:30:00,15,0,0,HAMPDEN AVENUE EAST & TAMARAC DRIVE SOUTH,1,3,0,0,1,3,0,0,45,0,0,0,0,1,2,6,3
,2020-19605,39.7103,-105.05326,10/27/2020 21:25,21:25:00,12,0,0,SHERIDAN BOULEVARD SOUTH & NEVADA PLACE WEST,1,3,1,0,1,1,0,0,35,0,0,0,0,0,2,3,7
,2020-19606,39.70754,-104.98762,10/28/2020 7:34,7:34:00,12,0,0,SOUTH BROADWAY STREET & EAST VIRGINIA AVENUE,1,1,0,0,1,4,0,0,30,0,0,0,0,0,4,3,13
,2020-19610,39.72624,-104.9407,11/13/2020 12:39,12:39:00,12,0,2,NORTH COLORADO BOULEVARD & EAST SEVENTH AVENUE,1,1,0,0,1,4,0,0,35,0,0,0,0,2,2,3,16
,2020-19614,39.77968,-104.97916,10/30/2020 12:18,12:18:00,1,0,0,WASHINGTON STREET NORTH & I70 WB ON RAMP,1,1,1,0,1,1,0,0,35,0,0,0,0,0,4,2,13
,2020-19615,39.71621953,-104.9407909,10/31/2020 9:00,9:00:00,15,0,0,COLORADO BOULEVARD SOUTH & ELLSWORTH AVENUE EAST,1,1,0,0,1,4,0,0,40,0,0,0,0,0,2,2,1
,2020-19617,39.75903,-104.98473,10/31/2020 10:02,10:02:00,15,0,0,2600 LARIMER STREET & 26TH STREET,1,1,0,0,1,4,0,0,30,0,0,0,0,1,4,3,13
,2020-19618,39.74179,-105.01446,10/22/2020 7:28,7:28:00,12,0,0,I25 & AURARIA PARKWAY,1,2,1,0,1,4,0,0,55,0,0,0,0,0,1,4,1
,2020-19620,39.67864,-105.00984,11/2/2020 16:31,16:31:00,3,0,0,EVANS AVENUE WEST & TEJON STREET SOUTH,1,1,1,0,1,2,0,0,30,0,0,0,0,0,4,3,13
,2020-19621,39.74747,-104.88582,10/28/2020 9:24,9:24:00,12,0,0,8800 EAST MONTVIEW BOULEVARD & NORTH CENTRAL PARK BOULEVARD,1,1,0,0,1,3,0,0,30,0,0,0,0,1,4,5,1
,2020-19622,39.76572,-105.03463,10/20/2020 19:15,19:15:00,2,0,1,35TH AVENUE WEST & LOWELL BOULEVARD NORTH,1,3,1,0,1,1,0,0,30,0,0,0,0,2,4,2,3
,2020-19623,39.67845,-104.99336,10/23/2020 15:20,15:20:00,12,0,0,EVANS AVENUE WEST & SANTA FE DRIVE SOUTH,1,1,1,0,1,1,0,0,35,0,0,0,0,0,2,3,3
,2020-19625,39.7084,-104.92858,10/20/2020 15:33,15:33:00,12,0,0,LEETSDALE DRIVE & FOREST STREET SOUTH,1,1,0,0,1,4,0,0,35,0,0,0,0,1,2,3,7
,2020-19627,39.71813,-104.95221,10/30/2020 9:05,9:05:00,12,0,0,EAST FIRST AVENUE & NORTH MILWAUKEE STREET,1,1,0,0,1,3,0,1,25,0,0,0,0,0,4,3,13
,2020-19634,39.78011,-104.98956,10/21/2020 6:45,6:45:00,12,0,0,I25 & I70,1,2,1,0,1,4,0,0,55,0,0,0,0,0,1,4,13
,2020-19642,39.68932,-104.94063,10/20/2020 17:15,17:15:00,12,0,0,COLORADO BOULEVARD SOUTH & FLORIDA AVENUE EAST,1,1,0,0,1,1,0,0,35,0,0,0,0,0,2,3,3
,2020-19647,39.76261,-105.02524,10/21/2020 15:28,15:28:00,12,0,0,FEDERAL BOULEVARD NORTH & 32ND AVENUE WEST,1,1,1,0,1,4,0,0,35,0,0,0,0,1,2,3,13
,2020-19660,39.74322,-104.96101,11/14/2020 18:18,18:18:00,3,0,0,NORTH GAYLORD STREET & EAST 17TH AVENUE,1,3,0,0,1,1,0,0,30,0,0,0,0,0,4,5,3
,2020-19663,39.73828,-104.93616,11/5/2020 10:44,10:44:00,10,0,0,EAST 14TH AVENUE & NORTH BIRCH STREET,1,1,0,0,1,1,0,0,30,0,0,0,0,1,4,2,8
,2020-19671,39.76288,-104.92582,10/21/2020 9:27,9:27:00,6,0,0,NORTH GLENCOE STREET & EAST THRILL PLACE,1,1,0,0,1,4,0,0,25,0,0,0,0,0,4,3,14
,2020-19672,39.7794,-104.97915,10/21/2020 10:15,10:15:00,5,0,0,I70 EASTBOUND DISTRIBUTOR RAMP & WASHINGTON STREET NORTH,1,1,0,0,1,8,0,0,55,0,0,0,0,0,1,4,1
,2020-19705,39.76034,-104.92315,11/7/2020 6:22,6:22:00,6,0,0,3000 NORTH HUDSON STREET & EAST 30TH AVENUE,1,2,0,0,1,4,0,0,25,0,0,0,0,1,4,3,2
,2020-19706,39.65308,-104.91826,10/27/2020 16:58,16:58:00,12,0,0,I25 & HAMPDEN AVENUE EAST,1,1,0,0,1,4,0,0,60,0,0,0,0,1,1,3,16
,2020-19708,39.72751,-105.02514,10/22/2020 10:34,10:34:00,3,0,0,FEDERAL BOULEVARD NORTH & SEVENTH AVENUE WEST,1,1,1,0,1,1,0,0,30,0,0,0,0,1,2,2,13
,2020-19710,39.62849,-105.08182,10/16/2020 11:35,11:35:00,15,0,0,WADSWORTH BOULEVARD SOUTH & LAYTON AVENUE WEST,1,1,0,0,1,3,0,0,35,0,0,0,0,0,2,3,5
,2020-19711,39.77768,-104.95824,11/6/2020 9:02,9:02:00,3,0,1,JOSEPHINE STREET NORTH & 44TH AVENUE EAST,1,1,0,0,1,1,0,0,25,0,0,0,0,2,4,2,8
,2020-19713,39.75129,-105.01679,11/7/2020 12:30,12:30:00,12,0,1,I25 & 23RD AVENUE WEST,1,1,0,0,1,4,0,0,55,0,0,0,0,2,1,2,16
,2020-19714,39.74527,-105.00072,11/4/2020 16:48,16:48:00,12,0,0,NORTH SPEER BOULEVARD & LAWRENCE STREET,1,2,0,0,1,4,0,0,35,0,0,0,0,0,4,3,8
,2020-19715,39.70724,-104.99644,10/22/2020 17:00,17:00:00,12,0,0,I25 & SANTA FE DRIVE SOUTH,1,1,0,0,1,4,0,0,65,0,0,0,0,0,1,3,3
,2020-19716,39.75199,-104.97696,10/21/2020 14:30,14:30:00,3,0,0,EAST 24TH AVENUE & NORTH CLARKSON STREET,1,1,0,0,1,1,0,0,35,0,0,0,0,1,4,3,1
,2020-19717,39.71506,-104.9407,11/6/2020 12:12,12:12:00,3,0,0,COLORADO BOULEVARD SOUTH & LEETSDALE DRIVE,1,1,0,0,1,1,0,0,35,0,0,0,0,0,2,3,13
,2020-19719,39.72564,-104.98744,11/6/2020 7:38,7:38:00,10,0,0,BROADWAY STREET NORTH & SIXTH AVENUE EAST,1,1,0,0,1,1,0,0,30,0,0,0,0,1,4,2,13
,2020-19720,39.72539,-105.05326,11/4/2020 8:45,8:45:00,12,0,0,SHERIDAN BOULEVARD NORTH & SIXTH AVENUE WEST,1,1,1,0,1,3,0,0,35,0,0,0,0,0,2,3,3
,2020-19721,39.72578,-105.00585,10/27/2020 6:45,6:45:00,12,0,0,WEST SIXTH AVENUE & NORTH OSAGE STREET,4,4,1,0,1,4,0,0,45,0,0,0,0,1,4,5,1
,2020-19723,39.78009,-104.94051,11/6/2020 5:48,5:48:00,15,0,0,I70 & COLORADO BOULEVARD NORTH,1,3,1,0,1,4,0,0,65,0,0,0,0,0,1,3,14
,2020-19724,39.76114748,-104.8956109,11/4/2020 19:10,19:10:00,12,0,0,I225 & TAMARAC STREET,1,3,0,0,1,4,0,0,55,0,0,0,0,1,1,3,13
,2020-19725,39.73968,-105.01123,11/3/2020 21:30,21:30:00,12,0,0,COLFAX AVENUE WEST & OSAGE STREET NORTH,1,3,0,0,1,4,0,0,40,0,0,0,0,0,2,3,16
,2020-19726,39.7299,-104.97735,11/2/2020 2:31,2:31:00,6,0,0,CLARKSON STREET NORTH & 844 NORTH CLARKSON STREET,1,4,0,0,1,4,0,0,30,0,0,0,0,0,4,4,5
,2020-19727,39.68229,-105.0532,11/14/2020 23:08,23:08:00,3,0,0,SHERIDAN BOULEVARD SOUTH & JEWELL AVENUE WEST,1,3,1,0,1,1,0,0,40,0,0,0,0,1,2,3,13
,2020-19728,39.73443,-104.97299,10/15/2020 0:50,0:50:00,6,0,0,1100 NORTH DOWNING STREET & EAST 11TH AVENUE,1,4,0,0,1,4,0,0,30,0,0,0,0,0,4,3,16
,2020-19729,39.77953,-104.94051,10/24/2020 17:49,17:49:00,12,0,0,I70 & COLORADO BOULEVARD NORTH,1,2,0,0,1,4,0,0,65,0,0,0,0,0,1,3,13
,2020-19731,39.78011,-104.98956,10/22/2020 8:01,8:01:00,12,0,0,I25 & I70,1,1,0,0,1,4,0,0,65,0,0,0,0,0,1,3,13
,2020-19732,39.67179,-105.01755,11/4/2020 4:30,4:30:00,6,0,0,HARVARD AVENUE WEST & ZUNI STREET SOUTH,1,4,0,0,2,4,0,0,25,0,0,0,0,0,4,5,7
,2020-19734,39.75848,-105.02523,11/4/2020 9:35,9:35:00,11,0,2,29TH AVENUE WEST & FEDERAL BOULEVARD NORTH,1,1,0,0,1,1,0,0,30,0,1,0,0,2,4,1,13
,2020-19736,39.73387,-104.99351,11/4/2020 13:00,13:00:00,3,0,0,NORTH SPEER BOULEVARD & WEST 11TH AVENUE,1,1,0,0,1,1,0,0,35,0,0,0,0,0,4,3,14
,2020-19738,39.72554,-105.01313,11/6/2020 9:35,9:35:00,15,0,0,I25 & SIXTH AVENUE WEST,1,1,1,0,1,4,0,0,65,0,0,0,0,0,1,2,1
,2020-19739,39.70021,-104.98748,11/2/2020 15:10,15:10:00,12,0,0,SOUTH BROADWAY STREET & WEST KENTUCKY AVENUE,1,1,0,0,1,3,0,0,30,0,0,0,0,0,1,3,3
,2020-19741,39.693,-104.97774,10/27/2020 16:20,16:20:00,15,0,0,I25 & LOUISIANA AVENUE EAST,1,1,0,0,1,4,0,0,65,0,0,0,0,1,1,3,1
,2020-19742,39.78062352,-104.9497999,11/6/2020 6:30,6:30:00,12,0,0,I70 & VASQUEZ BOULEVARD NORTH,1,1,0,0,1,4,0,0,55,0,0,0,0,1,1,3,13
,2020-19743,39.77287,-104.83383,11/7/2020 6:20,6:20:00,15,0,2,I70 EASTBOUND EXIT GORE POINT TO & I225 SOUTHBOUND,1,3,1,0,1,4,0,0,65,0,0,0,0,1,2,2,14
,2020-19746,39.7654,-104.9026,10/24/2020 15:34,15:34:00,3,0,0,EAST 35TH AVENUE & NORTH QUEBEC STREET,1,1,0,0,1,1,0,0,35,0,0,0,0,0,4,3,13
,2020-19759,39.69322,-104.98227,10/23/2020 9:33,9:33:00,5,0,0,LOUISIANA AVENUE EAST & 415 EAST LOUISIANA AVENUE,1,1,0,0,1,5,0,0,15,0,0,0,0,0,4,1,13
,2020-19768,39.75592,-104.97831,3/3/2020 23:53,23:53:00,6,0,0,2700 CALIFORNIA STREET & 27TH STREET,1,3,0,0,1,4,0,0,25,0,0,0,0,0,4,2,5
,2020-20861,39.76202,-105.01584,11/1/2020 17:30,17:30:00,6,0,0,ZUNI STREET NORTH & WEST 32ND AVENUE,1,2,0,0,1,4,0,0,25,0,0,0,0,0,4,2,1
,2020-20864,39.67851,-104.97343,10/22/2020 6:50,6:50:00,1,0,0,EVANS AVENUE EAST & DOWNING STREET SOUTH,1,3,0,0,1,1,0,0,30,0,0,0,0,0,4,2,13
,2020-20866,39.76116,-105.00476,11/13/2020 14:59,14:59:00,12,0,0,I25 & 20TH STREET,1,1,0,0,1,4,0,0,55,0,0,0,0,1,1,2,16
,2020-20867,39.6831,-104.94055,11/9/2020 9:50,9:50:00,3,0,0,COLORADO BOULEVARD SOUTH & I25 SOUTHBOUND OFF RAMP TO,1,1,1,0,1,1,0,0,35,0,0,0,0,0,2,2,13
,2020-20934,39.66516,-105.02488,9/12/2020 11:57,11:57:00,14,1,2,FEDERAL BOULEVARD  & AMHERST AVENUE WEST,1,1,0,0,1,4,0,0,35,0,0,0,0,4,2,2,14
,2020-21219,39.78896,-105.02479,9/3/2020 4:11,4:11:00,5,0,0,FEDERAL BOULEVARD NORTH & 5085 NORTH FEDERAL BOULEVARD,1,3,0,0,2,2,0,0,,0,0,0,0,0,2,1,5
,2020-21228,39.7911,-105.02163,9/8/2020 4:42,4:42:00,6,0,0,WEST 52ND AVENUE & NORTH DECATUR STREET,11,3,0,1,1,4,0,0,30,0,0,0,0,0,4,3,4
,2020-21237,39.66771,-105.0536,9/30/2020 10:13,10:13:00,10,0,0,YALE AVENUE WEST & SHERIDAN BOULEVARD SOUTH,1,1,0,0,1,1,0,0,30,0,0,0,0,0,4,2,14
,2020-21241,39.76932,-105.05324,8/31/2020 14:18,14:18:00,12,0,0,SHERIDAN BOULEVARD NORTH & 38TH AVENUE WEST,1,1,0,0,1,4,0,0,35,0,0,0,0,0,2,2,13
,2020-21245,39.73854,-104.95854,9/30/2020 17:15,17:15:00,12,0,0,1400 NORTH JOSEPHINE STREET & EAST COLFAX AVENUE,1,1,0,0,1,4,0,0,35,0,0,0,0,0,4,2,4
,2020-21247,39.75241,-105.02515,8/21/2020 14:51,14:51:00,3,0,0,FEDERAL BOULEVARD NORTH & 24TH AVENUE WEST,1,1,1,0,1,1,0,0,30,0,0,0,0,0,2,2,13
,2020-21277,39.77829252,-104.9034319,11/10/2020 8:20,8:20:00,15,0,0,I70 & QUEBEC STREET NORTH,1,1,0,0,1,4,0,0,55,0,0,0,0,0,1,2,13
,2020-21278,39.78002,-104.93166,11/10/2020 8:15,8:15:00,15,0,0,I70 & DAHLIA STREET NORTH,1,1,0,0,1,4,0,0,55,0,0,0,0,0,1,2,13
,2020-21279,39.75460627,-104.9033938,11/9/2020 19:43,19:43:00,5,0,0,I270 & QUEBEC STREET NORTH,7,3,1,2,3,4,0,0,55,0,0,0,0,0,1,1,7
,2020-21280,39.67112054,-104.9952589,10/25/2020 20:17,20:17:00,12,0,0,SANTA FE DRIVE SOUTH & HARVARD AVENUE WEST,9,3,0,2,1,1,0,0,55,0,0,0,0,0,2,2,7
,2020-21281,39.75121,-105.02052,11/5/2020 9:30,9:30:00,11,0,0,CLAY STREET NORTH & 23RD AVENUE WEST,1,1,1,0,1,1,0,0,30,0,1,0,0,1,4,1,13
,2020-21298,39.69630253,-104.8974604,12/21/2020 17:24,17:24:00,12,0,0,PARKER ROAD SOUTH & MISSISSIPPI AVENUE EAST,1,4,0,0,1,3,0,0,45,0,0,0,0,1,2,2,13
,2020-21434,39.66605,-104.89224,12/13/2020 9:00,9:00:00,6,0,0,2800 SOUTH VALENTIA STREET & SOUTH SYRACUSE WAY,9,1,0,2,1,4,0,0,25,0,0,0,0,0,4,2,1
,2020-21436,39.72889,-105.00284,11/4/2020 18:06,18:06:00,3,0,1,WEST EIGHTH AVENUE & NORTH MARIPOSA STREET,1,3,0,0,1,1,0,0,25,0,0,0,1,2,4,2,7
,2020-21438,39.71119,-104.99714,12/9/2020 11:35,11:35:00,12,0,0,SANTA FE DRIVE SOUTH & ALAMEDA AVENUE WEST,1,1,0,0,1,1,0,0,35,0,0,0,0,1,4,2,1
,2020-21439,39.72253,-104.99858,11/12/2020 16:07,16:07:00,3,0,0,WEST FOURTH AVENUE & NORTH SANTA FE DRIVE,1,1,0,0,1,1,0,0,25,0,0,0,0,0,4,2,14
,2020-21440,39.74044,-105.01397,12/7/2020 20:17,20:17:00,12,0,0,COLFAX AVENUE WEST & I25,1,3,0,0,1,4,0,0,45,0,0,0,0,0,2,2,13
,2020-21441,39.74327,-104.98108,12/9/2020 13:11,13:11:00,6,0,0,EAST 17TH AVENUE & NORTH PENNSYLVANIA STREET,1,1,0,0,1,1,0,0,30,0,0,0,0,0,4,2,14
,2020-21442,39.76929,-105.00059,12/9/2020 11:45,11:45:00,12,0,0,WEST 38TH AVENUE & NORTH KALAMATH STREET,1,1,1,0,1,3,0,0,35,0,0,0,0,1,4,2,13
,2020-21445,39.77139,-104.95949,11/2/2020 20:30,20:30:00,5,0,0,YORK STREET NORTH & 3900 NORTH,1,1,0,0,2,4,0,0,35,0,0,0,0,0,4,1,16
,2020-21446,39.63324,-104.90633,11/25/2020 8:42,8:42:00,12,0,0,I225 WB/SB OFF RAMP SPLIT TO & I25 NORTHBOUND,1,1,1,0,1,8,0,0,55,0,0,0,0,0,1,2,16
,2020-21447,39.74015953,-104.9541289,11/21/2020 21:45,21:45:00,6,0,0,COLFAX AVENUE EAST & DETROIT STREET NORTH,1,3,0,0,1,4,0,0,35,0,0,0,0,0,2,2,16
,2020-21448,39.78969,-104.827,12/8/2020 19:00,19:00:00,6,0,0,CROWN BOULEVARD NORTH & 5100 NORTH,1,1,0,0,1,4,0,0,30,0,0,0,0,0,4,2,1
,2020-21449,39.65308,-104.91845,11/26/2020 22:05,22:05:00,15,0,0,HAMPDEN AVENUE EAST & I25 NORTHBOUND OFF RAMP,1,4,0,0,1,1,0,0,35,0,0,0,0,0,2,2,13
,2020-21450,39.77124,-104.89964,11/28/2020 12:43,12:43:00,12,0,0,EAST SMITH ROAD & NORTH SYRACUSE STREET,1,1,1,0,1,3,0,0,25,0,0,0,0,0,4,2,13
,2020-21451,39.76385,-104.95725,11/29/2020 20:59,20:59:00,5,0,0,COLUMINE STREET NORTH & 3300 NORTH,1,3,0,0,2,4,0,0,30,0,0,0,0,0,4,1,1
,2020-21452,39.72559,-105.02514,12/8/2020 15:52,15:52:00,12,0,0,SIXTH AVENUE WEST & FEDERAL BOULEVARD NORTH,1,1,1,0,1,4,0,0,65,0,0,0,0,0,2,2,8
,2020-21453,39.72561554,-105.0249184,12/9/2020 15:49,15:49:00,12,0,0,HIGHWAY 6 EASTBOUND ON RAMP FROM & FEDERAL BOULEVARD NORTH,1,1,0,0,1,8,0,0,65,0,0,0,0,0,2,2,3
,2020-21454,39.77708652,-104.8829299,11/14/2020 22:32,22:32:00,12,0,0,I70 & CENTRAL PARK BOULEVARD NORTH,1,3,0,0,1,4,0,1,55,0,0,0,0,0,1,2,7
,2020-21458,39.69675,-105.02506,12/9/2020 11:27,11:27:00,11,0,1,MISSISSIPPI AVENUE WEST & FEDERAL BOULEVARD SOUTH,1,1,0,0,1,1,0,0,35,0,1,0,0,3,2,1,3
,2020-21459,39.79833,-104.76269,8/21/2020 5:30,5:30:00,1,0,0,NORTH DUNKIRK STREET & EAST 56TH AVENUE,1,3,0,0,1,1,0,0,35,0,0,0,1,1,4,2,2
,2020-21460,39.72473,-105.05326,10/31/2020 14:37,14:37:00,9,1,0,SIXTH AVENUE EASTBOUND ON RAMP & SHERIDAN,1,1,1,7,1,8,0,0,25,0,0,0,1,4,2,1,1
,2020-21461,39.74044,-105.01416,12/15/2020 15:27,15:27:00,3,0,0,COLFAX AVENUE WEST & I25 SOUTHBOUND OFF RAMP,11,1,0,0,1,1,0,0,35,0,0,0,0,1,2,2,13