id,drcog_id,latitude,longitude,crashtime,time,crashtype,numbkilled,numbinjurd,drcoglocat,rdconditin,lightngcon,roadcntgrd,weatherco,location,roaddescrp,schoolzone,constrzone,splimit,bikeinv,pedinv,sctrinv,motoinv,svrty,rdsystem,ttlvehcls,hcf
,2020-21463,39.77681,-104.82902,11/16/2020 8:30,8:30:00,6,0,0,DILLON STREET NORTH & 4500 NORTH,1,1,0,0,1,2,0,0,25,0,0,0,0,0,4,2,13
,2020-21464,39.7293,-105.03251,12/1/2020 11:20,11:20:00,3,0,0,EIGHTH AVENUE WEST & KNOX COURT NORTH,1,1,0,0,1,1,0,0,30,0,0,0,0,1,4,2,16
,2020-21465,39.76732,-104.89046,11/11/2020 16:19,16:19:00,12,0,0,EAST 36TH AVENUE & NORTH CENTRAL PARK BOULEVARD,1,1,1,0,1,4,0,0,35,0,0,0,0,0,4,2,16
,2020-21466,39.73745,-104.89672,11/27/2020 10:30,10:30:00,5,0,0,TRENTON STREET NORTH & 1301 NORTH TRENTON STREET,1,1,0,0,3,5,0,0,15,0,0,0,0,0,4,1,16
,2020-21468,39.72509,-105.03248,12/9/2020 15:22,15:22:00,12,0,0,SIXTH AVENUE WEST & KNOX COURT NORTH,1,1,1,0,1,4,0,0,65,0,0,0,0,0,2,2,1
,2020-21469,39.78375,-104.96668,12/7/2020 8:30,8:30:00,3,0,0,BRIGHTON BOULEVARD NORTH & 48TH AVENUE EAST,1,1,0,0,1,1,0,0,35,0,0,0,0,0,4,2,13
,2020-21470,39.7177,-104.95004,11/17/2020 18:30,18:30:00,15,0,0,EAST FIRST AVENUE & NORTH STEELE STREET,1,3,0,0,1,3,0,0,30,0,0,0,0,0,4,2,16
,2020-21475,39.67495,-105.03679,12/5/2020 15:00,15:00:00,2,0,1,NEWTON STREET SOUTH & ILIFF AVENUE WEST,1,1,0,0,1,1,0,0,0,1,0,0,0,2,4,2,16
,2020-21476,39.74162,-104.96224,12/9/2020 12:38,12:38:00,4,0,0,16TH AVENUE EAST & VINE STREET NORTH,1,1,1,0,1,5,0,0,30,0,0,0,0,0,4,1,13
,2020-21478,39.67934,-104.95939,12/15/2020 7:50,7:50:00,12,0,0,2000 SOUTH UNIVERSITY BOULEVARD & EAST ASBURY AVENUE,7,1,0,0,1,2,0,0,30,0,0,0,0,0,4,2,13
,2020-21479,39.78307152,-104.9009119,12/15/2020 14:17,14:17:00,15,0,0,I270 & NORTHFIELD QUEBEC STREET,1,1,0,0,1,4,0,0,55,0,0,0,0,0,1,2,13
,2020-21480,39.67841954,-104.9336584,12/15/2020 11:56,11:56:00,12,0,0,I25 NORTHBOUND OFF RAMP SLIP TO & EVANS AVENUE EAST,1,1,0,0,1,8,0,0,35,0,0,0,0,0,4,2,13
,2020-21481,39.77657,-105.05324,12/8/2020 19:10,19:10:00,3,0,0,SHERIDAN BOULEVARD NORTH & 44TH AVENUE WEST,1,4,0,0,1,1,0,0,35,0,0,0,0,0,2,2,13
,2020-21482,39.65835,-105.02978,12/14/2020 20:59,20:59:00,5,0,0,3200 SOUTH IRVING STREET & WEST AMHERST AVENUE,9,4,1,2,3,4,0,0,25,0,0,0,0,0,4,1,13
,2020-21483,39.79844351,-104.762762,12/15/2020 6:16,6:16:00,12,0,0,56TH AVENUE EAST & DUNKIRK STREET NORTH,9,4,0,2,1,1,0,0,40,0,0,0,0,0,4,2,14
,2020-21484,39.71134,-105.05325,12/15/2020 6:49,6:49:00,3,0,0,WEST ALAMEDA AVENUE & SOUTH SHERIDAN BOULEVARD,4,1,0,0,1,1,0,0,35,0,0,0,0,0,4,2,13
,2020-21485,39.69676,-105.03905,12/14/2020 22:00,22:00:00,3,0,0,WEST MISSISSIPPI AVENUE & SOUTH PATTON COURT,9,4,1,2,1,1,0,0,25,0,0,0,0,0,4,2,13
,2020-21486,39.79848,-104.87546,12/15/2020 16:20,16:20:00,12,0,0,EAST 56TH AVENUE & NORTH DALLAS STREET,1,1,0,0,1,4,0,0,40,0,0,0,0,0,4,2,13
,2020-21487,39.76061,-104.90011,12/15/2020 17:40,17:40:00,6,0,0,NORTH ROSLYN STREET & EAST MLK BOULEVARD,9,5,0,2,1,4,0,0,25,0,0,0,0,0,4,2,16
,2020-21488,39.77928829,-104.7972545,12/8/2020 19:26,19:26:00,6,0,0,BOLLING DRIVE EAST & 1500 EAST,1,3,0,0,1,4,0,0,20,0,0,0,0,0,4,2,13
,2020-21489,39.77401,-104.84703,12/9/2020 15:56,15:56:00,12,0,0,I70 EASTBOUND OFF RAMP SLIP TO & PEORIA STREET NORTH,1,1,0,0,1,8,0,0,65,0,0,0,0,0,1,2,13
,2020-21491,39.78027,-104.98956,12/15/2020 6:54,6:54:00,15,0,0,I70 & I25,4,1,0,0,1,4,0,0,60,0,0,0,0,0,1,2,7
,2020-21492,39.69866,-104.9969,12/14/2020 13:34,13:34:00,5,0,0,HURON STREET SOUTH & 995 SOUTH HURON STREET,4,3,0,2,2,4,0,0,25,0,0,0,0,0,4,1,16
,2020-21493,39.77641,-104.95414,12/15/2020 12:02,12:02:00,6,0,0,CLAYTON STREET NORTH & 43RD AVENUE EAST,7,1,0,0,1,4,0,0,30,0,0,0,0,0,4,2,16
,2020-21494,39.74011,-104.99702,12/15/2020 10:45,10:45:00,12,0,0,COLFAX AVENUE WEST & INCA STREET NORTH,12,1,0,0,1,4,0,0,30,0,0,0,0,0,2,2,13
,2020-21495,39.75792,-104.99177,12/15/2020 15:00,15:00:00,3,0,0,WAZEE STREET & PARK AVENUE WEST,11,1,0,0,1,1,0,0,35,0,0,0,0,0,4,2,13
,2020-21496,39.75324,-104.97696,11/29/2020 14:50,14:50:00,3,0,0,NORTH CLARKSON STREET & EAST 25TH AVENUE,1,1,0,0,1,1,0,0,30,0,0,0,0,0,4,2,13
,2020-21497,39.7015,-105.05324,12/15/2020 11:20,11:20:00,15,0,0,SHERIDAN BOULEVARD SOUTH & KENTUCKY AVENUE WEST,11,1,1,0,1,4,0,0,35,0,0,0,0,0,2,2,3
,2020-21498,39.77803,-104.84703,8/17/2020 9:29,9:29:00,12,0,0,NORTH PEORIA STREET & EAST 45TH AVENUE,1,1,0,0,1,4,0,0,35,0,0,0,0,0,4,2,13
,2020-21499,39.76921,-104.76078,9/19/2020 20:45,20:45:00,3,0,1,EAST 38TH AVENUE & NORTH ENSENADA STREET,1,3,0,0,1,1,0,0,40,0,0,0,0,2,4,2,8
,2020-21500,39.66752,-104.86815,12/15/2020 11:16,11:16:00,5,0,0,YALE AVENUE EAST & ELMIRA STREET SOUTH,4,1,1,0,3,4,0,0,30,0,0,0,0,0,4,1,7
,2020-21501,39.79833,-104.76269,12/9/2020 16:18,16:18:00,1,0,0,56TH AVENUE EAST & DUNKIRK STREET NORTH,1,1,0,0,1,1,0,0,45,0,0,0,0,1,4,2,13
,2020-21502,39.75792,-104.89641,12/15/2020 18:40,18:40:00,6,0,0,EAST 29TH AVENUE & NORTH TRENTON STREET,9,5,0,7,1,4,0,0,25,0,0,0,0,0,4,2,16
,2020-21503,39.74618,-104.97649,12/15/2020 14:20,14:20:00,12,0,0,PARK AVENUE & EAST 19TH AVENUE,11,1,0,0,1,3,0,0,30,0,0,0,0,1,4,2,3
,2020-21504,39.72891,-104.99861,12/15/2020 14:20,14:20:00,3,0,0,WEST EIGHTH AVENUE & NORTH SANTA FE DRIVE,11,1,0,2,1,1,0,0,35,0,0,0,0,0,4,2,16
,2020-21505,39.65311,-104.90472,10/21/2020 15:35,15:35:00,1,0,1,HAMPDEN AVENUE EAST & POPLAR STREET SOUTH,1,1,0,0,1,1,0,0,40,0,0,0,1,3,1,2,14
,2020-21506,39.71856,-104.90346,12/15/2020 8:05,8:05:00,12,0,0,100 NORTH QUEBEC STREET & EAST FIRST AVENUE,9,1,1,0,1,4,0,0,35,0,0,0,0,0,4,2,13
,2020-21507,39.77988,-104.96717,12/15/2020 6:20,6:20:00,5,0,0,I70 & BRIGHTON BOULEVARD NORTH,4,2,1,2,2,4,0,0,65,0,0,0,0,0,1,1,7
,2020-21509,39.73687,-104.97069,11/30/2020 8:25,8:25:00,3,0,0,NORTH LAFAYETTE STREET & EAST 13TH AVENUE,1,1,0,0,1,1,0,0,25,0,0,0,0,0,4,2,13
,2020-21510,39.76302,-105.09685,12/13/2020 15:40,15:40:00,6,0,0,WEST MONCRIEFF PLACE & NORTH VRAIN STREET,9,5,0,0,1,3,0,0,35,0,0,0,0,0,4,2,16
,2020-21511,39.77813952,-104.9082289,12/14/2020 23:20,23:20:00,5,0,0,I70 & ONEIDA STREET NORTH,9,2,0,2,3,4,0,0,65,0,0,0,0,0,1,1,13
,2020-21512,39.75616,-104.99191,12/14/2020 20:25,20:25:00,5,0,0,BLAKE STREET & 22ND STREET,9,3,0,2,3,4,0,0,30,0,0,0,0,0,4,1,14
,2020-21513,39.77995,-104.94051,12/15/2020 11:00,11:00:00,15,0,0,I70 & COLORADO BOULEVARD NORTH,11,1,1,0,1,4,0,1,65,0,0,0,0,0,1,2,13
,2020-21514,39.75951,-104.86421,12/15/2020 6:39,6:39:00,3,0,0,IOLA STREET NORTH & MLK BOULEVARD EAST,9,1,0,0,1,1,0,0,30,0,0,0,0,0,4,2,13
,2020-21515,39.71781,-104.94376,12/15/2020 18:50,18:50:00,15,0,0,EAST FIRST AVENUE & NORTH GARFIELD STREET,11,3,0,0,1,1,0,0,30,0,0,0,0,0,4,2,13
,2020-21516,39.72558,-104.97291,12/15/2020 17:57,17:57:00,3,0,0,EAST SIXTH AVENUE & NORTH DOWNING STREET,4,3,0,0,1,1,0,0,30,0,0,0,0,1,4,2,3
,2020-21518,39.72565153,-104.9848504,12/15/2020 8:30,8:30:00,3,0,0,SIXTH AVENUE EAST & SHERMAN STREET NORTH,11,1,0,0,1,1,0,0,30,0,0,0,0,0,4,2,1
,2020-21519,39.78524,-104.90284,12/15/2020 9:35,9:35:00,10,0,0,NORTH SAND CREEK ROAD & EAST 49TH AVENUE,11,1,0,0,1,3,0,0,30,0,0,0,0,0,4,2,13
,2020-21520,39.78238,-104.85064,12/15/2020 12:10,12:10:00,10,0,0,EAST 47TH AVENUE & NORTH OAKLAND STREET,1,1,0,0,1,2,0,0,25,0,0,0,0,0,4,2,13
,2020-21521,39.70021,-104.93172,12/15/2020 9:57,9:57:00,3,0,0,DAHLIA STREET SOUTH & TENNESSEE AVENUE,7,1,0,0,1,2,0,0,25,0,0,0,0,0,4,2,13
,2020-21522,39.63977,-105.05327,12/9/2020 15:51,15:51:00,15,0,0,WEST QUINCY AVENUE & SOUTH SHERIDAN BOULEVARD,1,1,0,0,1,4,0,0,35,0,0,0,0,0,4,2,3
,2020-21523,39.70150454,-104.9875189,11/30/2020 13:48,13:48:00,15,0,0,I25 & BROADWAY STREET SOUTH,1,1,1,0,1,4,0,0,65,0,0,0,0,0,1,2,13
,2020-21525,39.801094,-104.7647535,11/30/2020 15:17,15:17:00,8,0,0,19200 EAST 59TH AVENUE & NORTH CEYLON STREET,1,1,0,0,1,4,0,0,20,0,0,0,0,0,4,2,16
,2020-21526,39.76281253,-104.9763499,12/8/2020 19:24,19:24:00,3,0,1,ARAPAHOE STREET & 32ND STREET,1,3,0,0,1,1,0,0,25,0,0,0,0,2,4,2,13
,2020-21527,39.68139,-105.02503,11/28/2020 11:59,11:59:00,12,0,0,FEDERAL BOULEVARD SOUTH & JEWELL AVENUE WEST,1,1,0,0,1,4,0,0,40,0,0,0,0,0,2,2,13
,2020-21528,39.79527,-104.84715,12/9/2020 4:55,4:55:00,9,0,0,PEORIA STREET NORTH & 55TH AVENUE EAST,1,4,0,0,3,4,0,0,40,0,0,0,0,0,4,1,5
,2020-21529,39.77722,-104.92229,12/15/2020 7:45,7:45:00,6,0,1,4500 NORTH HOLLY STREET & EAST STAPLETON NORTH DRIVE,4,1,0,0,1,4,0,0,25,0,0,0,0,2,4,2,16
,2020-21530,39.67844,-104.93398,12/8/2020 19:45,19:45:00,15,0,0,I25 & EVANS AVENUE EAST,1,1,0,0,1,4,0,0,60,0,0,0,0,0,1,2,13
,2020-21531,39.70428,-105.04319,11/26/2020 15:37,15:37:00,3,0,0,STUART STREET SOUTH & EXPOSITION AVENUE WEST,1,1,1,0,1,1,0,0,25,0,0,0,0,0,4,2,13
,2020-21532,39.6995,-105.02508,11/29/2020 15:21,15:21:00,12,0,0,FEDERAL BOULEVARD SOUTH & KENTUCKY AVENUE WEST,1,1,0,0,1,3,0,0,35,0,0,0,0,1,2,2,6
,2020-21534,39.76912,-104.9953,11/29/2020 21:07,21:07:00,5,0,0,38TH AVENUE WEST & FOX STREET NORTH,4,3,0,0,2,1,0,0,35,0,0,0,0,0,1,1,14
,2020-21535,39.74003,-104.97309,12/8/2020 17:20,17:20:00,15,0,0,NORTH DOWNING STREET & EAST COLFAX AVENUE,1,1,0,0,1,3,0,0,25,0,0,0,0,0,4,2,13
,2020-21536,39.77932,-104.8398,11/29/2020 15:04,15:04:00,3,0,0,NORTH CROWN BOULEVARD & EAST ALBROOK DRIVE,1,1,0,0,1,1,0,0,25,0,0,0,0,0,4,2,13
,2020-21537,39.74328,-104.98611,11/29/2020 12:45,12:45:00,3,0,0,EAST 17TH AVENUE & NORTH LINCOLN STREET,1,1,1,0,1,1,0,0,30,0,0,0,0,1,4,2,13
,2020-21538,39.76746,-104.90345,11/29/2020 17:47,17:47:00,5,0,1,QUEBEC STREET NORTH & 36TH AVENUE EAST,1,3,0,0,3,1,0,0,,0,0,0,0,2,4,1,5
,2020-21539,39.67513,-105.02507,12/8/2020 18:32,18:32:00,3,0,0,FEDERAL BOULEVARD SOUTH & ILIFF AVENUE WEST,1,3,0,0,1,1,0,0,40,0,0,0,0,0,2,2,7
,2020-21541,39.73848,-105.0487,12/9/2020 6:00,6:00:00,6,0,0,4800 WEST 14TH AVENUE & NORTH XAVIER STREET,1,4,0,0,1,4,0,0,25,0,0,0,0,0,4,2,16
,2020-21543,39.74032153,-105.0139519,11/29/2020 2:00,2:00:00,5,0,1,I25 SOUTHBOUND OFF RAMP & COLFAX AVENUE WEST,1,3,1,0,2,8,0,0,65,0,0,0,0,2,1,1,5
,2020-21544,39.61706,-105.06661,11/28/2020 12:58,12:58:00,10,0,0,GRANT RANCH BOULEVARD WEST & JAY CIRCLE SOUTH,1,1,0,0,1,4,0,0,30,0,0,0,0,0,4,2,13
,2020-21546,39.67085953,-104.8660505,11/29/2020 17:55,17:55:00,15,0,0,PARKER ROAD SOUTH & HAVANA STREET SOUTH,1,3,0,0,1,3,0,0,40,0,0,0,0,0,2,2,13
,2020-21547,39.77652,-104.90341,12/9/2020 6:39,6:39:00,12,0,0,QUEBEC STREET NORTH & I70 EASTBOUND RAMPS,1,3,0,0,1,1,0,0,40,0,0,0,0,0,4,2,14
,2020-21550,39.63958,-104.88511,12/8/2020 18:20,18:20:00,3,0,0,YOSEMITE STREET SOUTH & I225 NORTHBOUND OFF RAMP,1,3,0,0,1,1,0,0,35,0,0,0,0,0,4,2,13
,2020-21554,39.77288,-104.94055,11/29/2020 17:27,17:27:00,1,0,1,COLORADO BOULEVARD NORTH & 40TH AVENUE EAST,1,3,0,0,1,1,0,0,30,0,0,0,0,2,2,2,4
,2020-21555,39.73515,-104.98046,11/27/2020 17:48,17:48:00,6,0,0,500 EAST 12TH AVENUE & NORTH PENNSYLVANIA STREET,1,2,0,0,1,4,0,0,30,0,0,0,0,0,4,2,3
,2020-21556,39.75468,-104.93172,11/21/2020 15:24,15:24:00,1,0,0,EAST 26TH AVENUE & NORTH DAHLIA STREET,1,1,0,0,1,1,0,0,30,0,0,0,0,0,4,2,14
,2020-21557,39.75941953,-104.9937289,11/29/2020 19:30,19:30:00,3,0,0,PARK AVENUE WEST & DELGANY STREET,1,3,0,0,1,1,0,0,35,0,0,0,0,0,4,2,13
,2020-21560,39.72728,-104.98362,11/29/2020 14:39,14:39:00,11,0,1,GRANT STREET NORTH & SEVENTH AVENUE EAST,1,1,0,0,1,1,0,0,25,0,1,0,0,2,4,1,14
,2020-21561,39.75485,-105.05324,11/29/2020 14:48,14:48:00,12,0,0,SHERIDAN BOULEVARD NORTH & 26TH AVENUE WEST,1,1,1,0,1,1,0,0,35,0,0,0,0,0,2,2,16
,2020-21562,39.69854,-104.90354,11/29/2020 14:33,14:33:00,12,0,0,LEETSDALE DRIVE & SOUTH QUEBEC STREET,1,1,1,0,1,1,0,0,40,0,0,0,0,0,4,2,3
,2020-21563,39.74028,-104.9881,12/9/2020 10:35,10:35:00,6,0,0,CHEYENNE PLACE & WEST COLFAX AVENUE,1,1,0,0,1,1,0,0,25,0,0,0,0,0,4,2,14
,2020-21564,39.71301,-105.01916,11/29/2020 19:10,19:10:00,3,0,0,WEST CEDAR AVENUE & SOUTH CANOSA COURT,1,3,0,0,1,1,0,0,20,0,0,0,0,0,4,2,16
,2020-21565,39.7289,-105.00284,12/9/2020 8:00,8:00:00,12,0,0,WEST EIGHTH AVENUE & NORTH MARIPOSA STREET,1,1,1,0,1,1,0,0,30,0,0,0,0,0,4,2,1
,2020-21566,39.69579,-104.99798,11/30/2020 0:57,0:57:00,6,0,0,1100 SOUTH INCA STREET & WEST MISSISSIPPI AVENUE,1,3,0,0,1,4,0,0,25,0,0,0,0,0,4,2,2
,2020-21567,39.75602,-105.01774,11/30/2020 4:55,4:55:00,6,0,0,2400 WEST 27TH AVENUE & NORTH ZUNI STREET,1,3,1,0,1,4,0,0,25,0,0,0,0,0,4,2,16
,2020-21568,39.71116,-104.98637,11/27/2020 11:54,11:54:00,12,0,0,EAST ALAMEDA AVENUE & SOUTH LINCOLN STREET,1,1,0,0,1,1,0,0,30,0,0,0,0,0,4,2,14
,2020-21570,39.78527,-104.88308,11/30/2020 7:35,7:35:00,3,0,0,NORTH CENTRAL PARK BOULEVARD & EAST NORTHFIELD BOULEVARD,1,1,0,0,1,1,0,0,45,0,0,0,0,1,4,2,13
,2020-21571,39.77842,-104.90357,10/30/2020 18:15,18:15:00,12,0,0,I70 & NORTHFIELD QUEBEC STREET,1,3,0,0,1,4,0,0,65,0,0,0,0,0,2,2,1
,2020-21574,39.73999753,-104.9647489,11/29/2020 8:29,8:29:00,11,0,0,COLFAX AVENUE EAST & HIGH STREET NORTH,1,1,0,0,1,1,0,0,30,0,1,0,0,1,2,1,13
,2020-21575,39.77813952,-104.9082289,11/29/2020 14:57,14:57:00,12,0,0,I70 & ONEIDA STREET NORTH,1,1,0,0,1,4,0,0,55,0,0,0,0,0,1,2,8
,2020-21576,39.77799,-104.77207,11/30/2020 15:47,15:47:00,12,0,1,NORTH TOWER ROAD & EAST 45TH AVENUE,1,1,0,0,1,4,0,0,40,0,0,0,1,2,4,2,1
,2020-21577,39.69385,-104.94302,11/28/2020 19:35,19:35:00,6,0,0,1200 SOUTH JACKSON STREET & EAST LOUISIANA AVENUE,1,3,0,0,1,4,0,0,25,0,0,0,0,0,4,2,13
,2020-21578,39.73688,-104.97886,12/14/2020 23:30,23:30:00,3,0,0,EAST 13TH AVENUE & NORTH WASHINGTON STREET,9,3,0,2,1,1,0,0,30,0,0,0,0,0,4,2,16
,2020-21579,39.67934,-104.95939,11/30/2020 8:49,8:49:00,12,0,0,2000 SOUTH UNIVERSITY BOULEVARD & EAST EVANS AVENUE,1,1,0,0,1,3,0,0,30,0,0,0,0,0,4,2,14
,2020-21580,39.77856252,-104.9034184,11/29/2020 12:10,12:10:00,12,0,0,NORTHFIELD QUEBEC STREET & I70 EASTBOUND RAMPS,1,3,0,0,1,3,0,0,45,0,0,0,0,0,4,2,5
,2020-21582,39.76741,-104.92578,10/23/2020 23:20,23:20:00,6,0,0,GLENCOE STREET NORTH & 36TH AVENUE EAST,1,3,0,0,1,4,0,0,25,0,0,0,0,0,4,2,5
,2020-21583,39.78312553,-105.0064414,10/22/2020 22:50,22:50:00,12,0,0,I70 & PECOS STREET NORTH,4,3,0,1,1,4,0,0,65,0,0,0,0,1,1,2,7
,2020-21585,39.74002,-104.96908,10/20/2020 20:59,20:59:00,6,0,0,COLFAX AVENUE EAST & FRANKLIN STREET NORTH,1,3,0,0,1,4,0,0,35,0,0,0,0,0,2,2,14
,2020-21589,39.70579,-104.88861,11/1/2020 16:51,16:51:00,6,0,0,FAIRMOUNT DRIVE EAST & XENIA STREET SOUTH,1,1,0,0,1,4,0,0,,0,0,0,0,0,4,2,13
,2020-21590,39.73929,-105.00015,11/5/2020 15:27,15:27:00,15,0,0,1400 NORTH KALAMATH STREET & 1400 NORTH,1,1,0,0,1,4,0,0,30,0,0,0,0,0,4,2,7
,2020-21592,39.63866654,-104.8926499,11/28/2020 1:14,1:14:00,9,0,2,TAMARAC STREET SOUTH & QUINCY AVENUE EAST,1,3,0,0,3,3,0,0,35,0,0,0,0,2,4,1,5
,2020-21593,39.63853,-105.03598,11/27/2020 11:25,11:25:00,3,0,0,QUINCY AVENUE WEST & LOWELL BOULEVARD SOUTH,1,1,0,0,1,2,0,0,30,0,0,0,0,0,4,2,13
,2020-21594,39.73841,-104.96723,11/27/2020 16:47,16:47:00,3,0,0,EAST 14TH AVENUE & NORTH GILPIN STREET,1,3,0,0,1,1,0,0,25,0,0,0,0,0,4,2,8
,2020-21596,39.78007,-104.95715,11/27/2020 13:30,13:30:00,5,0,0,46TH AVENUE EAST & COLUMBINE STREET NORTH,1,1,0,0,2,3,0,0,35,0,0,0,0,0,4,1,8
,2020-21597,39.77995752,-104.9410699,11/26/2020 18:50,18:50:00,15,0,0,I70 & COLORADO BOULEVARD,1,3,0,7,1,4,0,0,65,0,0,0,0,0,1,2,13
,2020-21598,39.77532,-105.00644,11/25/2020 14:14,14:14:00,6,0,0,43RD AVENUE WEST & PECOS STREET NORTH,1,1,1,0,1,5,0,0,25,0,0,0,0,0,4,2,16
,2020-21599,39.69856,-105.03905,11/27/2020 17:05,17:05:00,10,0,0,PATTON COURT SOUTH & TENNESSEE AVENUE WEST,1,3,0,0,1,1,0,0,25,0,0,0,0,0,4,2,13
,2020-21600,39.64558,-105.05329,11/27/2020 12:25,12:25:00,15,0,0,3800 SOUTH SHERIDAN BOULEVARD & WEST LEHIGH AVENUE,1,1,0,0,1,4,0,0,,0,0,0,0,0,4,2,13
,2020-21601,39.7029,-104.91284,12/7/2020 18:41,18:41:00,3,0,0,MONACO STREET SOUTH & LEETSDALE DRIVE,1,3,1,0,1,2,0,0,40,0,0,0,0,0,4,2,13
,2020-21603,39.66830354,-104.9407099,11/26/2020 10:10,10:10:00,3,0,0,COLORADO BOULEVARD SOUTH & YALE AVENUE,1,1,0,0,1,1,0,0,35,0,0,0,0,0,2,2,7
,2020-21605,39.76691,-104.94056,11/27/2020 11:45,11:45:00,3,0,1,COLORADO BOULEVARD NORTH & 36TH AVENUE EAST,1,1,0,0,1,1,0,0,25,0,0,0,0,3,2,2,1
,2020-21606,39.63931,-104.88512,11/27/2020 13:03,13:03:00,3,0,0,YOSEMITE STREET SOUTH & I225 SOUTHBOUND OFF RAMP,1,1,0,0,1,1,0,0,35,0,0,0,0,0,1,2,3
,2020-21607,39.66763,-104.91288,11/27/2020 15:15,15:15:00,12,0,0,EAST YALE AVENUE & SOUTH MONACO STREET,1,1,0,0,1,1,0,0,30,0,0,0,0,0,4,2,3
,2020-21611,39.69016,-105.02131,12/6/2020 9:14,9:14:00,5,0,0,1400 SOUTH DALE COURT & WEST FLORIDA AVENUE,1,1,0,0,3,4,0,0,25,0,0,0,0,0,4,1,16
,2020-21612,39.69669,-104.99856,11/27/2020 16:59,16:59:00,12,0,0,900 WEST MISSISSIPPI AVENUE & SOUTH INCA STREET,1,3,0,0,1,4,0,0,30,0,0,0,0,0,4,2,5
,2020-21629,39.7402,-104.95812,11/27/2020 15:00,15:00:00,6,0,0,COLFAX AVENUE EAST & YORK STREET NORTH,1,1,0,0,1,4,0,0,35,0,0,0,0,0,2,2,16
,2020-21634,39.75305653,-104.9854804,12/7/2020 15:37,15:37:00,3,0,0,CHAMPA STREET & PARK AVENUE,1,1,1,0,1,1,0,0,30,0,0,0,0,0,4,2,13
,2020-21646,39.71219,-104.92229,11/29/2020 15:31,15:31:00,11,0,1,HOLLY STREET SOUTH & ALAMEDA AVENUE EAST,1,1,0,0,1,1,0,0,25,0,1,0,0,2,4,1,13
,2020-21648,39.71120654,-104.9991784,11/29/2020 15:32,15:32:00,15,0,0,I25 & ALAMEDA AVENUE WEST,1,1,1,0,1,4,0,0,55,0,0,0,0,0,1,2,13
,2020-21649,39.74198,-104.89874,11/28/2020 11:06,11:06:00,3,0,0,NORTH SYRACUSE STREET & EAST 16TH AVENUE,1,1,0,0,1,1,0,0,30,0,0,0,0,0,4,2,13
,2020-21655,39.78034452,-104.9410699,12/6/2020 22:35,22:35:00,9,0,1,I70 WB OFF RAMP TO & COLORADO BOULEVARD NORTH,1,3,0,0,2,8,0,0,55,0,0,0,0,2,1,1,13
,2020-21660,39.73941,-105.03815,12/7/2020 11:38,11:38:00,6,0,0,OSCEOLA STREET NORTH & COLFAX AVENUE WEST,1,1,1,0,1,3,0,0,25,0,0,0,0,0,4,2,16
,2020-21662,39.7441,-104.9874,12/5/2020 17:40,17:40:00,6,0,0,BROADWAY STREET NORTH & 17TH STREET,1,3,0,0,1,4,0,0,35,0,0,0,0,0,4,2,16
,2020-21668,39.68279,-105.04863,11/30/2020 10:00,10:00:00,6,0,0,WOLCOTT COURT SOUTH & 1860 SOUTH WOLCOTT COURT,1,1,0,0,1,4,0,0,30,0,0,0,0,0,4,2,3
,2020-21671,39.73848,-105.00282,12/7/2020 15:19,15:19:00,3,0,0,14TH AVENUE WEST & MARIPOSA STREET NORTH,1,1,1,0,1,1,0,0,30,0,0,0,0,0,4,2,13
,2020-21674,39.68487,-104.95945,12/7/2020 10:21,10:21:00,12,0,0,I25 NORTHBOUND OFF RAMP SLIP TO & UNIVERSITY BOULEVARD SOUTH,1,1,0,0,1,8,0,0,35,0,0,0,0,1,4,2,13
,2020-21676,39.66034753,-104.858981,12/6/2020 23:10,23:10:00,6,0,0,KENTON STREET SOUTH & DARTMOUTH AVENUE EAST,1,4,0,0,1,4,0,0,25,0,0,0,0,0,4,2,16
,2020-21677,39.78364,-104.7817,11/26/2020 22:28,22:28:00,5,0,0,EAST GREEN VALLEY RANCH BOULEVARD & NORTH TELLURIDE STREET,1,3,0,0,3,4,0,0,35,0,0,0,0,0,4,1,14
,2020-21678,39.7073,-104.92226,12/7/2020 7:50,7:50:00,3,0,0,LEETSDALE DRIVE & HOLLY STREET SOUTH,1,1,0,0,1,1,0,0,35,0,0,0,0,0,4,2,14
,2020-21690,39.70714,-104.88518,12/4/2020 13:54,13:54:00,12,0,1,9400 EAST ALAMEDA AVENUE & SOUTH CLINTON STREET,1,1,0,0,1,3,0,0,40,0,0,0,0,1,4,2,1
,2020-21693,39.77995,-104.94051,12/2/2020 12:30,12:30:00,12,0,0,I70 EASTBOUND OFF RAMP TO & COLORADO BOULEVARD NORTH,1,1,0,0,1,8,0,0,55,0,0,0,0,0,1,2,1
,2020-21699,39.75833,-105.00686,12/7/2020 7:20,7:20:00,6,0,0,17TH STREET & PLATTE STREET,1,1,0,0,1,2,0,0,25,0,0,0,0,0,4,2,14
,2020-21702,39.67033,-105.03682,12/7/2020 7:54,7:54:00,3,0,0,WEST VASSAR AVENUE & SOUTH NEWTON STREET,1,1,0,0,1,1,0,0,25,0,0,0,0,0,4,2,13