id,drcog_id,latitude,longitude,crashtime,time,crashtype,numbkilled,numbinjurd,drcoglocat,rdconditin,lightngcon,roadcntgrd,weatherco,location,roaddescrp,schoolzone,constrzone,splimit,bikeinv,pedinv,sctrinv,motoinv,svrty,rdsystem,ttlvehcls,hcf
,2020-21708,39.72571,-104.99943,12/7/2020 5:10,5:10:00,15,0,0,900 WEST SIXTH AVENUE & NORTH SANTA FE DRIVE,1,4,0,0,1,4,0,0,30,0,0,0,0,0,4,2,1
,2020-21712,39.75237967,-104.9846406,12/6/2020 16:28,16:28:00,12,0,2,I25 NORTHBOUND EXIT GORE POINT TO & PARK AVENUE WEST,1,2,0,0,1,4,0,0,65,0,0,0,0,2,1,2,5
,2020-21723,39.62419455,-105.0945289,12/3/2020 12:21,12:21:00,12,0,0,WEST BELLEVIEW AVENUE & SOUTH DUDLEY STREET,1,1,0,0,1,1,0,0,40,0,0,0,0,0,4,2,5
,2020-21737,39.67541,-105.05367,12/7/2020 6:00,6:00:00,16,0,0,2201 SOUTH SHERIDAN BOULEVARD & 2201 SOUTH,1,1,0,0,5,7,0,0,,0,0,0,0,0,3,1,16
,2020-21747,39.74036,-105.05207,12/4/2020 13:00,13:00:00,3,0,0,COLFAX AVENUE WEST & ZENOBIA STREET NORTH,1,1,1,0,1,1,0,0,25,0,0,0,0,1,2,2,16
,2020-21749,39.76016,-104.9372,12/6/2020 19:24,19:24:00,6,0,1,NORTH BELLAIRE STREET & EAST 30TH AVENUE,1,3,0,0,1,4,0,0,,0,0,0,0,3,4,2,5
,2020-21767,39.77702,-104.94979,12/7/2020 0:01,0:01:00,6,0,0,4300 NORTH STEELE STREET & EAST 43RD AVENUE,1,4,0,0,1,4,0,0,30,0,0,0,0,0,4,2,16
,2020-21772,39.70395,-105.02508,12/6/2020 15:22,15:22:00,1,0,0,FEDERAL BOULEVARD SOUTH & EXPOSITION AVENUE WEST,1,1,0,0,1,1,0,0,35,0,0,0,0,0,2,2,16
,2020-21775,39.78746,-105.02522,12/6/2020 14:30,14:30:00,12,0,0,WEST 50TH AVENUE & NORTH FEDERAL BOULEVARD,1,1,0,0,1,4,0,0,35,0,0,0,0,0,4,2,16
,2020-21777,39.8333815,-104.771969,12/6/2020 22:04,22:04:00,5,0,0,PENA BOULEVARD & TOWER ROAD,1,3,3,0,3,4,0,0,65,0,0,0,0,0,4,1,5
,2020-21810,39.68954354,-105.0532504,11/16/2020 11:08,11:08:00,12,0,0,WEST FLORIDA AVENUE & SOUTH SHERIDAN BOULEVARD,1,1,0,0,1,2,0,0,30,0,0,0,0,1,4,2,3
,2020-21816,39.71754,-105.02159,11/28/2020 7:10,7:10:00,6,0,0,2700 WEST IRVINGTON PLACE & SOUTH CLAY STREET,1,1,0,0,1,4,0,0,25,0,0,0,0,0,4,2,13
,2020-21818,39.71121,-104.99913,12/3/2020 16:15,16:15:00,15,0,0,I25 & ALAMEDA AVENUE WEST,1,1,0,0,1,4,0,0,65,0,0,0,0,0,1,2,1
,2020-21823,39.70388,-104.9857,12/7/2020 10:20,10:20:00,6,0,0,100 EAST EXPOSITION AVENUE & NORTH LINCOLN STREET,1,1,0,0,1,4,0,0,15,0,0,0,0,0,4,2,14
,2020-21843,39.76208,-104.97904,12/6/2020 12:01,12:01:00,6,0,0,3000 LAWRENCE STREET & 3000,1,1,0,0,1,4,0,0,30,0,0,0,0,0,4,2,3
,2020-21854,39.73849,-105.05322,12/6/2020 10:55,10:55:00,12,0,0,SHERIDAN BOULEVARD NORTH & 14TH AVENUE WEST,1,1,0,0,1,1,0,0,35,0,0,0,0,0,2,2,3
,2020-21880,39.78321,-104.97832,11/24/2020 14:20,14:20:00,10,0,0,WASHINGTON STREET NORTH & 47TH AVENUE EAST,11,1,0,2,1,4,0,0,35,0,0,0,0,0,4,2,13
,2020-21885,39.71117,-105.02034,12/7/2020 15:17,15:17:00,2,0,1,ALAMEDA AVENUE WEST & CLAY STREET SOUTH,1,1,0,0,1,1,0,0,30,1,0,0,0,2,4,2,16
,2020-21886,39.78013,-104.95932,12/8/2020 14:17,14:17:00,15,0,0,I70 & YORK STREET NORTH,1,1,0,0,1,4,0,0,65,0,0,0,0,0,1,2,7
,2020-21887,39.7384,-104.96477,11/25/2020 12:38,12:38:00,10,0,0,EAST 14TH AVENUE & NORTH HIGH STREET,1,1,0,0,1,1,0,0,25,0,0,0,0,0,4,2,5
,2020-21888,39.68227,-105.02504,12/7/2020 17:49,17:49:00,15,0,0,WEST JEWELL AVENUE & SOUTH FEDERAL BOULEVARD,1,1,0,0,1,1,0,0,35,0,0,0,0,0,4,2,14
,2020-21890,39.75932,-104.9937,11/30/2020 15:40,15:40:00,12,0,0,DELGANY STREET & PARK AVENUE WEST,1,1,1,0,1,1,0,0,30,0,0,0,0,1,4,2,13
,2020-21891,39.78011,-104.98956,12/8/2020 17:40,17:40:00,12,0,0,I25 & I70,1,3,1,0,1,4,0,0,55,0,0,0,0,0,1,2,3
,2020-21892,39.70022,-104.90822,12/8/2020 11:42,11:42:00,12,0,0,LEETSDALE DRIVE & ONEIDA STREET SOUTH,1,1,0,0,1,4,0,0,35,0,0,0,0,0,2,2,13
,2020-21893,39.73762,-105.05322,12/7/2020 18:53,18:53:00,12,0,0,SHERIDAN BOULEVARD NORTH & 14TH AVENUE WEST,1,3,0,0,1,3,0,0,35,0,0,0,0,1,2,2,13
,2020-21894,39.72564,-104.98837,11/26/2020 0:51,0:51:00,8,0,0,WEST SIXTH AVENUE & NORTH BROADWAY ACOMA ALY STREET,1,3,0,0,1,3,0,0,30,0,0,0,0,0,4,2,14
,2020-21895,39.77293752,-104.8656994,12/7/2020 4:20,4:20:00,5,0,0,40TH AVENUE EAST & HAVANA STREET NORTH,1,3,0,0,2,4,0,0,35,0,0,0,0,0,4,1,1
,2020-21897,39.77799,-104.77207,12/8/2020 17:15,17:15:00,14,0,0,45TH AVENUE EAST & TOWER ROAD NORTH,1,3,0,0,1,1,0,0,30,0,0,0,0,0,4,2,13
,2020-21898,39.71703,-104.94858,12/8/2020 13:39,13:39:00,10,0,0,1 NORTH ADAMS STREET & EAST FIRST AVENUE,1,1,0,0,1,2,0,0,20,0,0,0,0,0,4,2,1
,2020-21899,39.7837,-104.77212,12/8/2020 17:20,17:20:00,3,0,0,TOWER ROAD NORTH & GREEN VALLEY RANCH BOULEVARD EAST,1,3,0,0,1,1,0,0,40,0,0,0,0,1,4,2,2
,2020-21900,39.72558,-104.97408,12/6/2020 7:10,7:10:00,3,0,0,NORTH CORONA STREET & EAST SIXTH AVENUE,1,1,0,0,1,1,0,0,30,0,0,0,0,0,4,2,1
,2020-21901,39.72554,-105.01313,12/8/2020 10:05,10:05:00,9,0,0,I25 NORTHBOUND ENTRANCE GORE POINT FROM & SIXTH AVENUE WEST,1,1,1,0,1,4,0,0,55,0,0,0,0,0,1,2,13
,2020-21902,39.73922,-104.97991,12/7/2020 13:30,13:30:00,2,0,1,PEARL STREET NORTH & COLFAX AVENUE EAST,1,1,0,0,1,2,0,0,15,1,0,0,0,2,4,2,13
,2020-21903,39.78381,-104.94052,12/8/2020 9:24,9:24:00,15,0,0,COLORADO BOULEVARD NORTH & 48TH AVENUE EAST,1,1,1,0,1,4,0,0,45,0,0,0,0,0,2,2,4
,2020-21904,39.71311,-104.91283,12/7/2020 16:20,16:20:00,12,0,0,SOUTH MONACO STREET & EAST CEDAR AVENUE,1,1,0,0,1,3,0,0,30,0,0,0,0,0,4,2,13
,2020-21906,39.63867,-105.04918,11/19/2020 23:53,23:53:00,1,0,2,QUINCY AVENUE WEST & WOLFF STREET SOUTH,1,3,0,0,1,2,0,0,35,0,0,0,1,3,4,2,7
,2020-21907,39.73925,-104.9588,12/8/2020 12:09,12:09:00,12,0,0,1400 NORTH JOSEPHINE STREET & EAST COLFAX AVENUE,1,1,1,0,1,3,0,0,30,0,0,0,0,0,4,2,3
,2020-21908,39.72586,-104.98622,12/8/2020 12:40,12:40:00,15,0,0,EAST SPEER BOULEVARD & NORTH LINCOLN STREET,1,1,0,0,1,4,0,0,30,0,0,0,0,0,4,2,2
,2020-21909,39.71568,-104.98751,12/7/2020 20:04,20:04:00,15,0,0,050 SOUTH BROADWAY STREET & EAST BAYAUD AVENUE,1,3,0,0,1,3,0,0,30,0,0,0,0,0,4,2,13
,2020-21910,39.73686,-104.99572,12/7/2020 14:45,14:45:00,10,0,0,WEST 13TH AVENUE & NORTH SPEER BOULEVARD,1,1,0,0,1,1,0,0,30,0,0,0,0,0,4,2,5
,2020-21911,39.74396,-105.02522,12/7/2020 18:29,18:29:00,3,0,0,FEDERAL BOULEVARD NORTH & 17TH AVENUE WEST,1,3,0,0,1,1,0,0,35,0,0,0,0,0,2,2,13
,2020-21912,39.73468,-104.93616,11/25/2020 9:43,9:43:00,12,0,0,EAST 12TH AVENUE & NORTH BIRCH STREET,11,1,0,0,1,4,0,0,25,0,0,0,0,0,4,2,13
,2020-21913,39.84842,-104.67307,12/7/2020 17:25,17:25:00,5,0,0,PENA BOULEVARD & 8400,1,3,1,0,2,4,0,0,15,0,0,0,0,0,4,1,3
,2020-21914,39.65308,-104.91845,12/8/2020 7:55,7:55:00,15,0,0,I25 & HAMPDEN AVENUE EAST,1,1,0,0,1,4,0,0,65,0,0,0,0,0,1,2,13
,2020-21915,39.74044,-105.01397,12/8/2020 21:54,21:54:00,15,0,0,I25 & COLFAX AVENUE WEST,1,3,0,0,1,4,0,0,65,0,0,0,0,0,2,2,13
,2020-21916,39.68486,-104.95945,11/25/2020 3:30,3:30:00,15,0,1,I25 & UNIVERSITY BOULEVARD SOUTH,1,3,0,0,1,4,0,0,60,0,0,0,0,2,1,2,5
,2020-21917,39.71385,-104.94069,11/21/2020 5:20,5:20:00,12,0,0,COLORADO BOULEVARD 100 SOUTH & EAST BAYAUD AVENUE,1,3,0,0,1,3,0,0,35,0,0,0,0,1,4,2,5
,2020-21918,39.73203,-104.88462,12/6/2020 12:03,12:03:00,5,0,0,YOSEMITE STREET & 1000 NORTH,1,1,0,0,2,4,0,0,30,0,0,0,0,0,4,1,5
,2020-21921,39.77833,-104.97924,12/8/2020 11:23,11:23:00,3,0,0,NORTH WASHINGTON STREET & EAST 45TH AVENUE,1,1,1,0,1,1,0,0,30,0,0,0,0,1,4,2,13
,2020-21922,39.7085,-105.02509,12/7/2020 11:04,11:04:00,12,0,0,FEDERAL BOULEVARD SOUTH & VIRGINIA AVENUE WEST,1,1,0,0,1,3,0,0,30,0,0,0,0,0,2,2,13
,2020-21923,39.74276,-104.9874,12/7/2020 11:31,11:31:00,6,0,1,1600 NORTH BROADWAY STREET & EAST 16TH AVENUE,1,1,0,0,1,4,0,0,30,0,0,0,0,2,4,2,3
,2020-21925,39.67835,-104.99339,12/7/2020 17:15,17:15:00,12,0,0,HIGHWAY 85 SOUTHBOUND OFF RAMP TO & EVANS AVENUE WEST,1,1,0,0,1,8,0,0,45,0,0,0,0,0,2,2,3
,2020-21927,39.74364,-104.98897,12/8/2020 13:25,13:25:00,11,0,0,TREMONT PLACE & 1635 TREMONT PLACE,1,1,0,0,1,2,0,0,,0,1,0,0,1,4,1,13
,2020-21929,39.74379,-104.89286,12/8/2020 10:45,10:45:00,3,0,1,EAST 17TH AVENUE & NORTH UINTA STREET,1,1,0,0,1,1,0,0,25,0,0,0,0,2,4,2,13
,2020-21930,39.67842,-104.9451,12/8/2020 7:00,7:00:00,3,0,0,SOUTH MONROE STREET & EAST EVANS AVENUE,1,1,0,0,1,1,0,0,35,0,0,0,0,0,4,2,3
,2020-21931,39.72565,-104.98626,11/4/2020 15:10,15:10:00,15,0,0,NORTH LINCOLN STREET & EAST SIXTH AVENUE,1,1,0,0,1,3,0,0,35,0,0,0,0,0,4,2,13
,2020-21932,39.74739,-104.94004,11/25/2020 15:35,15:35:00,12,0,0,COLORADO BOULEVARD NORTH & MONTVIEW BOULEVARD EAST,1,1,0,0,1,1,0,0,40,0,0,0,0,0,2,2,3
,2020-21933,39.76911,-104.9953,11/25/2020 23:58,23:58:00,5,0,0,38TH AVENUE WEST & FOX STREET NORTH,4,3,0,0,2,1,0,0,35,0,0,0,0,0,1,1,13
,2020-21934,39.72554,-105.01313,12/7/2020 14:56,14:56:00,12,0,0,I25 & SIXTH AVENUE WEST,1,1,0,0,1,4,0,0,65,0,0,0,1,0,1,2,13
,2020-21935,39.75852,-105.03462,11/2/2020 21:45,21:45:00,3,0,1,WEST 29TH AVENUE & NORTH LOWELL BOULEVARD,1,3,0,0,1,1,0,0,30,0,0,0,0,3,4,2,13
,2020-21936,39.78012,-104.95339,11/23/2020 19:00,19:00:00,5,0,0,I70 EASTBOUND EXIT GORE POINT TO & VASQUEZ BOULEVARD NORTH,1,3,0,0,1,4,0,0,55,0,0,0,0,0,2,2,14
,2020-21937,39.75847,-105.05324,12/7/2020 18:23,18:23:00,3,0,0,SHERIDAN BOULEVARD NORTH & 29TH AVENUE WEST,1,4,0,0,1,1,0,0,35,0,0,0,0,0,2,2,8
,2020-21938,39.76441,-104.93285,11/26/2020 16:40,16:40:00,6,0,0,BRUCE RANDOLPH AVENUE EAST & DAHLIA STREET NORTH,1,2,0,0,1,4,0,0,25,0,0,0,0,0,4,2,16
,2020-21939,39.76806,-105.00413,11/24/2020 16:59,16:59:00,3,0,0,NAVAJO STREET NORTH & 37TH AVENUE WEST,1,3,0,0,1,1,0,0,25,0,0,0,0,0,4,2,1
,2020-21940,39.78238,-104.84902,12/8/2020 12:00,12:00:00,3,0,0,EAST 47TH AVENUE & NORTH PARIS STREET,1,1,0,0,1,1,0,0,30,0,0,0,0,0,4,2,13
,2020-21942,39.77283,-104.79599,12/7/2020 20:55,20:55:00,15,0,0,40TH AVENUE EAST & AIRPORT WAY NORTH,1,3,0,0,1,1,0,0,25,0,0,0,0,0,4,2,13
,2020-21953,39.79823,-104.84718,11/29/2020 18:31,18:31:00,3,0,0,56TH AVENUE EAST & PEORIA STREET NORTH,1,3,0,0,1,1,0,0,40,0,0,0,0,0,4,2,5
,2020-21955,39.7402,-104.95743,12/3/2020 12:49,12:49:00,6,0,0,COLFAX AVENUE EAST & COLUMBINE STREET NORTH,1,1,0,0,1,4,0,0,30,0,0,0,0,0,2,2,16
,2020-21956,39.72097,-104.95825,12/3/2020 13:50,13:50:00,6,0,0,200 NORTH JOSEPHINE STREET & EAST SECOND AVENUE,1,1,0,0,1,4,0,0,30,0,0,0,0,0,4,2,13
,2020-21957,39.67845,-104.93377,11/28/2020 14:20,14:20:00,12,0,0,EVANS AVENUE EAST & I25,1,1,0,0,1,4,0,0,30,0,0,0,0,0,4,2,13
,2020-21958,39.76139,-105.02772,12/2/2020 17:40,17:40:00,12,0,0,SPEER BOULEVARD & 3100 NORTH,1,3,0,0,1,4,0,0,30,0,0,0,0,0,4,2,13
,2020-21960,39.76562,-105.03371,11/28/2020 16:33,16:33:00,12,0,0,3500 WEST 35TH AVENUE & NORTH LOWELL BOULEVARD,4,1,1,0,1,3,0,0,25,0,0,0,0,0,4,2,13
,2020-21962,39.73045,-104.97642,12/2/2020 11:25,11:25:00,6,0,0,EAST NINTH AVENUE & NORTH EMERSON STREET,1,1,0,0,1,1,0,0,25,0,0,0,0,0,4,2,14
,2020-21963,39.74194,-104.94066,12/2/2020 12:09,12:09:00,1,0,0,COLORADO BOULEVARD NORTH & 16TH AVENUE EAST,1,1,0,0,1,2,0,0,35,0,0,0,0,0,2,2,1
,2020-21964,39.69414,-104.97925,12/2/2020 17:31,17:31:00,15,0,0,I25 & WASHINGTON STREET SOUTH,1,3,0,0,1,4,0,0,60,0,0,0,0,0,1,2,8
,2020-21965,39.65307,-104.88479,12/2/2020 16:30,16:30:00,3,0,0,HAMPDEN AVENUE EAST & YOSEMITE STREET SOUTH,1,1,0,0,1,1,0,0,30,0,0,0,0,0,2,2,3
,2020-21966,39.78014,-104.96709,12/2/2020 13:30,13:30:00,15,0,0,I70 & BRIGHTON BOULEVARD NORTH,1,1,0,0,1,4,0,0,55,0,0,0,0,0,1,2,1
,2020-21967,39.72564,-104.98744,12/3/2020 18:44,18:44:00,10,0,0,NORTH BROADWAY STREET & WEST SIXTH AVENUE,1,3,0,0,1,1,0,0,35,0,0,0,0,0,4,2,8
,2020-21968,39.7647,-104.92403,12/2/2020 13:15,13:15:00,6,0,0,3300 NORTH HUDSON STREET & 33TH AVENUE,1,1,0,0,1,4,0,0,35,0,0,0,0,0,4,2,7
,2020-21969,39.66248,-104.94069,12/2/2020 10:12,10:12:00,12,0,0,COLORADO BOULEVARD SOUTH & CORNELL AVENUE EAST,1,1,0,0,1,2,0,0,35,0,0,0,0,0,2,2,13
,2020-21970,39.71149,-104.94377,12/3/2020 13:14,13:14:00,12,0,0,SOUTH GARFIELD STREET & EAST ALAMEDA AVENUE,1,1,0,0,1,4,0,0,25,0,0,0,0,0,4,2,13
,2020-21972,39.75129,-105.01679,12/3/2020 7:40,7:40:00,12,0,0,I25 & 23RD AVENUE WEST,1,1,0,0,1,4,0,0,65,0,0,0,0,0,1,2,1
,2020-21973,39.75107,-104.98289,12/3/2020 15:13,15:13:00,3,0,0,PARK AVENUE WEST & WELTON STREET,1,1,0,0,1,1,0,0,30,0,0,0,0,0,4,2,13
,2020-21974,39.68402,-104.99221,12/2/2020 11:13,11:13:00,12,0,0,SANTA FE DRIVE SOUTH & IOWA AVENUE WEST,1,1,0,0,1,3,0,0,40,0,0,0,0,0,2,2,13
,2020-21975,39.68487,-104.95945,12/2/2020 16:34,16:34:00,5,0,1,I25 NORTHBOUND OFF RAMP & UNIVERSITY BOULEVARD SOUTH,1,2,0,0,2,8,0,0,35,0,0,0,0,2,4,2,1
,2020-21976,39.78364,-104.79048,12/2/2020 16:48,16:48:00,12,0,0,EAST GREEN VALLEY RANCH BOULEVARD & PENA BOULEVARD,1,3,0,0,1,1,0,0,40,0,0,0,0,0,4,2,13
,2020-21977,39.76927,-105.01742,12/3/2020 15:02,15:02:00,10,0,0,38TH AVENUE WEST & ALCOTT STREET NORTH,1,1,0,0,1,1,0,0,30,0,0,0,0,0,4,1,7
,2020-21979,39.77414,-105.01742,11/28/2020 18:14,18:14:00,5,0,0,NORTH ALCOTT STREET & WEST 42ND AVENUE,1,3,0,0,2,1,0,0,25,0,0,0,0,0,4,1,5
,2020-21981,39.68473,-104.95945,11/28/2020 18:16,18:16:00,15,0,0,I25 & UNIVERSITY BOULEVARD SOUTH,1,3,0,0,1,4,0,0,60,0,0,0,0,0,1,2,3
,2020-21985,39.71117,-105.05325,12/3/2020 12:29,12:29:00,15,0,0,SHERIDAN BOULEVARD SOUTH & ALAMEDA AVENUE WEST,1,1,1,0,1,3,0,0,35,0,0,0,0,0,2,2,13
,2020-21989,39.7837,-104.77212,12/6/2020 12:30,12:30:00,3,0,0,GREEN VALLEY RANCH BOULEVARD EAST & TOWER ROAD NORTH,1,1,0,0,1,2,0,0,30,0,0,0,0,0,4,2,13
,2020-21992,39.72562453,-104.9304904,11/28/2020 16:15,16:15:00,6,0,0,NORTH EUDORA STREET & EAST SIXTH AVENUE PARKWAY,1,1,0,0,1,1,0,0,25,0,0,0,0,0,4,2,5
,2020-21993,39.74143,-104.94188,12/3/2020 12:27,12:27:00,6,0,0,1500 NORTH HARRISON STREET & EAST COLFAX AVENUE,1,1,1,0,1,2,0,0,25,0,0,0,0,0,4,2,14
,2020-21994,39.75987,-104.8902,11/28/2020 20:51,20:51:00,3,0,0,NORTH CENTRAL PARK BOULEVARD & EAST MLK BOULEVARD,1,3,0,0,1,1,0,0,30,0,0,0,0,0,4,2,16
,2020-21995,39.76797,-104.84701,12/3/2020 13:00,13:00:00,1,0,0,EAST 37TH AVENUE & NORTH PEORIA STREET,1,1,0,0,1,4,0,0,30,0,0,0,0,0,4,2,13
,2020-22011,39.78384453,-104.8999958,12/2/2020 16:01,16:01:00,5,0,0,I70 EASTBOUND ON RAMP FROM & NORTHFIELD QUEBEC STREET,1,1,0,0,1,8,0,0,65,0,0,0,0,0,1,1,1
,2020-22012,39.74002,-104.96908,11/28/2020 13:45,13:45:00,6,0,0,COLFAX AVENUE EAST & HUMBOLDT STREET NORTH,4,1,0,0,1,4,0,0,30,0,0,0,0,0,2,2,13
,2020-22013,39.77995,-104.94051,12/2/2020 12:54,12:54:00,15,0,0,I70 & COLORADO BOULEVARD NORTH,1,1,0,0,1,4,0,0,65,0,0,0,0,0,1,2,7
,2020-22014,39.76448,-104.94057,12/3/2020 10:52,10:52:00,3,0,0,COLORADO BOULEVARD NORTH & BRUCE RANDOLPH AVENUE EAST,1,1,0,0,1,1,0,0,40,0,0,0,0,1,2,2,1
,2020-22015,39.68935,-104.9284,12/2/2020 14:10,14:10:00,10,0,0,FLORIDA AVENUE EAST & FAIRFAX STREET SOUTH,1,1,0,0,1,1,0,0,30,0,0,0,0,0,4,2,3
,2020-22016,39.72568,-105.01322,12/2/2020 17:55,17:55:00,12,0,0,I25 & SIXTH AVENUE WEST,1,3,0,0,1,4,0,0,65,0,0,0,0,0,1,2,13
,2020-22018,39.77748,-105.04398,11/29/2020 10:45,10:45:00,6,0,0,TENNYSON STREET & 4400 NORTH,1,2,0,0,1,4,0,0,30,0,0,0,0,0,4,2,1
,2020-22019,39.78234,-104.8829,12/2/2020 17:17,17:17:00,15,0,0,NORTH CENTRAL PARK BOULEVARD & EAST 47TH AVENUE,1,3,0,0,1,3,0,0,30,0,0,0,0,0,4,2,13
,2020-22020,39.73678,-104.94949,11/28/2020 13:47,13:47:00,3,0,0,EAST 13TH AVENUE & NORTH STEELE STREET,1,1,0,0,1,1,0,0,25,0,0,0,0,0,4,2,8
,2020-22022,39.77583,-104.86574,12/3/2020 9:50,9:50:00,12,0,0,I70 & HAVANA STREET NORTH,1,1,0,0,1,4,0,0,65,0,0,0,0,0,1,2,13
,2020-22023,39.78009,-104.94051,12/3/2020 7:25,7:25:00,5,0,0,I70 WB EXIT GORE POINT TO & COLORADO BOULEVARD NORTH,1,1,1,0,3,4,0,1,65,0,0,0,0,0,1,1,13
,2020-22024,39.78027,-104.98956,11/28/2020 15:19,15:19:00,15,0,0,I25 & I70,1,1,0,0,1,4,0,0,65,0,0,0,0,0,1,2,1
,2020-22025,39.63575,-104.89352,12/3/2020 8:33,8:33:00,12,0,0,I225 & TAMARAC STREET SOUTH,1,1,0,0,1,4,0,0,65,0,0,0,0,0,1,2,13
,2020-22026,39.78327,-105.00643,12/2/2020 13:44,13:44:00,10,0,0,PECOS STREET NORTH & I70 WB RAMPS,1,1,0,0,1,6,0,0,20,0,0,0,0,1,1,2,8
,2020-22027,39.77803,-104.84703,12/2/2020 11:16,11:16:00,15,0,0,45TH AVENUE EAST & PEORIA STREET NORTH,1,1,0,0,1,1,0,0,25,0,0,0,0,0,4,2,14
,2020-22028,39.73045,-104.9874,12/3/2020 12:54,12:54:00,6,0,0,EAST NINTH AVENUE & NORTH BROADWAY STREET,1,1,0,0,1,4,0,0,35,0,0,0,0,1,4,2,14
,2020-22029,39.75218,-104.99881,12/2/2020 15:30,15:30:00,12,0,0,17TH STREET & WAZEE STREET,1,1,0,0,1,3,0,0,25,0,0,0,0,0,4,2,3
,2020-22030,39.80441,-104.88438,12/1/2020 20:51,20:51:00,15,0,0,CENTRAL PARK BOULEVARD NORTH & 58TH DRIVE EAST,1,3,0,0,1,4,0,0,35,0,0,0,0,1,4,2,13
,2020-22031,39.70559,-104.89032,10/31/2020 10:00,10:00:00,5,0,0,EAST FAIRMONT DRIVE & SOUTH VALENTIA STREET,1,1,0,0,4,6,0,0,25,0,0,0,0,0,4,1,14
,2020-22033,39.66776,-105.07352,10/30/2020 17:11,17:11:00,2,0,1,YALE AVENUE WEST & REED STREET SOUTH,1,1,0,0,1,1,0,0,35,1,0,0,0,2,4,2,13
,2020-22034,39.71116154,-104.9923699,12/2/2020 19:46,19:46:00,15,0,0,EAST ALAMEDA AVENUE & SOUTH CHEROKEE STREET,1,3,0,0,1,1,0,0,35,0,0,0,0,0,4,2,1
,2020-22035,39.74586,-104.99309,10/31/2020 19:15,19:15:00,5,0,0,16TH STREET & STOUT STREET,1,3,0,0,1,4,0,0,25,0,0,0,0,0,4,1,3
,2020-22036,39.79833,-104.76269,12/1/2020 17:09,17:09:00,1,0,0,56TH AVENUE EAST & DUNKIRK STREET NORTH,1,3,1,0,1,1,0,0,35,0,0,0,0,0,4,2,7
,2020-22037,39.65175255,-105.0531919,11/30/2020 15:27,15:27:00,1,0,0,WEST HAMPDEN AVENUE SOUTH FRONTAGE ROAD / EASTBOUND OFF RAMP & SOUTH SHERIDAN BOULEVARD,1,1,0,0,1,1,0,0,25,0,0,0,0,0,4,2,13
,2020-22038,39.74000353,-104.9920099,12/2/2020 8:49,8:49:00,12,0,0,I225 WB/SB SLIP GORE POINT TO & I25 SB/NB,1,1,0,0,1,4,0,0,35,0,0,0,0,1,1,2,13
,2020-22039,39.72562,-105.03248,12/1/2020 12:15,12:15:00,10,0,0,KNOX COURT NORTH & SIXTH AVENUE WEST,1,1,1,0,1,3,0,0,30,0,0,0,0,0,4,2,1
,2020-22040,39.77889,-105.0099,11/1/2020 2:00,2:00:00,6,0,0,RATITAN STREET NORTH & 4557 NORTH RATITAN STREET,1,3,0,0,1,3,0,0,25,0,0,0,0,0,4,2,7
,2020-22041,39.70606,-104.94075,11/30/2020 18:15,18:15:00,12,0,0,EAST CHERRY CREEK SOUTH DRIVE & SOUTH COLORADO BOULEVARD,1,3,0,0,1,3,0,0,25,0,0,0,0,0,4,2,3
,2020-22042,39.72548053,-105.0130699,11/30/2020 16:13,16:13:00,12,0,0,I25 & SIXTH AVENUE WEST,1,1,0,0,1,4,0,0,65,0,0,0,0,0,1,2,13
,2020-22043,39.72819,-104.98741,12/2/2020 21:20,21:20:00,10,0,0,BROADWAY STREET NORTH & SEVENTH AVENUE EAST,1,3,0,0,1,1,0,0,35,0,0,0,0,1,4,2,13
,2020-22044,39.76565,-104.90582,11/30/2020 12:00,12:00:00,3,0,0,NORTH POTOMAC STREET & EAST 35TH AVENUE,1,1,0,0,1,1,0,0,30,0,0,0,0,1,4,2,13
,2020-22045,39.74893453,-105.0012394,10/10/2020 14:00,14:00:00,12,0,0,BLAKE STREET & 14TH STREET,1,1,0,0,1,4,0,0,25,0,0,0,0,0,4,2,7
,2020-22046,39.73388,-105.02516,12/1/2020 17:45,17:45:00,1,0,1,FEDERAL BOULEVARD NORTH & 11TH AVENUE WEST,1,3,0,0,1,2,0,0,35,0,0,0,0,2,2,2,13
,2020-22047,39.70022,-104.90822,11/30/2020 15:41,15:41:00,3,0,1,LEETSDALE DRIVE & ONEIDA STREET SOUTH,1,1,0,0,1,1,0,0,35,0,0,0,0,2,4,2,13
,2020-22048,39.78738,-104.77212,10/31/2020 11:18,11:18:00,12,0,0,4900 NORTH TOWER ROAD & EAST 49TH AVENUE,1,1,0,0,1,4,0,0,40,0,0,0,0,0,4,2,13
,2020-22049,39.78407953,-104.9938414,10/25/2020 4:32,4:32:00,5,0,0,48TH AVENUE WEST & FOX STREET NORTH,9,3,1,2,3,4,0,0,35,0,0,0,0,0,4,1,16
,2020-22050,39.76928,-105.003,12/1/2020 14:53,14:53:00,6,0,0,38TH AVENUE WEST & 1400 WEST,1,1,1,0,1,4,0,0,35,0,0,0,0,0,4,2,16
,2020-22051,39.75104,-104.94062,12/1/2020 17:35,17:35:00,1,0,0,COLORADO BOULEVARD NORTH & 23RD AVENUE EAST,1,3,0,0,1,1,0,0,35,0,0,0,0,0,2,2,13