id,drcog_id,latitude,longitude,crashtime,time,crashtype,numbkilled,numbinjurd,drcoglocat,rdconditin,lightngcon,roadcntgrd,weatherco,location,roaddescrp,schoolzone,constrzone,splimit,bikeinv,pedinv,sctrinv,motoinv,svrty,rdsystem,ttlvehcls,hcf
,2020-22690,39.67761,-104.98757,11/19/2020 16:04,16:04:00,15,0,0,2100 SOUTH BROADWAY STREET & WEST EVANS AVENUE,1,1,0,0,1,4,0,0,35,0,0,0,0,0,4,2,1
,2020-22693,39.73346,-104.95979,11/19/2020 15:28,15:28:00,10,0,0,NORTH YORK STREET & EAST 11TH AVENUE,1,2,1,0,1,2,0,0,30,0,0,0,0,0,4,2,8
,2020-22695,39.72176,-104.95454,11/11/2020 13:10,13:10:00,6,0,0,DETROIT STREET NORTH  & THIRD AVENUE EAST,1,1,0,0,1,4,0,0,25,0,0,0,0,0,4,2,13
,2020-22696,39.68294,-104.94055,11/10/2020 18:50,18:50:00,15,0,0,COLORADO BOULEVARD SOUTH & I25 SOUTHBOUND ENTRANCE RAMP,1,3,0,0,1,4,0,0,60,0,0,0,0,0,2,2,5
,2020-22698,39.76586,-105.01734,11/17/2020 12:26,12:26:00,6,0,0,ALCOTT STREET NORTH  & 35TH AVENUE WEST,1,1,0,0,1,4,0,0,25,0,0,0,0,0,4,2,14
,2020-22699,39.67258753,-104.8681699,11/21/2020 15:29,15:29:00,15,0,0,10200 OF EAST HARVARD AVENUE & SOUTH PARKER ROAD,1,1,0,0,1,3,0,0,25,0,0,0,0,0,4,2,7
,2020-22700,39.73845,-104.99293,11/19/2020 15:34,15:34:00,3,0,0,NORTH DELAWARE STREET & WEST 14TH AVENUE,1,1,0,0,1,1,0,0,30,0,0,0,0,1,4,2,8
,2020-22701,39.71676,-105.03282,11/10/2020 19:43,19:43:00,5,0,0,KNOX COURT & ELLSWORTH AVENUE,1,3,0,0,3,4,0,0,20,0,0,0,0,0,4,1,1
,2020-22702,39.61452,-105.09702,11/1/2020 18:05,18:05:00,1,0,0,CROSS DRIVE WEST & ESTES STREET SOUTH,1,2,0,0,1,3,0,0,30,0,0,0,0,0,4,2,5
,2020-22703,39.8325535,-104.670719,11/19/2020 12:25,12:25:00,5,0,0,75TH CIRCLE AND SHADY GROVE STREET & 75TH AVENUE,1,1,0,0,3,1,0,0,,0,0,0,0,0,4,1,2
,2020-22705,39.78625109,-104.791086,11/19/2020 10:35,10:35:00,12,0,0,7800 PENA BOULEVARD INBOUND & EAST 78TH AVENUE,1,1,0,0,1,4,0,0,35,0,0,0,0,0,4,2,13
,2020-22706,39.69144,-105.04391,11/19/2020 19:59,19:59:00,5,0,0,TENNYSON STREET & 1392 SOUTH,1,3,0,0,2,3,0,0,25,0,0,0,0,0,4,1,16
,2020-22707,39.77829252,-104.9034319,11/21/2020 10:00,10:00:00,12,0,0,QUEBEC STREET NORTH & I70,1,1,0,0,1,3,0,0,35,0,0,0,0,1,2,2,3
,2020-22708,39.74015,-104.90346,12/14/2020 10:31,10:31:00,3,0,0,QUEBEC STREET NORTH  & COLFAX AVENUE EAST,7,1,0,0,1,2,0,0,30,0,0,0,0,0,2,2,16
,2020-22709,39.72563,-104.98362,11/19/2020 14:40,14:40:00,15,0,0,SIXTH AVENUE EAST & GRANT STREET NORTH,1,1,0,0,1,1,0,0,30,0,0,0,0,0,2,2,16
,2020-22710,39.74000353,-104.9920099,11/7/2020 11:42,11:42:00,6,0,0,COLFAX AVENUE EAST  & STREET PAUL STREET,1,1,0,0,1,4,0,0,35,0,0,0,0,0,2,2,13
,2020-22711,39.78015,-104.93165,9/21/2020 7:30,7:30:00,12,0,1,I70 EASTBOUND & DAHLIA STREET NORTH,1,1,0,0,1,4,0,0,55,0,0,0,0,1,1,2,16
,2020-22712,39.7794,-104.97916,11/2/2020 17:30,17:30:00,12,0,0,WASHINGTON STREET NORTH & I70 EASTBOUND ENTRANCE RAMP,1,1,0,0,1,3,0,0,35,0,0,0,0,0,4,2,3
,2020-22713,39.75537,-105.0127,11/11/2020 14:40,14:40:00,12,0,0,I25 SOUTHBOUND & SPEER BOULEVARD NORTH,1,1,1,0,1,4,0,0,55,0,0,0,0,0,1,2,13
,2020-22714,39.69672,-105.0066,11/11/2020 14:53,14:53:00,3,0,0,MISSISSIPPI AVENUE WEST & QUIVAS STREET SOUTH,1,1,0,0,1,3,0,0,30,0,0,0,0,0,4,2,5
,2020-22715,39.77856252,-104.9034184,10/15/2020 20:04,20:04:00,12,0,0,I70 WB ENTRANCE  FROM & QUEBEC STREET SOUTH,1,3,0,0,1,4,0,0,55,0,0,0,0,0,1,2,13
,2020-22717,39.71702,-104.89557,12/9/2020 17:01,17:01:00,15,0,0,EAST FAIRMOUNT DRIVE & EAST LOWRY BOULEVARD,1,2,1,0,1,6,0,0,30,0,0,0,0,0,4,2,13
,2020-22718,39.78376,-104.8098,11/1/2020 1:00,1:00:00,5,0,0,NORTH CHAMBERS ROAD & EAST GATEWAY AVENUE,1,3,0,0,3,3,0,0,40,0,0,0,0,0,4,1,16
,2020-22724,39.74000353,-104.9920099,11/23/2020 0:59,0:59:00,5,0,0,I25 NORTHBOUND & I225 NORTHBOUND EXIT RAMP,1,3,0,0,3,4,0,0,65,0,0,0,0,0,1,1,16
,2020-22725,39.7241,-105.05325,11/1/2020 1:30,1:30:00,2,0,1,FIFTH AVENUE WEST & SHERIDAN BOULEVARD NORTH,1,3,0,0,1,1,0,0,35,1,0,0,0,3,2,2,16
,2020-22727,39.69654,-104.89816,11/4/2020 13:00,13:00:00,12,0,0,PARKER ROAD SOUTH & MISSISSIPPI AVENUE EAST,1,1,0,0,1,3,0,0,40,0,0,0,0,0,2,2,1
,2020-22729,39.74012,-104.99885,11/5/2020 14:26,14:26:00,15,0,0,COLFAX AVENUE WEST & SPEER BOULEVARD NORTH,1,1,1,0,1,1,0,0,30,0,0,0,0,0,2,2,16
,2020-22731,39.67851,-104.97226,12/11/2020 12:30,12:30:00,6,0,0,MARION STREET SOUTH & YALE AVENUE EAST,9,1,0,2,1,1,0,0,30,0,0,0,0,0,4,2,1
,2020-22733,39.7891,-104.81908,9/25/2020 14:45,14:45:00,11,0,1,52ND AVENUE EAST & DEEPHAVEN COURT NORTH,1,1,0,0,1,4,0,0,0,0,1,0,0,2,4,1,16
,2020-22735,39.74015,-104.9105,12/11/2020 18:55,18:55:00,2,0,1,COLFAX AVENUE EAST & NIAGARA STREET NORTH,4,3,0,0,1,3,0,0,35,1,0,0,0,2,2,2,13
,2020-22738,39.65308,-104.92326,12/11/2020 17:35,17:35:00,12,0,0,5500 EAST HAMPDEN AVENUE & SOUTH HUDSON STREET,11,3,1,0,1,3,0,0,40,0,0,0,0,0,4,2,13
,2020-22739,39.72093,-104.99858,11/12/2020 16:05,16:05:00,5,0,0,SANTA FE DRIVE NORTH & THIRD AVENUE WEST,1,1,0,0,3,1,0,0,30,0,0,0,0,1,4,1,1
,2020-22741,39.74198,-104.88581,12/11/2020 12:00,12:00:00,5,0,0,16TH AVENUE EAST & XENIA STREET NORTH,10,1,0,0,3,4,0,0,25,0,0,0,0,0,4,1,1
,2020-22742,39.77657,-105.05324,11/23/2020 22:30,22:30:00,12,0,0,44TH AVENUE WEST & SHERIDAN BOULEVARD NORTH,1,3,0,0,1,1,0,0,35,0,0,0,0,0,2,2,8
,2020-22744,39.67847,-104.92227,11/23/2020 21:28,21:28:00,1,0,0,EVANS AVENUE EAST & HOLLY STREET SOUTH,1,3,0,0,1,1,0,0,30,0,0,0,0,0,4,2,1
,2020-22745,39.76752,-105.05092,12/11/2020 12:57,12:57:00,5,0,0,37TH AVENUE WEST & YATES STREET NORTH,4,1,1,2,1,1,0,0,25,0,0,0,0,0,4,1,13
,2020-22748,39.7015,-105.05324,11/20/2020 11:43,11:43:00,15,0,0,SHERIDAN BOULEVARD SOUTH & KENTUCKY AVENUE WEST,1,1,0,0,1,4,0,0,35,0,0,0,0,0,2,2,7
,2020-22749,39.7729,-104.94982,10/21/2020 16:35,16:35:00,1,0,0,STEELE STREET NORTH & 40TH AVENUE EAST,1,1,0,0,1,1,0,0,35,0,0,0,0,0,4,2,13
,2020-22751,39.74043,-105.01376,11/9/2020 13:40,13:40:00,2,0,1,AURARIA PARKWAY & COLFAX AVENUE WEST,11,1,0,2,1,3,0,0,0,1,0,0,0,3,2,2,16
,2020-22753,39.7312,-105.02173,12/11/2020 16:19,16:19:00,3,0,0,NINTH AVENUE WEST & DECATUR STREET NORTH,11,2,0,2,1,1,0,0,25,0,0,0,0,0,4,2,7
,2020-22754,39.71116,-105.02271,12/11/2020 12:11,12:11:00,3,0,0,ALAMEDA AVENUE WEST & DECATUR STREET SOUTH,9,1,0,0,1,1,0,0,30,0,0,0,0,0,2,2,13
,2020-22755,39.77562,-104.86574,11/23/2020 23:40,23:40:00,5,0,0,I70 EASTBOUND & HAVANA STREET NORTH EXIT RAMP,1,3,1,0,3,8,0,0,65,0,0,0,0,0,1,1,1
,2020-22756,39.78835,-105.03459,12/11/2020 20:37,20:37:00,6,0,0,5000 NORTH LOWELL BOULEVARD & WEST 50TH AVENUE,11,3,0,0,1,4,0,0,35,0,0,0,0,0,4,2,8
,2020-22760,39.71069,-105.02475,11/12/2020 11:51,11:51:00,15,0,0,FEDERAL BOULEVARD SOUTH  & DAKOTA AVENUE WEST,1,1,0,0,1,4,0,0,30,0,0,0,0,0,2,2,13
,2020-22761,39.73999,-104.96224,11/23/2020 22:46,22:46:00,15,0,0,EAST COLFAX AVENUE & NORTH VINE STREET,1,3,1,0,1,4,0,0,30,0,0,0,0,1,4,2,16
,2020-22763,39.72552,-105.01336,11/14/2020 5:41,5:41:00,12,0,1,I25 SOUTHBOUND & SIXTH AVENUE WEST,1,2,1,0,1,4,0,0,55,0,0,0,0,3,1,2,14
,2020-22765,39.73387,-104.99351,12/11/2020 16:52,16:52:00,10,0,0,11TH AVENUE WEST & SPEER BOULEVARD NORTH,9,3,0,0,1,1,0,0,30,0,0,0,0,1,4,2,13
,2020-22766,39.63885,-104.88513,11/25/2020 15:40,15:40:00,12,0,0,YOSEMITE STREET SOUTH & I225 NORTHBOUND RAMPS,1,1,0,0,1,3,0,0,30,0,0,0,0,1,4,2,3
,2020-22769,39.75734,-105.03101,11/10/2020 15:29,15:29:00,11,0,1,JAVA COURT NORTH  & 27TH AVENUE WEST,1,1,0,0,1,4,0,0,25,0,1,0,0,3,4,1,6
,2020-22770,39.77583,-104.86574,11/27/2020 19:15,19:15:00,12,0,0,HAVANA STREET NORTH & I70 WB EXIT RAMP,1,3,0,0,1,8,0,0,25,0,0,0,0,0,4,2,3
,2020-22771,39.71231,-104.94069,11/27/2020 15:49,15:49:00,15,0,0,COLORADO BOULEVARD SOUTH  & ALAMEDA AVENUE EAST,1,1,0,0,1,3,0,0,35,0,0,0,0,0,2,2,5
,2020-22772,39.77939,-104.76837,11/27/2020 15:55,15:55:00,14,0,2,ARGONNE STREET NORTH & 46TH PLACE EAST,1,1,0,0,1,3,0,0,25,0,0,0,0,2,4,2,3
,2020-22774,39.76928353,-105.0029494,11/24/2020 11:39,11:39:00,6,0,0,MARIPOSA STREET  & 38TH AVENUE WEST,9,1,1,0,1,4,0,0,25,0,0,0,0,0,4,2,13
,2020-22775,39.67488254,-104.9875189,11/21/2020 18:40,18:40:00,12,0,0,000 EAST ILIFF AVENUE & SOUTH BROADWAY STREET,1,3,0,0,1,4,0,0,25,0,0,0,0,0,4,2,13
,2020-22776,39.65671,-105.03894,11/27/2020 9:11,9:11:00,6,0,0,4032 WEST GREENWOOD PLACE & SOUTH PATTON WAY,1,1,0,0,1,4,0,0,25,0,0,0,0,0,4,2,3
,2020-22777,39.78374,-104.83419,11/22/2020 16:10,16:10:00,6,0,0,47TH AVENUE & 13093 EAST,1,1,0,0,1,4,0,0,25,0,0,0,0,0,4,2,3
,2020-22780,39.71127,-105.04326,11/27/2020 18:14,18:14:00,1,0,0,ALAMEDA AVENUE WEST & STUART STREET SOUTH,1,3,0,0,1,1,0,0,35,0,0,0,0,1,2,2,14
,2020-22781,39.74011,-105.00007,11/25/2020 13:19,13:19:00,3,0,0,COLFAX AVENUE WEST & KALAMATH STREET NORTH,1,1,0,0,1,1,0,0,35,0,0,0,0,0,2,2,16
,2020-22783,39.67129,-104.98758,11/27/2020 19:18,19:18:00,3,0,0,BROADWAY STREET SOUTH & HARVARD AVENUE EAST,1,3,0,0,1,1,0,0,35,0,0,0,0,0,4,2,13
,2020-22784,39.74963,-104.97559,11/19/2020 0:16,0:16:00,6,0,0,EMERSON STREET NORTH  & 22ND AVENUE EAST,1,4,0,0,1,4,0,0,25,0,0,0,0,0,4,2,16
,2020-22785,39.72656,-104.9859,10/16/2020 18:22,18:22:00,16,0,0,SPEER BOULEVARD 3 & 123 EAST,1,1,0,0,5,7,0,0,15,0,0,0,0,0,3,1,7
,2020-22788,39.78739,-104.97828,10/29/2020 13:01,13:01:00,3,0,0,WASHINGTON STREET NORTH & 50TH AVENUE EAST,1,1,1,0,1,3,0,0,35,0,0,0,0,0,4,2,13
,2020-22792,39.65309,-104.92046,11/25/2020 16:40,16:40:00,12,0,0,HAMPDEN AVENUE EAST & IVY WAY SOUTH,1,1,0,0,1,3,0,0,35,0,0,0,0,0,2,2,16
,2020-22797,39.65422,-104.90459,10/23/2020 11:33,11:33:00,6,0,0,POPLAR STREET SOUTH  & HAMPDEN AVENUE EAST,1,1,0,0,1,4,0,0,25,0,0,0,0,0,4,2,16
,2020-22802,39.65321954,-104.9183404,12/7/2020 21:53,21:53:00,15,0,0,I25 NORTHBOUND & HAMPDEN AVENUE EAST,1,3,0,0,1,4,0,0,65,0,0,0,0,0,1,2,1
,2020-22807,39.74016,-105.00524,10/22/2020 18:48,18:48:00,3,0,1,COLFAX AVENUE WEST & OSAGE STREET NORTH,11,3,0,1,1,1,0,0,35,0,0,0,0,2,2,2,14
,2020-22809,39.77732952,-104.8829389,11/6/2020 16:00,16:00:00,5,0,0,I70 EASTBOUND & CENTRAL PARK BOULEVARD NORTH,1,1,1,1,1,4,0,0,65,0,0,0,0,0,1,1,13
,2020-22815,39.75848,-105.02523,10/24/2020 17:42,17:42:00,15,0,0,FEDERAL BOULEVARD NORTH & 29TH AVENUE WEST,1,2,0,0,1,3,0,0,35,0,0,0,0,0,2,2,14
,2020-22817,39.78339,-104.94008,11/9/2020 22:13,22:13:00,3,0,0,48TH AVENUE EAST & 46TH AVENUE EAST,11,3,0,0,1,1,0,0,25,0,0,0,0,0,2,2,16
,2020-22822,39.71128,-104.9316,11/25/2020 16:00,16:00:00,12,0,0,ALAMEDA AVENUE EAST & DAHLIA STREET SOUTH,1,1,0,0,1,1,0,0,35,0,0,0,0,0,4,2,3
,2020-22823,39.73051,-105.00409,11/20/2020 16:14,16:14:00,12,0,0,WEST NINTH AVENUE & NORTH NAVAJO STREET,1,3,0,0,1,5,0,0,35,0,0,0,0,0,4,2,13
,2020-22827,39.77997,-104.94981,10/20/2020 14:43,14:43:00,3,0,0,STEELE STREET NORTH & I70 EASTBOUND ENTRANCE / EXIT RAMPS,1,1,0,0,1,1,0,0,35,0,0,0,0,0,2,2,7
,2020-22830,39.72907,-104.98175,10/23/2020 12:56,12:56:00,12,0,0,400 EAST EIGHTH AVENUE & NORTH GRANT STREET,1,1,0,0,1,3,0,0,30,0,0,0,0,0,4,2,3
,2020-22833,39.75014,-105.00485,10/11/2020 21:15,21:15:00,15,0,0,WEWATTA STREET & NORTH SPEER BOULEVARD,1,3,0,0,1,3,0,0,25,0,0,0,0,0,4,2,1
,2020-22841,39.7645,-104.96595,10/26/2020 7:56,7:56:00,3,0,0,EAST BRUCE RANDOLPH AVENUE & NORTH WILLIAMS STREET,4,2,0,4,1,1,0,0,25,0,0,0,0,0,4,2,3
,2020-22843,39.78013,-104.95932,11/11/2020 20:43,20:43:00,15,0,0,I70 WB EXIT RAMP  TO & YORK STREET NORTH,1,3,0,0,1,4,0,0,55,0,0,0,0,0,1,2,16
,2020-22845,39.72971,-104.99862,11/5/2020 21:12,21:12:00,15,0,0,SANTA FE DRIVE NORTH ) & NINTH AVENUE WEST,1,3,0,0,1,4,0,0,30,0,0,0,0,0,4,2,13
,2020-22847,39.79254,-104.77206,11/20/2020 16:32,16:32:00,3,0,0,ELMANDORF AVENUE EAST & TOWER ROAD NORTH,1,1,0,0,1,9,0,0,30,0,0,0,0,0,4,2,13
,2020-22851,39.69117,-104.98748,10/22/2020 8:21,8:21:00,6,0,0,SOUTH BROADWAY STREET & EAST ARKANSAS AVENUE,1,1,0,4,1,4,0,0,35,0,0,0,0,0,4,2,13
,2020-22852,39.68497,-105.02504,11/25/2020 20:10,20:10:00,1,0,0,SOUTH FEDERAL BOULEVARD & WEST COLORADO AVENUE,1,2,0,0,1,1,0,0,40,0,0,0,0,1,4,2,16
,2020-22853,39.68489954,-104.9594704,11/20/2020 16:03,16:03:00,12,0,0,I25 NORTHBOUND EXIT RAMP  TO & UNIVERSITY BOULEVARD SOUTH,1,2,1,0,1,4,0,0,50,0,0,0,0,0,1,2,7
,2020-22854,39.71119,-105.01277,11/24/2020 6:45,6:45:00,8,0,0,ALAMEDA AVENUE WEST  & YUMA STREET SOUTH,9,1,0,2,1,4,0,0,35,0,0,0,0,0,2,2,1
,2020-22856,39.69877,-105.04984,10/21/2020 9:45,9:45:00,6,0,0,4900 MORRISON ROAD & SOUTH YATES STREET,1,1,1,0,1,4,0,0,30,0,0,0,0,0,4,2,5
,2020-22858,39.72548053,-105.0130699,11/20/2020 13:25,13:25:00,5,0,1,SIXTH AVENUE EASTBOUND EXIT RAMP TO & I25 NORTHBOUND,1,1,1,0,2,8,0,0,35,0,0,0,0,2,1,1,13
,2020-22860,39.7539,-105.01908,10/31/2020 0:55,0:55:00,6,0,0,2500 NORTH BRYANT STREET & WEST 25TH AVENUE,1,4,0,0,1,4,0,0,25,0,0,0,0,0,4,2,13
,2020-22861,39.78378,-104.94052,11/20/2020 13:08,13:08:00,15,0,0,48TH AVENUE EAST & COLORADO BOULEVARD NORTH,1,1,0,0,1,1,0,0,,0,0,0,0,0,2,2,13
,2020-22862,39.7794,-104.97915,12/9/2020 7:45,7:45:00,15,0,0,I70 EASTBOUND & WASHINGTON STREET NORTH,1,1,1,0,1,4,0,0,55,0,0,0,0,0,1,2,13
,2020-22864,39.78034452,-104.9410699,11/19/2020 4:10,4:10:00,5,0,0,I70 EASTBOUND ENTRANCE RAMP  FROM & COLORADO BOULEVARD NORTH,1,4,1,0,2,1,0,0,,0,0,0,0,0,2,1,1
,2020-22865,39.66749,-104.92548,11/19/2020 15:00,15:00:00,15,0,0,I25 NORTHBOUND & YALE AVENUE EAST,1,1,0,0,1,4,0,0,65,0,0,0,0,0,1,2,1
,2020-22866,39.72261,-104.9826,11/20/2020 12:44,12:44:00,10,0,0,EAST SPEER BOULEVARD & NORTH LOGAN STREET,1,1,0,0,1,1,0,0,30,0,0,0,0,0,4,2,8
,2020-22867,39.74257153,-104.9405794,11/19/2020 17:36,17:36:00,12,0,0,COLORADO BOULEVARD & BATAVIA PLACE,1,3,0,0,1,4,0,0,35,0,0,0,0,0,2,2,13
,2020-22868,39.62378,-104.90141,12/10/2020 18:17,18:17:00,12,0,0,I25 NORTHBOUND & BELLEVIEW AVENUE EAST,1,1,0,0,1,4,0,0,65,0,0,0,0,0,1,2,13
,2020-22869,39.72932,-105.01505,11/19/2020 15:37,15:37:00,12,0,0,I25 SOUTHBOUND EXIT RAMP  TO & EIGHTH AVENUE WEST,1,1,0,0,1,8,0,0,15,0,0,0,0,0,1,2,13
,2020-22870,39.74196,-104.99986,11/20/2020 14:44,14:44:00,15,0,0,NORTH SPEER BOULEVARD & NORTH KALAMATH STREET,1,1,0,0,1,3,0,0,30,0,0,0,0,0,4,2,13
,2020-22872,39.74485753,-104.9873794,11/20/2020 13:48,13:48:00,6,0,0,NORTH BROADWAY STREET & EAST 18TH AVENUE,1,1,0,0,1,4,0,0,35,0,0,0,0,0,4,2,14
,2020-22873,39.6767,-104.98996,11/19/2020 13:02,13:02:00,8,0,0,SOUTH BANNOCK STREET & WEST WARREN AVENUE,1,1,0,0,1,1,0,0,25,0,0,0,0,1,4,2,13
,2020-22874,39.67848,-104.96699,11/19/2020 15:15,15:15:00,12,0,0,1700 EAST EVANS AVENUE & SOUTH GILPIN STREET,1,1,0,0,1,4,0,0,30,0,0,0,0,0,4,2,14
,2020-22875,39.69143,-104.91289,11/19/2020 16:00,16:00:00,3,0,0,MONACO STREET SOUTH & CHERRY CREEK DRIVE EAST,1,1,0,0,1,1,0,0,35,0,0,0,0,0,4,2,3
,2020-22877,39.63428,-104.9071,11/19/2020 17:23,17:23:00,12,0,0,I25 SOUTHBOUND & I225,1,1,0,0,1,4,0,0,65,0,0,0,0,0,1,2,13
,2020-22879,39.74016,-104.94862,11/19/2020 15:45,15:45:00,15,0,0,COLFAX AVENUE EAST  & ADAMS STREET NORTH,1,1,0,0,1,4,0,0,35,0,0,0,0,0,2,2,8
,2020-22880,39.70643,-104.99679,11/19/2020 10:52,10:52:00,12,0,0,I25 SOUTHBOUND & SANTA FE DRIVE SOUTH,1,1,0,0,1,4,0,0,65,0,0,0,0,1,1,2,14
,2020-22881,39.75463,-104.97698,11/19/2020 15:15,15:15:00,6,0,0,700 EAST 26TH AVENUE & NORTH CLARKSON STREET,1,1,0,0,1,4,0,0,30,0,0,0,0,1,4,2,1
,2020-22883,39.74182,-104.98783,10/21/2020 12:17,12:17:00,5,0,0,16TH STREET & CLEVELAND PLACE,1,1,0,0,3,1,0,0,25,0,0,0,0,0,4,1,14
,2020-22884,39.77879,-104.85068,10/25/2020 21:00,21:00:00,5,0,0,PARIS STREET NORTH  & 46TH AVENUE EAST,9,3,0,2,3,4,0,0,25,0,0,0,0,0,4,1,13
,2020-22887,39.71117,-104.98758,11/23/2020 16:30,16:30:00,15,0,0,BROADWAY STREET & 300 SOUTH,1,1,0,0,1,4,0,0,30,0,0,0,0,0,4,2,3
,2020-22890,39.74482,-104.96968,11/23/2020 13:40,13:40:00,3,0,0,EAST 18TH AVENUE & NORTH HUMBOLDT STREET,1,1,0,0,1,1,0,0,30,0,0,0,0,1,4,2,13
,2020-22891,39.7075,-104.96871,12/9/2020 14:10,14:10:00,3,0,0,VIRGINIA AVENUE EAST & FRANKLIN STREET SOUTH,1,1,0,0,1,1,0,0,25,0,0,0,0,0,4,2,3
,2020-22893,39.65311,-104.90691,11/23/2020 18:10,18:10:00,12,0,0,HAMPDEN AVENUE EAST & 7007,1,1,0,0,1,4,0,0,35,0,0,0,0,0,2,2,3
,2020-22896,39.73134,-104.90346,11/24/2020 6:55,6:55:00,8,0,0,NORTH QUEBEC STREET & EAST 10TH AVENUE,9,3,1,2,1,1,0,0,30,0,0,0,0,0,4,2,7
,2020-22897,39.77988,-104.96717,11/23/2020 16:38,16:38:00,12,0,0,I70 EASTBOUND & BRIGHTON BOULEVARD NORTH,1,3,0,0,1,4,0,0,65,0,0,0,0,0,1,2,3
,2020-22900,39.74445,-104.99486,11/23/2020 11:30,11:30:00,12,0,0,1400 STOUT STREET & 15TH STREET,1,1,0,0,1,4,0,0,25,0,0,0,0,0,4,2,14
,2020-22904,39.73134,-104.90346,11/24/2020 6:55,6:55:00,1,0,1,QUEBEC STREET NORTH & 10TH AVENUE EAST,9,3,1,2,1,1,0,0,30,0,0,0,0,2,4,2,7
,2020-22905,39.83206739,-104.715439,11/24/2020 7:00,7:00:00,5,0,0,7550 PENA BOULEVARD OUTBOUND & NORTH GUNCLUD ROAD,9,1,1,2,2,4,0,0,65,0,0,0,0,0,4,1,14
,2020-22908,39.72548053,-105.0130699,12/9/2020 8:55,8:55:00,12,0,0,I25 NORTHBOUND & SIXTH AVENUE WEST,1,1,0,0,1,4,0,0,55,0,0,0,0,0,1,2,13
,2020-22916,39.75132,-105.01653,11/23/2020 15:29,15:29:00,12,0,0,I25 NORTHBOUND & 23RD AVENUE WEST,1,1,0,0,1,4,0,0,65,0,0,0,0,0,1,2,3
,2020-22919,39.8333815,-104.771969,11/24/2020 7:30,7:30:00,5,0,0,PENA BOULEVARD NORTH & TOWER ROAD NORTH,9,1,0,2,3,4,0,0,65,0,0,0,0,0,3,1,13
,2020-22921,39.67845,-104.93377,11/23/2020 17:13,17:13:00,12,0,0,I25 NORTHBOUND ENTRANCE RAMP FROM & EVANS AVENUE EAST,1,3,0,0,1,8,0,0,60,0,0,0,0,1,1,2,13
,2020-22925,39.66749,-104.92548,11/24/2020 9:09,9:09:00,15,0,0,I25 NORTHBOUND & YALE AVENUE EAST,9,1,0,2,1,4,0,0,65,0,0,0,0,0,1,2,7
,2020-22926,39.71118,-104.9924,11/23/2020 14:20,14:20:00,3,0,0,WEST ALAMEDA AVENUE & SOUTH CHEROKEE STREET,1,1,0,0,1,1,0,0,30,0,0,0,0,0,4,2,3
,2020-22927,39.71117,-104.98758,11/23/2020 17:00,17:00:00,12,0,0,BROADWAY STREET & 300 SOUTH,14,1,0,0,1,4,0,0,30,0,0,0,0,0,4,2,3
,2020-22928,39.71478,-104.98752,11/24/2020 7:50,7:50:00,15,0,0,SOUTH BROADWAY STREET & EAST BAYAUD AVENUE,7,1,0,2,1,1,0,0,30,0,0,0,0,0,4,2,16
,2020-22929,39.79833552,-104.8685209,11/24/2020 7:03,7:03:00,3,0,0,EAST 56TH AVENUE & NORTH GALENA STREET,9,1,0,2,1,1,0,0,45,0,0,0,0,1,4,2,13
,2020-22930,39.73169,-104.90346,11/24/2020 7:25,7:25:00,15,0,0,QUEBEC STREET NORTH  & 10TH AVENUE EAST,4,1,1,2,1,4,0,0,30,0,0,0,0,0,4,2,14
,2020-22931,39.69,-104.97342,11/18/2020 15:22,15:22:00,15,0,0,I25 NORTHBOUND & DOWNING STREET SOUTH,1,1,0,0,1,4,0,0,65,0,0,0,0,0,1,2,1
,2020-22932,39.77664,-105.02522,11/24/2020 7:06,7:06:00,15,0,0,FEDERAL BOULEVARD NORTH & 44TH AVENUE WEST,9,1,0,2,1,4,0,0,35,0,0,0,0,0,2,2,16
,2020-22933,39.77397,-105.01587,11/24/2020 7:52,7:52:00,6,0,0,ZUNI STREET NORTH  & 41ST AVENUE WEST,4,1,1,2,1,4,0,0,30,0,0,0,0,0,4,2,16
,2020-22936,39.65924,-105.04339,11/23/2020 13:25,13:25:00,11,0,0,RALEIGH STREET SOUTH & DARTMOUTH AVENUE WEST,1,1,0,0,1,1,0,0,0,1,0,0,0,1,4,1,16
,2020-22938,39.69657,-104.94061,12/13/2020 15:30,15:30:00,1,0,0,COLORADO BOULEVARD SOUTH & MISSISSIPPI AVENUE EAST,11,1,1,0,1,1,0,0,40,0,0,0,0,1,2,2,13
,2020-22939,39.74198,-104.89051,12/14/2020 6:10,6:10:00,3,0,0,EAST 16TH AVENUE & NORTH VERBENA STREET,4,4,0,0,1,1,0,0,25,0,0,0,0,1,4,2,13
,2020-22940,39.72727,-104.97994,12/13/2020 20:30,20:30:00,3,0,0,EAST SEVENTH AVENUE & NORTH PEARL STREET,1,1,0,0,1,1,0,0,30,0,0,0,0,0,4,2,8
,2020-22941,39.79833,-104.76269,12/10/2020 18:59,18:59:00,3,0,0,DUNKIRK STREET NORTH & 56TH AVENUE EAST,1,3,0,0,1,1,0,0,45,0,0,0,0,0,4,2,13
,2020-22942,39.74619,-104.98232,12/14/2020 18:30,18:30:00,3,0,0,EAST 19TH AVENUE & NORTH LOGAN STREET,4,3,0,0,1,1,0,0,25,0,0,0,0,0,4,2,8