id,drcog_id,latitude,longitude,crashtime,time,crashtype,numbkilled,numbinjurd,drcoglocat,rdconditin,lightngcon,roadcntgrd,weatherco,location,roaddescrp,schoolzone,constrzone,splimit,bikeinv,pedinv,sctrinv,motoinv,svrty,rdsystem,ttlvehcls,hcf
,2020-22943,39.78384453,-104.8999958,12/14/2020 15:28,15:28:00,5,0,0,I70 WB & NORTHFIELD QUEBEC STREET NORTH,11,1,0,0,3,4,0,0,65,0,0,0,0,1,1,1,1
,2020-22945,39.8338315,-104.746859,12/13/2020 5:12,5:12:00,5,0,0,E470 SOUTHBOUND  & PENA BOULEVARD,10,3,0,2,2,4,0,0,75,0,0,0,0,0,4,1,7
,2020-22947,39.68841,-104.94064,12/13/2020 10:30,10:30:00,12,0,0,COLORADO BOULEVARD SOUTH  & IOWA AVENUE EAST,11,1,1,0,1,4,0,0,35,0,0,0,0,0,2,2,3
,2020-22948,39.67485,-104.96642,12/13/2020 10:30,10:30:00,3,0,0,SOUTH WILLIAMS STREET & EAST ILIFF AVENUE,7,1,0,0,1,1,0,0,25,0,0,0,0,0,4,2,7
,2020-22949,39.71004,-104.9975,12/13/2020 10:00,10:00:00,15,0,0,300 SOUTH KALAMATH STREET & WEST ALAMEDA AVENUE,1,1,0,0,1,2,0,0,35,0,0,0,0,0,4,2,7
,2020-22950,39.78018253,-104.9891794,12/14/2020 3:00,3:00:00,5,0,0,I25 NORTHBOUND EXIT RAMP TO & I70 EASTBOUND,1,3,0,0,2,8,0,0,50,0,0,0,0,1,1,1,13
,2020-22952,39.70402,-105.03374,12/13/2020 16:08,16:08:00,6,0,0,3500 WEST EXPOSITION AVENUE & SOUTH LOWELL BOULEVARD,9,1,0,0,1,3,0,0,25,0,0,0,0,0,4,2,1
,2020-22960,39.75671,-105.04283,12/13/2020 10:55,10:55:00,5,0,0,27TH AVENUE WEST  & TENNYSON STREET NORTH,7,1,1,0,3,4,0,0,30,0,0,0,0,0,4,2,7
,2020-22961,39.63414,-104.90674,12/10/2020 19:14,19:14:00,12,0,0,I25 NORTHBOUND & I225 NORTHBOUND,1,3,0,0,1,4,0,0,65,0,0,0,0,0,1,2,1
,2020-22983,39.76498,-105.05292,5/22/2020 14:20,14:20:00,12,0,0,SHERIDAN BOULEVARD NORTH  & 34TH AVENUE WEST,1,1,0,0,1,4,0,0,30,0,0,0,0,1,2,2,5
,2020-22991,39.78423,-105.02519,9/27/2020 20:25,20:25:00,12,0,0,FEDERAL BOULEVARD NORTH & I70 EASTBOUND RAMPS,1,3,0,0,1,3,0,0,35,0,0,0,0,0,2,2,16
,2020-22993,39.70034,-105.02977,11/1/2020 14:54,14:54:00,12,0,0,WEST KENTUCKY AVENUE & SOUTH IRVING STREET,1,1,0,0,1,1,0,0,25,0,0,0,0,0,4,2,13
,2020-22999,39.62413,-104.88526,12/14/2020 8:45,8:45:00,12,0,0,EAST BELLEVIEW AVENUE & SOUTH YOSEMITE STREET,4,1,1,0,1,1,0,0,35,0,0,0,0,1,4,2,13
,2020-23006,39.7794,-104.97915,12/14/2020 6:47,6:47:00,12,0,0,I70 EASTBOUND EXIT RAMP  FROM & I25 NORTHBOUND,4,1,0,0,1,8,0,0,40,0,0,0,0,0,1,2,7
,2020-23028,39.66770955,-105.0814609,12/10/2020 19:43,19:43:00,12,0,0,WADSWORTH BOULEVARD SOUTH & YALE AVENUE WEST,1,3,1,0,1,3,0,0,45,0,0,0,0,1,2,3,5
,2020-23052,39.78439,-105.02519,12/11/2020 14:42,14:42:00,15,0,0,FEDERAL BOULEVARD NORTH & I70 WB RAMPS,11,1,0,2,1,3,0,0,35,0,0,0,0,0,2,2,3
,2020-23067,39.78835,-105.03459,12/7/2020 17:25,17:25:00,6,0,0,LOWELL BOULEVARD NORTH  & 51ST AVENUE WEST,1,2,0,0,1,4,0,0,30,0,0,0,0,0,4,2,16
,2020-23068,39.68227,-105.02504,12/10/2020 19:37,19:37:00,12,0,0,FEDERAL BOULEVARD SOUTH & JEWELL AVENUE WEST,1,3,0,0,1,4,0,0,30,0,0,0,0,1,2,2,1
,2020-23069,39.72907,-104.98487,11/13/2020 22:15,22:15:00,3,0,0,EIGHTH AVENUE EAST & SHERMAN STREET NORTH,1,3,0,0,1,1,0,0,25,0,0,0,0,0,4,2,16
,2020-23070,39.69492,-105.02507,12/14/2020 8:49,8:49:00,3,0,0,ARIZONA AVENUE WEST & FEDERAL BOULEVARD SOUTH,11,1,0,0,1,1,0,0,25,0,0,0,0,0,2,2,13
,2020-23071,39.77295,-105.04861,12/11/2020 15:45,15:45:00,6,0,0,WOLFF STREET NORTH & 41ST AVENUE WEST,9,1,0,0,1,4,0,0,25,0,0,0,0,0,4,2,1
,2020-23072,39.74003,-104.97309,11/19/2020 7:44,7:44:00,12,0,0,NORTH DOWNING STREET & EAST COLFAX AVENUE,1,1,0,0,1,3,0,0,30,0,0,0,0,1,4,2,3
,2020-23073,39.74006,-104.98486,11/23/2020 14:35,14:35:00,12,0,0,EAST COLFAX AVENUE & NORTH SHERMAN STREET,1,1,0,0,1,3,0,0,30,0,0,0,0,0,4,2,16
,2020-23074,39.67841,-104.96185,11/19/2020 11:53,11:53:00,15,0,0,2200 EAST EVANS AVENUE & SOUTH GAYLORD STREET,1,1,0,0,1,4,0,0,30,0,0,0,0,0,4,2,14
,2020-23075,39.74,-104.96477,11/18/2020 20:21,20:21:00,12,0,1,EAST COLFAX AVENUE & NORTH HIGH STREET,1,3,1,0,1,4,0,0,30,0,0,0,0,2,4,2,3
,2020-23076,39.74044,-105.01397,12/11/2020 10:29,10:29:00,5,0,0,I25 NORTHBOUND & COLFAX AVENUE WB,4,1,1,2,3,8,0,0,40,0,0,0,0,0,1,1,16
,2020-23077,39.71828,-104.95922,11/19/2020 11:12,11:12:00,12,0,0,EAST FIRST AVENUE & NORTH UNIVERSITY BOULEVARD,1,1,0,0,1,4,0,0,30,0,0,0,0,0,4,2,13
,2020-23078,39.79355,-104.90342,11/20/2020 17:18,17:18:00,1,0,3,53RD AVENUE EAST & QUEBEC STREET NORTH,1,2,0,0,1,1,0,0,40,0,0,0,0,2,4,2,13
,2020-23079,39.78381,-104.94792,11/19/2020 7:04,7:04:00,1,0,0,48TH AVENUE EAST & VASQUEZ BOULEVARD NORTH,1,1,0,0,1,1,0,0,25,0,0,0,0,0,2,2,1
,2020-23080,39.74378,-104.97338,12/4/2020 19:08,19:08:00,11,0,1,DOWNING STREET NORTH & PARK AVENUE,1,3,0,0,1,3,0,0,30,0,1,0,0,3,4,1,8
,2020-23081,39.74395023,-105.0164873,11/22/2020 19:11,19:11:00,5,0,1,I25 NORTHBOUND ENTRANCE RAMP  FROM & 17TH AVENUE WEST,1,3,0,0,2,4,0,0,55,0,0,0,1,2,1,1,14
,2020-23082,39.74015953,-104.9538589,12/9/2020 21:16,21:16:00,12,0,0,1400 NORTH FILLMORE STREET & DETROIT STREET ALLEY,1,3,0,0,1,4,0,0,,0,0,0,0,0,4,2,1
,2020-23083,39.74619,-104.98741,11/19/2020 9:37,9:37:00,15,0,0,NORTH BROADWAY STREET & EAST 19TH AVENUE,1,1,0,0,1,1,0,0,35,0,0,0,0,0,4,2,14
,2020-23085,39.72137,-105.00881,11/25/2020 0:45,0:45:00,5,0,0,SIXTH AVENUE EXIT RAMP & I25 NORTHBOUND / SOUTHBOUND SPLIT,1,3,1,0,2,8,0,0,65,0,0,0,0,0,2,1,1
,2020-23087,39.67296,-104.98979,10/28/2020 6:20,6:20:00,6,0,0,BANNOCK STREET SOUTH  & HARVARD AVENUE WEST,1,4,0,0,1,4,0,0,25,0,0,0,0,0,4,2,5
,2020-23088,39.68749,-104.94065,12/3/2020 18:14,18:14:00,1,0,0,SOUTH COLORADO BOULEVARD & EAST IOWA AVENUE,1,1,1,0,1,1,0,0,35,0,0,0,0,0,4,2,16
,2020-23089,39.77315,-104.84703,11/19/2020 10:35,10:35:00,15,0,0,PEORIA STREET NORTH  & I70 EASTBOUND EXIT RAMP,1,1,0,0,1,3,0,0,20,0,0,0,0,0,1,2,13
,2020-23090,39.75513,-105.01272,11/18/2020 18:00,18:00:00,12,0,0,I25 NORTHBOUND & SPEER BOULEVARD NORTH,1,3,0,0,1,4,0,0,65,0,0,0,0,0,1,2,13
,2020-23091,39.76094953,-105.0043309,11/11/2020 12:40,12:40:00,15,0,0,I25 NORTHBOUND EXIT RAMP  TO & 20TH STREET,1,1,1,0,1,4,0,0,65,0,0,0,0,0,1,2,13
,2020-23093,39.74484,-104.97337,11/19/2020 10:15,10:15:00,12,0,0,18TH AVENUE & 1100 EAST,1,1,0,0,1,5,0,0,30,0,0,0,0,0,4,2,13
,2020-23094,39.65924,-105.04339,11/29/2020 15:11,15:11:00,15,0,0,WEST DARTMOUTH AVENUE & SOUTH RALEIGH STREET,1,1,0,0,1,4,0,0,25,0,0,0,0,0,4,2,1
,2020-23095,39.65306,-104.92615,12/7/2020 5:15,5:15:00,6,0,0,SOUTH GLENCOE STREET & EAST HAMPDEN AVENUE,1,3,0,0,1,2,0,0,30,0,0,0,0,0,4,2,14
,2020-23096,39.73515,-104.95744,11/22/2020 16:26,16:26:00,6,0,0,12TH AVENUE EAST & COLUMBINE STREET NORTH,1,1,0,0,1,4,0,0,30,0,0,0,0,0,4,2,3
,2020-23097,39.76199,-104.96472,11/19/2020 3:14,3:14:00,6,0,0,HIGH STREET NORTH & MLK BOULEVARD EAST,1,3,0,0,1,4,0,0,30,0,0,0,0,0,4,2,2
,2020-23098,39.74032,-105.01395,12/7/2020 1:23,1:23:00,15,0,0,I25 NORTHBOUND & COLFAX AVENUE WEST,1,3,1,0,1,4,0,0,65,0,0,0,0,0,1,2,1
,2020-23100,39.76094953,-105.0043309,10/16/2020 22:47,22:47:00,15,0,0,I25 SOUTHBOUND EXIT RAMP  TO & 20TH STREET,1,3,1,0,1,4,0,0,65,0,0,0,0,0,1,2,16
,2020-23101,39.74002,-104.97874,11/19/2020 10:48,10:48:00,3,0,0,COLFAX AVENUE EAST & WASHINGTON STREET NORTH,1,1,0,0,1,1,0,0,30,0,0,0,0,0,2,2,14
,2020-23102,39.74044,-105.01397,11/19/2020 14:02,14:02:00,12,0,0,COLFAX AVENUE WEST & I25,1,1,0,0,1,3,0,0,45,0,0,0,0,0,2,2,3
,2020-23103,39.70041,-105.02508,11/18/2020 20:59,20:59:00,1,0,0,FEDERAL BOULEVARD SOUTH & KENTUCKY AVENUE WEST,1,3,0,0,1,1,0,0,35,0,0,0,0,0,2,2,13
,2020-23104,39.73289,-104.96941,12/7/2020 11:40,11:40:00,6,0,0,1000 NORTH HUMBOLDT STREET & EAST 10TH AVENUE,1,1,0,0,1,3,0,0,25,0,0,0,0,0,4,2,16
,2020-23105,39.72559,-105.02514,12/11/2020 15:56,15:56:00,10,0,0,SIXTH AVENUE WEST & FEDERAL BOULEVARD NORTH,9,1,1,2,1,1,0,0,35,0,0,0,0,0,2,2,8
,2020-23106,39.72712,-104.95902,11/12/2020 21:29,21:29:00,8,0,0,NORTH JOSEPH STREET & EAST SEVENTH AVENUE,1,3,0,0,1,1,0,0,25,0,0,0,0,0,4,2,14
,2020-23107,39.78377,-104.94052,11/20/2020 15:00,15:00:00,15,0,0,48TH AVENUE EAST & COLORADO BOULEVARD NORTH,1,1,0,0,1,3,0,0,35,0,0,0,0,0,4,2,1
,2020-23108,39.72891,-104.99861,12/9/2020 19:02,19:02:00,3,0,0,WEST EIGHTH AVENUE & NORTH SANTA FE DRIVE,1,3,0,0,1,1,0,0,35,0,0,0,0,0,4,2,16
,2020-23109,39.70339,-104.91377,11/15/2020 18:17,18:17:00,12,0,0,6400 LEETSDALE DRIVE & SOUTH MONACO STREET,1,3,1,0,1,4,0,0,30,0,0,0,0,0,4,2,13
,2020-23110,39.74007,-104.99165,11/22/2020 3:08,3:08:00,3,0,0,COLFAX AVENUE WEST & COURT PLACE,1,3,0,0,1,3,0,0,30,0,0,0,0,0,2,2,14
,2020-23111,39.78611,-104.96646,12/11/2020 9:20,9:20:00,6,0,0,BRIGHTON BOULEVARD NORTH  & 48TH AVENUE EAST,4,1,0,2,3,4,0,0,30,0,0,0,0,0,2,2,13
,2020-23112,39.73515,-104.97528,11/29/2020 15:27,15:27:00,10,0,0,EAST 12TH AVENUE & NORTH OGDEN STREET,1,1,0,0,1,1,0,0,25,0,0,0,0,0,4,2,13
,2020-23113,39.71134,-105.05325,12/9/2020 18:09,18:09:00,12,0,0,SHERIDAN BOULEVARD SOUTH & ALAMEDA AVENUE WEST,1,3,0,0,1,4,0,0,30,0,0,0,0,0,2,2,5
,2020-23115,39.7981,-104.83551,12/11/2020 0:39,0:39:00,5,0,0,EAST 56TH AVENUE & NORTH UVALDA STREET,4,3,0,2,3,4,0,0,40,0,0,0,0,1,4,1,8
,2020-23116,39.71119,-105.03122,11/12/2020 19:00,19:00:00,5,0,0,ALAMEDA AVENUE WEST & JULIAN STREET SOUTH,1,3,0,0,3,4,0,0,30,0,0,0,0,0,4,2,1
,2020-23117,39.70579,-104.94743,12/11/2020 11:25,11:25:00,5,0,0,600 SOUTH MONROE WAY & EAST EXPOSITION AVENUE,9,1,0,2,2,3,0,0,25,0,0,0,0,0,4,1,7
,2020-23118,39.75461,-104.97366,12/12/2020 9:16,9:16:00,6,0,0,26TH AVENUE & 1100 EAST,4,1,0,0,1,4,0,0,25,0,0,0,0,0,4,2,14
,2020-23119,39.75280453,-104.9997409,12/11/2020 11:59,11:59:00,15,0,0,1700 WYNKOOP COURT & 17TH STREET,11,1,0,0,1,4,0,0,25,0,0,0,0,0,4,2,13
,2020-23120,39.77173,-105.01588,12/11/2020 13:17,13:17:00,3,0,0,WEST 40TH AVENUE & NORTH ZUNI STREET,11,1,0,2,1,1,0,0,25,0,0,0,0,0,4,2,13
,2020-23121,39.71047,-105.0338,12/11/2020 15:52,15:52:00,5,0,0,MORRISON ROAD  & LOWELL BOULEVARD SOUTH,11,1,0,2,1,4,0,0,25,0,0,0,0,0,4,1,13
,2020-23122,39.72931453,-105.0148294,12/10/2020 17:03,17:03:00,12,0,0,I25 SOUTHBOUND & EIGHTH AVENUE WEST,1,2,0,0,1,4,0,0,65,0,0,0,0,0,1,2,13
,2020-23123,39.67448,-104.91956,12/11/2020 10:46,10:46:00,6,0,0,ILIFF AVENUE EAST  & JASMINE STREET SOUTH,7,1,0,0,1,4,0,0,25,0,0,0,0,0,4,2,13
,2020-23125,39.75078,-104.98491,11/12/2020 1:30,1:30:00,6,0,0,600 22ND STREET & WELTON STREET,1,3,0,0,1,4,0,0,30,0,0,0,0,0,4,2,5
,2020-23127,39.75434,-104.99427,12/9/2020 15:00,15:00:00,12,0,0,20TH STREET & BLAKE STREET,1,1,0,0,1,3,0,0,35,0,0,0,0,1,4,2,1
,2020-23128,39.75452,-104.9801,12/10/2020 15:46,15:46:00,3,0,0,26TH STREET & CALIFORNIA STREET,1,2,0,0,1,1,0,0,25,0,0,0,0,0,4,2,1
,2020-23129,39.78304,-105.03458,12/7/2020 13:07,13:07:00,3,0,0,WEST 48TH SOUTH DRIVE & NORTH LOWELL BOULEVARD,1,1,0,0,1,3,0,0,30,0,0,0,0,1,4,2,13
,2020-23130,39.78004,-104.98919,12/10/2020 15:41,15:41:00,5,0,0,I25 NORTHBOUND EXIT RAMP  TO & I70 EASTBOUND,12,1,1,0,2,8,0,0,35,0,0,0,0,0,1,1,1
,2020-23131,39.71118,-104.9924,12/9/2020 16:20,16:20:00,11,0,1,CHEROKEE STREET SOUTH & ALAMEDA AVENUE WEST,1,1,0,0,1,1,0,0,25,0,1,0,0,2,4,1,14
,2020-23132,39.78611,-104.96646,12/11/2020 7:50,7:50:00,5,0,0,BRIGHTON BOULEVARD  & 48TH AVENUE EAST,4,1,0,2,3,4,0,0,30,0,0,0,0,0,2,1,13
,2020-23133,39.8380525,-104.715449,12/9/2020 20:40,20:40:00,5,0,0,78TH AVENUE EAST & GUN CLUB ROAD NORTH,1,3,0,0,2,1,0,0,35,0,0,0,0,0,4,1,7
,2020-23134,39.70559,-104.89032,12/11/2020 7:58,7:58:00,12,0,0,VALENTIA STREET SOUTH & FAIRMOIUNT DRIVE EAST,4,1,1,2,1,6,0,0,30,0,0,0,0,0,4,2,14
,2020-23135,39.68229,-105.0532,12/9/2020 20:45,20:45:00,12,0,0,5200 WEST JEWELL AVENUE & SOUTH SHERIDAN BOULEVARD,1,3,0,0,1,3,0,0,30,0,0,0,0,0,4,2,5
,2020-23137,39.70559,-104.89032,12/11/2020 8:00,8:00:00,12,0,0,VALENTIA STREET SOUTH & FAIRMOIUNT DRIVE EAST,4,1,1,2,1,6,0,0,30,0,0,0,0,0,4,2,14
,2020-23138,39.78291,-105.00642,11/20/2020 1:07,1:07:00,5,0,0,PECOS STREET NORTH  & I70 EASTBOUND EXIT RAMP,1,3,0,0,3,6,0,0,35,0,0,0,0,0,4,1,16
,2020-23139,39.71128,-104.90349,12/12/2020 4:22,4:22:00,3,0,0,SOUTH QUEBEC STREET & EAST ALAMEDA AVENUE,1,3,0,0,1,1,0,0,35,0,0,0,0,1,4,2,13
,2020-23140,39.74906,-104.9924,11/18/2020 23:57,23:57:00,6,0,0,900 18TH STREET & CURTIS STREET,1,3,0,0,1,4,0,0,30,0,0,0,0,1,4,2,1
,2020-23141,39.76927,-104.9141,12/9/2020 17:00,17:00:00,3,0,0,38TH AVENUE EAST & LOCUST STREET NORTH,1,1,0,0,1,1,0,0,35,0,0,0,0,0,4,2,7
,2020-23142,39.67317,-105.03121,12/12/2020 11:00,11:00:00,6,0,0,WESLEY AVENUE WEST & 3410,9,1,0,0,3,4,0,0,,0,0,0,0,0,4,2,14
,2020-23143,39.78052,-104.9405,12/10/2020 17:00,17:00:00,12,0,0,COLORADO BOULEVARD NORTH  & I70 EASTBOUND,1,2,0,0,1,4,0,0,35,0,0,0,0,0,2,2,2
,2020-23144,39.78611,-104.96646,12/11/2020 8:00,8:00:00,6,0,0,BRIGHTON BOULEVARD NORTH  & 48TH AVENUE EAST,4,1,0,2,1,4,0,0,30,0,0,0,0,0,2,2,16
,2020-23145,39.78011,-104.98956,12/10/2020 17:00,17:00:00,12,0,0,I70 EASTBOUND EXIT RAMP  TO & I25 SOUTHBOUND,1,3,0,0,1,8,0,0,55,0,0,0,0,0,1,2,13
,2020-23146,39.72294,-105.03728,12/10/2020 15:45,15:45:00,3,0,0,WEST FOURTH AVENUE & NORTH NEWTON STREET,1,1,0,0,1,1,0,0,25,0,0,0,0,0,4,2,13
,2020-23147,39.74291,-104.99165,12/9/2020 19:45,19:45:00,15,0,0,15TH STREET & GLENARM PLACE,1,3,0,0,1,1,0,0,35,0,0,0,0,0,4,2,8
,2020-23148,39.63874,-105.07401,12/9/2020 18:37,18:37:00,5,0,0,QUINCY AVENUE WEST  & REED STREET SOUTH,1,3,0,0,3,4,0,0,35,0,0,0,0,0,4,1,16
,2020-23149,39.71779,-104.94071,12/9/2020 15:03,15:03:00,12,0,0,FIRST AVENUE EAST & COLORADO BOULEVARD NORTH,1,1,1,0,1,1,0,0,25,0,0,0,0,0,2,2,7
,2020-23150,39.63488,-104.89341,12/10/2020 14:55,14:55:00,1,0,0,DTC BOULEVARD SOUTH & TAMARAC STREET SOUTH,1,1,0,0,1,1,0,0,40,0,0,0,0,0,1,2,3
,2020-23152,39.78011,-104.98956,12/12/2020 18:01,18:01:00,15,0,0,I25 SOUTHBOUND EXIT RAMP TO & I70 EASTBOUND,9,3,0,2,1,8,0,0,55,0,0,0,0,0,1,2,8
,2020-23153,39.74003,-104.97309,12/11/2020 14:30,14:30:00,15,0,0,COLFAX AVENUE EAST & DOWNING STREET NORTH,1,1,0,0,1,1,0,0,35,0,0,0,0,0,2,2,8
,2020-23154,39.7838,-104.80171,12/11/2020 9:35,9:35:00,3,0,0,EAST GREEN VALLEY RANCH BOULEVARD & NORTH KITTREDGE STREET,9,1,0,2,1,1,0,0,20,0,0,0,0,0,4,2,13
,2020-23155,39.76931,-104.99942,11/23/2020 11:15,11:15:00,15,0,0,1100 WEST 38TH AVENUE & NORTH JASON STREET,1,1,1,0,1,4,0,0,30,0,0,0,0,0,4,2,13
,2020-23156,39.7983,-104.88938,11/23/2020 15:58,15:58:00,12,0,0,EAST 56TH AVENUE & NORTH WABASH STREET,1,1,0,0,1,4,0,0,40,0,0,0,0,0,4,2,14
,2020-23158,39.78625109,-104.791086,11/22/2020 5:50,5:50:00,5,0,3,PENA BOULEVARD & 6000,1,1,0,0,2,4,0,0,65,0,0,0,0,2,4,1,1
,2020-23159,39.8333815,-104.771969,11/23/2020 10:40,10:40:00,5,0,0,19420 PENA BOULEVARD OUTBOUND & NORTH TOWER ROAD,1,1,0,0,3,4,0,0,65,0,0,0,0,1,4,1,2
,2020-23161,39.76078,-105.01584,12/12/2020 15:25,15:25:00,8,0,0,NORTH ZUNI STREET & WEST 31ST AVENUE,1,1,1,0,1,3,0,0,25,0,0,0,0,1,4,2,3
,2020-23162,39.73801,-105.02515,12/12/2020 18:39,18:39:00,1,0,0,FEDERAL BOULEVARD NORTH & 14TH AVENUE WEST,9,4,0,2,1,1,0,0,35,0,0,0,0,0,2,2,13
,2020-23163,39.75941953,-104.9937289,12/12/2020 0:19,0:19:00,15,0,0,PARK AVENUE WEST & DELGANY STREET,11,3,0,0,1,1,0,0,35,0,0,0,0,0,4,2,5
,2020-23164,39.69671,-105.00117,11/23/2020 11:16,11:16:00,12,0,0,MISSISSIPPI AVENUE WEST  & KALAMATH STREET SOUTH,1,1,1,0,1,4,0,0,30,0,0,0,0,1,4,2,13
,2020-23165,39.75988,-104.8908,11/23/2020 15:49,15:49:00,3,0,0,EAST MLK BOULEVARD & NORTH CENTRAL PARK BOULEVARD,1,1,0,0,1,1,0,0,35,0,0,0,0,0,4,2,13
,2020-23166,39.78015,-105.00645,12/12/2020 13:34,13:34:00,12,0,0,NORTH PECOS STREET & WEST 46TH AVENUE,1,1,0,0,1,1,0,0,30,0,0,0,0,0,4,2,13
,2020-23167,39.77732952,-104.8829389,11/22/2020 20:47,20:47:00,15,0,0,I70 WB EXIT RAMP TO & CENTRAL PARK BOULEVARD NORTH,1,3,0,0,1,8,0,0,55,0,0,0,0,0,1,2,16
,2020-23168,39.71121,-104.99913,11/15/2020 17:20,17:20:00,15,0,0,I25 SOUTHBOUND & ALAMEDA AVENUE WEST,1,2,0,0,1,4,0,0,65,0,0,0,0,0,1,2,16
,2020-23169,39.71209,-105.01916,11/21/2020 22:41,22:41:00,6,0,0,CANOSA STREET SOUTH  & ALAMEDA AVENUE WEST,1,3,0,0,1,4,0,0,25,0,0,0,0,0,2,2,16
,2020-23170,39.78034452,-104.9410699,11/22/2020 20:27,20:27:00,1,0,0,COLORADO BOULEVARD NORTH & I70 EASTBOUND ENTRANCE RAMP,1,3,1,0,1,1,0,1,35,0,0,0,0,0,2,2,13
,2020-23171,39.7859,-104.77213,12/11/2020 21:54,21:54:00,1,0,0,EAST 49TH AVENUE & NORTH TOWER ROAD,11,3,0,0,1,1,0,0,35,0,0,0,0,0,4,2,13
,2020-23172,39.78039255,-104.9669254,11/22/2020 19:28,19:28:00,5,0,0,I70 WB & BRIGHTON BOULEVARD NORTH,1,3,0,0,2,4,0,0,55,0,0,0,0,0,1,1,16
,2020-23173,39.65308,-104.91845,12/12/2020 1:19,1:19:00,5,0,0,I25 SOUTHBOUND EXIT RAMP  TO & HAMPDEN AVENUE EAST,1,3,0,0,3,4,0,0,65,0,0,0,0,0,1,1,5
,2020-23174,39.77714,-104.88298,11/23/2020 9:38,9:38:00,5,0,0,I70 EASTBOUND EXIT RAMP TO & CENTRAL PARK BOULEVARD NORTH,1,1,0,0,3,8,0,0,65,0,0,0,0,0,1,1,5
,2020-23175,39.76448,-104.94872,12/12/2020 12:45,12:45:00,3,0,0,EAST BRUCE RANDOLPH AVENUE & NORTH ADAMS STREET,1,1,1,0,1,1,0,0,30,0,0,0,0,0,4,2,7
,2020-23176,39.78762,-104.964,11/23/2020 8:40,8:40:00,3,0,0,RACE COURT NORTH & RACE STREET NORTH,1,1,1,0,1,1,0,0,25,0,0,0,0,0,4,2,13
,2020-23177,39.71137753,-104.9362504,12/12/2020 19:25,19:25:00,12,0,0,ALAMEDA AVENUE EAST & BIRCH STREET SOUTH,9,3,1,2,1,1,0,0,35,0,0,0,0,0,4,2,16
,2020-23178,39.74467,-104.99635,12/12/2020 20:55,20:55:00,3,0,0,14TH STREET & CHAMPA STREET,9,3,0,2,1,1,0,0,30,0,0,0,0,0,4,2,14
,2020-23179,39.71843,-104.99858,11/23/2020 17:07,17:07:00,15,0,0,FIRST AVENUE WEST & SANTA FE DRIVE NORTH,1,2,0,0,1,1,0,0,30,0,0,0,0,0,4,2,7
,2020-23180,39.68932,-104.94063,11/22/2020 1:57,1:57:00,3,0,0,COLORADO BOULEVARD SOUTH & FLORIDA AVENUE EAST,1,3,0,0,1,1,0,0,30,0,0,0,0,1,2,2,7
,2020-23181,39.7801,-104.95343,12/11/2020 8:25,8:25:00,12,0,0,VASQUEZ BOULEVARD SOUTHBOUND & 46TH AVENUE,9,1,0,4,1,3,0,0,35,0,0,0,0,0,4,2,1
,2020-23182,39.64911,-104.89784,11/21/2020 22:33,22:33:00,12,0,0,SOUTH TAMARAC DRIVE & EAST KENYON AVENUE,1,3,0,0,1,1,0,0,35,0,0,0,0,0,4,2,3
,2020-23183,39.74044,-105.01397,11/22/2020 0:08,0:08:00,3,0,5,COLFAX AVENUE WEST & I25 SOUTHBOUND EXIT RAMP,1,3,0,0,1,1,0,0,35,0,0,0,0,2,2,2,13
,2020-23184,39.77842,-104.90357,12/10/2020 16:18,16:18:00,15,0,0,I70 WB EXIT RAMP  TO & NORTHFIELD QUEBEC STREET NORTH,1,1,0,0,1,8,0,0,55,0,0,0,0,0,1,2,13
,2020-23185,39.702,-104.98627,11/23/2020 9:04,9:04:00,3,0,0,SOUTH LINCOLN STREET & EAST OHIO AVENUE,1,1,0,0,1,1,0,0,25,0,0,0,0,0,4,2,13
,2020-23187,39.76796053,-104.9949709,11/19/2020 10:04,10:04:00,15,0,0,I25 NORTHBOUND & PARK AVENUE WEST,1,1,0,0,1,4,0,0,65,0,0,0,0,1,1,2,14
,2020-23188,39.73286,-104.97868,11/21/2020 16:30,16:30:00,6,0,0,WASHINGTON STREET NORTH  & 11TH AVENUE EAST,1,2,0,0,1,4,0,0,25,0,0,0,0,0,4,2,16
,2020-23190,39.76198,-104.90344,11/19/2020 12:35,12:35:00,15,0,0,EAST MLK BOULEVARD & NORTH QUEBEC STREET,1,1,0,0,1,1,0,0,35,0,0,0,0,0,4,2,16
,2020-23191,39.71828,-104.95922,11/20/2020 19:20,19:20:00,5,0,0,EAST FIRST AVENUE & NORTH UNIVERSITY BOULEVARD,1,3,0,0,3,2,0,0,35,0,0,0,0,0,4,1,2
,2020-23192,39.71118,-105.01452,12/12/2020 16:05,16:05:00,2,0,1,ALAMEDA AVENUE WEST & YUMA STREET SOUTH,1,1,0,0,1,1,0,0,0,1,0,0,0,2,2,2,16
,2020-23193,39.78376,-104.8098,12/11/2020 22:09,22:09:00,15,0,0,EAST GATEWAY AVENUE & NORTH CHAMBERS ROAD,1,3,0,0,1,4,0,0,25,0,0,0,0,0,4,2,13
,2020-23194,39.72664,-104.90096,11/23/2020 15:22,15:22:00,6,0,0,ROSLYN STREET  & SIXTH AVENUE EAST,1,1,1,0,1,4,0,0,25,0,0,0,0,0,4,2,13