id,drcog_id,latitude,longitude,crashtime,time,crashtype,numbkilled,numbinjurd,drcoglocat,rdconditin,lightngcon,roadcntgrd,weatherco,location,roaddescrp,schoolzone,constrzone,splimit,bikeinv,pedinv,sctrinv,motoinv,svrty,rdsystem,ttlvehcls,hcf
,2020-23195,39.68984,-104.89737,11/22/2020 8:39,8:39:00,12,0,0,QUEBEC WAY SOUTH & 1475,1,1,0,0,1,4,0,0,35,0,0,0,0,1,4,2,7
,2020-23196,39.72822,-104.88744,12/11/2020 10:17,10:17:00,5,0,0,700 NORTH YOSEMITE STREET & EAST EIGHTH AVENUE,4,1,0,2,3,4,0,0,35,0,0,0,0,1,4,1,13
,2020-23197,39.76736,-104.89049,12/11/2020 1:40,1:40:00,5,0,0,3600 NORTH CENTRAL PARK BOULEVARD & EAST 36TH AVENUE,12,3,3,2,3,4,0,0,45,0,0,0,0,0,4,1,13
,2020-23198,39.79140551,-104.8384519,11/22/2020 11:15,11:15:00,3,0,0,NORTH TULSA WAY & EAST ELMENDORF STREET,1,1,0,0,1,1,0,0,25,0,0,0,0,0,4,2,13
,2020-23199,39.79839,-104.78638,12/11/2020 7:20,7:20:00,12,0,0,EAST 56TH AVENUE & PENA BOULEVARD INBOUND,9,1,0,2,1,1,0,0,35,0,0,0,0,0,4,2,7
,2020-23200,39.72094,-104.98745,11/20/2020 20:30,20:30:00,1,0,0,THIRD AVENUE EAST & BROADWAY STREET NORTH,1,3,0,0,1,1,0,0,35,0,0,0,0,0,4,2,13
,2020-23201,39.71891,-104.89713,11/21/2020 18:50,18:50:00,12,0,0,NORTH RAMPART WAY & EAST ACADEMY BOULEVARD,1,3,0,0,1,1,0,0,25,0,0,0,0,0,4,2,13
,2020-23202,39.76957,-104.9823,12/11/2020 6:45,6:45:00,3,0,0,ARKINS COURT  & BRIGHTON ROAD,4,1,1,2,1,2,0,0,10,0,0,0,0,0,4,2,13
,2020-23206,39.63958,-104.88511,11/20/2020 13:02,13:02:00,12,0,0,I225 SOUTHBOUND & YOSEMITE STREET SOUTH,1,1,0,0,1,4,0,0,55,0,0,0,0,0,1,2,13
,2020-23207,39.76451,-104.97211,11/20/2020 16:10,16:10:00,15,0,0,1200 EAST BRUCE RANDOLPH AVENUE & NORTH DOWNING STREET,1,1,0,0,1,4,0,0,35,0,0,0,0,0,4,2,14
,2020-23208,39.74005,-104.98358,11/20/2020 15:35,15:35:00,12,0,0,NORTH GRANT STREET & EAST COLFAX AVENUE,1,2,0,0,1,4,0,0,30,0,0,0,0,0,4,2,1
,2020-23210,39.76927,-104.90979,12/11/2020 8:40,8:40:00,3,0,0,NORTH NEWPORT STREET & EAST 38TH AVENUE,9,1,1,2,1,1,0,0,20,0,0,0,0,0,4,2,1
,2020-23223,39.79838951,-104.7873005,11/17/2020 7:41,7:41:00,12,0,0,16900 EAST 56TH AVENUE & PENA BOULEVARD OUTBOUND,1,1,0,0,1,4,0,0,30,0,0,0,0,0,4,2,13
,2020-23224,39.69113,-104.94065,11/18/2020 14:15,14:15:00,12,0,0,COLORADO BOULEVARD SOUTH & ARKANSAS AVENUE EAST,1,1,0,0,1,3,0,0,35,0,0,0,0,0,2,2,3
,2020-23225,39.75161653,-105.0029809,11/17/2020 15:50,15:50:00,15,0,0,1400 WEWATTA STREET & 15TH STREET,1,1,1,0,1,4,0,0,25,0,0,0,0,0,4,2,16
,2020-23226,39.69949,-105.04944,11/16/2020 18:55,18:55:00,12,0,0,4800 MORRISON ROAD & WEST KENTUCKY AVENUE,1,3,0,0,1,4,0,0,25,0,0,0,0,0,4,2,13
,2020-23227,39.72548053,-105.0130699,11/18/2020 15:18,15:18:00,12,0,0,I25 NORTHBOUND & SIXTH AVENUE WEST FWY,1,1,0,0,1,4,0,0,65,0,0,0,0,0,1,2,13
,2020-23228,39.72162,-105.05327,11/18/2020 14:40,14:40:00,15,0,0,SHERIDAN BOULEVARD NORTH  & FIFTH AVENUE WEST,1,1,0,0,1,4,0,0,30,0,0,0,0,0,2,2,16
,2020-23229,39.73365,-104.91244,10/20/2020 15:58,15:58:00,3,0,0,MONACO STREET NORTH & 11TH AVENUE EAST,1,1,0,0,1,3,0,0,20,0,0,0,0,0,4,2,1
,2020-23230,39.71816,-105.02511,11/8/2020 14:07,14:07:00,15,0,0,FIRST AVENUE WEST & FEDERAL BOULEVARD NORTH,1,1,0,0,1,2,0,0,30,0,0,0,0,0,4,2,13
,2020-23232,39.69666,-104.99294,10/28/2020 11:45,11:45:00,12,0,0,SOUTH PLATTE RIVER DRIVE & WEST MISSISSIPPI AVENUE,1,1,0,0,1,1,0,0,45,0,0,0,0,0,4,2,3
,2020-23233,39.72548053,-105.0130699,11/17/2020 10:54,10:54:00,12,0,0,I25 NORTHBOUND EXIT RAMP  TO & SIXTH AVENUE WB,1,1,3,0,1,8,0,0,55,0,0,0,0,0,1,2,3
,2020-23234,39.70113,-104.95933,11/17/2020 15:33,15:33:00,12,0,0,800 SOUTH UNIVERSITY BOULEVARD & EAST OHIO AVENUE,1,1,0,0,1,3,0,0,30,0,0,0,0,0,4,2,14
,2020-23235,39.65311,-104.90581,11/14/2020 22:43,22:43:00,5,0,0,HAMPDEN AVENUE EAST  & POPLAR STREET SOUTH,1,3,0,0,2,4,0,0,35,0,0,0,0,0,4,1,3
,2020-23236,39.79109953,-105.0251794,11/17/2020 10:31,10:31:00,12,0,0,FEDERAL BOULEVARD NORTH  & 52ND AVENUE WEST,1,1,1,0,1,4,0,0,35,0,0,0,0,1,2,2,13
,2020-23237,39.63152,-105.02671,11/17/2020 7:49,7:49:00,6,0,0,3000 WEST UNION AVENUE & SOUTH FEDERAL BOULEVARD,1,1,1,0,1,4,0,0,25,0,0,0,0,0,4,2,14
,2020-23238,39.71119,-105.00389,11/17/2020 7:20,7:20:00,14,0,0,ALAMEDA AVENUE WEST & NAVAJO STREET SOUTH,1,1,0,0,1,1,0,0,35,0,0,0,0,0,2,2,3
,2020-23239,39.69883,-104.90436,11/16/2020 14:30,14:30:00,12,0,0,LEETSDALE DRIVE & 7200,1,1,0,0,1,4,0,0,35,0,0,0,0,0,2,2,3
,2020-23240,39.78353,-105.05324,11/17/2020 0:11,0:11:00,9,0,0,I70 EASTBOUND ENTRANCE RAMP  FROM & SHERIDAN BOULEVARD NORTH,1,3,0,0,3,4,0,0,55,0,0,0,0,0,1,1,1
,2020-23241,39.76095,-105.00433,11/17/2020 11:10,11:10:00,1,0,0,20TH STREET & I25 NORTHBOUND ENTRANCE RAMP,1,1,1,0,1,1,0,0,30,0,0,0,0,1,4,2,3
,2020-23242,39.65552,-105.03615,11/16/2020 15:09,15:09:00,6,0,0,HAMILTON AVENUE & 3700 WEST,1,1,1,0,1,4,0,0,25,0,0,0,0,0,4,2,16
,2020-23243,39.79838951,-104.7873005,11/18/2020 13:55,13:55:00,15,0,0,5700 PENA BOULEVARD INBOUND & EAST 56TH AVENUE,1,1,0,0,1,4,0,0,45,0,0,0,0,0,4,2,1
,2020-23244,39.72932,-105.01483,11/18/2020 14:34,14:34:00,12,0,0,I25 NORTHBOUND & EIGHTH AVENUE WEST,1,1,0,0,1,4,0,0,65,0,0,0,0,0,1,2,13
,2020-23245,39.79838951,-104.7873005,11/18/2020 15:58,15:58:00,15,0,0,PENA BOULEVARD  & 56TH AVENUE,1,1,0,0,1,4,0,0,,0,0,0,0,0,4,2,7
,2020-23246,39.76985,-104.76083,12/11/2020 10:20,10:20:00,3,0,0,ENSENADA STREET NORTH & 39TH AVENUE EAST,7,1,0,2,1,1,0,0,25,0,0,0,0,0,4,2,7
,2020-23247,39.702,-104.98627,11/18/2020 14:46,14:46:00,15,0,0,SOUTH LINCOLN STREET & EAST OHIO AVENUE,1,1,0,0,1,1,0,1,30,0,0,0,0,0,4,2,13
,2020-23248,39.75825,-105.00674,11/2/2020 8:43,8:43:00,5,0,0,1700 PLATTE STREET & 17TH STREET,1,1,1,0,3,4,0,0,30,0,0,0,0,0,4,1,5
,2020-23249,39.79324,-104.83818,12/10/2020 17:41,17:41:00,1,0,0,55TH AVENUE EAST & TOPEKA COURT NORTH,1,4,0,0,1,1,0,0,25,0,0,0,0,0,4,2,13
,2020-23250,39.72589,-105.00931,10/10/2020 15:47,15:47:00,12,0,0,2800 WEST SIXTH AVENUE & NORTH FEDERAL BOULEVARD,1,1,0,0,1,4,0,0,55,0,0,0,0,0,4,2,14
,2020-23251,39.75444,-105.02522,11/16/2020 12:56,12:56:00,12,0,0,FEDERAL BOULEVARD NORTH  & 25TH AVENUE WEST,1,1,1,0,1,4,0,0,35,0,0,0,0,1,2,2,13
,2020-23252,39.71252,-105.03874,11/15/2020 22:30,22:30:00,5,0,0,OSECOLA STREET SOUTH & 234,1,3,0,0,2,5,0,0,,0,0,0,0,0,3,1,13
,2020-23253,39.76567,-104.94057,11/16/2020 15:07,15:07:00,3,0,0,35TH AVENUE EAST & COLORADO BOULEVARD NORTH,1,1,0,0,1,1,0,0,,0,0,0,0,1,2,2,4
,2020-23254,39.78384,-105.00644,11/5/2020 0:00,0:00:00,15,0,0,48TH AVENUE WEST & PECOS STREET NORTH,1,3,0,0,1,6,0,0,25,0,0,0,0,1,1,2,13
,2020-23256,39.77712,-104.88279,12/10/2020 17:53,17:53:00,3,0,0,CENTRAL PARK BOULEVARD NORTH & I70 EASTBOUND ENTRANCE RAMP,1,2,1,0,1,1,0,0,35,0,0,0,0,0,4,2,13
,2020-23257,39.70643,-104.99679,11/15/2020 8:03,8:03:00,9,0,0,I25 SOUTHBOUND & SANTA FE DRIVE SOUTH,1,1,0,0,3,4,0,0,55,0,0,0,0,0,1,1,1
,2020-23258,39.71466,-104.94985,11/16/2020 15:10,15:10:00,5,0,1,STEELE STREET SOUTH & BAYAUD AVENUE EAST,1,1,0,0,3,4,0,0,35,0,0,0,0,2,4,1,3
,2020-23259,39.68936,-104.9129,12/12/2020 12:40,12:40:00,12,0,0,SOUTH MONACO STREET & EAST FLORIDA AVENUE,11,1,0,0,1,4,0,0,35,0,0,0,0,0,4,2,13
,2020-23260,39.73688,-105.00526,11/16/2020 14:59,14:59:00,3,0,0,WEST 13TH AVENUE & NORTH OSAGE STREET,1,2,0,0,1,1,0,0,35,0,0,0,0,0,4,2,13
,2020-23261,39.68006,-104.95891,9/25/2020 18:01,18:01:00,12,0,0,2000 SOUTH UNIVERSITY BOULEVARD & EAST EVANS AVENUE,1,1,0,0,1,3,0,0,30,0,0,0,0,0,4,2,13
,2020-23262,39.70121,-104.91428,10/2/2020 17:40,17:40:00,5,0,0,LOCUS STREET & 847 SOUTH,1,1,0,0,2,2,0,0,10,0,0,0,0,0,4,1,1
,2020-23263,39.76332,-105.02525,11/16/2020 8:41,8:41:00,12,0,0,FEDERAL BOULEVARD NORTH  & HIGHLANDS PLACE WEST,1,1,1,0,1,4,0,0,35,0,0,0,0,0,2,2,16
,2020-23264,39.74003,-104.9811,12/12/2020 5:50,5:50:00,15,0,0,COLFAX AVENUE EAST & PENNSYLVANIA STREET NORTH,1,3,0,0,1,4,0,0,35,0,0,0,0,0,2,2,14
,2020-23265,39.72928754,-105.0251884,11/16/2020 15:52,15:52:00,12,0,0,SIXTH AVENUE WEST & FEDERAL BOULEVARD NORTH,1,1,0,0,1,8,0,0,65,0,0,0,0,0,2,2,13
,2020-23266,39.76005,-104.86586,8/3/2020 0:42,0:42:00,3,0,1,EAST MLK BOULEVARD & NORTH HAVANNA STREET,1,3,0,0,1,1,0,0,35,0,0,0,1,3,4,2,1
,2020-23267,39.78021,-104.98919,9/16/2020 21:30,21:30:00,15,0,0,I25 NORTHBOUND & I70 WB,1,3,0,0,1,4,0,0,55,0,0,0,0,0,1,2,13
,2020-23268,39.75437101,-105.0065542,11/1/2020 16:27,16:27:00,5,0,0,LITTLE RAVEN STREET & 15TH STREET,1,2,0,0,2,4,0,0,30,0,0,0,0,0,4,1,1
,2020-23270,39.69492,-105.02507,11/17/2020 16:10,16:10:00,3,0,0,FEDERAL BOULEVARD SOUTH & ARIZONA AVENUE WEST,1,1,0,0,1,2,0,0,40,0,0,0,0,0,2,2,3
,2020-23271,39.68209,-104.90348,11/2/2020 11:57,11:57:00,10,0,0,EAST JEWELL AVENUE & SOUTH QUEBEC STREET,1,1,1,0,1,1,0,0,30,0,0,0,0,0,4,2,7
,2020-23272,39.74002,-104.98233,8/25/2020 22:59,22:59:00,3,0,1,COLFAX AVENUE EAST & LOGAN STREET NORTH,1,3,0,0,1,1,0,0,25,0,0,0,1,2,2,2,2
,2020-23274,39.77247157,-105.0433783,10/31/2020 2:00,2:00:00,6,0,0,WEST 41ST AVENUE & NORTH STUART STREET,1,1,0,0,1,4,0,0,20,0,0,0,0,0,4,2,16
,2020-23275,39.79445,-104.83122,11/16/2020 2:17,2:17:00,5,0,0,NORTH WORECHTER STREET & EAST MAXWELL PLACE,1,4,3,0,2,1,0,0,25,0,0,0,0,0,4,1,7
,2020-23276,39.76384,-104.9058,11/24/2020 15:48,15:48:00,6,0,0,NORTH PONTIAC STREET & EAST 33RD AVENUE,11,1,0,0,1,4,0,0,30,0,0,0,0,0,4,2,16
,2020-23277,39.77995,-104.94067,11/16/2020 5:08,5:08:00,15,0,0,I70 EASTBOUND & COLORADO BOULEVARD NORTH,1,4,0,0,1,4,0,0,55,0,0,0,0,0,1,2,1
,2020-23278,39.71702,-104.89557,11/17/2020 11:17,11:17:00,15,0,0,LOWRY BOULEVARD EAST & FAIRMOIUNT DRIVE EAST,1,1,0,0,1,6,0,0,30,0,0,0,0,0,4,2,1
,2020-23279,39.7745,-104.84034,8/16/2020 1:12,1:12:00,5,0,1,4700 NORTH TULSA COURT & EAST 48TH AVENUE,1,3,0,0,2,4,0,0,25,0,0,0,0,3,4,1,1
,2020-23281,39.72552,-105.01336,11/16/2020 9:27,9:27:00,15,0,0,SIXTH AVENUE WEST & I25 SOUTHBOUND,1,1,0,0,1,8,0,0,35,0,0,0,0,0,1,2,13
,2020-23282,39.74008753,-104.9127919,11/15/2020 16:08,16:08:00,3,0,0,COLFAX AVENUE EAST & MONACO STREET NORTH,1,1,0,0,1,1,0,0,35,0,0,0,0,0,2,2,1
,2020-23283,39.70943354,-105.0275419,11/15/2020 21:06,21:06:00,14,0,0,DAKOTA AVENUE WEST  & HAZEL STREET SOUTH,1,3,0,0,1,4,0,0,25,0,0,0,0,0,4,2,1
,2020-23284,39.76012153,-104.9850214,11/15/2020 15:50,15:50:00,3,0,0,27TH STREET & WALNUT STREET,1,1,0,0,1,1,0,0,30,0,0,0,0,0,4,2,13
,2020-23285,39.70858,-104.92955,12/5/2020 19:37,19:37:00,12,0,0,LEETSDALE DRIVE & SOUTH ELM STREET,1,3,1,0,1,1,0,0,35,0,0,0,0,0,4,2,3
,2020-23286,39.7553,-105.01249,12/5/2020 0:11,0:11:00,5,0,0,SPEER BOULEVARD NORTH & I25 SOUTHBOUND,1,3,0,0,2,4,0,0,,0,0,0,0,0,4,1,5
,2020-23287,39.77878,-104.86582,12/4/2020 12:30,12:30:00,3,0,0,HAVANA STREET NORTH & 45TH AVENUE EAST,1,1,0,0,1,1,0,0,40,0,0,0,0,0,4,2,1
,2020-23288,39.69378,-104.98041,12/4/2020 13:11,13:11:00,5,0,0,PEARL STREET SOUTH & 1200,1,1,0,0,1,5,0,0,10,0,0,0,0,0,4,1,13
,2020-23289,39.75121,-105.02363,12/4/2020 18:44,18:44:00,8,0,0,NORTH ELIOT STREET & WEST 23RD AVENUE,1,3,1,0,1,4,0,0,15,0,0,0,0,0,4,2,5
,2020-23290,39.68388,-105.05319,11/16/2020 12:22,12:22:00,12,0,0,SHERDIAN BOULEVARD  & MEXICO AVENUE WEST,1,1,1,0,1,4,0,0,35,0,0,0,0,0,2,2,13
,2020-23291,39.77401,-104.84703,12/3/2020 17:59,17:59:00,12,0,0,I70 EASTBOUND & PEORIA STREET NORTH,1,3,0,0,1,4,0,0,65,0,0,0,0,0,1,2,3
,2020-23292,39.75162,-105.003,11/15/2020 22:41,22:41:00,3,0,0,15TH STREET & WEWATTA STREET,1,3,0,0,1,1,0,0,30,0,0,0,0,0,4,2,13
,2020-23293,39.74000353,-104.9920099,12/5/2020 2:48,2:48:00,12,0,0,I225 SOUTHBOUND EXIT RAMP TO & I25 NORTHBOUND,1,3,1,0,1,8,0,0,50,0,0,0,0,1,1,2,13
,2020-23294,39.65616,-105.05322,12/5/2020 8:05,8:05:00,14,0,0,DARTMOUTH AVENUE WEST & SHERIDAN BOULEVARD SOUTH,1,1,0,0,1,3,0,0,30,0,0,0,0,0,2,2,14
,2020-23295,39.68585,-105.00791,12/4/2020 19:50,19:50:00,6,0,0,MEXICO AVENUE WEST  & QUIETCO COURT SOUTH,4,3,0,0,1,3,0,0,25,0,0,0,0,0,4,2,3
,2020-23296,39.74379,-104.95126,12/4/2020 18:15,18:15:00,3,0,0,17TH AVENUE EAST & STREET PAUL STREET NORTH,1,3,0,0,1,1,0,0,25,0,0,0,0,0,4,2,14
,2020-23297,39.7783,-104.90343,12/5/2020 11:50,11:50:00,15,0,0,I70 EASTBOUND RAMPS & NORTHFIELD QUEBEC STREET NORTH,1,1,0,0,1,1,0,0,40,0,0,0,0,0,2,2,13
,2020-23298,39.74064,-104.99112,12/4/2020 21:47,21:47:00,15,0,0,COURT PLACE & 14TH STREET,1,3,0,0,1,1,0,0,25,0,0,0,0,0,4,2,13
,2020-23299,39.67982,-104.92227,12/4/2020 11:35,11:35:00,12,0,0,2000 SOUTH HOLLY STREET & EAST EVANS AVENUE,1,1,0,0,1,4,0,0,30,0,0,0,0,0,4,2,14
,2020-23300,39.75546,-105.04841,12/5/2020 10:15,10:15:00,6,0,0,WOLFF STREET NORTH  & 26TH AVENUE WEST,1,1,1,0,1,4,0,0,25,0,0,0,0,0,4,2,16
,2020-23301,39.76636,-104.96842,12/4/2020 7:15,7:15:00,6,0,0,FRANKLIN STREET & 3500 NORTH,1,1,0,0,1,4,0,0,25,0,0,0,0,0,4,2,7
,2020-23302,39.69312554,-105.0250579,12/4/2020 15:25,15:25:00,12,0,0,2900 WEST LOUISIANA AVENUE & SOUTH FEDERAL BOULEVARD,1,1,0,0,1,4,0,0,25,0,0,0,1,0,4,2,13
,2020-23303,39.77287,-104.83383,12/4/2020 22:43,22:43:00,12,0,0,I70 EASTBOUND EXIT RAMP  TO & I225 SOUTHBOUND,1,3,0,0,1,4,0,0,60,0,0,0,0,0,1,2,13
,2020-23304,39.74015,-104.94654,12/4/2020 19:00,19:00:00,1,0,0,COLFAX AVENUE EAST & MADISON STREET NORTH,1,3,0,0,1,1,0,0,35,0,0,0,0,0,2,2,14
,2020-23305,39.78384,-105.00644,12/4/2020 5:46,5:46:00,5,0,0,48TH AVENUE WEST & PECOS STREET NORTH,1,2,0,0,3,6,0,0,20,0,0,0,0,0,1,1,1
,2020-23306,39.73516,-104.9747,12/4/2020 18:46,18:46:00,3,0,0,12TH AVENUE EAST  & OGDEN STREET NORTH,1,3,0,0,1,5,0,0,,0,0,0,0,1,4,2,13
,2020-23307,39.70034,-105.03211,12/5/2020 20:41,20:41:00,6,0,0,KENTUCKY AVENUE WEST  & KNOX COURT SOUTH,1,3,0,0,1,4,0,0,25,0,0,0,0,0,4,2,16
,2020-23308,39.72908053,-104.9658694,12/5/2020 22:49,22:49:00,12,0,0,EAST EIGHTH AVENUE & NORTH WILLIAMS AVENUE,1,3,0,0,1,1,0,0,30,0,0,0,0,0,4,2,13
,2020-23309,39.69499,-105.05322,12/4/2020 17:23,17:23:00,12,0,0,SHERIDAN BOULEVARD SOUTH & ARIZONA AVENUE WEST,1,3,0,0,1,4,0,0,35,0,0,0,0,0,2,2,3
,2020-23310,39.61833,-105.09124,12/4/2020 18:34,18:34:00,12,0,0,WADSWORTH BOULEVARD SOUTH 5400 BLK) & CRESTLINE AVENUE WEST,1,3,0,0,1,4,0,0,45,0,0,0,0,1,2,2,3
,2020-23311,39.71818153,-104.9592994,12/3/2020 20:20,20:20:00,1,0,0,UNIVERSITY BOULEVARD SOUTH & FIRST AVENUE EAST,1,3,0,0,1,1,0,0,30,0,0,0,0,0,4,2,16
,2020-23312,39.72564253,-105.0057484,12/3/2020 18:14,18:14:00,12,0,0,SIXTH AVENUE & OSAGE STREET NORTH,1,3,2,0,1,4,0,0,45,0,0,0,0,0,2,2,13
,2020-23313,39.78315252,-104.9022079,12/3/2020 17:47,17:47:00,12,0,0,4700 NORTH SAND CREEK ROAD & EAST 47TH AVENUE,1,1,0,0,1,4,0,0,35,0,0,0,0,0,4,2,13
,2020-23314,39.78239,-104.84701,12/6/2020 19:51,19:51:00,12,0,0,NORTH PEORIA STREET & EAST ALBROOK DRIVE,1,3,0,0,1,4,0,0,35,0,0,0,0,0,4,2,13
,2020-23315,39.77971452,-104.9317099,11/24/2020 16:32,16:32:00,3,0,0,NORTH DAHLIA STREET & EAST 46TH AVENUE,11,1,0,0,1,1,0,0,30,0,0,0,0,0,4,2,1
,2020-23316,39.73676,-104.97516,11/17/2020 13:23,13:23:00,10,0,2,EAST 13TH AVENUE & NORTH HARRISON STREET,1,1,0,0,1,1,0,0,30,0,0,0,0,2,4,2,8
,2020-23317,39.73848,-105.02986,11/16/2020 8:27,8:27:00,6,0,0,14TH AVENUE WEST  & JULIAN STREET NORTH,1,1,0,0,1,4,0,0,25,0,0,0,0,0,4,2,16
,2020-23318,39.77841,-104.91288,11/17/2020 8:54,8:54:00,15,0,0,I70 WB & MONACO STREET NORTH,1,1,0,0,1,4,0,0,65,0,0,0,0,0,1,2,5
,2020-23319,39.74489,-104.98742,11/17/2020 13:45,13:45:00,15,0,0,NORTH BROADWAY STREET & EAST 18TH AVENUE,1,1,0,0,1,3,0,0,35,0,0,0,0,0,4,2,3
,2020-23320,39.72548054,-105.0393994,7/19/2020 12:04,12:04:00,1,0,0,WEST SIXTH AVENUE FRONTAGE ROAD SOUTH  & NORTH PERRY STREET,1,1,0,0,1,1,0,0,,0,0,0,0,0,4,2,14
,2020-23321,39.71119,-104.99714,11/17/2020 8:25,8:25:00,12,0,0,SOUTH SANTA FE DRIVE & WEST ALAMEDA AVENUE,1,1,0,0,1,1,0,0,45,0,0,0,0,0,4,2,3
,2020-23322,39.80922,-104.76266,12/10/2020 17:20,17:20:00,1,0,0,DUNKIRK STREET NORTH & 62ND AVENUE EAST,1,3,0,0,1,1,0,0,30,0,0,0,0,1,4,2,14
,2020-23323,39.78009,-104.94067,11/17/2020 10:26,10:26:00,15,0,0,COLORADO BOULEVARD NORTH & I70 WB,1,1,0,0,1,4,0,1,40,0,0,0,0,0,2,2,4
,2020-23324,39.76198,-104.90344,12/11/2020 9:45,9:45:00,3,0,0,NORTH QUEBEC STREET & EAST MLK BOULEVARD,11,1,0,2,1,1,0,0,35,0,0,0,0,1,4,2,13
,2020-23325,39.63324,-104.90632,11/17/2020 11:42,11:42:00,15,0,0,I25 NORTHBOUND & I225 SOUTHBOUND,1,1,0,0,1,8,0,0,65,0,0,0,0,0,1,2,8
,2020-23326,39.74326,-104.97989,11/16/2020 13:05,13:05:00,3,0,0,NORTH PEARL STREET & EAST 17TH AVENUE,1,1,0,0,1,1,0,0,30,0,0,0,0,1,4,2,14
,2020-23327,39.70146,-104.98753,11/17/2020 17:15,17:15:00,1,0,0,BROADWAY STREET SOUTH & I25 NORTHBOUND ENTRANCE RAMP,1,3,0,0,1,1,0,0,35,0,0,0,0,0,1,2,3
,2020-23328,39.75537,-105.01269,11/17/2020 9:30,9:30:00,5,0,0,I25 SOUTHBOUND & SPEER BOULEVARD NORTH,1,1,0,0,1,4,0,0,65,0,0,0,0,0,1,1,13
,2020-23329,39.72931453,-105.0148294,11/17/2020 7:49,7:49:00,12,0,0,I25 NORTHBOUND & EIGHTH AVENUE WEST,1,1,0,0,1,4,0,0,55,0,0,0,0,0,1,2,3
,2020-23330,39.71468953,-104.9687314,12/11/2020 8:12,8:12:00,5,0,0,FRANKLIN STREET & EAST BAYAUD AVENUE,4,1,1,2,3,1,0,0,25,0,0,0,0,0,4,1,1
,2020-23331,39.78345,-105.03458,11/17/2020 15:34,15:34:00,15,0,0,I70 WB & LOWELL BOULEVARD NORTH,1,1,0,0,1,4,0,0,65,0,0,0,0,0,1,2,1
,2020-23332,39.71121,-104.9989,11/17/2020 7:54,7:54:00,12,0,0,I25 NORTHBOUND & ALAMEDA AVENUE WEST,1,1,0,0,1,4,0,0,55,0,0,0,0,0,1,2,1
,2020-23333,39.7553,-105.01249,12/10/2020 17:52,17:52:00,12,0,0,SPEER BOULEVARD NORTH & I25 NORTHBOUND,1,3,0,0,1,1,0,0,35,0,0,0,0,0,4,2,13
,2020-23334,39.74016,-104.89875,11/17/2020 10:46,10:46:00,3,0,0,SYRACUSE STREET NORTH & COLFAX AVENUE EAST,1,1,0,0,1,1,0,0,30,0,0,0,0,0,2,2,1
,2020-23335,39.75014,-105.00485,11/17/2020 14:30,14:30:00,1,0,0,NORTH SPEER BOULEVARD & WEWATTA STREET,1,1,1,0,1,1,0,0,35,0,0,0,0,0,4,2,3
,2020-23336,39.67306,-105.00177,11/17/2020 8:50,8:50:00,3,0,0,LIPAN STREET SOUTH & WESLEY AVENUE WEST,1,1,0,0,1,1,0,0,25,0,0,0,0,0,4,2,3
,2020-23337,39.74018,-104.95299,11/17/2020 9:12,9:12:00,12,0,1,COLFAX AVENUE EAST & FILLMORE STREET NORTH,1,1,0,0,1,3,0,0,30,0,0,0,0,2,2,2,10
,2020-23338,39.72261,-104.9826,11/18/2020 6:15,6:15:00,3,0,0,NORTH LOGAN STREET & EAST SPEER BOULEVARD,1,3,0,0,1,1,0,0,30,0,0,0,0,0,4,2,1
,2020-23339,39.68294,-104.94055,11/18/2020 8:05,8:05:00,15,0,0,I25 SOUTHBOUND & STEELE STREET  [APPROX.],1,1,0,0,1,4,0,0,60,0,0,0,0,0,1,2,16
,2020-23340,39.77323,-104.94981,11/21/2020 12:00,12:00:00,5,0,0,STEELE STREET NORTH  & 41ST AVENUE EAST,1,1,0,0,2,5,0,0,25,0,0,0,0,0,4,1,7
,2020-23341,39.69312,-105.02038,11/18/2020 7:49,7:49:00,5,0,0,WEST LOUISIANA AVENUE & SOUTH CLAY STREET,1,1,0,0,2,1,0,0,25,0,0,0,0,0,4,1,2
,2020-23342,39.68473,-104.95945,11/17/2020 12:54,12:54:00,12,0,0,I25 SOUTHBOUND EXIT RAMP TO & UNIVERSITY BOULEVARD SOUTH,1,1,0,0,1,8,0,0,65,0,0,0,0,0,1,2,13
,2020-23343,39.71117,-105.02997,12/4/2020 18:22,18:22:00,12,0,0,3300 WEST ALAMEDA AVENUE & SOUTH IRVING STREET,1,4,0,0,1,4,0,0,35,0,0,0,0,0,4,2,13
,2020-23344,39.74946,-104.96099,12/5/2020 14:34,14:34:00,3,0,0,EAST 22ND AVENUE & NORTH GAYLORD STREET,1,1,0,0,1,1,0,0,30,0,0,0,0,0,4,2,13
,2020-23345,39.68038254,-104.9268728,11/21/2020 13:30,13:30:00,6,0,0,5190 EAST ASBURY AVENUE & SOUTH GLENCOE STREET,1,1,1,0,1,4,0,0,30,0,0,0,0,0,4,2,7
,2020-23346,39.67856,-105.00525,12/11/2020 13:19,13:19:00,15,0,0,EVANS AVENUE WEST & OSAGE STREET SOUTH,1,1,1,0,1,2,0,0,30,0,0,0,0,0,4,2,3
,2020-23347,39.67846,-104.92098,11/17/2020 12:15,12:15:00,1,0,0,EAST EVANS AVENUE & SOUTH IVANHOE STREET,1,1,0,0,1,1,0,0,35,0,0,0,0,0,4,2,1