id,drcog_id,latitude,longitude,crashtime,time,crashtype,numbkilled,numbinjurd,drcoglocat,rdconditin,lightngcon,roadcntgrd,weatherco,location,roaddescrp,schoolzone,constrzone,splimit,bikeinv,pedinv,sctrinv,motoinv,svrty,rdsystem,ttlvehcls,hcf
,2020-23348,39.77583,-104.86574,12/3/2020 21:20,21:20:00,9,0,0,I70 WB EXIT RAMP  TO & HAVANA STREET NORTH,1,3,0,0,1,8,0,0,65,0,0,0,0,0,1,1,14
,2020-23349,39.71156,-104.94071,11/16/2020 12:04,12:04:00,15,0,0,EAST ALAMEDA AVENUE & SOUTH COLORADO BOULEVARD,1,1,0,0,1,3,0,0,35,0,0,0,0,0,4,2,1
,2020-23350,39.65308,-104.91826,12/3/2020 22:32,22:32:00,5,0,0,HAMPDEN AVENUE EAST & MONACO STREET NORTH,1,3,1,0,2,4,0,0,40,0,0,0,0,0,2,1,14
,2020-23351,39.67122,-104.96057,12/4/2020 18:30,18:30:00,6,0,0,YORK STREET SOUTH & HARVARD AVENUE EAST,1,3,1,0,1,4,0,0,25,0,0,0,0,0,4,2,13
,2020-23352,39.74619,-104.98232,12/5/2020 21:30,21:30:00,10,0,0,EAST 19TH AVENUE & NORTH LOGAN STREET,1,3,0,0,1,3,0,0,25,0,0,0,0,0,4,2,1
,2020-23353,39.63931,-104.88512,11/16/2020 12:56,12:56:00,1,0,0,YOSEMITE STREET SOUTH & I225 NORTHBOUND ENTRANCE RAMP,1,1,0,0,1,1,0,0,35,0,0,0,0,1,4,2,13
,2020-23354,39.78406,-104.98915,12/6/2020 19:53,19:53:00,5,0,1,I25 NORTHBOUND & 48TH AVENUE WEST,1,3,0,0,2,4,0,0,55,0,0,0,0,3,4,1,13
,2020-23355,39.68732,-105.03437,12/4/2020 1:17,1:17:00,5,0,0,SOUTH LOWELL BOULEVARD & SOUTH MABRY WAY,1,3,0,0,3,1,0,0,25,0,0,0,0,0,4,1,14
,2020-23356,39.67112054,-104.9952589,12/6/2020 1:22,1:22:00,5,0,0,SANTA FE DRIVE SOUTH  & HARVARD AVENUE WEST,1,3,0,0,3,4,0,0,65,0,0,0,0,0,2,1,1
,2020-23357,39.77353,-105.00998,12/6/2020 2:35,2:35:00,6,0,0,SHOSHONE STREET & 4100 NORTH,1,3,0,0,1,4,0,0,25,0,0,0,0,0,4,2,5
,2020-23358,39.77878,-104.86582,11/25/2020 8:20,8:20:00,12,0,0,NORTH HAVANA STREET & EAST 45TH AVENUE,1,1,0,0,1,3,0,0,40,0,0,0,0,0,4,2,13
,2020-23359,39.74044,-105.01397,12/4/2020 11:54,11:54:00,12,0,0,I25 NORTHBOUND & COLFAX AVENUE WEST,1,1,1,0,1,4,0,0,65,0,0,0,0,0,1,2,1
,2020-23360,39.73726153,-104.9093494,11/23/2020 17:13,17:13:00,6,0,0,NORTH NEWPORT STREET & EAST 13TH AVENUE,1,1,0,0,1,4,0,0,25,0,0,0,0,0,4,2,14
,2020-23361,39.67844,-104.93398,12/6/2020 10:26,10:26:00,15,0,0,I25 SOUTHBOUND & EVANS AVENUE EAST,1,1,1,0,1,4,0,0,65,0,0,0,0,0,1,2,1
,2020-23364,39.71657054,-104.9939719,11/24/2020 11:12,11:12:00,6,0,0,000 SOUTH ELATI STREET & EAST ELLSWORTH AVENUE,9,1,0,0,1,2,0,0,25,0,0,0,0,0,4,2,13
,2020-23365,39.79839,-104.7873,11/22/2020 19:25,19:25:00,12,0,0,EAST 56TH AVENUE & PENA BOULEVARD OUTBOUND,1,3,0,0,1,1,0,0,30,0,0,0,0,1,4,3,13
,2020-23366,39.66764,-104.9074,11/25/2020 7:00,7:00:00,5,0,0,YALE AVENUE EAST & 6800,9,2,2,2,5,4,0,0,,0,0,0,0,0,3,1,16
,2020-23367,39.73828,-104.94066,11/10/2020 13:30,13:30:00,12,0,0,EAST 14TH AVENUE & NORTH COLORADO BOULEVARD,1,1,0,0,1,3,0,0,30,0,0,0,0,0,4,3,1
,2020-23369,39.74009,-105.00281,11/24/2020 19:42,19:42:00,3,0,0,COLFAX AVENUE WEST & MARIPOSA STREET NORTH,1,3,0,0,1,1,0,0,30,0,0,0,0,0,2,2,13
,2020-23371,39.78846,-104.81496,11/2/2020 0:44,0:44:00,6,0,0,EAGLE STREET NORTH  & 52ND AVENUE NORTH,1,3,0,0,1,3,0,0,25,0,0,0,0,0,4,5,5
,2020-23372,39.7838,-105.02395,10/5/2020 16:52,16:52:00,8,0,0,NORTH ELIOT STREET & WEST 48TH SOUTH DRIVE,1,1,0,0,1,4,0,0,25,0,0,0,0,0,4,5,1
,2020-23384,39.71144,-104.98308,11/24/2020 18:30,18:30:00,16,0,0,ALAMEDA AVENUE & 371 EAST,1,3,0,0,5,7,0,0,,0,0,0,0,0,3,2,14
,2020-23388,39.74042054,-105.0531919,12/14/2020 11:59,11:59:00,12,0,0,COLFAX AVENUE WEST & SHERIDAN BOULEVARD,1,1,0,0,1,3,0,0,35,0,0,0,0,1,2,2,5
,2020-23389,39.72571,-105.00015,11/24/2020 18:27,18:27:00,15,0,0,WEST SIXTH AVENUE & NORTH KALAMATH STREET,11,3,0,0,1,4,0,0,30,0,0,0,0,0,4,2,13
,2020-23435,39.78345,-105.03458,11/24/2020 11:11,11:11:00,12,0,0,I70 WB & LOWELL BOULEVARD NORTH,7,1,0,2,1,4,0,0,55,0,0,0,0,2,1,3,1
,2020-23436,39.76198,-104.90344,11/25/2020 6:43,6:43:00,3,0,0,NORTH QUEBEC STREET & EAST MLK BOULEVARD,1,2,0,0,1,1,0,0,35,0,0,0,0,1,4,2,1
,2020-23438,39.71128,-104.90349,11/24/2020 6:10,6:10:00,12,0,0,SOUTH QUEBEC STREET & EAST ALAMEDA AVENUE,7,4,0,2,1,1,0,0,30,0,0,0,0,0,4,3,1
,2020-23439,39.76188,-104.94058,11/24/2020 6:13,6:13:00,12,0,0,EAST MLK BOULEVARD & NORTH COLORADO BOULEVARD,9,3,0,2,1,4,0,0,30,0,0,0,0,0,4,3,1
,2020-23440,39.68569,-104.94069,11/24/2020 13:20,13:20:00,12,0,0,EAST MEXICO AVENUE & SOUTH COLORADO BOULEVARD,7,1,0,2,1,3,0,0,25,0,0,0,0,0,4,2,3
,2020-23441,39.72521,-105.0336,11/23/2020 5:50,5:50:00,12,0,1,SIXTH AVENUE WEST  & FEDERAL BOULEVARD NORTH,1,4,1,0,1,4,0,0,55,0,0,0,0,2,2,3,1
,2020-23442,39.67476,-104.87084,11/23/2020 18:52,18:52:00,12,0,1,PARKER ROAD SOUTH & ILIFF AVENUE EAST,1,3,0,0,1,3,0,0,45,0,0,0,0,2,2,3,3
,2020-23444,39.7254,-105.03446,11/23/2020 5:50,5:50:00,12,0,2,SIXTH AVENUE WEST  & FEDERAL BOULEVARD NORTH,1,4,1,0,1,4,0,0,55,0,0,0,0,3,2,3,1
,2020-23445,39.77438,-104.88277,12/10/2020 14:30,14:30:00,12,0,0,4000 NORTH CENTRAL PARK BOULEVARD & EAST 40TH AVENUE,1,1,0,0,1,4,0,0,35,0,0,0,0,1,4,3,4
,2020-23447,39.78203652,-104.9018299,11/23/2020 11:00,11:00:00,15,0,0,NORTH NORTHFIELD QUEBEC STREET & NORTH SANDCREEK ROAD,1,1,0,0,1,4,0,0,40,0,0,0,0,0,4,2,13
,2020-23449,39.74001,-104.97648,11/14/2020 21:30,21:30:00,6,0,0,NORTH EMERSON STREET & EAST COLFAX AVENUE,1,3,0,0,1,4,0,0,25,0,0,0,0,0,4,2,14
,2020-23450,39.67856,-104.98289,11/25/2020 7:56,7:56:00,15,0,0,EAST EVANS AVENUE & SOUTH LOGAN STREET,1,1,0,0,1,4,0,0,35,0,0,0,0,0,4,2,13
,2020-23452,39.74015,-104.90346,11/22/2020 19:13,19:13:00,3,0,0,COLFAX AVENUE EAST & QUEBEC STREET NORTH,1,3,0,0,1,1,0,0,35,0,0,0,0,0,2,2,14
,2020-23453,39.76655,-104.98364,11/24/2020 9:46,9:46:00,8,0,0,31ST STREET & BRIGHTON BOULEVARD NORTH,9,1,0,0,1,1,0,0,30,0,0,0,0,0,4,2,7
,2020-23455,39.7339,-104.9821,8/23/2020 20:24,20:24:00,6,0,0,LOGAN STREET NORTH & 12TH AVENUE EAST,1,3,0,0,1,4,0,0,25,0,0,0,0,0,4,4,5
,2020-23456,39.7593,-105.001,12/4/2020 14:59,14:59:00,12,0,1,2150 20TH STREET & LITTLE RAVEN STREET,1,1,0,0,1,4,0,0,35,0,0,0,0,2,4,2,13
,2020-23457,39.75513553,-105.0127189,11/21/2020 15:05,15:05:00,12,0,0,I25 SOUTHBOUND & SPEER BOULEVARD NORTH,1,1,0,0,1,4,0,0,55,0,0,0,0,0,1,3,7
,2020-23458,39.77482751,-104.7345515,11/20/2020 9:20,9:20:00,12,0,1,3800 PICADILLY ROAD & 42ND AVENUE,1,1,0,0,1,4,0,0,40,0,0,0,0,1,4,4,14
,2020-23459,39.76449,-104.95976,11/25/2020 9:32,9:32:00,3,0,3,NORTH YORK STREET & EAST BRUCE RANDOLPH AVENUE,1,1,0,0,1,1,0,0,30,0,0,0,0,2,4,2,1
,2020-23460,39.68229,-105.0532,11/14/2020 8:30,8:30:00,1,0,3,SHERIDAN BOULEVARD SOUTH & JEWELL AVENUE WEST,1,1,0,0,1,1,0,0,35,0,0,0,0,2,2,3,1
,2020-23461,39.74742253,-104.9128099,11/16/2020 7:15,7:15:00,3,0,0,EAST MONTVIEW BOULEVARD & NORTH MONACO STREET NORTHBOUND,1,1,0,0,1,1,0,0,20,0,0,0,0,1,4,4,7
,2020-23462,39.72552,-105.01336,12/15/2020 15:20,15:20:00,12,0,0,I25 SOUTHBOUND & SIXTH AVENUE WEST,1,1,0,0,1,4,0,0,55,0,0,0,0,0,4,3,13
,2020-23463,39.74033,-105.02986,11/20/2020 9:03,9:03:00,15,0,0,COLFAX AVENUE WEST & IRVING STREET NORTH,1,1,1,0,1,1,0,0,30,0,0,0,0,0,2,2,13
,2020-23464,39.74482153,-104.9775514,12/15/2020 6:05,6:05:00,3,0,0,NORTH CLARKSON STREET & EAST 18TH AVENUE,11,4,1,0,1,1,0,0,25,0,0,0,0,0,4,4,13
,2020-23465,39.72548053,-105.0130699,12/11/2020 13:50,13:50:00,12,0,0,I25 NORTHBOUND & SIXTH AVENUE WEST FWY,11,1,1,2,1,4,0,0,65,0,0,0,0,0,1,4,3
,2020-23467,39.78014,-104.96709,12/15/2020 14:42,14:42:00,12,0,2,I70 WB & BRIGHTON BOULEVARD NORTH,2,1,0,0,1,4,0,0,55,0,0,0,0,2,1,4,3
,2020-23468,39.75146,-104.98581,12/10/2020 15:04,15:04:00,5,0,0,22ND STREET & STOUT STREET,1,1,0,0,1,4,0,0,30,0,0,0,0,0,4,3,14
,2020-23469,39.77714,-104.88298,12/10/2020 17:03,17:03:00,12,0,0,I70 EASTBOUND & CENTRAL PARK BOULEVARD NORTH,1,3,0,0,1,4,0,1,55,0,0,0,0,0,4,3,13
,2020-23470,39.72562,-104.98236,11/25/2020 8:28,8:28:00,3,0,0,EAST SIXTH AVENUE & NORTH LOGN STREET,1,1,0,0,1,1,0,0,30,0,0,0,0,1,4,3,14
,2020-23471,39.65311,-104.93543,10/8/2020 16:30,16:30:00,12,0,0,HAMPDEN AVENUE EAST  & BIRCH STREET SOUTH,1,1,0,0,1,4,0,0,35,0,0,0,0,0,2,3,16
,2020-23472,39.72659653,-104.9874019,11/26/2020 10:53,10:53:00,15,0,0,BROADWAY STREET & SPEER BOULEVARD,1,1,0,0,1,1,0,0,40,0,0,0,0,0,4,2,1
,2020-23473,39.78199,-105.01819,11/20/2020 15:55,15:55:00,6,0,0,NORTH BEACH COURT & WEST 47TH AVENUE,1,1,0,0,1,4,0,0,20,0,0,0,0,0,4,3,3
,2020-23474,39.76832,-104.927,11/26/2020 15:59,15:59:00,6,0,0,FOREST STREET NORTH & 3600,1,1,0,0,1,4,0,0,25,0,0,0,0,1,4,3,1
,2020-23476,39.77421,-104.84704,12/11/2020 9:35,9:35:00,12,0,0,I70 WB & PEORIA STREET NORTH,11,1,1,2,1,4,0,0,65,0,0,0,0,0,1,3,13
,2020-23477,39.72548053,-105.0130699,11/25/2020 13:25,13:25:00,12,0,0,I25 NORTHBOUND & SIXTH AVENUE WEST FWY,1,1,0,0,1,4,0,0,65,0,0,0,0,0,1,3,13
,2020-23479,39.76446,-104.94172,11/23/2020 14:58,14:58:00,15,0,0,BRUCE RANDOLPH AVENUE EAST & HARRISON STREET NORTH,1,1,1,0,1,1,0,0,35,0,0,0,0,0,4,2,16
,2020-23480,39.6785,-104.98757,12/13/2020 14:25,14:25:00,3,0,0,EVANS AVENUE EAST & BROADWAY STREET SOUTH,10,1,0,1,1,1,0,0,30,0,0,0,0,0,4,4,14
,2020-23481,39.74044,-105.01416,11/20/2020 9:09,9:09:00,5,0,0,COLFAX AVENUE WEST & I25 SOUTHBOUND,1,1,1,0,1,4,0,0,55,0,0,0,0,0,2,3,13
,2020-23482,39.71464,-104.94069,10/31/2020 23:00,23:00:00,15,0,0,SOUTH COLORADO BOULEVARD & EAST BAYAUD AVENUE,1,3,0,0,1,4,0,0,35,0,0,0,0,0,4,2,16
,2020-23483,39.72932,-105.01484,11/17/2020 19:01,19:01:00,15,0,1,I25 NORTHBOUND & EIGHTH AVENUE EXIT RAMP,1,4,0,0,1,4,0,0,55,0,0,0,0,2,1,4,16
,2020-23484,39.75131053,-105.0165799,11/22/2020 8:58,8:58:00,12,0,0,I25 NORTHBOUND EXIT RAMP  TO & 23RD AVENUE,1,1,0,0,1,4,0,0,55,0,0,0,0,0,1,4,7
,2020-23485,39.6986,-105.02385,11/19/2020 17:25,17:25:00,3,0,0,SOUTH ELIOT STREET & WEST TENNESSEE AVENUE,1,3,0,0,1,1,0,0,25,0,0,0,0,0,4,3,3
,2020-23486,39.68229,-105.0532,11/22/2020 14:10,14:10:00,1,0,3,SOUTH SHERIDAN BOULEVARD & WEST JEWELL AVENUE,1,1,1,0,1,1,0,0,40,0,0,0,0,2,4,3,14
,2020-23488,39.80012,-104.78725,12/10/2020 13:12,13:12:00,15,0,0,PENA BOULEVARD  & 56TH AVENUE,1,1,0,0,1,4,0,0,,0,0,0,0,0,4,3,14
,2020-23489,39.67835,-104.99339,11/24/2020 14:20,14:20:00,15,0,0,SANTA FE DRIVE SOUTH & EVANS AVENUE WEST,7,1,0,2,1,3,0,0,45,0,0,0,0,0,2,3,3
,2020-23490,39.78062352,-104.9497999,11/25/2020 11:23,11:23:00,12,0,0,I70 EASTBOUND & VASQUEZ BOULEVARD NORTH,1,1,0,0,1,4,0,0,55,0,0,0,0,0,1,3,3
,2020-23491,39.77428,-105.01321,12/6/2020 9:15,9:15:00,6,0,0,VALLEJO STREET NORTH & 4200,1,1,0,0,1,2,0,0,30,0,0,0,0,0,4,3,16
,2020-23492,39.73299,-105.02516,11/23/2020 8:54,8:54:00,11,0,1,10TH AVENUE WEST & FEDERAL BOULEVARD NORTH,1,1,0,0,1,1,0,0,30,0,1,0,0,2,2,1,1
,2020-23493,39.72412,-105.00019,12/11/2020 12:04,12:04:00,15,0,1,FIFTH AVENUE WEST & KALAMATH STREET NORTH,11,1,0,0,1,1,0,0,35,0,0,0,0,2,4,2,8
,2020-23494,39.75131053,-105.0165799,11/20/2020 16:40,16:40:00,12,0,0,I25 SOUTHBOUND & 23RD AVENUE,1,3,0,0,1,4,0,0,65,0,0,0,0,0,1,3,13
,2020-23495,39.71128,-104.90349,11/21/2020 18:40,18:40:00,15,0,0,EAST ALAMEDA AVENUE & SOUTH QUEBEC STREET,1,3,0,0,1,1,0,0,35,0,0,0,0,0,4,3,7
,2020-23496,39.77692,-104.88068,10/23/2020 1:57,1:57:00,6,0,1,I270 EASTBOUND & I70 EASTBOUND,4,3,2,0,1,4,0,0,65,0,0,0,0,2,1,4,8
,2020-23497,39.73661,-105.03929,8/12/2020 14:28,14:28:00,6,0,0,13TH AVENUE WEST  & OSECOLA STREET NORTH,1,1,0,0,1,4,0,0,25,0,0,0,0,0,4,3,16
,2020-23498,39.65311,-104.90472,11/25/2020 13:30,13:30:00,12,0,0,HAMPDEN AVENUE EAST & POPLAR STREET SOUTH,1,1,0,0,1,3,0,0,40,0,0,0,0,0,2,3,3
,2020-23499,39.72566,-105.05326,9/4/2020 17:10,17:10:00,15,0,0,SIXTH AVENUE WEST & SHERIDAN BOULEVARD NORTH,1,1,0,0,1,4,0,0,55,0,0,0,0,0,2,3,1
,2020-23500,39.66534,-105.02278,11/21/2020 13:47,13:47:00,3,0,0,SOUTH DECATUR STREET & WEST AMHERST AVENUE,1,1,0,0,1,1,0,0,,0,0,0,0,0,4,2,3
,2020-23501,39.74015,-104.90346,12/10/2020 14:00,14:00:00,3,0,0,COLFAX AVENUE EAST & QUEBEC STREET NORTH,1,1,0,0,1,1,0,0,35,0,0,0,0,0,2,3,3
,2020-23502,39.78360251,-104.791382,11/15/2020 15:35,15:35:00,12,0,0,EAST GREEN VALLEY RANCH BOULEVARD & NORTH PENA BOULEVARD,1,1,0,0,1,1,0,0,40,0,0,0,0,0,4,3,3
,2020-23503,39.78904,-105.00505,11/24/2020 10:25,10:25:00,11,1,0,OSAGE STREET  & BURLINGTON PLACE WEST,4,1,1,0,1,4,0,0,25,0,1,0,0,4,4,1,14
,2020-23504,39.70150454,-104.9875189,11/21/2020 9:36,9:36:00,9,0,0,I25 NORTHBOUND & BROADWAY STREET,1,1,0,0,1,4,0,0,55,0,0,0,0,1,1,2,16
,2020-23505,39.74015,-104.90346,11/20/2020 17:30,17:30:00,3,0,0,NORTH QUEBEC STREET & EAST COLFAX AVENUE,1,3,0,0,1,1,0,0,35,0,0,0,0,0,4,3,16
,2020-23506,39.73871,-104.89756,11/20/2020 7:38,7:38:00,5,0,0,EAST 14TH AVENUE & NORTH SPRUCE STREET,1,1,0,0,3,3,0,0,35,0,0,0,0,0,4,1,7
,2020-23507,39.74015,-104.90346,11/18/2020 8:31,8:31:00,1,0,0,COLFAX AVENUE EAST & QUEBEC STREET NORTH,1,1,0,0,1,1,0,0,30,0,0,0,0,2,2,2,1
,2020-23508,39.75773,-104.97944,11/23/2020 14:40,14:40:00,12,0,0,CHAMPA STREET & 28TH STREET,1,1,0,0,1,4,0,0,35,0,0,0,0,0,4,5,13
,2020-23509,39.7723,-104.97455,11/18/2020 16:57,16:57:00,1,0,0,38TH STREET & WYNKOOP STREET,1,3,0,0,1,1,0,0,30,0,0,0,0,0,4,3,16
,2020-23510,39.71128,-104.90349,12/13/2020 15:54,15:54:00,1,0,0,EAST ALAMEDA AVENUE & SOUTH QUEBEC STREET,11,1,0,0,1,1,0,0,35,0,0,0,0,0,4,3,13
,2020-23512,39.78327,-105.00643,11/9/2020 18:24,18:24:00,12,0,0,I70 WB ENTRANCE RAMP  FROM & I25 SOUTHBOUND,11,3,0,2,1,8,0,0,55,0,0,0,0,0,1,3,16
,2020-23513,39.72548053,-105.0130699,11/17/2020 10:54,10:54:00,12,0,0,I25 NORTHBOUND & SIXTH AVENUE WEST FWY,1,1,0,0,1,4,0,0,55,0,0,0,0,0,1,3,13
,2020-23514,39.74000353,-104.9920099,11/15/2020 0:41,0:41:00,12,0,0,I225 SOUTHBOUND & I25 NORTHBOUND SOUTHBOUND SPLIT,1,3,0,0,1,4,0,0,65,0,0,0,0,0,1,2,13
,2020-23515,39.72548053,-105.0130699,11/16/2020 17:42,17:42:00,12,0,0,I25 NORTHBOUND & SIXTH AVENUE WEST,1,3,0,0,1,4,0,0,55,0,0,0,0,0,1,3,1
,2020-23517,39.70108,-105.02476,9/25/2020 20:45,20:45:00,11,1,0,FEDERAL BOULEVARD  & KENTUCKY AVENUE WEST,1,4,0,0,1,4,0,0,0,0,1,0,0,4,2,1,16
,2020-23518,39.78306252,-104.9006419,12/9/2020 11:05,11:05:00,1,0,0,NORTHFIELD QUEBEC STREET NORTH & I270 WB,1,1,1,0,1,1,0,0,40,0,0,0,0,1,2,3,1
,2020-23519,39.74375,-104.94065,11/16/2020 8:45,8:45:00,15,0,0,17TH AVENUE EAST & COLORADO BOULEVARD NORTH,1,1,0,0,1,3,0,0,30,0,0,0,0,0,4,3,16
,2020-23520,39.70573,-104.98043,12/13/2020 13:22,13:22:00,3,0,0,SOUTH PEARL STREET & EAST CENTER AVENUE,9,1,0,0,1,1,0,0,25,0,0,0,0,1,4,3,13
,2020-23521,39.78,-104.95824,11/16/2020 6:55,6:55:00,12,0,0,I70 EASTBOUND & JOSEPHINE STREET NORTH,1,1,0,0,1,4,0,0,15,0,0,0,0,1,1,4,13
,2020-23522,39.63324,-104.90632,12/13/2020 14:56,14:56:00,12,0,0,I225 SOUTHBOUND & I25 NORTHBOUND,2,1,0,0,1,4,0,0,55,0,0,0,0,1,1,3,16
,2020-23523,39.73847654,-105.0475084,11/17/2020 16:11,16:11:00,3,0,0,1400 NORTH WINNONA COURT & WEST 14TH AVENUE,1,1,0,0,1,1,0,0,30,0,0,0,0,0,4,3,10
,2020-23524,39.7794,-104.97915,11/16/2020 7:11,7:11:00,12,0,0,I70 EASTBOUND & WASHINGTON STREET NORTH,1,1,1,0,1,4,0,0,55,0,0,0,0,0,1,3,1
,2020-23525,39.78011,-104.94981,11/16/2020 4:51,4:51:00,15,0,0,I70 WB & STEELE STREET NORTH,1,3,0,0,1,4,0,0,55,0,0,0,0,0,1,5,14
,2020-23526,39.79839,-104.78638,11/27/2020 14:15,14:15:00,12,0,0,PENA BOULEVARD INBOUND & EAST 56TH AVENUE,1,1,0,0,1,4,0,0,40,0,0,0,0,1,4,3,13
,2020-23527,39.77505,-104.8099,11/17/2020 14:37,14:37:00,1,0,0,NORTH CHAMBERS ROAD & EAST ANDREWS DRIVE,14,1,0,0,1,1,0,0,40,0,0,0,0,0,4,3,7
,2020-23528,39.74002,-104.97874,10/18/2020 21:30,21:30:00,3,1,0,COLFAX AVENUE EAST & WASHINGTON STREET NORTH,1,2,0,0,1,1,0,0,35,0,0,0,1,4,2,2,16
,2020-23529,39.75035,-105.05314,11/19/2020 17:40,17:40:00,1,0,1,SHERIDAN BOULEVARD NORTH & 22ND AVENUE WEST,1,3,0,0,1,2,0,0,35,0,0,0,0,3,2,3,1
,2020-23531,39.75513,-105.01272,12/8/2020 13:35,13:35:00,12,0,0,I25 NORTHBOUND & SPEER BOULEVARD NORTH,1,1,0,0,1,4,0,0,55,0,0,0,0,1,1,3,7
,2020-23532,39.76816,-104.97211,11/1/2020 2:31,2:31:00,6,0,0,MARION STREET NORTH & 37TH AVENUE EAST,1,3,0,0,1,4,0,0,25,0,0,0,0,0,4,3,16
,2020-23533,39.75513,-105.01272,11/16/2020 15:03,15:03:00,12,0,0,I25 NORTHBOUND & SPEER BOULEVARD NORTH,1,1,0,0,1,4,0,0,65,0,0,0,0,0,1,4,1
,2020-23535,39.73045,-104.97468,11/15/2020 13:15,13:15:00,15,0,0,NINTH AVENUE EAST  & CORONA STREET NORTH,1,1,0,0,1,4,0,0,25,0,0,0,0,0,4,3,13
,2020-23536,39.73516,-104.9747,11/26/2020 5:29,5:29:00,6,0,0,1000 EAST 12TH AVENUE & NORTH OGDEN STREET,1,3,0,0,1,4,0,0,25,0,0,0,0,0,4,3,16
,2020-23537,39.79833,-104.76269,11/27/2020 15:08,15:08:00,1,0,2,56TH AVENUE EAST & DUNKIRK STREET NORTH,1,1,0,0,1,1,0,0,45,0,0,0,0,1,4,2,14
,2020-23538,39.6743,-105.05216,11/16/2020 20:09,20:09:00,8,0,0,5100 WEST HARVARD AVENUE & SOUTH SHERIDAN BOULEVARD,1,3,0,0,1,3,0,0,25,0,0,0,0,0,4,3,16
,2020-23539,39.78203652,-104.9018299,12/13/2020 14:38,14:38:00,12,0,0,NORTH NORTHFIELD QUEBEC STREET & NORTH SAND CREEK ROAD,12,1,0,0,1,3,0,0,40,0,0,0,0,1,4,3,8
,2020-23540,39.66305,-104.95944,11/27/2020 7:40,7:40:00,3,0,1,CORNELL AVENUE EAST & UNIVERSITY BOULEVARD SOUTH,1,1,0,0,1,1,0,0,25,0,0,0,0,3,4,3,13
,2020-23541,39.66694454,-105.0250984,12/14/2020 18:20,18:20:00,12,0,0,FEDERAL BOULEVARD SOUTH  & YALE AVENUE WEST,11,3,0,2,1,1,0,0,40,0,0,0,0,1,2,4,5
,2020-23542,39.72548053,-105.0130699,11/11/2020 12:54,12:54:00,12,0,0,I25 NORTHBOUND & SIXTH AVENUE WEST FWY,1,1,0,0,1,4,0,0,55,0,0,0,0,0,1,3,1
,2020-23543,39.72932,-105.01483,11/17/2020 7:49,7:49:00,12,0,0,I25 NORTHBOUND & EIGHTH AVENUE WEST,1,1,0,0,1,4,0,0,65,0,0,0,0,0,1,4,3
,2020-23544,39.63282,-104.90641,11/16/2020 12:42,12:42:00,12,0,0,I225 SOUTHBOUND & I25 SOUTHBOUND,1,1,0,0,1,4,0,0,55,0,0,0,0,1,1,3,13
,2020-23545,39.63324,-104.90632,11/17/2020 16:05,16:05:00,12,0,1,I225 SOUTHBOUND & I25 NORTHBOUND,1,2,0,0,1,4,0,0,55,0,0,0,0,2,1,4,7
,2020-23546,39.77768,-104.96347,10/12/2020 6:20,6:20:00,6,0,0,44TH AVENUE EAST & RACE STREET NORTH,1,2,0,0,1,2,0,0,30,0,0,0,0,0,4,3,7
,2020-23547,39.75481,-105.01684,11/17/2020 12:28,12:28:00,3,0,0,26TH AVENUE WEST  & ZUNI STREET NORTH,1,1,1,0,1,2,0,0,30,0,0,0,0,1,4,2,13
,2020-23548,39.7485,-105.00322,12/15/2020 9:15,9:15:00,3,0,0,BLAKE STREET & SPEER BOULEVARD NORTH,11,1,0,0,1,1,0,0,30,0,0,0,0,0,4,3,13
,2020-23549,39.72562,-104.98236,12/4/2020 17:30,17:30:00,3,0,0,NORTH LOGAN STREET & EAST SIXTH AVENUE,1,2,0,0,1,1,0,0,35,0,0,0,0,0,4,3,3
,2020-23550,39.762,-104.9276,10/28/2020 12:34,12:34:00,12,0,0,EAST MLK BOULEVARD & NORTH FOREST STREET,11,1,0,0,1,4,0,0,30,0,0,0,0,0,4,4,3
,2020-23552,39.70295,-104.87662,11/15/2020 5:53,5:53:00,6,0,0,CLINTON STREET & 600 SOUTH,1,2,0,0,1,4,0,0,25,0,0,0,0,0,4,3,3
,2020-23553,39.78004,-104.98919,12/10/2020 15:41,15:41:00,6,0,1,I70 EASTBOUND EXIT RAMP FROM & I25 NORTHBOUND,2,1,1,0,1,8,0,0,55,0,0,0,0,3,1,2,1
,2020-23554,39.76199,-104.96098,11/5/2020 18:08,18:08:00,6,0,0,EAST MLK BOULEVARD & NORTH GAYLORD STREET,1,3,0,0,1,4,0,0,30,0,0,0,0,0,4,3,14
,2020-23555,39.76029253,-105.0252784,11/16/2020 8:30,8:30:00,3,0,1,FEDERAL BOULEVARD NORTH & SPEER BOULEVARD NORTH,1,1,0,0,1,1,0,0,30,0,0,0,0,2,2,3,13
,2020-23556,39.72571,-105.00015,11/19/2020 8:03,8:03:00,15,0,0,WEST SIXTH AVENUE & NORTH KALAMATH STREET,1,1,0,0,1,4,0,0,35,0,0,0,0,0,4,4,13
,2020-23558,39.74196,-104.93094,9/13/2020 1:44,1:44:00,6,0,0,16TH AVENUE EAST & EUDORA STREET NORTH,1,3,0,0,1,4,0,0,25,0,0,0,0,0,4,3,16
,2020-23559,39.76116,-105.00476,11/19/2020 8:14,8:14:00,12,0,0,I25 SOUTHBOUND & 20TH STREET,1,1,0,0,1,4,0,0,55,0,0,0,0,0,1,3,1
,2020-23560,39.65308,-104.91845,11/18/2020 17:44,17:44:00,12,0,0,I25 SOUTHBOUND & HAMPDEN AVENUE EAST,1,4,0,0,1,4,0,0,55,0,0,0,0,0,1,3,1