id,drcog_id,latitude,longitude,crashtime,time,crashtype,numbkilled,numbinjurd,drcoglocat,rdconditin,lightngcon,roadcntgrd,weatherco,location,roaddescrp,schoolzone,constrzone,splimit,bikeinv,pedinv,sctrinv,motoinv,svrty,rdsystem,ttlvehcls,hcf
,2020-23561,39.70943,-105.03244,12/12/2020 1:37,1:37:00,6,0,0,KNOX COURT SOUTH & VIRGINIA AVENUE WEST,4,4,0,0,1,4,0,0,,0,0,0,0,0,4,3,1
,2020-23562,39.79681451,-104.7450815,10/23/2020 6:30,6:30:00,6,0,0,ROBBINS DRIVE EAST & LISBON STREET NORTH,1,2,0,0,1,4,0,0,25,0,0,0,0,0,4,3,1
,2020-23563,39.79824,-104.84718,12/11/2020 21:50,21:50:00,15,0,0,NORTH PEORIA STREET & EAST 56TH AVENUE,4,3,0,0,1,4,0,0,40,0,0,0,0,0,4,2,1
,2020-23564,39.69958,-104.90641,12/9/2020 16:51,16:51:00,12,0,0,7100 LEETSDALE DRIVE & SOUTH QUEBEC STREET,1,2,1,0,1,4,0,0,40,0,0,0,0,0,4,3,13
,2020-23565,39.67768,-104.99027,12/10/2020 10:44,10:44:00,6,0,0,BANNOCK STREET SOUTH  & EVANS AVENUE WEST,1,1,0,0,1,4,0,0,25,0,0,0,0,0,4,3,14
,2020-23566,39.74036,-105.0515,12/9/2020 9:05,9:05:00,15,0,0,COLFAX AVENUE WEST  & ZENOBIA STREET NORTH,1,1,1,0,1,4,0,0,30,0,0,0,0,0,2,2,13
,2020-23567,39.75288,-104.98779,10/30/2020 16:37,16:37:00,11,1,0,22ND STREET  & CURTIS STREET,1,1,0,0,1,4,0,0,0,0,1,0,0,4,4,1,16
,2020-23569,39.70041,-105.02508,11/15/2020 0:26,0:26:00,3,0,3,FEDERAL BOULEVARD SOUTH & KENTUCKY AVENUE WEST,1,4,0,0,1,1,0,0,35,0,0,0,0,3,2,4,1
,2020-23570,39.72571,-105.00015,11/19/2020 9:47,9:47:00,12,0,0,WEST SIXTH AVENUE & NORTH KALAMATH STREET,1,1,0,0,1,4,0,0,35,0,0,0,0,0,4,3,13
,2020-23571,39.71131453,-104.9363607,12/12/2020 19:38,19:38:00,6,0,0,LEETSDALE DRIVE & SOUTH BIRCH STREET,10,3,1,2,1,1,0,0,35,0,0,0,0,0,4,4,13
,2020-23572,39.67916,-105.05326,12/9/2020 14:52,14:52:00,12,0,0,SHERIDAN BOULEVARD SOUTH & EVANS AVENUE WEST,1,1,0,0,1,1,0,0,30,0,0,0,0,0,2,3,13
,2020-23573,39.65867,-104.93167,11/26/2020 20:10,20:10:00,6,0,0,3200 SOUTH DAHLIA STREET & EAST EASTMAN STREET,1,3,0,0,1,4,0,0,30,0,0,0,0,0,4,3,16
,2020-23574,39.72092653,-104.9837884,12/11/2020 21:26,21:26:00,6,0,0,300 NORTH GRANT STREET & EAST THIRD AVENUE,4,3,0,2,1,4,0,0,25,0,0,0,0,0,4,5,5
,2020-23575,39.74766,-105.00249,11/24/2020 14:04,14:04:00,3,0,0,NORTH SPEER BOULEVARD & AURARIA PARKWAY,11,1,1,0,1,1,0,0,35,0,0,0,0,0,4,2,13
,2020-23576,39.63324,-104.90632,11/30/2020 8:26,8:26:00,12,0,0,I225 SOUTHBOUND & I25 NORTHBOUND,1,1,0,0,1,4,0,1,65,0,0,0,0,0,1,3,1
,2020-23577,39.67846,-104.91281,10/18/2020 10:10,10:10:00,12,0,0,EVANS AVENUE EAST & MONACO STREET SOUTH,1,1,0,0,1,1,0,0,40,0,0,0,0,1,4,3,14
,2020-23579,39.65311,-104.90473,10/22/2020 19:15,19:15:00,12,0,0,HAMPDEN AVENUE EAST & POPLAR STREET SOUTH,11,3,1,1,1,3,0,0,45,0,0,0,0,0,2,3,5
,2020-23580,39.79838951,-104.7873005,12/11/2020 21:00,21:00:00,12,0,0,EAST 56TH AVENUE & NORTH PENA BOULEVARD,4,3,0,0,1,1,0,0,40,0,0,0,0,0,4,3,2
,2020-23583,39.63324,-104.90632,11/30/2020 8:30,8:30:00,12,0,0,I225 SOUTHBOUND & I25 NORTHBOUND,1,1,0,0,1,4,0,1,55,0,0,0,0,0,1,3,1
,2020-23585,39.75787,-105.0276,10/29/2020 19:00,19:00:00,6,0,0,2800 NORTH HAZEL COURT & WEST 29TH AVENUE,1,2,0,0,1,4,0,0,25,0,0,0,0,0,4,3,16
,2020-23586,39.77076,-105.03462,12/1/2020 10:40,10:40:00,3,0,0,LOWELL BOULEVARD NORTH & 39TH AVENUE WEST,1,1,0,0,1,3,0,0,30,0,0,0,0,0,4,2,14
,2020-23588,39.70912,-104.93158,12/1/2020 11:02,11:02:00,3,0,0,LEETSDALE DRIVE & DAHLIA STREET SOUTH,1,1,0,0,1,1,0,0,35,0,0,0,0,1,2,3,13
,2020-23592,39.65304,-104.93687,11/30/2020 8:00,8:00:00,12,0,0,HAMPDEN AVENUE EAST  & BELLAIRE STREET SOUTH,1,1,0,0,1,4,0,0,35,0,0,0,0,1,2,3,14
,2020-23593,39.70666,-104.9966,12/1/2020 16:53,16:53:00,12,0,0,I25 NORTHBOUND & SANTA FE DRIVE SOUTH,1,4,1,0,1,4,0,0,65,0,0,0,0,1,1,3,16
,2020-23595,39.7983,-104.76978,12/1/2020 10:15,10:15:00,12,0,0,EAST 56TH AVENUE & NORTH ARGONNE STREET,1,1,0,0,1,3,0,0,40,0,0,0,0,0,4,3,13
,2020-23596,39.67015,-105.03458,10/25/2020 17:24,17:24:00,6,0,0,2600 SOUTH LOWELL BOULEVARD & WEST YALE AVENUE,4,3,0,2,1,4,0,0,35,0,0,0,0,0,4,3,1
,2020-23599,39.69302,-104.98569,12/2/2020 8:05,8:05:00,15,0,0,100 EAST LOUISIANA AVENUE & SOUTH LINCOLN STREET,1,1,0,0,1,4,0,0,25,0,0,0,0,0,4,3,13
,2020-23600,39.7692,-104.94624,10/18/2020 21:33,21:33:00,5,0,0,38TH AVENUE EAST & MADISON STREET NORTH,1,3,0,0,3,1,0,0,30,0,0,0,0,0,4,3,16
,2020-23603,39.78364,-104.79138,8/12/2020 16:43,16:43:00,1,1,0,GREEN VALLEY RANCH BOULEVARD EAST & PENA BOULEVARD,1,1,0,0,1,1,0,0,40,0,0,0,1,4,4,2,1
,2020-23608,39.72816,-104.97757,11/19/2020 15:07,15:07:00,6,0,0,700 NORTH CLARSON STREET & EAST SEVENTH AVENUE,1,1,0,0,1,4,0,0,25,0,0,0,0,0,4,4,14
,2020-23609,39.72548053,-105.0130699,11/29/2020 13:17,13:17:00,15,0,0,I25 NORTHBOUND & SIXTH AVENUE WEST FWY,1,1,1,0,1,8,0,0,65,0,0,0,0,1,1,4,14
,2020-23614,39.75373979,-105.0019155,8/14/2020 0:53,0:53:00,11,1,0,I25 NORTHBOUND HOV ON RAMP & WEWATTA STREET,1,3,2,0,1,8,0,0,55,0,1,0,0,4,1,1,13
,2020-23615,39.77988,-104.96717,11/28/2020 17:34,17:34:00,5,0,0,I70 EASTBOUND & BRIGHTON BOULEVARD NORTH,1,2,0,0,1,4,0,0,65,0,0,0,0,0,1,4,14
,2020-23619,39.7862,-105.00037,12/8/2020 12:39,12:39:00,3,0,0,KALAMATH STREET NORTH  & 48TH AVENUE WEST,1,1,1,0,1,1,0,0,30,0,0,0,0,0,4,2,13
,2020-23624,39.7838,-104.92228,11/19/2020 11:56,11:56:00,10,0,0,EAST 48TH AVENUE & NORTH HOLLY STREET,1,1,0,0,1,3,0,0,30,0,0,0,0,0,4,2,13
,2020-23626,39.75731,-105.0108,12/1/2020 3:11,3:11:00,5,0,0,CENTRAL STREET  & 28TH AVENUE WEST,1,4,1,0,3,5,0,0,10,0,0,0,0,0,4,1,1
,2020-23627,39.69228,-104.97695,12/8/2020 10:26,10:26:00,15,0,0,I25 NORTHBOUND & EMERSON STREET SOUTH,1,1,0,0,1,4,0,0,65,0,0,0,0,0,1,3,16
,2020-23632,39.75602,-105.02515,12/8/2020 8:40,8:40:00,15,0,0,FEDERAL BOULEVARD NORTH  & 27TH AVENUE WEST,1,1,0,0,1,1,0,0,35,0,0,0,0,0,2,3,3
,2020-23633,39.75485,-105.05324,12/14/2020 13:52,13:52:00,3,0,0,SHERIDAN BOULEVARD NORTH & 28TH AVENUE WEST,1,1,0,0,1,1,0,0,35,0,0,0,0,0,2,2,13
,2020-23634,39.77728,-104.88278,12/14/2020 17:03,17:03:00,15,0,1,I70 WB & CENTRAL PARK BOULEVARD NORTH,1,3,0,0,1,4,0,0,55,0,0,0,0,2,1,3,7
,2020-23637,39.65305,-104.87622,11/18/2020 19:05,19:05:00,12,0,1,HAMPDEN AVENUE EAST  & DAYTON STREET SOUTH,1,3,0,0,1,3,0,0,45,0,0,0,0,3,2,3,5
,2020-23638,39.69666,-104.99294,12/7/2020 18:20,18:20:00,12,0,0,WEST MISSISSIPPI AVENUE & SOUTH PLATTE RIVER DRIVE,1,3,0,0,1,3,0,0,25,0,0,0,0,0,2,3,3
,2020-23643,39.71815454,-105.0469504,12/7/2020 11:31,11:31:00,6,0,0,00 NORTH WINONA COURT & WEST FIRST AVENUE,1,1,1,0,1,4,0,0,25,0,0,0,0,0,4,3,16
,2020-23666,39.72931453,-105.0148294,12/11/2020 21:25,21:25:00,15,0,0,I25 NORTHBOUND & EIGHTH AVENUE WEST,1,3,0,0,1,4,0,0,55,0,0,0,0,0,1,4,16
,2020-23667,39.63324,-104.90632,11/19/2020 12:09,12:09:00,12,0,0,I225 SOUTHBOUND & I25 NORTHBOUND,1,1,0,0,1,4,0,0,65,0,0,0,0,0,1,3,13
,2020-23671,39.76085,-105.02685,11/10/2020 15:41,15:41:00,15,0,0,31ST AVENUE WEST & GROVE STREET NORTH,1,1,0,0,1,1,0,0,25,0,0,0,0,0,4,3,13
,2020-23686,39.83695,-104.68049,11/19/2020 15:40,15:40:00,5,0,1,78TH AVENUE & 26296 EAST,1,1,1,0,5,7,0,0,15,0,0,0,0,2,3,1,14
,2020-23723,39.68982,-104.97342,12/13/2020 7:57,7:57:00,12,0,0,I25 SOUTHBOUND & DOWNING STREET SOUTH,9,1,0,0,1,4,0,0,60,0,0,0,0,0,1,3,13
,2020-23953,39.61823656,-105.0911089,12/21/2020 13:23,13:23:00,12,0,0,WADSWORTH BOULEVARD SOUTH & CRESTLINE AVENUE WEST,1,1,0,0,1,4,0,0,45,0,0,0,0,1,2,4,3
,2020-23974,39.74000353,-104.9920099,11/29/2020 16:45,16:45:00,12,0,0,I25 NORTHBOUND EXIT RAMP  TO & 38TH AVENUE WEST,1,3,0,0,1,4,0,0,55,0,0,0,0,0,1,5,1
,2020-23996,39.73607,-105.00015,12/2/2020 10:12,10:12:00,6,0,0,KALAMATH STREET  & 12TH AVENUE WEST,1,1,1,0,1,4,0,0,30,0,0,0,0,0,4,3,16
,2020-24029,39.63324,-104.90632,12/3/2020 7:06,7:06:00,12,0,0,I225 SOUTHBOUND & I25 NORTHBOUND,1,1,0,0,1,4,0,0,65,0,0,0,0,0,1,3,14
,2020-24042,39.73339,-104.96196,11/30/2020 12:50,12:50:00,3,0,0,11TH AVENUE EAST  & VINE STREET NORTH,4,1,0,0,1,6,0,0,30,0,0,0,0,1,4,3,13
,2020-24063,39.78371,-104.76742,12/2/2020 18:04,18:04:00,15,0,0,18500 EAST GREEN VALLEY RANCH BOULEVARD & NORTH TOWER ROAD,1,3,0,0,1,4,0,0,35,0,0,0,0,0,4,2,13
,2020-24066,39.66762,-104.92576,12/2/2020 17:46,17:46:00,12,0,0,I25 SOUTHBOUND & YALE AVENUE EAST,11,2,0,0,1,4,0,0,60,0,0,0,0,0,1,3,2
,2020-24070,39.77562,-104.86574,12/3/2020 11:05,11:05:00,15,0,0,I70 EASTBOUND & HAVANA STREET NORTH,1,1,0,0,1,4,0,0,55,0,0,0,0,0,1,3,16
,2020-24071,39.66808,-104.91279,12/2/2020 15:47,15:47:00,12,0,0,2600 SOUTH MONACO STREET & EAST YALE AVENUE,1,1,0,0,1,4,0,0,35,0,0,0,0,0,4,4,14
,2020-24073,39.72928,-104.91279,11/29/2020 13:40,13:40:00,3,0,0,EAST EIGHTH AVENUE & NORTH MONACO STREET,1,1,0,0,1,1,0,0,30,0,0,0,0,1,4,2,7
,2020-24080,39.72562,-105.03248,12/2/2020 17:23,17:23:00,12,0,0,KNOX COURT NORTH & SIXTH AVENUE WEST,1,3,0,0,1,4,0,0,55,0,0,0,0,1,2,3,1
,2020-24089,39.74085,-104.98109,11/28/2020 7:28,7:28:00,6,0,0,PENNSYLVANIA STREET & 1500 NORTH,1,1,0,0,1,4,0,0,30,0,0,0,0,0,4,2,13
,2020-24091,39.68041,-104.92869,12/2/2020 11:53,11:53:00,6,0,0,ASBURY AVENUE EAST & FAIRFAX STREET SOUTH,4,1,0,0,1,4,0,0,25,0,0,0,0,0,4,3,13
,2020-24092,39.71653,-104.97399,11/29/2020 13:02,13:02:00,6,0,0,1100 EAST ELLSWORTH AVENUE & SOUTH CORONA STREET,4,1,0,0,1,4,0,0,25,0,0,0,0,0,4,3,16
,2020-24093,39.68033,-104.97339,12/2/2020 10:43,10:43:00,3,0,0,SOUTH DOWNING STREET & EAST ASBURY AVENUE,1,1,0,0,1,1,0,0,30,0,0,0,0,0,4,4,14
,2020-24094,39.71654,-104.98379,11/27/2020 15:45,15:45:00,6,0,0,EAST ELLSWORTH AVENUE & SOUTH GRANT STREET,1,5,0,0,1,4,0,0,25,0,0,0,0,0,4,3,14
,2020-24101,39.68473,-104.95945,12/7/2020 10:46,10:46:00,15,0,0,I25 SOUTHBOUND & UNIVERSITY BOULEVARD SOUTH,1,1,0,0,1,4,0,0,65,0,0,0,0,1,1,2,1
,2020-24108,39.75013,-104.98409,12/6/2020 0:45,0:45:00,6,0,0,22ND STREET & WELTON STREET,1,3,0,0,1,4,0,0,35,0,0,0,0,0,4,3,5
,2020-24117,39.76448,-104.94057,12/7/2020 9:22,9:22:00,1,0,0,BRUCE RANDOLPH AVENUE EAST & COLORADO BOULEVARD NORTH,1,1,0,0,1,1,0,0,30,0,0,0,0,0,2,3,13
,2020-24133,39.68125,-104.93166,12/6/2020 16:41,16:41:00,10,0,0,EAST ATLANTIC PLACE & SOUTH DAHLIA STREET,1,2,1,0,1,1,0,0,30,0,0,0,0,1,4,3,13
,2020-24134,39.79776,-104.82933,12/6/2020 8:30,8:30:00,6,0,0,RANDOLPH PLACE EAST  & XANADU STREET NORTH,1,1,0,0,1,4,0,0,25,0,0,0,0,0,4,3,5
,2020-24137,39.66144,-105.04519,12/2/2020 14:21,14:21:00,6,0,0,2900 SOUTH STUART STREET & WEST CORNELL AVENUE,1,1,0,0,1,4,0,0,25,0,0,0,0,0,4,5,14
,2020-24143,39.71110753,-104.9745499,11/26/2020 21:25,21:25:00,6,0,0,CORONA STREET SOUTH  & ALAMEDA AVENUE EAST,1,4,0,2,1,4,0,0,30,0,0,0,0,0,4,4,5
,2020-24229,39.76935751,-104.8474377,12/31/2020 22:45,22:45:00,14,1,3,PEORIA STREET  & 39TH AVENUE EAST,1,3,0,0,1,4,0,0,35,0,0,0,0,4,4,2,5
,2020-24345,39.77549,-104.92938,10/13/2020 23:46,23:46:00,5,1,0,SMITH ROAD & 4900 EAST,1,3,0,0,3,4,0,0,35,0,0,0,0,4,4,1,2
,2020-24346,39.73448,-104.89621,11/29/2020 17:13,17:13:00,16,1,0, ,1,3,1,0,5,7,0,0,15,0,0,0,0,4,3,1,10
,2020-24372,39.76921,-105.01665,11/20/2020 20:16,20:16:00,11,1,0,38TH AVENUE  & ALCOTT STREET NORTH,1,3,1,0,1,4,0,0,0,0,1,0,0,4,4,1,16
,2020-24383,39.7742,-104.84704,11/13/2020 22:46,22:46:00,9,1,0,I70 WB ON RAMP & CHAMBERS ROAD,1,4,1,0,2,4,0,0,65,0,0,0,0,4,1,1,7
,2020-24389,39.74369,-104.9416,12/18/2020 15:15,15:15:00,15,1,0,17TH AVENUE  & COLORADO BOULEVARD NORTH,1,1,0,0,1,3,0,0,35,0,0,0,0,4,2,4,10
,2020-24499,39.77562,-104.86574,11/17/2020 22:35,22:35:00,1,0,0,HAVANA STREET NORTH & I70 EASTBOUND EXIT RAMP,1,3,0,0,1,1,0,0,35,0,0,0,0,0,4,2,13
,2020-24576,39.78423,-105.02519,11/26/2020 9:50,9:50:00,3,0,0,FEDERAL BOULEVARD NORTH & I70 EASTBOUND,1,1,1,0,1,1,0,0,35,0,0,0,0,0,2,2,13
,2020-24590,39.78197,-104.75288,11/23/2020 17:48,17:48:00,12,0,1,EAST GREEN VALLEY RANCH BOULEVARD & NORTH IRELAND STREET,1,3,0,0,1,1,0,0,35,0,0,0,0,1,4,2,3
,2020-24593,39.70643,-104.99679,12/12/2020 22:53,22:53:00,12,0,0,I25 SOUTHBOUND & SANTA FE DRIVE SOUTH,9,3,1,2,1,4,0,0,60,0,0,0,0,0,4,2,13
,2020-24594,39.75442,-104.98738,11/14/2020 10:50,10:50:00,15,0,0,PARK AVENUE WEST & BROADWAY STREET NORTH,1,1,1,6,1,1,0,0,30,0,0,0,0,0,4,2,7
,2020-24599,39.78364,-104.79138,11/13/2020 18:48,18:48:00,1,0,3,EAST GREEN VALLEY RANCH BOULEVARD & PENA BOULEVARD OUTBOUND,1,3,0,0,1,1,0,0,40,0,0,0,0,3,4,2,16
,2020-24600,39.76116,-105.00476,11/16/2020 16:17,16:17:00,12,0,0,I25 SOUTHBOUND & 20TH STREET,1,1,0,0,1,4,0,0,65,0,0,0,0,0,1,2,2
,2020-24602,39.64913,-104.88489,12/4/2020 18:00,18:00:00,3,0,0,YOSEMITE STREET SOUTH & KENYON AVENUE EAST,1,3,0,0,1,1,0,0,35,0,0,0,0,1,4,2,13
,2020-24839,39.78368,-105.05316,11/24/2020 10:16,10:16:00,12,0,0,I70 WB & SHERIDAN BOULEVARD NORTH,11,1,0,2,1,4,0,0,55,0,0,0,0,0,1,2,7
,2020-24931,39.72728,-104.98614,12/20/2020 19:09,19:09:00,15,0,0,100 EAST SEVENTH AVENUE & NORTH LINCOLN STREET,1,3,0,0,1,4,0,0,25,0,0,0,0,0,4,2,8
,2020-24934,39.72559,-105.02514,12/20/2020 13:06,13:06:00,3,0,0,FEDERAL BOULEVARD NORTH & SIXTH AVENUE WB EXIT RAMP,1,1,0,0,1,1,0,0,35,0,0,0,0,0,2,2,7
,2020-24935,39.75199,-104.97457,12/20/2020 13:20,13:20:00,6,0,0,24TH AVENUE EAST & OGDEN STREET NORTH,1,1,1,0,3,4,0,0,25,0,0,0,0,0,4,2,14
,2020-24938,39.75775,-104.99858,12/20/2020 17:05,17:05:00,12,0,0,20TH STREET & CHESTNUT PLACE,1,2,0,0,1,1,0,0,35,0,0,0,0,0,4,2,13
,2020-24939,39.69666,-104.99294,12/20/2020 3:18,3:18:00,3,0,0,MISSISSIPPI AVENUE WEST & PLATTE RIVER DRIVE SOUTH,1,3,0,0,1,1,0,0,45,0,0,0,0,0,2,2,13
,2020-24940,39.72911,-104.96019,12/20/2020 6:50,6:50:00,3,0,0,EIGHTH AVENUE EAST & YORK STREET NORTH,1,2,0,0,1,1,0,0,30,0,0,0,0,0,4,2,3
,2020-24941,39.76974,-104.97263,12/18/2020 15:07,15:07:00,15,0,0,WALNUT STREET  & 38TH STREET,1,1,0,0,1,4,0,0,30,0,0,0,0,0,4,2,8
,2020-24942,39.75186,-104.98878,12/20/2020 13:20,13:20:00,3,0,0,21ST STREET & CURTIS STREET,1,1,0,0,1,1,0,0,30,0,0,0,0,1,2,2,13
,2020-24943,39.71133,-104.93656,12/20/2020 11:30,11:30:00,3,0,0,ALAMEDA AVENUE EAST & LEETSDALE,1,1,1,0,1,1,0,0,30,0,0,0,0,1,2,3,14
,2020-24944,39.64592,-104.88028,12/18/2020 16:00,16:00:00,5,0,0,EAST MANSFIELD AVENUE & SOUTH BOSTON COURT,4,1,0,0,4,1,0,0,25,0,0,0,0,0,4,1,13
,2020-24945,39.65309,-104.92083,12/20/2020 0:46,0:46:00,1,0,0,HAMPDEN AVENUE EAST & I25 SOUTHBOUND EXIT RAMP,2,3,0,0,1,1,0,0,35,0,0,0,0,0,2,2,3
,2020-24946,39.71123,-105.03488,12/20/2020 14:39,14:39:00,3,0,0,ALAMEDA AVENUE WEST & LOWELL BOULEVARD SOUTH,1,1,0,0,1,1,0,0,25,0,0,0,0,0,4,2,13
,2020-24947,39.74168,-104.98612,12/20/2020 4:13,4:13:00,3,0,0,EAST 16TH AVENUE & NORTH LINCOLN STREET,1,3,0,0,1,1,0,0,30,0,0,0,0,1,4,2,5
,2020-24948,39.73508353,-104.9418079,12/18/2020 17:32,17:32:00,5,0,0,HARRISON STREET & 12TH AVENUE EAST,14,5,0,7,2,5,0,0,10,0,0,0,0,0,4,1,16
,2020-24949,39.78350353,-105.0532999,12/20/2020 0:01,0:01:00,5,0,0,I70 & SHERIDAN BOULEVARD NORTH EXIT RAMP,1,3,0,0,3,4,0,0,55,0,0,0,0,0,1,1,5
,2020-24950,39.74085,-104.98109,12/18/2020 14:51,14:51:00,6,0,0,1500 NORTH PENNSYLVANIA STREET & EAST 16TH STREET,1,1,0,0,1,4,0,0,25,0,0,0,0,0,4,2,1
,2020-24951,39.70571,-104.98279,12/20/2020 10:36,10:36:00,3,0,0,EAST CENTER AVENUE & SOUTH LOGAN STREET,1,1,0,0,1,1,0,0,25,0,0,0,0,0,4,4,3
,2020-24952,39.74646,-105.00757,12/20/2020 16:18,16:18:00,12,0,1,AURARIA PARKWAY & NINTH STREET,1,2,0,0,1,1,0,0,35,0,0,0,0,2,4,2,14
,2020-24955,39.77318,-104.80793,12/18/2020 17:00,17:00:00,3,0,0,EAST ANDREWS DRIVE & EAST 40TH AVENUE,1,2,0,0,1,1,0,0,35,0,0,0,0,0,4,2,13
,2020-24956,39.73303,-105.04273,12/19/2020 19:00,19:00:00,6,0,0,NORTH STUART STREET & WEST 10TH AVENUE,4,3,0,0,1,4,0,0,25,0,0,0,0,0,4,2,16
,2020-24957,39.75309,-104.99762,12/19/2020 13:05,13:05:00,1,0,0,WAZEE STREET & 18TH STREET,1,1,0,0,1,1,0,0,35,0,0,0,0,1,4,2,13
,2020-24959,39.76713,-104.95661,12/11/2020 13:47,13:47:00,5,0,0, ,9,1,0,2,3,4,0,0,25,0,0,0,0,0,4,1,14
,2020-24960,39.68487,-104.98517,12/19/2020 13:00,13:00:00,6,0,0,1700 SOUTH SHERMAN STREET & EAST COLORADO AVENUE,4,1,0,0,1,4,0,0,25,0,0,0,0,0,4,2,7
,2020-24961,39.64589,-104.91116,12/19/2020 22:36,22:36:00,6,0,0,6500 MANSFIELD AVENUE & SOUTH MONACO STREET,5,3,1,0,1,4,0,0,25,0,0,0,0,0,4,2,5
,2020-24962,39.68541,-105.03809,12/15/2020 10:30,10:30:00,6,0,0,JEWELL AVENUE WEST & TENNYSON STREET SOUTH,9,1,1,0,1,4,0,0,30,0,0,0,0,0,4,2,1
,2020-24963,39.76866,-105.00297,12/1/2020 8:00,8:00:00,6,0,0,MARIPOSA STREET NORTH  & 38TH AVENUE WEST,14,5,1,7,1,4,0,0,25,0,0,0,0,0,4,2,16
,2020-24964,39.7338,-104.99322,12/6/2020 14:35,14:35:00,12,0,0,400 WEST 11TH AVENUE & NORTH SPEER BOULEVARD,1,1,0,0,1,1,0,0,30,0,0,0,0,0,4,2,10
,2020-24965,39.72566,-105.05326,12/11/2020 23:21,23:21:00,12,0,0,SHERIDAN BOULEVARD NORTH & SIXTH AVENUE WEST,1,3,0,0,1,3,0,0,35,0,0,0,0,0,2,2,14
,2020-24966,39.68841,-104.94064,12/19/2020 12:20,12:20:00,12,0,0,COLORADO BOULEVARD SOUTH  & IOWA AVENUE EAST,1,1,1,0,1,2,0,0,35,0,0,0,0,0,2,3,3
,2020-24967,39.72758,-104.93573,11/21/2020 19:20,19:20:00,6,0,0,BIRCH STREET NORTH & 700,1,1,0,0,1,4,0,0,25,0,0,0,0,0,4,2,16
,2020-24968,39.73999,-104.9604,12/19/2020 10:30,10:30:00,6,0,0,COLFAX AVENUE EAST  & YORK STREET NORTH,1,1,0,0,1,4,0,0,30,0,0,0,0,0,2,2,7
,2020-24969,39.69856,-105.03905,12/17/2020 0:32,0:32:00,6,0,0,WEST TENNESSEE AVENUE & SOUTH PATTON COURT,4,3,0,0,1,3,0,0,,0,0,0,0,0,4,2,1
,2020-24970,39.77732952,-104.8829389,12/19/2020 8:10,8:10:00,12,0,0,I70 WB & CENTRAL PARK BOULEVARD NORTH,1,1,0,0,1,4,0,0,55,0,0,0,0,0,1,2,13
,2020-24971,39.77714,-104.88298,12/23/2020 15:51,15:51:00,15,0,0,I70 EASTBOUND & CENTRAL PARK BOULEVARD NORTH,1,1,0,0,1,4,0,0,65,0,0,0,0,0,1,2,3
,2020-24972,39.73681,-104.95628,12/18/2020 17:46,17:46:00,6,0,0,ELIZABETH STREET NORTH & 13TH AVENUE EAST,1,3,0,0,1,4,0,0,25,0,0,0,0,0,4,7,1
,2020-24973,39.74346,-104.95917,12/19/2020 11:00,11:00:00,10,0,0,EAST 17TH AVENUE & NORTH JOSEPHINE STREET,1,1,0,0,1,1,0,0,30,0,0,0,0,0,4,2,1
,2020-24974,39.70124,-105.02508,10/28/2020 0:44,0:44:00,12,0,0,FEDERAL BOULEVARD SOUTH  & ADA PLACE WEST,1,3,0,0,1,4,0,0,35,0,0,0,0,1,2,2,5
,2020-24976,39.80638151,-104.8687909,12/11/2020 11:30,11:30:00,6,0,0,6002 NORTH GALENA COURT & EAST 60TH AVENUE,9,1,0,2,1,4,0,0,30,0,0,0,0,0,4,2,3
,2020-24977,39.64288,-104.90792,12/19/2020 22:39,22:39:00,6,0,0,4000 SOUTH NARCISSUS WAY & EAST EASTMOOR DRIVE,4,3,0,0,1,4,0,0,25,0,0,0,0,0,4,2,5
,2020-24978,39.74545,-104.99009,12/23/2020 12:20,12:20:00,15,0,0,17TH STREET & WELTON STREET,1,1,0,0,1,1,0,0,25,0,0,0,0,0,4,2,8
,2020-24979,39.72548053,-105.0130699,12/18/2020 12:58,12:58:00,12,0,0,I25 SOUTHBOUND & WEST SIXTH AVENUE FWY,11,1,1,2,1,4,0,0,65,0,0,0,0,1,1,2,8
,2020-24980,39.75102,-104.89872,12/23/2020 18:23,18:23:00,5,0,0,EAST 23RD AVENUE & NORTH SYRACUSE STREET,1,3,0,0,2,1,0,0,30,0,0,0,0,0,4,1,14
,2020-24981,39.72548053,-105.0130699,12/23/2020 6:58,6:58:00,12,0,0,I25 NORTHBOUND & SIXTH AVENUE WB EXIT RAMP  TO,1,1,0,0,1,4,0,0,55,0,0,0,0,0,1,3,14
,2020-24982,39.69482,-104.99248,12/23/2020 12:47,12:47:00,12,0,0,SOUTH SANTA FE DRIVE & WEST ARIZONA AVENUE,1,1,0,0,1,4,0,0,45,0,0,0,0,1,4,2,13
,2020-24983,39.73469,-104.93153,11/3/2020 14:45,14:45:00,6,0,0,NORTH DAHLIA STREET & EAST 12TH AVENUE,1,1,1,0,1,4,0,0,20,0,0,0,0,0,4,2,15
,2020-24984,39.77799551,-104.7722615,12/22/2020 19:45,19:45:00,1,0,0,NORTH TOWER ROAD & EAST 45TH AVENUE,1,3,0,0,1,1,0,0,35,0,0,0,0,0,4,2,1
,2020-24985,39.80368,-104.77212,12/18/2020 11:53,11:53:00,3,0,0,EAST 59TH AVENUE & NORTH TOWER ROAD,1,1,0,0,1,1,0,0,30,0,0,0,0,0,4,2,7