id,drcog_id,latitude,longitude,crashtime,time,crashtype,numbkilled,numbinjurd,drcoglocat,rdconditin,lightngcon,roadcntgrd,weatherco,location,roaddescrp,schoolzone,constrzone,splimit,bikeinv,pedinv,sctrinv,motoinv,svrty,rdsystem,ttlvehcls,hcf
,2020-24986,39.77284134,-104.7905734,12/7/2020 7:20,7:20:00,15,0,0,PENA BOULEVARD INBOUND & EAST 40TH AVENUE,1,1,1,0,1,4,0,0,65,0,0,0,0,0,4,2,1
,2020-24987,39.74396,-105.02522,12/23/2020 11:40,11:40:00,3,0,0,WEST 17TH AVENUE & NORTH FEDERAL BOULEVARD,1,1,0,0,1,1,0,0,25,0,0,0,0,0,2,2,13
,2020-24988,39.77052,-105.00176,11/21/2020 23:00,23:00:00,6,0,0,NORTH LIPAN STREET & WEST 39TH AVENUE,1,4,0,0,1,4,0,0,25,0,0,0,0,0,4,2,14
,2020-24989,39.6785,-104.97109,12/23/2020 17:45,17:45:00,15,0,0,EAST EVANS AVENUE & SOUTH LAFAYETTE STREET,1,3,0,0,1,3,0,0,35,0,0,0,0,0,4,2,8
,2020-24990,39.71293,-104.98155,12/22/2020 16:00,16:00:00,11,0,0,SOUTH PENNSYLVANIA STREET & EAST CEDAR STREET,1,3,0,0,1,1,0,0,25,0,1,0,0,0,4,1,3
,2020-24991,39.77773,-104.82521,12/23/2020 11:38,11:38:00,15,0,0,14500 EAST 45TH AVENUE & EAST ANDREWS DRIVE,1,1,0,0,1,4,0,0,20,0,0,0,0,0,4,2,13
,2020-24992,39.78307152,-104.9009119,12/3/2020 16:35,16:35:00,12,0,0,I270 & NORTHFIELD QUEBEC STREET EASTBOUND EXIT RAMP GORE POINT,1,1,0,1,1,4,0,0,55,0,0,0,0,0,1,2,14
,2020-24993,39.78021,-104.98919,12/23/2020 9:45,9:45:00,15,0,0,I70 WB & I25 NORTHBOUND,1,1,1,0,1,4,0,0,65,0,0,0,0,0,1,2,13
,2020-24994,39.76116,-105.00476,12/23/2020 14:53,14:53:00,12,0,0,I25 SOUTHBOUND & 20TH STREET,1,2,0,0,1,4,0,0,55,0,0,0,0,0,1,3,3
,2020-24995,39.74086,-104.98359,12/23/2020 12:00,12:00:00,6,0,0,1500 NORTH GRANT STREET & EAST COLFAX AVENUE,1,1,0,0,1,4,0,0,35,0,0,0,0,0,4,2,8
,2020-24996,39.71112,-104.98038,11/19/2020 18:15,18:15:00,15,0,0,EAST ALAMEDA AVENUE & SOUTH PEARL STREET,1,3,0,0,1,1,0,0,30,0,0,0,0,0,4,2,16
,2020-24997,39.71654,-104.98379,12/18/2020 9:11,9:11:00,6,0,0,SOUTH GRANT STREET & EAST ELLSWORTH AVENUE,9,1,0,2,1,4,0,0,25,0,0,0,0,0,4,2,1
,2020-24998,39.62378,-104.90141,12/23/2020 17:06,17:06:00,5,0,0,I25 NORTHBOUND & EAST BELLEVIEW AVENUE,1,4,0,0,1,4,0,0,55,0,0,0,0,0,1,2,16
,2020-24999,39.65799,-104.899,12/3/2020 12:46,12:46:00,6,0,0,7600 EAST EASTMAN AVENUE & SOUTH PONTIAC STREET,1,1,0,0,1,4,0,0,25,0,0,0,0,0,4,2,16
,2020-25000,39.7256,-104.94069,12/23/2020 8:37,8:37:00,15,0,0,NORTH COLORADO BOULEVARD & EAST SIXTH AVENUE,1,1,0,0,1,1,0,0,30,0,0,0,0,0,2,2,13
,2020-25001,39.74946,-104.99533,12/22/2020 17:21,17:21:00,15,0,0,17TH STREET & LAWRENCE STREET,1,1,0,0,1,1,0,0,25,0,0,0,0,0,4,2,8
,2020-25002,39.73233,-104.97181,12/17/2020 18:30,18:30:00,6,0,0,NORTH MARION STREET & EAST 10TH AVENUE,4,3,0,0,1,4,0,0,25,0,0,0,0,0,4,3,1
,2020-25003,39.76207,-104.97363,12/23/2020 15:30,15:30:00,15,0,0,1100 EAST MLK BOULEVARD & NORTH MOLINE STREET,1,1,0,0,1,4,0,0,35,0,0,0,0,0,4,2,8
,2020-25004,39.78439,-105.02519,12/3/2020 11:39,11:39:00,1,0,0,NORTH FEDERAL BOULEVARD & I70 WB ENTRANCE / EXIT RAMPS,1,1,0,0,1,1,0,0,35,0,0,0,0,0,2,2,14
,2020-25005,39.76836,-104.89965,12/23/2020 12:20,12:20:00,12,0,0, ,1,1,0,0,1,3,0,0,25,0,0,0,0,0,4,2,13
,2020-25006,39.78364,-104.79048,11/19/2020 18:00,18:00:00,15,0,0,PENA BOULEVARD INBOUND & EAST GREEN VALLEY RANCH BOULEVARD,1,3,0,0,1,8,0,0,55,0,0,0,0,0,2,2,13
,2020-25007,39.73828,-104.94066,12/23/2020 16:04,16:04:00,12,0,0,NORTH COLORADO BOULEVARD & EAST 14TH AVENUE,1,1,0,0,1,1,0,0,35,0,0,0,0,0,2,2,13
,2020-25008,39.74028553,-105.0298504,12/23/2020 18:08,18:08:00,1,0,0,WEST COLFAX AVENUE & NORTH IRVING STREET,1,3,0,0,1,1,0,0,35,0,0,0,0,1,2,2,13
,2020-25009,39.78319,-104.832,12/18/2020 13:04,13:04:00,12,0,0,4700 NORTH CROWN BOULEVARD & EAST ELK PLACE,1,1,0,0,1,4,0,0,25,0,0,0,0,0,4,2,13
,2020-25010,39.72891,-104.99861,12/23/2020 6:00,6:00:00,3,0,1,WEST EIGHTH AVENUE & NORTH SANTA FE DRIVE,1,4,0,0,1,1,0,0,30,0,0,0,0,3,4,2,13
,2020-25011,39.68014,-104.92141,12/23/2020 7:50,7:50:00,12,0,0,2000 SOUTH HOLLY STREET & EAST EVANS AVENUE,1,1,0,0,1,4,0,0,30,0,0,0,0,1,4,4,14
,2020-25012,39.77714,-104.88298,12/23/2020 12:33,12:33:00,15,0,0,I70 EASTBOUND & NORTH CENTRAL PARK BOULEVARD,1,1,0,0,1,4,0,0,55,0,0,0,0,0,1,2,7
,2020-25013,39.76947,-105.0323,12/16/2020 15:09,15:09:00,3,0,0,NORTH JULIAN STREET & WEST 38TH AVENUE,1,1,1,0,1,1,0,0,25,0,0,0,0,1,4,2,16
,2020-25014,39.73048,-104.94069,12/23/2020 5:53,5:53:00,1,0,0,NORTH COLORADO BOULEVARD & EAST NINTH AVENUE,1,3,0,0,1,1,0,0,35,0,0,0,0,0,2,2,2
,2020-25015,39.71118,-104.9924,12/23/2020 10:30,10:30:00,15,0,0,SOUTH CHEROKEE STREET & WEST ALAMEDA AVENUE,1,1,0,0,1,1,0,0,20,0,0,0,0,0,4,2,1
,2020-25016,39.78458748,-104.8849684,12/23/2020 13:53,13:53:00,3,0,0,YOSEMITE STREET & 1400,1,1,0,0,1,5,0,0,30,0,0,0,0,0,4,2,3
,2020-25017,39.78337752,-104.9400484,12/23/2020 9:20,9:20:00,12,0,0,4800 NORTH COLORADO BOULEVARD & EAST 48TH AVENUE,1,1,0,0,1,3,0,0,40,0,0,0,0,0,2,2,1
,2020-25018,39.76928353,-105.0252289,8/22/2020 16:03,16:03:00,12,0,0,NORTH FEDERAL BOULEVARD & WEST 38TH AVENUE,1,1,0,0,1,4,0,0,45,0,0,0,0,0,2,2,3
,2020-25019,39.74044,-105.01416,12/23/2020 18:16,18:16:00,12,0,0,I25 SOUTHBOUND & WEST COLFAX AVENUE,1,3,0,0,1,4,0,0,55,0,0,0,0,0,1,3,13
,2020-25020,39.72571,-105.00015,12/22/2020 17:40,17:40:00,3,0,0,WEST SIXTH AVENUE & NORTH KALAMATH STREET,1,3,0,0,1,1,0,0,35,0,0,0,0,0,4,2,3
,2020-25021,39.67846,-104.92242,12/22/2020 15:00,15:00:00,12,0,0,EAST EVANS AVENUE & SOUTH GRAPE STREET,1,1,0,0,1,3,0,0,30,0,0,0,0,0,4,2,3
,2020-25022,39.71129,-104.92229,12/23/2020 9:15,9:15:00,3,0,0,EAST ALAMEDA AVENUE & SOUTH HOLLY STREET,1,1,0,0,1,1,0,0,35,0,0,0,0,1,4,2,13
,2020-25023,39.77842,-104.90357,12/15/2020 13:52,13:52:00,12,0,0,NORTH NORTHFIELD QUEBEC STREET & I70 WB,1,1,0,0,1,4,0,1,65,0,0,0,0,0,1,3,1
,2020-25024,39.78376,-104.8098,12/22/2020 22:15,22:15:00,1,0,0,NORTH CHAMBERS ROAD & EAST GREEN VALLEY RANCH BOULEVARD,1,3,0,0,1,1,0,0,40,0,0,0,0,1,4,2,7
,2020-25025,39.78009,-104.949,12/15/2020 18:32,18:32:00,15,0,0,NORTH COLORADO BOULEVARD & I70 EASTBOUND ENTRANCE / EXIT RAMPS,4,3,0,0,1,3,0,0,30,0,0,0,0,0,2,2,1
,2020-25026,39.71499554,-105.0532684,12/21/2020 16:01,16:01:00,12,0,0,NORTH SHERIDAN BOULEVARD & WEST BAYAUD AVENUE,1,1,0,0,1,3,0,0,35,0,0,0,0,0,2,2,13
,2020-25027,39.77826,-104.89661,12/21/2020 15:46,15:46:00,12,0,0,I70 EASTBOUND & I270 EASTBOUND,1,1,0,0,1,4,0,1,55,0,0,0,0,0,1,2,3
,2020-25028,39.74032153,-105.0139519,12/14/2020 9:40,9:40:00,5,0,0,I25 SOUTHBOUND & EAST COLFAX AVENUE,14,5,0,0,1,4,0,0,60,0,0,0,0,0,1,2,14
,2020-25029,39.77704,-104.88003,12/21/2020 15:08,15:08:00,12,0,0,I70 WB & I270 WB,1,1,0,0,1,4,0,0,55,0,0,0,0,0,1,2,7
,2020-25030,39.73528,-104.98612,12/22/2020 14:00,14:00:00,10,0,0,NORTH LINCOLN STREET & EAST 12TH AVENUE,1,1,0,0,1,1,0,0,25,0,0,0,0,0,4,2,7
,2020-25031,39.68935,-105.05284,12/16/2020 10:03,10:03:00,12,0,0,1500 SOUTH SHERIDAN BOULEVARD & WEST FLORIDA AVENUE,1,1,0,0,1,3,0,0,35,0,0,0,0,0,2,2,1
,2020-25032,39.6782,-105.02981,12/31/2020 3:00,3:00:00,5,0,0,WEST EVANS AVENUE & SOUTH IRVING STREET,1,3,0,0,3,1,0,0,35,0,0,0,0,0,4,1,16
,2020-25033,39.79838951,-104.7873005,12/21/2020 9:10,9:10:00,12,0,0,5800 PEMA BOULEVARD INBOUND & EAST 56TH AVENUE,1,1,0,0,1,4,0,0,55,0,0,0,0,1,4,2,13
,2020-25034,39.7293,-105.03251,12/6/2020 22:01,22:01:00,5,0,0,NORTH KNOX COURT & WEST EIGHTH AVENUE,1,3,0,0,4,4,0,0,35,0,0,0,0,0,4,1,16
,2020-25035,39.74032,-105.03112,12/12/2020 1:14,1:14:00,5,0,0,WEST COLFAX AVENUE & NORTH JULIAN STREET,1,4,0,0,3,3,0,0,30,0,0,0,0,0,2,1,1
,2020-25036,39.7657,-105.05324,12/31/2020 19:40,19:40:00,1,0,0,NORTH SHERIDAN BOULEVARD  & WEST 35TH AVENUE,1,3,1,0,1,3,0,0,35,0,0,0,0,1,2,2,9
,2020-25037,39.77655942,-105.0160859,12/13/2020 15:35,15:35:00,5,0,0,2400 WEST 44TH AVENUE & ZUNI STREET,4,1,0,0,3,4,0,0,30,0,0,0,0,0,4,1,1
,2020-25038,39.71845,-105.02511,12/18/2020 20:00,20:00:00,1,0,0,NORTH FEDERAL BOULEVARD & WEST FIRST AVENUE,1,3,1,0,1,1,0,0,40,0,0,0,0,0,2,2,16
,2020-25039,39.71382,-104.97331,12/21/2020 22:04,22:04:00,6,0,0,100 SOUTH DOWNING STREET & EAST BAYAUD AVENUE,1,3,0,0,1,4,0,0,30,0,0,0,0,0,4,3,13
,2020-25040,39.76231752,-104.8659379,12/12/2020 19:57,19:57:00,5,0,0,3100 NORTH HAVANA STREET & NORTH FLORENCE WAY,9,3,0,2,3,4,0,0,35,0,0,0,0,0,4,1,7
,2020-25041,39.63324,-104.90632,12/23/2020 9:09,9:09:00,12,0,0,I225 SOUTHBOUND & I25 NORTHBOUND / SOUTHBOUND RAMP SPLIT,1,1,0,0,1,4,0,1,55,0,0,0,0,1,1,2,1
,2020-25043,39.75241,-105.03153,12/20/2020 19:49,19:49:00,6,0,0,NORTH JULIAN STREET & WEST 24TH AVENUE,1,3,0,0,1,4,0,0,35,0,0,0,0,0,4,2,14
,2020-25044,39.74744,-104.90345,12/21/2020 14:57,14:57:00,15,0,0,NORTH QUEBEC STREET & EAST MONTVIEW BOULEVARD,1,1,0,0,1,1,0,0,30,0,0,0,0,0,4,2,13
,2020-25045,39.78376,-104.8098,12/21/2020 17:06,17:06:00,1,0,1,EAST GREEN VALLEY RANCH BOULEVARD & NORTH CHAMBERS ROAD,1,1,0,0,1,1,0,0,30,0,0,0,0,2,4,2,7
,2020-25046,39.63282,-104.90641,12/21/2020 14:22,14:22:00,12,0,0,I225 SOUTHBOUND & I25 NORTHBOUND / SOUTHBOUND RAMP SPLIT,1,1,0,0,1,4,0,0,65,0,0,0,0,0,1,3,1
,2020-25047,39.69143,-104.91289,12/17/2020 21:59,21:59:00,1,0,0,SOUTH MONACO STREET & EAST CHERRY CREEK NORTH DRIVE,1,3,0,0,1,1,0,0,35,0,0,0,0,0,4,2,7
,2020-25048,39.77995,-104.94051,12/22/2020 11:30,11:30:00,12,0,0,NORTH COLORADO BOULEVARD EXIT RAMP & I70 EASTBOUND EXIT,1,1,1,0,1,8,0,0,65,0,0,0,0,0,1,2,13
,2020-25049,39.77562,-104.86574,12/21/2020 15:24,15:24:00,12,0,0,I70 EASTBOUND & NORTH HAVANNA STREET,1,1,0,0,1,4,0,0,55,0,0,0,0,0,1,2,13
,2020-25050,39.68312654,-104.9406514,12/21/2020 13:57,13:57:00,15,0,0,SOUTH COLORADO BOULEVARD ON RAMP & I25 SOUTHBOUND [LOOP RAMP] FROM,1,1,1,0,1,8,0,0,45,0,0,0,0,0,1,2,13
,2020-25051,39.74044,-105.01397,12/21/2020 17:35,17:35:00,15,0,0,I25 NORTHBOUND & WEST COLFAX AVENUE,1,3,0,0,1,4,0,0,55,0,0,0,0,0,1,2,13
,2020-25052,39.71121,-104.99913,12/16/2020 0:14,0:14:00,15,0,0,I25 SOUTHBOUND & WEST ALMEADA AVENUE EXIT RAMP,7,4,0,0,1,4,0,0,50,0,0,0,0,0,1,2,1
,2020-25053,39.76746,-104.90345,12/1/2020 18:18,18:18:00,15,0,0,EAST 36TH AVENUE & NORTH QUEBEC STREET,1,3,0,0,1,4,0,0,35,0,0,0,0,0,4,2,14
,2020-25054,39.66938,-104.94887,12/15/2020 18:10,18:10:00,6,0,0,SOUTH ADAMS STREET & EAST VASSAR AVENUE,9,4,0,0,1,4,0,0,25,0,0,0,0,0,4,2,13
,2020-25055,39.75537,-105.01269,12/20/2020 22:20,22:20:00,5,0,0,I25 SOUTHBOUND & NORTH SPEER BOULEVARD,1,3,0,0,3,4,0,0,55,0,0,0,0,0,1,1,14
,2020-25056,39.76926628,-104.9960676,11/17/2020 17:30,17:30:00,12,0,0,I25 SOUTHBOUND & WEST 38TH AVENUE EXIT RAMP,1,1,0,0,1,4,0,0,55,0,0,0,0,0,1,2,3
,2020-25057,39.67523,-105.02641,12/16/2020 7:42,7:42:00,6,0,0,3100 WEST ILIFF AVENUE & SOUTH HAZEL COURT,4,1,0,0,1,4,0,0,25,0,0,0,0,0,4,2,16
,2020-25058,39.6895,-105.02038,12/11/2020 20:30,20:30:00,8,0,0,WEST FLORIDA AVENUE & SOUTH CLAY STREET,9,3,0,2,1,1,0,0,35,0,0,0,0,1,4,3,14
,2020-25059,39.74000353,-104.9920099,12/31/2020 12:00,12:00:00,12,0,0,I270 EASTBOUND EXIT RAMP & QUEBEC STREET NORTH,1,1,0,0,1,8,0,0,35,0,0,0,0,1,2,2,13
,2020-25060,39.77704,-104.88003,12/16/2020 12:46,12:46:00,12,0,0,I70 WB & I270 WB,1,1,0,0,1,4,0,0,55,0,0,0,0,0,1,2,1
,2020-25061,39.65378,-104.88469,12/15/2020 18:12,18:12:00,12,0,0,3400 SOUTH YOSEMITE STREET & EAST HAMPDEN AVENUE,9,3,0,0,1,3,0,0,35,0,0,0,0,0,4,2,5
,2020-25062,39.69948,-104.90634,12/28/2020 7:50,7:50:00,15,0,0,7100 LEETSDALE DRIVE & SOUTH QUEBEC STREET,1,1,0,0,1,4,0,0,35,0,0,0,0,0,2,2,16
,2020-25063,39.73999,-104.96101,12/2/2020 16:00,16:00:00,15,0,0,EAST COLFAX AVENUE & NORTH GAYLORD STREET,1,1,0,0,1,1,0,0,30,0,0,0,0,0,2,2,13
,2020-25064,39.65306654,-104.9153389,12/30/2020 14:47,14:47:00,1,0,0,EAST HAMPDEN AVENUE & 7500 EAST HAMPDEN AVENUE,1,1,0,0,1,2,0,0,45,0,0,0,0,0,2,2,13
,2020-25065,39.75935,-104.9032,12/4/2020 23:50,23:50:00,5,0,0,NORTH QUEBEC STREET & EAST 29TH DRIVE,1,3,0,0,3,1,0,0,35,0,0,0,0,0,4,1,16
,2020-25066,39.72562,-104.97878,12/4/2020 21:54,21:54:00,3,0,1,NORTH WASHINGTON STREET & EAST SIXTH AVENUE,1,3,0,0,1,1,0,0,30,0,0,0,0,3,4,2,14
,2020-25067,39.68865,-105.05326,12/28/2020 3:54,3:54:00,5,0,0,1500 SOUTH SHERIDAN BOULEVARD & WEST IOWA AVENUE,1,3,1,0,3,4,0,0,40,0,0,0,0,0,2,1,5
,2020-25068,39.75847,-105.05324,12/13/2020 17:47,17:47:00,11,0,1,WEST 29TH AVENUE & NORTH SHERIDAN BOULEVARD,11,3,0,0,1,1,0,0,0,0,1,0,0,2,2,1,16
,2020-25070,39.65306,-104.92615,11/13/2020 14:15,14:15:00,1,0,0,EAST HAMPDEN AVENUE & SOUTH GLENCOE STREET,1,1,0,0,1,1,0,0,25,0,0,0,0,0,2,2,13
,2020-25071,39.76116,-105.00476,11/22/2020 17:20,17:20:00,15,0,0,20TH STREET & I25 SOUTHBOUND ENTRANCE RAMP,1,3,0,0,1,8,0,0,35,0,0,0,0,0,4,2,13
,2020-25072,39.71834,-104.89307,12/29/2020 1:52,1:52:00,5,0,0,8200 EAST LOWRY BOULEVARD & UINTA WAY,4,3,0,0,3,6,0,0,15,0,0,0,0,0,4,1,13
,2020-25073,39.78195,-104.95815,12/17/2020 15:41,15:41:00,12,0,0,EAST 47TH AVENUE & NORTH JOSEPHINE STREET,1,2,0,0,1,3,0,0,25,0,0,0,0,0,4,2,1
,2020-25074,39.76965,-105.00288,12/16/2020 17:30,17:30:00,6,0,0,3800 NORTH MARIPOSA STREET & WEST 39TH AVENUE,1,3,1,0,1,4,0,0,25,0,0,0,0,0,4,2,16
,2020-25075,39.67846,-104.91439,12/3/2020 16:19,16:19:00,15,0,0,6300 EAST EVANS AVENUE & SOUTH MONACO STREET,1,1,0,0,1,3,0,0,35,0,0,0,0,1,4,2,1
,2020-25076,39.69768,-104.95499,12/19/2020 9:56,9:56:00,5,0,0,2650 EAST TENNESSEE AVENUE & SOUTH CLAYTON WAY,4,5,1,0,2,4,0,0,25,0,0,0,0,0,4,1,1
,2020-25077,39.76912,-104.9953,12/20/2020 3:49,3:49:00,5,0,1,WEST 38TH AVENUE & NORTH FOX STREET,1,3,0,0,3,1,0,0,35,0,0,0,0,3,1,1,13
,2020-25078,39.65308,-104.91826,12/23/2020 14:10,14:10:00,15,0,0,I25 NORTHBOUND & EAST HAMPDEN AVENUE,1,1,0,0,1,4,0,0,60,0,0,0,0,0,1,2,16
,2020-25080,39.68939172,-104.9581291,12/19/2020 6:45,6:45:00,6,0,0,JOSEPHINE STREET SOUTH & 600,1,2,1,0,1,4,0,0,25,0,0,0,0,0,4,2,5
,2020-25081,39.69566,-104.90351,12/29/2020 14:20,14:20:00,3,0,0,SOUTH QUEBEC STREET & EAST MISSISSIPPI AVENUE,1,1,0,0,1,1,0,0,25,0,0,0,0,0,4,2,3
,2020-25082,39.65312,-104.90303,12/21/2020 6:55,6:55:00,1,0,0,7200 EAST HAMPDEN AVENUE & ROSLYN STREET,1,1,0,0,1,1,0,0,45,0,0,0,0,0,2,2,7
,2020-25083,39.75008,-104.99977,12/29/2020 13:20,13:20:00,10,0,0, ,1,1,0,0,1,1,0,0,25,0,0,0,0,0,4,2,8
,2020-25084,39.73204,-104.97064,12/29/2020 12:15,12:15:00,3,0,0,NORTH LAFAYETTE STREET & EAST 10TH AVENUE,9,1,0,0,1,1,0,0,25,0,0,0,0,0,4,3,8
,2020-25085,39.82641,-104.77171,12/25/2020 22:30,22:30:00,15,0,0,TOWER ROAD NORTH & 7100,1,3,0,0,1,4,0,0,45,0,0,0,0,0,4,2,16
,2020-25086,39.65310524,-104.8940705,12/29/2020 18:10,18:10:00,1,0,0,EAST HAMPDEN AVENUE & SOUTH ULSTER STREET,1,3,0,0,1,3,0,0,40,0,0,0,0,1,2,2,3
,2020-25087,39.66748,-104.92744,12/29/2020 18:16,18:16:00,12,0,0,EAST YALE AVENUE & EAST YALE CIRCLE,11,3,0,0,1,1,0,0,30,0,0,0,0,1,4,2,7
,2020-25088,39.70895381,-104.8886768,11/26/2020 13:30,13:30:00,5,0,0,8500 EAST ALAMEDA AVENUE & EAST FAIRMOUNT DRIVE,1,1,0,0,2,4,0,0,45,0,0,0,0,0,4,2,14
,2020-25089,39.74048,-104.98324,12/22/2020 15:30,15:30:00,6,0,0,1500 NORTH GRANT STREET & EAST COLFAX AVENUE,1,1,0,0,1,3,0,0,,0,0,0,0,0,2,2,16
,2020-25090,39.62420398,-104.8901714,12/29/2020 11:54,11:54:00,5,0,0,4900 SOUTH DENVER TECH CENTER BLD & EAST BELLEVIEW AVENUE,4,1,0,2,2,4,0,0,35,0,0,0,0,1,4,1,13
,2020-25091,39.68479,-105.04739,12/21/2020 3:12,3:12:00,5,0,0,4700 WEST MEXICO AVENUE & SOUTH WINNONA COURT,4,3,1,0,3,4,0,0,25,0,0,0,0,0,4,1,7
,2020-25092,39.73023,-105.0332,12/17/2020 14:56,14:56:00,5,0,0,KING STREET NORTH & 800,4,1,0,0,3,5,0,0,,0,0,0,0,0,4,1,9
,2020-25093,39.62943,-104.8952,12/19/2020 14:10,14:10:00,3,0,0,EAST UNION AVENUE & SOUTH ULSTER STREET,1,1,1,0,1,1,0,0,30,0,0,0,0,0,4,2,13
,2020-25094,39.78096,-104.88803,12/20/2020 14:42,14:42:00,3,0,0,EAST 46TH AVENUE & NORTH WILLOW STREET,1,1,0,0,1,1,0,0,35,0,0,0,0,0,4,2,13
,2020-25095,39.74000353,-104.9920099,12/29/2020 19:42,19:42:00,12,0,0,I70 EASTBOUND EXIT RAMP & I225 SOUTHBOUND EXIT RAMP,1,3,0,0,1,4,0,0,55,0,0,0,0,1,1,2,13
,2020-25096,39.65123,-104.88303,12/24/2020 22:06,22:06:00,6,0,0,9100 EAST JEFFERSON AVENUE & SOUTH YOSEMITE STREET,1,3,0,0,1,4,0,0,25,0,0,0,0,0,4,2,16
,2020-25097,39.77708652,-104.8829299,12/29/2020 16:47,16:47:00,12,0,0,I70 & CENTRAL PARK BOULEVARD,1,2,0,0,1,4,0,0,55,0,0,0,0,0,1,2,13
,2020-25098,39.74001,-104.97764,12/29/2020 14:15,14:15:00,10,0,0,NORTH CLARKSON STREET & EAST COLFAX AVENUE,1,1,0,0,1,2,0,0,25,0,0,0,0,0,4,2,8
,2020-25099,39.63512,-105.08179,12/29/2020 15:06,15:06:00,12,0,0,SOUTH WADSWORTH BOULEVARD & WEST STANFORD AVENUE,4,1,0,0,1,1,0,0,40,0,0,0,0,0,2,2,13
,2020-25100,39.72572,-105.00286,12/19/2020 10:53,10:53:00,15,0,0,WEST SIXTH AVENUE & NORTH MARIPOSA STREET,1,1,0,0,1,4,0,0,45,0,0,0,0,0,4,2,16
,2020-25101,39.74005,-104.98422,12/20/2020 19:25,19:25:00,12,0,0,200 EAST COLFAX AVENUE & NORTH GRANT STREET,1,3,0,0,1,4,0,0,30,0,0,0,0,1,2,2,13
,2020-25102,39.77421,-104.84704,12/21/2020 7:50,7:50:00,12,0,0,I70 WB & NORTH PEORIA STREET,1,1,1,0,1,4,0,0,65,0,0,0,0,0,1,3,13
,2020-25103,39.76513,-104.96595,12/23/2020 8:26,8:26:00,6,0,0,3400 NORTH WILLIAMS STREET & EAST 35TH AVENUE,1,1,0,0,1,4,0,0,25,0,0,0,0,0,4,3,1
,2020-25104,39.65334,-105.05311,12/25/2020 8:15,8:15:00,1,0,0,SOUTH SHERIDAN BOULEVARD & WB HAMPDEN AVENUE ENTRANCE RAMP,1,1,0,0,1,1,0,0,40,0,0,0,0,0,2,2,13
,2020-25105,39.65776,-104.87319,12/29/2020 15:30,15:30:00,5,0,0,DAYTON STREET SOUTH & 3200,4,1,0,2,3,4,0,0,25,0,0,0,0,0,4,1,14
,2020-25108,39.62417,-104.91182,12/4/2020 11:13,11:13:00,12,0,0,EAST BELLEVIEW AVENUE & SOUTH MONACO STREET,1,1,0,0,1,3,0,0,40,0,0,0,0,1,4,3,16
,2020-25109,39.63575,-104.89352,12/20/2020 13:50,13:50:00,12,0,1,I225 SOUTHBOUND & SOUTH TAMARAC STREET,1,1,0,0,1,4,0,0,65,0,0,0,0,2,1,3,3
,2020-25110,39.76926,-104.91085,12/21/2020 0:24,0:24:00,5,0,0,EAST 38TH AVENUE & NORTH NIAGRA STREET,1,3,0,0,2,4,0,0,35,0,0,0,0,0,4,1,10
,2020-25111,39.67513,-105.02507,12/15/2020 15:29,15:29:00,12,0,0,SOUTH FEDERAL BOULEVARD & WEST ILIFF AVENUE,1,1,1,0,1,4,0,0,40,0,0,0,0,0,2,3,3
,2020-25112,39.78423,-105.02519,12/23/2020 14:45,14:45:00,12,0,0,I70 EASTBOUND & NORTH FEDERAL BOULEVARD,1,1,0,0,1,4,0,0,65,0,0,0,0,0,1,2,1
,2020-25113,39.69311,-105.02506,12/21/2020 13:03,13:03:00,1,0,0,SOUTH FEDERAL BOULEVARD & WEST LOUISIANA AVENUE,1,1,0,0,1,2,0,0,35,0,0,0,0,1,2,2,13
,2020-25114,39.62943,-104.8952,12/29/2020 9:27,9:27:00,3,0,0,SOUTH ULSTER STREET & EAST UNION AVENUE,4,1,0,2,1,1,0,0,30,0,0,0,0,0,4,2,13
,2020-25115,39.78372,-104.76491,12/31/2020 17:34,17:34:00,15,0,0,18600 EAST GREEN VALLEY RANCH BOULEVARD & NORTH TOWER ROAD,1,3,0,0,1,4,0,0,35,0,0,0,0,0,4,3,13
,2020-25116,39.69768,-105.02273,12/25/2020 20:12,20:12:00,6,0,1,1000 SOUTH DECATUR STREET & WEST MISSISSIPPI AVENUE,1,3,0,0,1,4,0,0,25,0,0,0,0,2,4,2,16
,2020-25117,39.73818,-104.99744,12/31/2020 14:40,14:40:00,12,0,0,1300 NORTH SPEER BOULEVARD & MARKET STREET,1,1,0,0,1,4,0,0,30,0,0,0,0,0,4,2,3
,2020-25118,39.69657,-104.94061,12/29/2020 10:35,10:35:00,12,0,0,EAST MISSISSIPPI AVENUE & SOUTH COLORADO BOULEVARD,4,1,0,2,1,3,0,0,30,0,0,0,0,0,4,2,13
,2020-25119,39.6635,-105.036,12/31/2020 16:21,16:21:00,6,0,0,3600 WEST AMHERST AVENUE & SOUTH LOWELL BOULEVARD,1,1,1,0,1,2,0,0,25,0,0,0,0,0,4,2,13
,2020-25120,39.69282,-105.05277,12/29/2020 6:37,6:37:00,1,0,0,1300 SOUTH SHERIDAN BOULEVARD & WEST LOUISIANA AVENUE,4,3,0,2,1,2,0,0,35,0,0,0,0,0,2,2,5
,2020-25121,39.6959,-104.92225,12/31/2020 23:02,23:02:00,5,0,0,EAST CHERRY CREEK SOUTH DRIVE & SOUTH HOLLY STREET,1,3,1,0,3,4,0,0,25,0,0,0,0,0,4,2,5