id,drcog_id,latitude,longitude,crashtime,time,crashtype,numbkilled,numbinjurd,drcoglocat,rdconditin,lightngcon,roadcntgrd,weatherco,location,roaddescrp,schoolzone,constrzone,splimit,bikeinv,pedinv,sctrinv,motoinv,svrty,rdsystem,ttlvehcls,hcf
,2020-25122,39.68473,-104.95945,12/21/2020 11:10,11:10:00,15,0,0,I25 SOUTHBOUND & SOUTH UNIVERSITY BOULEVARD,1,1,0,0,1,4,0,0,65,0,0,0,0,0,4,2,13
,2020-25123,39.65616255,-105.0532189,12/31/2020 14:19,14:19:00,1,0,0,SOUTH SHERIDAN BOULEVARD & WEST DARTMOUTH AVENUE,1,1,0,0,1,1,0,0,35,0,0,0,0,0,2,2,13
,2020-25124,39.77505,-104.8099,12/31/2020 15:52,15:52:00,1,0,0,NORTH CHAMBRS ROAD & EAST ANDREWS DRIVE,1,1,0,0,1,1,0,0,40,0,0,0,0,0,2,2,1
,2020-25125,39.68757,-104.99207,12/28/2020 6:41,6:41:00,1,0,2,SOUTH SANTA FE DRIVE & WEST IOWA AVENUE,1,3,0,0,1,1,0,0,45,0,0,0,0,3,2,2,13
,2020-25126,39.68124,-104.97332,12/31/2020 17:57,17:57:00,6,0,1,1900 SOUTH DOWNING STREET & EAST JEWELL AVENUE,1,3,0,0,1,4,0,0,30,0,0,0,0,2,4,3,5
,2020-25127,39.72564,-104.91245,12/31/2020 17:20,17:20:00,15,0,0,NORTH MONACO STREET & EAST SIXTH AVENUE,1,2,0,0,1,1,0,0,30,0,0,0,0,0,4,2,8
,2020-25128,39.63242055,-105.0847684,12/31/2020 17:09,17:09:00,15,0,0,SOUTH WADSWORTH BOULEVARD & WEST TUFTS AVENUE,1,3,0,0,1,1,0,0,40,0,0,0,0,0,2,2,16
,2020-25129,39.73697,-104.95544,12/31/2020 17:24,17:24:00,5,0,0,NORTH CLAYTON STREET & 1301,1,3,0,0,3,4,0,0,30,0,0,0,0,0,4,1,4
,2020-25130,39.6545,-104.90995,12/26/2020 14:53,14:53:00,11,0,1,300 SOUTH NEWPORT STREET & EAST GIRARD AVENUE,1,1,0,0,1,2,0,0,25,0,1,0,0,2,4,1,16
,2020-25131,39.66066,-105.04162,12/31/2020 10:01,10:01:00,6,0,0,2980 SOUTH PERRY WAY & WEST YALE AVENUE,4,1,1,0,1,4,0,0,25,0,0,0,0,0,4,2,16
,2020-25132,39.78104,-104.81876,11/1/2020 3:45,3:45:00,6,0,0,4800 NORTH EAGLE STREET & EAST BOLLING DRIVE,1,4,0,0,1,2,0,0,30,0,0,0,0,0,4,3,5
,2020-25133,39.76332,-105.02525,12/31/2020 12:33,12:33:00,12,0,0,3300 NORTH FEDERAL BOULEVARD & WEST 34TH AVENUE,1,1,1,0,1,4,0,0,35,0,0,0,0,0,2,3,13
,2020-25134,39.74559,-104.99515,12/31/2020 13:12,13:12:00,10,0,0,15TH STREET & CHAMPA STREET,1,1,0,0,1,1,0,0,30,0,0,0,0,0,4,2,13
,2020-25135,39.74335,-105.02996,12/31/2020 13:55,13:55:00,6,0,0,1700 NORTH IRVING STREET & WEST 17TH AVENUE,1,1,0,0,1,4,0,0,30,0,0,0,0,0,4,3,5
,2020-25136,39.76191,-104.91262,12/31/2020 19:01,19:01:00,3,0,0,NORTH MONACO STREET & EAST MLK BOULEVARD,1,3,0,0,1,1,0,0,30,0,0,0,0,0,4,3,1
,2020-25137,39.63324,-104.90632,12/31/2020 13:29,13:29:00,12,0,0,I225 SOUTHBOUND & I25 NORTHBOUND / SOUTHBOUND SPLIT,1,1,0,0,1,4,0,0,55,0,0,0,0,1,1,3,1
,2020-25138,39.71706,-104.97872,12/31/2020 8:30,8:30:00,6,0,0,24 NORTH WASHINGTON STREET & EAST ELLSWORTH AVENUE,4,1,1,0,1,5,0,0,15,0,0,0,0,0,4,2,14
,2020-25139,39.63324,-104.90632,12/31/2020 12:05,12:05:00,12,0,0,I225 SOUTHBOUND & I25 NORTHBOUND / SOUTHBOUND SPLIT,1,1,0,0,1,4,0,0,55,0,0,0,0,0,1,3,3
,2020-25140,39.7031,-104.99918,12/31/2020 12:21,12:21:00,3,0,0,700 SOUTH JASON STREET & WEST MISSISSIPPI AVENUE,1,1,0,0,1,2,0,0,15,0,0,0,0,0,4,2,3
,2020-25141,39.76927,-104.91269,12/31/2020 14:16,14:16:00,3,0,0,NORTH MONACO STREET & EAST 38TH AVENUE,1,1,0,0,1,1,0,0,30,0,0,0,0,1,4,3,8
,2020-25142,39.74164,-104.96476,12/31/2020 10:47,10:47:00,3,0,0,NORTH HIGH STREET & EAST 16TH AVENUE,4,1,0,0,1,1,0,0,25,0,0,0,0,0,4,2,14
,2020-25143,39.77421,-104.84704,12/31/2020 20:10,20:10:00,15,0,1,NORTH PEORIA STREET & I70 WB,1,3,0,0,1,1,0,0,35,0,0,0,0,3,4,2,5
,2020-25144,39.6875,-104.93832,12/31/2020 11:30,11:30:00,3,0,0,SOUTH ASH STREET & EAST IOWA AVENUE,4,1,0,0,1,2,0,0,25,0,0,0,0,0,4,2,13
,2020-25145,39.70295,-104.95935,12/31/2020 13:10,13:10:00,12,0,0,700 SOUTH UNIVERSITY BOULEVARD & EAST OHIO AVENUE,1,1,0,0,1,3,0,0,30,0,0,0,0,0,4,2,3
,2020-25146,39.78348,-104.76244,12/31/2020 12:20,12:20:00,6,0,0, ,4,1,0,0,1,2,0,0,25,0,0,0,0,0,4,2,2
,2020-25147,39.68125,-104.93166,12/31/2020 11:34,11:34:00,3,0,0,EAST ATLANTIC PLACE & SOUTH DAHLIA STREET,9,1,0,0,1,2,0,0,25,0,0,0,0,0,4,2,13
,2020-25148,39.72548053,-105.0130699,12/31/2020 13:37,13:37:00,12,0,0,I25 NORTHBOUND & WEST SIXTH AVENUE FWY,1,1,1,0,1,4,0,0,55,0,0,0,0,1,1,2,8
,2020-25149,39.74015,-104.90936,12/31/2020 11:54,11:54:00,15,0,0,EAST COLFAX AVENUE & NORTH NEWPORT STREET,1,1,0,0,1,1,0,0,35,0,0,0,0,0,2,2,1
,2020-25150,39.72909,-104.98886,12/31/2020 13:00,13:00:00,3,0,0,NORTH ACOMA STREET & WEST EIGHTH AVENUE,1,1,0,0,1,1,0,0,35,0,0,0,0,0,4,2,8
,2020-25152,39.7401,-104.99702,12/31/2020 13:57,13:57:00,3,0,0,WEST COLFAX AVENUE & WELTON STREET,1,1,0,0,1,1,0,0,30,0,0,0,0,0,2,2,14
,2020-25153,39.8793445,-104.8205194,12/19/2020 17:01,17:01:00,6,0,0,5100 NORTH CRYSTAL WAY & NORTH CRYSTAL WAY,1,2,0,0,1,4,0,0,25,0,0,0,0,0,4,2,14
,2020-25154,39.72932,-105.02516,12/8/2020 13:17,13:17:00,3,0,0,NORTH FEDERAL BOULEVARD & WEST EIGHTH AVENUE,1,1,0,0,1,1,0,0,35,0,0,0,0,0,2,2,1
,2020-25155,39.67311,-104.97345,12/31/2020 8:23,8:23:00,11,0,1,SOUTH DOWNING STREET & EAST WESLEY AVENUE,1,1,0,0,1,4,0,0,30,0,1,0,0,3,4,2,2
,2020-25156,39.75649,-104.94295,12/12/2020 16:31,16:31:00,6,0,0,EAST 28TH AVENUE & NORTH JACKSON STREET,9,1,0,0,1,1,0,0,,0,0,0,0,0,4,2,16
,2020-25157,39.71466,-104.94985,12/31/2020 3:36,3:36:00,5,0,0,SOUTH STEELE STREET & ELLSWORTH AVENUE EAST,1,4,0,0,2,1,0,0,30,0,0,0,0,0,4,1,5
,2020-25158,39.77401,-104.84704,12/29/2020 19:37,19:37:00,15,0,0,I70 EASTBOUND & NORTH PEORIA STREET,1,4,0,0,1,4,0,0,65,0,0,0,0,0,1,2,13
,2020-25159,39.74033,-105.02986,12/30/2020 7:40,7:40:00,12,0,0,NORTH IRVING STREET & WEST COLFAX AVENUE,1,1,0,0,1,3,0,0,20,0,0,0,0,1,4,2,16
,2020-25160,39.72907,-104.98615,12/7/2020 17:00,17:00:00,12,0,0,EAST EIGHTH AVENUE & NORTH LINCOLN STREET,1,2,0,0,1,1,0,0,25,0,0,0,0,0,4,2,13
,2020-25161,39.69639,-104.98704,12/31/2020 15:32,15:32:00,15,0,0,1100 SOUTH BROADWAY STREET & EAST MISSISSIPPI AVENUE,1,1,0,0,1,3,0,0,35,0,0,0,0,0,4,2,2
,2020-25162,39.66762,-104.90351,12/29/2020 7:49,7:49:00,12,0,0,EAST YALE AVENUE & SOUTH QUEBEC STREET,4,1,2,2,1,4,0,0,35,0,0,0,0,0,4,2,14
,2020-25163,39.74006,-104.98614,12/30/2020 7:20,7:20:00,11,0,0,NORTH LINCOLN STREET & EAST COLFAX AVENUE,1,1,0,0,1,1,0,0,30,1,0,0,0,1,2,1,1
,2020-25164,39.72561,-104.95282,12/22/2020 13:15,13:15:00,6,0,0,2900 EAST SIXTH AVENUE & EAST FILLMORE STREET,1,1,0,0,1,4,0,0,30,0,0,0,0,0,4,2,16
,2020-25165,39.73685,-104.98739,12/30/2020 16:43,16:43:00,12,0,0,EAST 13TH AVENUE & NORTH BROADWAY STREET,1,1,0,0,1,3,0,0,30,0,0,0,0,1,4,2,8
,2020-25166,39.79043,-105.02478,12/7/2020 15:59,15:59:00,3,0,0,FEDERAL BOULEVARD NORTH & 5190,1,1,0,0,1,2,0,0,,0,0,0,0,0,2,2,13
,2020-25167,39.71532,-104.95922,12/30/2020 12:58,12:58:00,12,0,0, ,1,1,0,0,1,4,0,0,30,0,0,0,0,0,4,2,5
,2020-25168,39.63546254,-104.8937119,12/22/2020 0:00,,15,0,0,I225 SOUTHBOUND & DTC BOULEVARD SOUTHBOUND / WB ENTRANCE GORE POINT,1,1,0,0,1,4,0,1,65,0,0,0,0,0,1,2,13
,2020-25169,39.74001,-104.96846,11/2/2020 16:30,16:30:00,12,0,0,NORTH FRANKLIN STREET & EAST COLFAX AVENUE,1,1,0,0,1,1,0,0,25,0,0,0,0,0,4,2,16
,2020-25170,39.72908053,-104.9682499,12/15/2020 13:25,13:25:00,15,0,0,1600 EAST EIGHTH AVENUE & NORTH FRANKLIN STREET,11,1,0,0,1,4,0,0,30,0,0,0,0,0,4,2,13
,2020-25171,39.7783,-104.90343,12/30/2020 13:25,13:25:00,12,0,0,NORTH NORTHFIELD QUEBEC STREET & I70 EASTBOUND ENTRANCE / EXIT RAMPS,1,1,0,0,1,3,0,1,40,0,0,0,0,0,2,2,13
,2020-25172,39.8320135,-104.71553,12/29/2020 12:46,12:46:00,15,0,0,EAST 75TH AVENUE & GUN CLUB ROAD,11,1,0,0,1,3,0,0,45,0,0,0,0,0,4,2,13
,2020-25173,39.67189,-104.94069,12/30/2020 7:21,7:21:00,12,0,0,SOUTH COLORADO BOULEVARD & EAST DICKENSON WAY,1,1,0,0,1,4,0,0,35,0,0,0,0,0,2,3,8
,2020-25174,39.75823,-104.95976,12/16/2020 12:04,12:04:00,12,0,0,EAST 29TH AVENUE & NORTH YORK STREET,11,1,0,0,1,1,0,0,35,0,0,0,0,0,4,2,16
,2020-25175,39.72343,-105.02513,12/30/2020 12:15,12:15:00,15,0,0,500 NORTH FEDERAL BOULEVARD & WEST FIFTH AVENUE,1,1,0,0,1,3,0,0,30,0,0,0,0,0,2,2,13
,2020-25176,39.72370303,-104.8836994,12/30/2020 8:15,8:15:00,12,0,0,EAST LOWRY BOULEVARD & NORTH YOSEMITE WAY,1,1,0,0,1,6,0,0,30,0,0,0,0,0,4,2,8
,2020-25177,39.76086,-105.02522,12/30/2020 12:30,12:30:00,3,0,0,WEST DOUGLAS PLACE & NORTH FEDERAL STREET,1,1,0,0,1,1,0,0,25,0,0,0,0,0,4,2,13
,2020-25178,39.66762,-104.92576,12/30/2020 6:19,6:19:00,12,0,0,I25 SOUTHBOUND & EAST YALE AVENUE,1,1,0,0,1,4,0,0,55,0,0,0,0,1,1,3,14
,2020-25179,39.69767,-105.02508,12/30/2020 13:10,13:10:00,12,0,1,1000 SOUTH FEDERAL BOULEVARD & WEST TENNESSEE AVENUE,1,1,0,0,1,4,0,0,30,0,0,0,0,2,2,3,1
,2020-25180,39.78004,-104.94981,12/30/2020 13:36,13:36:00,1,0,0,EAST 46TH AVENUE & NORTH STEELE STREET,1,1,0,0,1,1,0,0,30,0,0,0,0,0,4,2,7
,2020-25181,39.68142,-105.02271,12/30/2020 6:00,6:00:00,6,0,0,1900 SOUTH DECATUR STREET & WEST JEWELL AVENUE,4,4,0,0,1,4,0,0,25,0,0,0,0,0,4,2,3
,2020-25182,39.66762,-104.92576,12/30/2020 7:40,7:40:00,12,0,0,I25 SOUTHBOUND & EAST YALE AVENUE,1,1,0,0,1,4,0,0,65,0,0,0,0,0,1,2,13
,2020-25183,39.74009,-105.00281,12/18/2020 18:16,18:16:00,12,0,0,WEST COLFAX AVENUE & NORTH MARIPOSA STREET,1,2,0,1,1,1,0,0,35,0,0,0,0,0,4,3,1
,2020-25184,39.72554,-105.01313,12/18/2020 17:48,17:48:00,12,0,0,I25 NORTHBOUND & WEST SIXTH AVENUE,1,2,0,0,1,4,0,0,65,0,0,0,0,0,1,2,13
,2020-25185,39.79838,-104.86133,12/30/2020 16:08,16:08:00,3,0,0,NORTH JOLIET STREET & EAST 56TH AVENUE,1,1,0,0,1,1,0,0,40,0,0,0,0,0,4,2,13
,2020-25186,39.73846,-104.99689,12/30/2020 7:00,7:00:00,15,0,0,WEST 14TH AVENUE & NORTH SPEER BOULEVARD,1,1,0,0,1,1,0,1,30,0,0,0,0,0,4,2,1
,2020-25187,39.75937,-105.02515,12/18/2020 12:21,12:21:00,5,0,0,2900 NORTH FEDERAL BOULEVARD & WEST 29TH AVENUE,11,1,1,2,3,4,0,0,35,0,0,0,0,0,2,1,1
,2020-25188,39.78364,-105.04394,12/18/2020 19:57,19:57:00,5,0,0,I70 WB & NORTH TENNYSON STREET,1,4,1,0,2,4,0,0,65,0,0,0,0,0,1,1,2
,2020-25189,39.75696,-105.01119,11/5/2020 19:10,19:10:00,6,0,0,1400 CENTRAL STREET & 15TH STREET,1,3,1,0,1,4,0,0,25,0,0,0,0,0,4,4,16
,2020-25190,39.74016,-104.89055,12/24/2020 12:50,12:50:00,12,0,0,EAST COLFAX AVENUE & NORTH VERBENA STREET,1,1,0,0,1,1,0,0,25,0,0,0,0,0,2,2,16
,2020-25191,39.75129,-105.01679,12/24/2020 15:12,15:12:00,12,0,0,I25 SOUTHBOUND & WEST 23RD AVENUE,1,1,0,0,1,4,0,0,55,0,0,0,0,0,1,2,16
,2020-25192,39.69046,-105.05323,12/25/2020 16:56,16:56:00,5,0,0,1400 SOUTH SHERIDAN BOULEVARD & WEST FLORIDA AVENUE,1,3,0,0,3,4,0,0,45,0,0,0,0,0,2,1,5
,2020-25194,39.79838951,-104.7873005,12/24/2020 17:04,17:04:00,12,0,0,EAST 56TH AVENUE & NORTH PENA BOULEVARD,1,3,0,0,1,4,0,0,45,0,0,0,0,0,4,2,13
,2020-25195,39.79091,-104.94165,12/22/2020 15:00,15:00:00,12,0,0,EAST 52ND AVENUE & NORTH VASQUEZ BOULEVARD,1,1,0,0,1,1,0,0,35,0,0,0,0,0,4,2,1
,2020-25196,39.61452,-105.09702,12/24/2020 14:12,14:12:00,3,0,0,WEST CROSS DRIVE & SOUTH ESTES STREET,1,1,0,0,1,1,0,0,35,0,0,0,0,0,4,2,13
,2020-25197,39.71625,-104.9127,12/21/2020 16:40,16:40:00,15,0,0, ,1,2,0,0,1,4,0,0,35,0,0,0,0,0,4,2,16
,2020-25198,39.74413,-104.99501,12/21/2020 13:48,13:48:00,12,0,0,1400 STOUT STREET & 19TH STREET,1,1,0,0,1,4,0,0,30,0,0,0,0,0,4,2,13
,2020-25199,39.71121,-104.9989,12/24/2020 20:45,20:45:00,15,0,0,I25 NORTHBOUND & WEST ALAMEDA AVENUE,1,3,0,0,1,4,0,0,55,0,0,0,0,0,1,2,13
,2020-25200,39.72282,-104.99002,12/29/2020 7:12,7:12:00,5,0,0,400 NORTH ACOMABANNOCK ALY & FOURTH AVENUE,4,1,0,0,3,5,0,0,25,0,0,0,0,0,4,1,13
,2020-25201,39.76183,-104.93831,12/30/2020 17:04,17:04:00,3,0,0,EAST MLK BOULEVARD & NORTH ASH STREET,5,2,0,0,1,1,0,0,35,0,0,0,0,0,4,2,5
,2020-25202,39.73681,-104.9586,12/24/2020 13:32,13:32:00,10,0,0,NORTH JOSEPHINE STREET & EAST 13TH AVENUE,1,1,0,0,1,1,0,0,30,0,0,0,0,0,4,2,13
,2020-25203,39.73293,-105.02867,12/24/2020 14:50,14:50:00,6,0,0,NORTH HOOKER STREET & WEST 10TH STREET,1,1,0,0,1,4,0,0,25,0,0,0,0,0,4,2,16
,2020-25204,39.68404,-105.02621,12/28/2020 12:30,12:30:00,6,0,0,SOUTH GROVE STREET & WEST BAILS PLACE,11,1,0,0,1,4,0,0,25,0,0,0,0,0,4,2,1
,2020-25205,39.65432,-104.93201,12/22/2020 9:13,9:13:00,5,0,0,3435 SOUTH DAHLIA STREET  & EAST GIRARD AVENUE,11,1,0,0,3,5,0,0,,0,0,0,0,0,3,1,13
,2020-25206,39.70898,-104.87538,12/21/2020 6:50,6:50:00,5,0,0,EAST ALAMEDA AVENUE & SOUTH DAYTON STREET,1,2,0,0,3,1,0,0,40,0,0,0,0,0,4,1,1
,2020-25207,39.74063653,-104.9886889,12/26/2020 23:00,23:00:00,15,0,1,EAST COLFAX AVENUE & 15TH STREET,1,3,0,0,1,1,0,0,35,0,0,0,0,1,2,2,14
,2020-25209,39.78377,-104.94052,12/22/2020 19:13,19:13:00,11,0,1,EAST 48TH AVENUE & NORTH COLORADO BOULEVARD,1,3,0,0,1,1,0,0,0,0,1,0,0,3,2,1,16
,2020-25210,39.69675,-105.02506,12/24/2020 17:25,17:25:00,1,0,2,SOUTH FEDERAL BOULEVARD & WEST MISSISSIPPI AVENUE,1,2,0,0,1,1,0,0,35,0,0,0,0,2,2,2,2
,2020-25211,39.76421,-104.97334,12/28/2020 12:45,12:45:00,6,0,0,1000 34TH STREET & ARAPAHOE STREET,1,1,0,0,1,4,0,0,25,0,0,0,0,0,4,2,14
,2020-25212,39.67848,-104.98996,11/25/2020 18:03,18:03:00,12,0,0,WEST EVANS AVENUE & SOUTH BANNOCK STREET,1,3,0,0,1,1,0,0,35,0,0,0,0,0,4,2,5
,2020-25214,39.77287,-104.83384,12/31/2020 21:15,21:15:00,15,0,0,I70 EASTBOUND & I225 SOUTHBOUND EXIT RAMP,1,3,0,0,1,4,0,0,65,0,0,0,0,0,1,2,13
,2020-25215,39.68933,-104.89674,12/26/2020 8:20,8:20:00,12,0,0,EAST FLORIDA AVENUE & SOUTH QUEBEC WAY,1,1,0,0,1,4,0,0,20,0,0,0,0,0,4,2,13
,2020-25216,39.62379,-104.90172,12/22/2020 8:00,8:00:00,15,0,0,I25 SOUTHBOUND & EAST BELLEVIEW AVENUE,1,1,0,0,1,4,0,0,65,0,0,0,0,0,1,2,13
,2020-25217,39.70039,-105.02695,12/31/2020 21:12,21:12:00,6,0,0,3000 WEST KENTUCKY AVENUE & SOUTH FEDERAL BOULEVARD,1,3,0,0,1,4,0,0,25,0,0,0,0,0,4,3,5
,2020-25218,39.78406152,-104.9891614,12/31/2020 21:34,21:34:00,15,0,0,I25 NORTHBOUND & 48TH AVENUE,1,3,0,0,1,4,0,0,55,0,0,0,0,0,1,2,13
,2020-25219,39.83115,-104.77946,12/16/2020 11:40,11:40:00,5,0,1,PENA BOULEVARD & 7400 B;L,1,1,0,0,2,4,0,0,,0,0,0,0,2,4,1,16
,2020-25220,39.75931,-104.90816,12/31/2020 2:59,2:59:00,6,0,0,2900 NORTH ONEIDA STREET & EAST 29TH AVENUE,4,3,0,0,1,4,0,0,35,0,0,0,0,0,4,2,2
,2020-25221,39.71486443,-104.8965936,12/30/2020 14:16,14:16:00,12,0,0,I225 SOUTHBOUND & SOUTH TAMARAC STREET,1,1,0,0,1,4,0,0,55,0,0,0,0,0,1,3,8
,2020-25222,39.73892,-105.0251,12/8/2020 20:45,20:45:00,5,0,0,1400 NORTH FEDERAL BOULEVARD & WEST COLFAX AVENUE,1,3,1,0,2,3,0,0,35,0,0,0,0,1,2,1,8
,2020-25223,39.78362951,-104.8096385,12/31/2020 21:35,21:35:00,1,0,0,NORTH CHAMBERS ROAD & EAST GREEN VALLEY RANCH BOULEVARD,1,3,0,0,1,1,0,0,40,0,0,0,0,0,4,2,14
,2020-25224,39.76188,-104.94058,12/23/2020 20:00,20:00:00,1,0,0,NORTH COLORADO BOULEVARD & EAST MLK BOULEVARD,1,3,0,0,1,1,0,0,35,0,0,0,0,0,2,2,16
,2020-25225,39.77943,-105.03421,12/24/2020 9:11,9:11:00,5,0,0,LOWEL BOULEVARD NORTH & 4500,1,1,1,0,3,4,0,0,30,0,0,0,0,0,3,1,16
,2020-25226,39.76205,-104.97334,12/23/2020 23:40,23:40:00,3,0,1,NORTH DOWNING STREET & EAST MLK BOULEVARD,1,3,0,0,1,1,0,0,35,0,0,0,0,2,4,2,16
,2020-25227,39.71861,-104.94496,12/28/2020 18:45,18:45:00,12,0,0,100 NORTH MONROE STREET & EAST FIRST AVENUE,4,3,1,2,1,1,0,0,25,0,0,0,0,1,4,2,13
,2020-25228,39.77842,-104.90357,12/29/2020 19:24,19:24:00,10,0,0,NORTH NORTHFIELD QUEBEC STREET & I70 WB,7,3,0,0,1,1,0,0,35,0,0,0,0,0,2,2,13
,2020-25229,39.75484627,-105.0252064,12/31/2020 22:00,22:00:00,5,0,0,FEDERAL BOULEVARD SOUTH & 26TH AVENUE,1,3,0,0,3,5,0,0,25,0,0,0,0,0,2,1,13
,2020-25230,39.75668,-104.98777,12/31/2020 21:25,21:25:00,3,0,0,24TH STREET & LARIMER STREET,1,3,0,0,1,1,0,0,25,0,0,0,0,0,4,2,5
,2020-25231,39.63575,-104.89352,12/30/2020 17:27,17:27:00,12,0,0,I225 SOUTHBOUND & TAMARAC STREET EXIT RAMP,1,3,0,0,1,8,0,0,65,0,0,0,0,0,1,3,3
,2020-25232,39.8333815,-104.771969,12/18/2020 0:00,,12,0,2,6800 PENA BOULEVARD & TOWER ROAD,1,3,0,0,1,1,0,0,55,0,0,0,0,2,4,2,14
,2020-25233,39.74044,-105.01416,12/31/2020 8:36,8:36:00,5,0,0,I25 SOUTHBOUND & WEST COLFAX AVENUE,1,1,1,0,1,4,0,0,55,0,0,0,0,0,1,2,13
,2020-25234,39.72862,-104.98949,12/28/2020 21:33,21:33:00,12,0,0,NORTH BANNOCK STREET & NORTH SPEER BOULEVARD,4,3,0,2,1,1,0,0,30,0,0,0,0,0,4,2,7
,2020-25235,39.72578,-105.00585,12/19/2020 5:26,5:26:00,5,0,0,NORTH OSAGE STREET & WEST SIXTH AVENUE,4,3,1,0,3,1,0,0,30,0,0,0,0,0,4,1,13
,2020-25236,39.78239,-104.84701,10/22/2020 14:07,14:07:00,3,0,0,EAST 47TH AVENUE & NORTH PEORIA STREET,1,1,0,0,1,2,0,0,35,0,0,0,0,1,4,2,13
,2020-25238,39.71834,-104.97576,12/23/2020 23:07,23:07:00,6,0,0,EAST FIRST AVENUE & NORTH OGDEN STREET,1,3,0,0,1,4,0,0,25,0,0,0,0,0,4,2,5
,2020-25239,39.76075,-104.95976,12/24/2020 11:41,11:41:00,15,0,0,EAST 31ST AVENUE & NORTH YORK STREET,1,1,0,0,1,4,0,0,35,0,0,0,0,0,4,2,13
,2020-25240,39.73648,-104.93501,12/24/2020 12:27,12:27:00,12,0,0,EAST 13TH AVENUE & NORTH CLERMONT STREET,1,1,0,0,1,1,0,0,25,0,0,0,0,0,4,2,13
,2020-25241,39.63324,-104.90632,12/24/2020 11:27,11:27:00,12,0,0,I225 SOUTHBOUND & I25 NORTHBOUND,1,1,0,0,1,14,0,0,65,0,0,0,0,1,1,3,8
,2020-25242,39.72562,-104.98236,12/24/2020 2:19,2:19:00,10,0,0,EAST SIXTH AVENUE & NORTH LOGAN STREET,1,3,0,0,1,1,0,0,35,0,0,0,1,1,4,2,13
,2020-25243,39.72414,-104.98832,12/24/2020 12:45,12:45:00,15,0,0,NORTH BROADWAY STREET & EAST FIFTH AVENUE,1,1,0,0,1,1,0,0,35,0,0,0,1,1,4,2,13
,2020-25244,39.73508353,-104.9407594,12/24/2020 11:44,11:44:00,15,0,0,NORTH COLORADO BOULEVARD & EAST 12TH AVENUE,1,1,0,0,1,1,0,0,35,0,0,0,0,0,2,2,13
,2020-25247,39.69583,-105.02506,12/24/2020 12:44,12:44:00,8,0,0,1100 SOUTH FEDERAL BOULEVARD & MISSISSIPPI AVENUE,1,1,0,0,1,3,0,0,35,0,0,0,0,0,2,2,3
,2020-25248,39.78082,-104.82131,12/24/2020 10:00,10:00:00,12,0,0,4600 NORTH DURHAM COURT & EAST 46TH AVENUE,1,1,0,0,1,2,0,0,,0,0,0,0,0,4,2,13
,2020-25249,39.76213,-105.03344,12/24/2020 11:55,11:55:00,15,0,0,3400 WEST 32ND AVENUE & NORTH LOWELL BOULEVARD,1,1,1,0,1,4,0,0,30,0,0,0,0,0,4,2,16
,2020-25250,39.70571,-104.98279,12/27/2020 9:05,9:05:00,6,0,0,SOUTH LOGAN STREET & EAST CENTER AVENUE,1,1,0,0,1,5,0,0,25,0,0,0,0,0,4,2,16
,2020-25251,39.77728,-104.88278,12/26/2020 21:28,21:28:00,12,0,0,I70 WB & NORTH CENTRAL PARK BOULEVARD,1,3,0,0,1,4,0,0,55,0,0,0,0,1,1,2,1
,2020-25252,39.66751,-104.86611,12/26/2020 23:09,23:09:00,5,0,0,SOUTH HAVANA STREET & EAST YALE AVENUE,1,4,1,0,3,4,0,1,45,0,0,0,0,0,2,1,5
,2020-25253,39.74000353,-104.9920099,12/27/2020 14:15,14:15:00,12,0,0, ,1,1,0,0,1,4,0,0,45,0,0,0,0,0,4,2,3
,2020-25254,39.69586,-105.04721,12/27/2020 10:24,10:24:00,6,0,0,1100 SOUTH WINONA COURT & WEST MISSISSIPPI AVENUE,1,1,1,0,1,4,0,0,25,0,0,0,0,0,4,2,16
,2020-25255,39.72564,-104.98744,12/27/2020 16:25,16:25:00,12,0,0,EAST SIXTH AVENUE & NORTH BROADWAY STREET,1,1,0,0,1,4,0,0,35,0,0,0,0,0,4,2,13
,2020-25256,39.78788,-105.04615,10/30/2020 10:28,10:28:00,6,0,0,5000 NORTH VRAIN STREET & WEST 50TH AVENUE,1,1,1,0,1,4,0,0,25,0,0,0,0,0,4,2,14
,2020-25257,39.74006,-104.98739,12/27/2020 10:37,10:37:00,12,0,0,EAST COLFAX AVENUE & NORTH BROADWAY,1,1,0,0,1,3,0,0,30,0,0,0,0,0,2,2,3
,2020-25258,39.84274,-104.67717,12/27/2020 10:39,10:39:00,12,0,0,8000 PENA BOULEVARD & JACKSON GAP STREET,1,1,0,0,1,4,0,0,45,0,0,0,0,0,4,3,8
,2020-25259,39.73047,-104.96947,12/27/2020 16:15,16:15:00,6,0,0,NINTH AVENUE EAST & 1498,1,1,0,0,1,4,0,0,25,0,0,0,0,0,4,2,13
,2020-25260,39.65051,-105.06638,12/12/2020 2:01,2:01:00,5,0,0,WEST JEFFERSON AVENUE & 6286,4,4,0,2,3,3,0,0,25,0,0,0,0,0,4,2,14
,2020-25261,39.74198,-104.8952,12/26/2020 21:08,21:08:00,5,0,0,EAST 16TH AVENUE & NORTH TAMARAC STREET,1,3,0,0,3,1,0,0,25,0,0,0,0,0,4,1,13