id,drcog_id,latitude,longitude,crashtime,time,crashtype,numbkilled,numbinjurd,drcoglocat,rdconditin,lightngcon,roadcntgrd,weatherco,location,roaddescrp,schoolzone,constrzone,splimit,bikeinv,pedinv,sctrinv,motoinv,svrty,rdsystem,ttlvehcls,hcf
,2020-25262,39.72932,-105.01484,10/23/2020 13:46,13:46:00,15,0,0,I25 NORTHBOUND & WEST EIGHTH AVENUE,1,1,1,0,1,4,0,0,55,0,0,0,0,0,1,2,3
,2020-25263,39.67487,-104.98286,12/27/2020 6:05,6:05:00,6,0,0,2100 SOUTH LOGAN STREET & EAST EVANS AVENUE,1,3,0,0,1,4,0,0,40,0,0,0,0,1,4,4,5
,2020-25264,39.70127,-104.98746,12/27/2020 13:02,13:02:00,12,0,0,800 SOUTH BROADWAY STREET & EAST KENTUCKY AVENUE,1,1,0,0,1,3,0,0,30,0,0,0,0,1,4,3,13
,2020-25265,39.76652,-105.03661,12/27/2020 12:42,12:42:00,6,0,0,3534 NORTH NEWTON STREET & WEST 37TH AVENUE,1,1,0,0,1,4,0,0,25,0,0,0,0,0,4,2,16
,2020-25266,39.78303,-104.90063,12/1/2020 16:56,16:56:00,12,0,0,NORTH NORTHFIELD QUEBEC STREET & I70 EASTBOUND ENTRANCE RAMP,1,1,1,0,1,1,0,0,40,0,0,0,0,0,2,2,5
,2020-25267,39.73442,-104.9904,12/5/2020 15:00,15:00:00,6,0,0,BANNOCK STREET NORTH & 1133,1,1,0,0,1,4,0,0,30,0,0,0,0,0,4,2,16
,2020-25268,39.68309,-104.94055,10/24/2020 18:33,18:33:00,12,0,0,I25 NORTHBOUND & SOUTH COLORADO BOULEVARD EXIT RAMP,1,1,1,0,1,8,0,0,60,0,0,0,0,0,1,2,13
,2020-25289,39.67916,-105.05326,12/26/2020 19:51,19:51:00,3,0,0,SOUTH SHERIDAN BOULEVARD & WEST EVANS AVENUE,1,1,0,0,1,1,0,0,40,0,0,0,0,0,2,3,9
,2020-25290,39.74000353,-104.9920099,12/9/2020 16:00,16:00:00,12,0,0,I70 EASTBOUND & I225 SOUTHBOUND EXIT RAMP,1,1,0,0,1,8,0,0,65,0,0,0,0,0,1,2,5
,2020-25291,39.77653,-104.95637,12/15/2020 12:45,12:45:00,6,0,0,4300 NORTH ELIZABETH STREET & EAST 43RD AVENUE,4,1,0,0,1,4,0,0,25,0,0,0,0,0,4,2,5
,2020-25292,39.68758,-104.99206,12/11/2020 13:45,13:45:00,3,0,2,WEST IOWA AVENUE & SOUTH SANTA FE DRIVE,11,1,0,0,1,3,0,0,30,0,0,0,0,3,2,3,14
,2020-25293,39.77828,-104.91288,11/15/2020 22:39,22:39:00,12,0,0,I70 EASTBOUND & NORTH MONACO STREET,1,4,0,0,1,4,0,1,65,0,0,0,0,1,1,3,1
,2020-25294,39.72383,-104.8842,11/13/2020 10:11,10:11:00,10,0,0,NORTH YOSEMITE STREET & EAST LOWRY BOULEVARD,1,1,0,0,1,6,0,0,15,0,0,0,0,1,4,2,13
,2020-25295,39.74004,-104.98359,11/20/2020 23:05,23:05:00,12,0,0,EAST COLFAX AVENUE & NORTH GRANT STREET,1,3,0,0,1,3,0,0,30,0,0,0,0,0,4,2,5
,2020-25296,39.78021,-105.05089,12/28/2020 9:50,9:50:00,3,0,0,NORTH YATES STREET & WEST 46TH AVENUE,11,1,1,2,1,1,0,0,25,0,0,0,0,1,4,2,13
,2020-25297,39.77995,-104.94051,12/27/2020 12:20,12:20:00,15,0,0,I70 EASTBOUND & NORTH COLORADO BOULEVARD,1,1,0,0,1,4,0,0,55,0,0,0,0,0,1,2,3
,2020-25298,39.78015,-105.00645,12/18/2020 16:07,16:07:00,1,0,0,NORTH PECOS STREET & WEST 46TH AVENUE,11,1,0,0,1,1,0,0,35,0,0,0,0,0,4,2,13
,2020-25299,39.78214,-105.02524,12/27/2020 20:42,20:42:00,12,0,0,NORTH FEDERAL BOULEVARD & WEST 47TH AVENUE,1,3,0,0,1,4,0,0,35,0,0,0,0,0,2,2,16
,2020-25300,39.77878,-104.86582,12/18/2020 16:00,16:00:00,12,0,0,EAST 45TH AVENUE & NORTH HAVANA STREET,1,1,0,0,1,1,0,0,35,0,0,0,0,0,4,2,13
,2020-25301,39.73849,-105.05095,12/28/2020 11:22,11:22:00,3,0,0,WEST 14TH AVENUE & NORTH YATES STREET,11,1,0,2,1,1,0,0,25,0,0,0,0,0,4,2,16
,2020-25302,39.77856252,-104.9034184,12/28/2020 4:14,4:14:00,5,0,2,I70 WB & NORTH QUEBEC STREET,1,3,0,0,3,4,0,0,55,0,0,0,0,2,1,1,7
,2020-25303,39.74398,-105.05321,12/23/2020 17:40,17:40:00,1,0,0,NORTH SHERIDAN BOULEVARD & WEST 17TH AVENUE,1,3,1,0,1,1,0,0,35,0,0,0,0,1,4,2,8
,2020-25304,39.77988,-104.96717,12/27/2020 19:46,19:46:00,15,0,0,I70 EASTBOUND & NORTH BRIGHTON BOULEVARD EXIT RAMP,1,4,0,0,1,4,0,0,55,0,0,0,0,0,1,2,14
,2020-25305,39.73833,-104.91616,12/18/2020 15:40,15:40:00,3,0,0,EAST 14TH AVENUE & NORTH KRAMERIA STREET,11,1,0,0,1,1,0,0,30,0,0,0,0,0,4,2,14
,2020-25306,39.73686553,-104.9752699,12/20/2020 21:25,21:25:00,3,0,0,NORTH OGDEN STREET & 13TH AVENUE,1,3,1,0,1,1,0,0,25,0,0,0,0,0,4,2,13
,2020-25307,39.70404,-105.02509,12/28/2020 10:00,10:00:00,3,0,0,900 SOUTH FEDERAL BOULEVARD & WEST EXPOSITION AVENUE,1,1,0,0,1,2,0,0,35,0,0,0,0,0,2,2,13
,2020-25308,39.73975,-104.96823,12/12/2020 19:00,19:00:00,15,0,0,1600 EAST COLFAX AVENUE & NORTH FRANKLIN STREET,4,3,0,2,1,4,0,0,30,0,0,0,0,0,2,2,14
,2020-25309,39.74451,-104.99132,12/23/2020 18:16,18:16:00,15,0,1,WELTON STREET & 16TH STREET,1,3,0,0,1,3,0,0,25,0,0,0,0,2,4,2,1
,2020-25310,39.78034452,-104.9410699,12/28/2020 5:10,5:10:00,15,0,0,I70 WB & NORTH COLORADO BOULEVARD,1,3,1,0,1,4,0,0,65,0,0,0,0,0,1,2,13
,2020-25311,39.7512,-105.03309,12/23/2020 0:25,0:25:00,15,0,0,WEST 23RD AVENUE & NORTH KING STREET,1,3,0,0,1,4,0,0,25,0,0,0,0,0,4,2,14
,2020-25312,39.73689,-104.9823,12/28/2020 10:00,10:00:00,10,0,0,NORTH LOGAN STREET & EAST 13TH AVENUE,1,1,0,0,1,1,0,0,30,0,0,0,0,0,4,2,13
,2020-25313,39.68982,-104.97342,12/18/2020 17:42,17:42:00,12,0,0,I25 SOUTHBOUND ENTRANCE RAMP FROM & SOUTH DOWNING STREET,1,3,0,0,1,8,0,0,60,0,0,0,0,0,1,2,8
,2020-25314,39.74014,-104.93269,12/28/2020 1:27,1:27:00,5,0,0,EAST COLFAX AVENUE & NORTH DEXTER STREET,1,3,0,0,3,3,0,0,35,0,0,0,0,0,2,1,3
,2020-25315,39.74694,-104.99688,12/27/2020 14:10,14:10:00,10,0,0,15TH STREET & ARAPAHOE STREET,1,1,0,0,1,1,0,0,30,0,0,0,0,0,4,2,3
,2020-25316,39.74758,-105.02524,12/28/2020 11:05,11:05:00,5,0,0,3000 WEST 20TH AVENUE & NORTH FEDERAL BOULEVARD,11,1,1,2,3,2,0,0,25,0,0,0,0,0,4,1,16
,2020-25317,39.72907,-104.9836,12/28/2020 5:35,5:35:00,3,0,0,EAST EIGHTH AVENUE & NORTH GRANT STREET,1,4,1,0,1,1,0,0,25,0,0,0,0,0,4,2,16
,2020-25318,39.78185,-104.97864,12/28/2020 9:10,9:10:00,3,0,0,NORTH WASHINGTON STREET & EAST 47TH AVENUE,1,1,0,0,1,1,0,0,30,0,0,0,0,0,4,2,3
,2020-25319,39.79254,-104.77206,12/18/2020 15:40,15:40:00,3,0,2,EAST ELMENDORF DRIVE & NORTH TOWER ROAD,1,1,0,0,1,1,0,0,25,0,0,0,0,2,4,2,16
,2020-25320,39.75471,-104.89901,12/27/2020 12:31,12:31:00,15,0,0,NORTH SYRACUSE STREET & EAST 26TH AVENUE,1,1,0,0,1,3,0,0,30,0,0,0,0,0,4,2,3
,2020-25321,39.70442,-105.0015,12/28/2020 6:35,6:35:00,1,0,0,600 SOUTH LIPAN STREET & WEST GILL PLACE,1,3,0,0,1,2,0,0,25,0,0,0,0,0,4,2,13
,2020-25322,39.72342,-104.98379,12/27/2020 11:40,11:40:00,15,0,0,EAST SPEER BOULEVARD & NORTH GRANT STREET,1,1,1,0,1,4,0,0,35,0,0,0,0,0,4,2,13
,2020-25323,39.76927,-104.9127,12/21/2020 16:37,16:37:00,3,0,0,EAST 38TH AVENUE & NORTH MONACO STREET,1,1,0,0,1,1,0,0,25,0,0,0,0,0,4,2,5
,2020-25324,39.77238,-105.01272,12/28/2020 8:32,8:32:00,6,0,0,4033 NORTH UMATILLA STREET & WEST 41ST AVENUE,1,1,0,0,1,4,0,0,25,0,0,0,0,0,4,2,16
,2020-25325,39.72932,-105.01505,12/27/2020 15:00,15:00:00,15,0,0,I25 SOUTHBOUND & WEST EIGHTH AVENUE,1,5,1,0,1,4,0,0,65,0,0,0,0,0,1,2,1
,2020-25326,39.79843,-104.73787,12/18/2020 19:48,19:48:00,5,0,0,21400 EAST 56TH AVENUE & NORTH PICADILY ROAD,1,3,0,0,3,4,0,0,45,0,0,0,0,0,4,1,5
,2020-25327,39.72578,-105.00585,12/18/2020 18:18,18:18:00,15,0,0,WEST SIXTH AVENUE & NORTH OSAGE STREET,11,3,1,0,1,4,0,0,65,0,0,0,0,0,4,2,13
,2020-25328,39.74591,-104.97614,12/18/2020 20:56,20:56:00,12,0,0,PARK AVENUE & NORTH EMERSON STREET,4,3,0,0,1,1,0,0,30,0,0,0,0,0,4,2,13
,2020-25329,39.74034,-105.03814,12/18/2020 19:43,19:43:00,10,0,0,WEST COLFAX AVENUE & NORTH OSCEOLA STREET,1,3,3,0,1,1,0,0,35,0,0,0,0,0,2,2,8
,2020-25330,39.79838,-104.78638,11/25/2020 15:15,15:15:00,5,0,0,EAST 56TH AVENUE & PENA BOULEVARD INBOUND,1,1,1,0,3,1,0,0,35,0,0,0,0,0,4,1,14
,2020-25331,39.7029,-104.91284,12/14/2020 22:25,22:25:00,12,0,0,LEETSDALE DRIVE & SOUTH MONACO STREET,9,3,0,2,1,3,0,0,35,0,0,0,0,0,2,2,14
,2020-25332,39.78431,-104.80606,12/19/2020 4:15,4:15:00,6,0,0,NORTH JASPER STREET & EAST 48TH PLACE,4,3,0,0,1,4,0,0,25,0,0,0,0,0,4,2,13
,2020-25333,39.71146,-104.93821,12/23/2020 18:12,18:12:00,12,0,0,4000 EAST ALAMEDA AVENUE & SOUTH COLORADO BOULEVARD,1,3,0,0,1,3,0,0,30,0,0,0,0,0,4,2,2
,2020-25334,39.72412,-104.99638,12/19/2020 8:32,8:32:00,3,0,0,WEST FIFTH AVENUE & NORTH GALAPAGO STREET,1,1,0,0,1,1,0,0,25,0,0,0,0,0,4,2,1
,2020-25335,39.82189,-104.77195,12/18/2020 22:06,22:06:00,1,0,0,NORTH TOWER ROAD & EAST 69TH AVENUE,1,3,0,0,1,1,0,0,40,0,0,0,0,0,4,2,13
,2020-25337,39.73921,-104.94066,12/10/2020 21:08,21:08:00,15,0,0,1400 NORTH COLORADO BOULEVARD & EAST COLFAX AVENUE,11,4,0,2,1,4,0,0,35,0,0,0,0,0,2,2,16
,2020-25338,39.67916,-105.05327,11/29/2020 17:31,17:31:00,1,0,2,SOUTH SHERIDAN BOULEVARD & WEST EVANS AVENUE,1,4,0,0,1,1,0,0,35,0,0,0,0,3,2,2,13
,2020-25339,39.77846,-104.92229,12/15/2020 14:31,14:31:00,15,0,0,I70 EASTBOUND & NORTH HOLLY STREET,11,1,0,0,1,4,0,0,65,0,0,0,0,0,2,2,16
,2020-25340,39.77748,-105.05324,12/18/2020 23:32,23:32:00,3,0,0,4400 NORTH SHERIDAN BOULEVARD & WEST 44TH AVENUE,1,3,0,0,1,2,0,0,35,0,0,0,0,0,2,2,16
,2020-25341,39.74168,-104.98486,12/13/2020 2:45,2:45:00,5,0,0,EAST 16TH AVENUE & NORTH SHERMAN STREET,9,3,0,2,2,1,0,0,25,0,0,0,0,0,4,1,13
,2020-25342,39.73267,-104.91394,12/23/2020 15:00,15:00:00,6,0,0,1000 NORTH LOCUST STREET & EAST 11TH AVENUE,1,1,0,0,1,4,0,0,30,0,0,0,0,0,4,2,7
,2020-25343,39.78004,-104.98919,12/19/2020 6:55,6:55:00,5,0,0,I70 EASTBOUND EXIT RAMP TO & I25 NORTHBOUND,1,1,1,0,3,8,0,0,45,0,0,0,0,0,1,1,13
,2020-25344,39.63828,-104.89479,12/26/2020 17:17,17:17:00,11,0,0,EAST QUINCY AVENUE & SOUTH TAMARAC STREET,1,3,0,0,1,1,0,0,25,0,1,0,0,1,4,1,13
,2020-25345,39.63699,-105.04419,12/18/2020 14:05,14:05:00,6,0,0,4400 SOUTH TENNYSON STREET & WEST RADCLIFF AVENUE,4,1,1,0,1,4,0,0,25,0,0,0,0,0,4,2,13
,2020-25347,39.77402,-104.91281,11/23/2020 21:34,21:34:00,3,0,0,NORTH MONACO STREET & EAST SANDOWN ROAD,1,4,0,0,1,1,0,0,35,0,0,0,0,0,4,2,1
,2020-25348,39.69666,-104.99294,12/10/2020 21:42,21:42:00,10,0,0,SOUTH PLATTE RIVER DRIVE & WEST MISSISSIPPI AVENUE,9,3,0,2,1,1,0,0,45,0,0,0,0,1,2,2,8
,2020-25349,39.65308,-104.91826,12/6/2020 0:04,0:04:00,3,0,0,EAST HAMPDEN AVENUE & I25 NORTHBOUND ENTRANCE / EXIT RAMPS,1,3,0,0,1,1,0,0,35,0,0,0,0,0,2,2,5
,2020-25350,39.76746,-104.90345,12/18/2020 21:10,21:10:00,12,0,0,NORTH QUEBEC STREET & EAST 36TH AVENUE,1,3,0,0,1,1,0,0,35,0,0,0,0,1,4,2,3
,2020-25351,39.67483,-104.94536,12/1/2020 19:39,19:39:00,3,0,0,EAST ILIFF AVENUE & SOUTH MONROE STREET,1,3,0,0,1,3,0,0,,0,0,0,0,0,4,2,3
,2020-25352,39.72759,-104.9892,12/14/2020 6:54,6:54:00,12,0,0,700 NORTH SPEER BOULEVARD & WEST EIGHTH AVENUE,1,2,0,0,1,4,0,0,35,0,0,0,0,0,4,2,16
,2020-25353,39.7399,-104.98211,12/12/2020 22:33,22:33:00,6,0,0,400 EAST COLFAX AVENUE & NORTH PENNSYLVANIA STREET,9,3,0,2,1,4,0,0,35,0,0,0,0,0,2,2,14
,2020-25354,39.75447,-104.95976,12/14/2020 12:47,12:47:00,15,0,0,NORTH YORK STREET & EAST 26TH AVENUE,1,1,0,0,1,4,0,0,30,0,0,0,0,0,4,2,16
,2020-25355,39.71498,-105.02879,12/24/2020 3:22,3:22:00,5,0,0,3200 WEST BAYAUD AVENUE & SOUTH IRVING STREET,1,3,1,0,2,3,0,0,25,0,0,0,0,1,4,2,9
,2020-25356,39.7983,-104.77212,10/18/2020 20:02,20:02:00,3,0,4,NORTH TOWER ROAD & EAST 56TH AVENUE,1,4,0,0,1,1,0,0,45,0,0,0,0,2,4,2,13
,2020-25357,39.77388,-105.04105,12/7/2020 16:00,16:00:00,6,0,0,4100 WEST 42ND AVENUE & NORTH QUITMAN STREET,1,1,1,0,1,4,0,0,25,0,0,0,0,0,4,2,16
,2020-25358,39.73999,-104.95978,12/7/2020 12:06,12:06:00,1,0,0,EAST COLFAX AVENUE & NORTH YORK STREET,1,1,0,0,1,1,0,0,35,0,0,0,0,0,2,2,13
,2020-25359,39.65616,-105.05322,11/20/2020 19:00,19:00:00,15,0,0,SOUTH SHERIDAN BOULEVARD & WEST DARTMOUTH AVENUE,1,3,0,0,1,4,0,0,40,0,0,0,0,0,2,2,16
,2020-25360,39.782,-104.90174,12/15/2020 0:00,,15,0,0,NORTH SAND CREEK ROAD  [SLIP] & NORTH NORTHFIELD QUEBEC STREET,1,2,0,0,1,3,0,0,40,0,0,0,0,0,4,3,16
,2020-25361,39.68939054,-104.9923114,12/26/2020 9:20,9:20:00,10,0,0,WEST FLORIDA AVENUE & SOUTH SANTA FE DRIVE,1,1,0,0,1,3,0,0,30,0,0,0,0,0,4,2,3
,2020-25362,39.70127,-104.98746,11/29/2020 14:30,14:30:00,12,0,0,800 SOUTH BROADWAY STREET & I25 SOUTHBOUND ENTRANCE RAMP,1,1,1,0,1,1,0,0,30,0,0,0,0,0,4,2,13
,2020-25363,39.74406,-104.97864,12/18/2020 18:00,18:00:00,6,0,0,1700 NORTH WASHINGTON STREET & 17TH AVENUE,1,2,0,0,1,4,0,0,35,0,0,0,0,0,4,2,13
,2020-25364,39.77401,-104.84703,12/1/2020 17:54,17:54:00,12,0,0,I70 EASTBOUND EXIT RAMP & NORTH PEORIA STREET,1,3,0,0,1,8,0,0,45,0,0,0,0,0,1,2,14
,2020-25365,39.79839,-104.78638,12/23/2020 17:58,17:58:00,12,0,0,EAST 56TH AVENUE & PENA BOULEVARD INBOUND,1,1,0,0,1,1,0,0,40,0,0,0,0,0,4,2,13
,2020-25367,39.7723,-104.97455,12/15/2020 13:42,13:42:00,12,0,0,38TH STREET & WYNKOOP STREET,11,1,0,2,1,1,0,0,35,0,0,0,0,0,4,3,16
,2020-25369,39.63324,-104.90632,12/26/2020 15:07,15:07:00,12,0,0,I225 SOUTHBOUND & I25 NORTHBOUND / SOUTHBOUND RAMP SPLIT,1,1,0,0,1,4,0,0,45,0,0,0,0,0,1,2,14
,2020-25370,39.74044,-105.01397,12/19/2020 4:39,4:39:00,12,0,0,WEST COLFAX AVENUE & I25 NORTHBOUND EXIT RAMP,1,3,0,0,1,1,0,0,40,0,0,0,0,0,2,2,13
,2020-25371,39.8587,-104.67369,12/13/2020 13:00,13:00:00,6,0,0,PENA BOULEVARD & 8900,9,1,0,0,5,7,0,0,15,0,0,0,0,0,3,2,13
,2020-25372,39.68934,-104.9317,12/19/2020 8:28,8:28:00,1,0,0,SOUTH DAHLIA STREET & EAST FLORIDA AVENUE,1,1,0,0,1,1,0,0,30,0,0,0,0,0,4,2,14
,2020-25373,39.82189,-104.77195,10/20/2020 1:13,1:13:00,3,0,0,NORTH TOWER ROAD & EAST 69TH AVENUE,1,4,0,0,1,3,0,0,40,0,0,0,0,0,4,2,1
,2020-25374,39.71299,-104.98754,12/26/2020 17:06,17:06:00,3,0,0,SOUTH BROADWAY STREET & EAST CEDAR AVENUE,1,3,0,0,1,1,0,0,25,0,0,0,0,0,4,2,13
,2020-25375,39.77995,-104.94067,12/21/2020 19:09,19:09:00,15,0,0,NORTH COLORADO BOULEVARD & I70 EASTBOUND EXIT RAMP,1,4,0,0,1,4,0,1,30,0,0,0,0,1,2,2,13
,2020-25376,39.77425152,-104.8471099,12/19/2020 4:02,4:02:00,12,0,2,I70 EASTBOUND & PEORIA STREET,1,4,1,0,1,4,0,0,,0,0,0,0,2,1,2,5
,2020-25377,39.78095,-104.88612,12/18/2020 18:15,18:15:00,3,0,0,EAST 46TH PLACE & NORTH XENIA STREET,1,3,0,0,1,1,0,0,25,0,0,0,0,0,4,2,7
,2020-25378,39.69851,-105.02464,12/5/2020 15:30,15:30:00,15,0,0,1000 SOUTH FEDERAL BOULEVARD & WEST MISSISSIPPI AVENUE,1,1,0,0,1,2,0,0,40,0,0,0,0,0,2,2,13
,2020-25379,39.7414,-104.99884,12/24/2020 7:53,7:53:00,12,0,0,NORTH SPEER BOULEVARD & STOUT STREET,1,1,0,0,1,1,0,0,35,0,0,0,0,0,4,2,13
,2020-25380,39.77841,-104.91288,12/25/2020 16:02,16:02:00,12,0,0,I70 WB & NORTH MONACO STREET,1,1,0,0,1,4,0,1,65,0,0,0,0,1,1,2,16
,2020-25381,39.68569,-104.94069,12/18/2020 20:44,20:44:00,12,0,0,SOUTH COLORADO BOULEVARD & EAST MEXICO AVENUE,11,3,0,0,1,1,0,0,35,0,0,0,0,0,4,2,13
,2020-25383,39.67835,-104.99225,12/26/2020 19:22,19:22:00,14,0,0,WEST EVANS AVENUE & SOUTH DELAWARE STREET,1,3,1,0,1,4,0,0,35,0,0,0,0,0,4,2,5
,2020-25384,39.693,-104.97728,12/19/2020 8:08,8:08:00,8,0,1,EAST LOUISIANA AVENUE & EAST BUCHTEL BOULEVARD,1,1,0,0,1,1,0,0,25,0,0,0,0,2,4,2,13
,2020-25386,39.75079,-104.98492,12/6/2020 21:08,21:08:00,3,0,0,22ND STREET & CALIFORNIA STREET,1,3,0,0,1,1,0,0,30,0,0,0,0,1,4,2,14
,2020-25387,39.77853552,-104.9128684,12/25/2020 16:02,16:02:00,12,0,0,I70 WB & NORTH MONACO STREET,1,1,0,0,1,4,0,1,55,0,0,0,0,0,1,2,16
,2020-25388,39.67839,-104.92869,12/10/2020 15:26,15:26:00,15,0,0,4900 EAST EVANS AVENUE & SOUTH GRAPE STREET,1,1,0,0,1,4,0,0,30,0,0,0,0,0,4,2,7
,2020-25389,39.77445,-104.75134,12/2/2020 5:00,5:00:00,5,0,0,EAST 42ND AVENUE & NORTH IRELAND STREET,1,3,0,0,3,1,0,0,25,0,0,0,0,0,4,1,14
,2020-25390,39.67908,-104.95982,11/17/2020 13:30,13:30:00,6,0,0,UNIVERSITY BOULEVARD & 2075 SOUTH,1,1,0,0,1,7,0,0,,0,0,0,0,0,4,2,14
,2020-25391,39.72932,-105.02516,12/6/2020 13:39,13:39:00,12,0,0,NORTH FEDERAL BOULEVARD & WEST EIGHTH AVENUE,1,1,0,0,1,1,0,0,35,0,0,0,0,0,2,2,16
,2020-25392,39.78423,-105.02519,12/10/2020 9:05,9:05:00,15,0,0,I70 EASTBOUND & NORTH FEDERAL BOULEVARD EXIT RAMP,1,1,0,0,1,4,0,0,65,0,0,0,0,0,1,2,13
,2020-25393,39.76802,-104.99497,12/25/2020 22:26,22:26:00,12,0,0,I25 NORTHBOUND ENTRANCE RAMP  FROM & PARK AVENUE WEST,1,3,1,0,1,8,0,0,,0,0,0,0,1,1,2,14
,2020-25394,39.7111,-104.97691,12/26/2020 13:10,13:10:00,3,0,0,EAST ALAMEDA AVENUE & SOUTH EMERSON STREET,1,1,1,0,1,1,0,0,30,0,0,0,0,1,4,3,13
,2020-25395,39.68849,-104.99184,11/9/2020 10:34,10:34:00,15,0,0,1500 SOUTH SANTA FE DRIVE & WEST FLORIDA AVENUE,1,1,0,0,1,4,0,0,55,0,0,0,0,0,2,2,14
,2020-25396,39.79451,-104.83921,12/22/2020 5:50,5:50:00,6,0,0,5500 NORTH TUCSON STREET & EAST 55TH AVENUE,1,2,0,0,1,4,0,0,25,0,0,0,0,0,4,2,14
,2020-25397,39.75701,-104.98736,12/26/2020 10:44,10:44:00,3,0,0,NORTH BROADWAY STREET & LARIMER STREET,1,1,0,0,1,1,0,0,30,0,0,0,0,0,4,2,13
,2020-25398,39.75861,-104.97783,12/20/2020 19:32,19:32:00,6,0,0,2900 CHAMPA STREET & 30TH STREET,1,3,0,0,1,4,0,0,25,0,0,0,0,0,4,2,16
,2020-25399,39.77968,-104.97916,12/26/2020 10:30,10:30:00,12,0,0,I70 WB & NORTH WASHINGTON STREET,1,1,0,0,1,4,0,0,,0,0,0,0,0,1,2,16
,2020-25400,39.65307554,-104.9128279,12/9/2020 23:00,23:00:00,12,0,0,HAMPDEN AVENUE & MONACO PARKWAY,1,3,0,0,1,1,0,0,35,0,0,0,0,0,2,2,8
,2020-25401,39.72543,-105.03973,12/5/2020 10:40,10:40:00,12,0,0,4000 WEST SIXTH AVENUE & SOUTH PERRY STREET,1,1,0,0,1,1,0,0,25,0,0,0,0,0,4,2,3
,2020-25402,39.63414,-104.90674,12/30/2020 20:45,20:45:00,15,0,0,I25 NORTHBOUND & I225 NORTHBOUND,1,3,0,0,1,4,0,0,55,0,0,0,0,0,1,2,14
,2020-25403,39.75537,-105.01269,12/18/2020 16:41,16:41:00,12,0,0,I25 SOUTHBOUND & NORTH SPEER BOULEVARD,11,1,0,0,1,4,0,0,55,0,0,0,0,0,1,2,16
,2020-25404,39.76556,-105.053,12/11/2020 10:50,10:50:00,5,0,0,NORTH SHERIDAN BOULEVARD & 3440,9,1,0,2,3,4,0,0,40,0,0,0,0,0,2,1,14
,2020-25405,39.74016,-104.95006,11/22/2020 16:00,16:00:00,6,0,0,EAST COLFAX AVENUE & NORTH STEELE STREET,1,1,0,0,1,4,0,0,35,0,0,0,0,0,4,2,14
,2020-25406,39.70855,-105.02983,12/14/2020 15:20,15:20:00,6,0,0,3400 WEST ALASKA PLACE & SOUTH KNOX COURT,7,1,0,0,1,4,0,0,25,0,0,0,0,0,4,2,16
,2020-25407,39.73871,-104.88938,12/31/2020 9:45,9:45:00,3,0,0,EAST 14TH AVENUE & NORTH WABASH STREET,1,1,0,0,1,1,0,0,25,0,0,0,0,0,4,2,7
,2020-25408,39.75483,-105.02131,12/26/2020 11:39,11:39:00,6,0,0,2700 WEST 26TH AVENUE & NORTH CLAY STREET,1,1,0,0,1,4,0,0,35,0,0,0,0,0,4,2,14
,2020-25409,39.78787,-104.80977,11/21/2020 16:00,16:00:00,2,0,1,EAST 52ND AVENUE & NORTH CHAMBERS ROAD,1,1,0,0,1,1,0,0,25,1,0,0,0,2,4,2,3
,2020-25410,39.75832,-104.98745,11/26/2020 20:33,20:33:00,3,0,0,NORTH BROADWAY STREET & WALNUT STREET,1,3,0,0,1,1,0,0,30,0,0,0,0,3,4,2,5
,2020-25411,39.72253,-105.00018,12/26/2020 13:54,13:54:00,3,0,0,NORTH KALAMATH STREET & WEST FOURTH AVENUE,1,1,0,0,1,1,0,0,30,0,0,0,0,1,4,2,13
,2020-25412,39.75513,-105.01272,12/10/2020 17:34,17:34:00,12,0,0,NORTH SPEER BOULEVARD & I25 NORTHBOUND ENTRANCE RAMP,1,3,1,0,1,8,0,0,65,0,0,0,0,0,1,2,1
,2020-25413,39.76231,-104.86591,12/26/2020 13:45,13:45:00,12,0,0,NORTH HAVANA STREET & NORTH FLORENCE STREET,1,1,0,0,1,1,0,0,35,0,0,0,0,0,4,2,7
,2020-25414,39.77287,-104.83383,12/4/2020 17:25,17:25:00,15,0,0,I70 EASTBOUND & I225 SOUTHBOUND EXIT RAMP,1,3,0,0,1,4,0,0,55,0,0,0,0,1,1,2,1
,2020-25415,39.73682,-104.96225,12/23/2020 16:05,16:05:00,12,0,0,NORTH VINE STREET & EAST 13TH AVENUE,1,1,1,0,1,5,0,0,30,0,0,0,0,1,4,2,16
,2020-25416,39.77401,-104.84704,11/20/2020 10:30,10:30:00,12,0,0,I70 EASTBOUND EXIT RAMP _ & NORTH PEORIA STREET EASTBOUND OFF RAMP SPLIT,1,1,0,0,1,8,0,0,35,0,0,0,0,0,4,2,3
,2020-25417,39.7584,-105.01584,12/18/2020 21:28,21:28:00,14,0,5,WEST 29TH AVENUE & NORTH ZUNI STREET,1,3,0,0,1,3,0,0,30,0,0,0,0,3,4,4,5
,2020-25418,39.68934,-104.9317,11/17/2020 17:32,17:32:00,2,0,1,SOUTH DAHLIA STREET & EAST FLORIDA AVENUE,1,3,0,0,3,1,0,0,,1,0,0,0,2,4,2,16