id,drcog_id,latitude,longitude,crashtime,time,crashtype,numbkilled,numbinjurd,drcoglocat,rdconditin,lightngcon,roadcntgrd,weatherco,location,roaddescrp,schoolzone,constrzone,splimit,bikeinv,pedinv,sctrinv,motoinv,svrty,rdsystem,ttlvehcls,hcf
,2020-25419,39.67867,-105.01802,12/25/2020 0:01,0:01:00,6,0,0,WEST EVANS AVENUE & SOUTH BRYANT STREET,1,1,0,0,1,4,0,0,25,0,0,0,0,0,4,2,14
,2020-25420,39.72817,-104.97994,12/9/2020 8:37,8:37:00,5,0,0,700 NORTH PEARL STREET & EAST EIGHTH AVENUE,1,1,0,0,1,4,0,0,25,0,0,0,0,0,4,1,14
,2020-25421,39.77842,-104.90357,12/7/2020 7:40,7:40:00,15,0,0,NORTH NORTHFIELD QUEBEC STREET & I70 WB ENTRANCE / EXIT RAMPS,1,1,0,0,1,4,0,1,40,0,0,0,0,0,2,2,1
,2020-25422,39.68284,-105.0532,12/25/2020 20:16,20:16:00,1,0,0,1800 SOUTH SHERIDAN BOULEVARD & WEST JEWELL AVENUE,1,3,0,0,1,2,0,0,40,0,0,0,0,1,2,2,13
,2020-25423,39.73828,-104.94067,11/2/2020 11:40,11:40:00,12,0,0,NORTH COLORADO BOULEVARD & EAST 14TH AVENUE,1,1,0,0,1,1,0,0,35,0,0,0,0,1,2,2,14
,2020-25424,39.74004,-104.98359,11/12/2020 18:33,18:33:00,11,0,1,EAST COLFAX AVENUE & NORTH GRANT STREET,1,3,0,0,1,1,0,0,30,0,1,0,0,2,2,1,14
,2020-25425,39.67852,-104.98757,12/16/2020 15:56,15:56:00,12,0,0,WEST EVANS AVENUE & SOUTH BROADWAY STREET,1,1,0,0,1,3,0,0,30,0,0,0,0,0,4,2,3
,2020-25426,39.77951,-104.74227,12/5/2020 17:35,17:35:00,6,0,1,4500 NORTH MALAYA STREET & EAST 45TH AVENUE,1,3,0,0,3,3,0,0,25,0,0,0,0,2,4,4,1
,2020-25427,39.74003,-104.9811,12/25/2020 21:27,21:27:00,6,0,2,EAST COLFAX AVENUE & NORTH PENNSYLVANIA STREET,1,3,0,0,1,4,0,0,35,0,0,0,0,1,2,2,4
,2020-25428,39.74273,-105.02522,12/21/2020 17:11,17:11:00,12,0,0,NORTH FEDERAL BOULEVARD & WEST 16TH AVENUE,1,3,0,0,1,4,0,0,35,0,0,0,0,0,2,4,5
,2020-25429,39.65308,-104.91826,12/16/2020 16:56,16:56:00,15,0,0,I25 NORTHBOUND ENTRANCE RAMP  FROM & EAST HAMPDEN AVENUE,1,1,0,0,1,8,0,0,55,0,0,0,0,0,1,2,13
,2020-25430,39.77834,-104.84006,12/20/2020 0:00,,6,0,0,4300 NORTH CROWN BOULEVARD & NORTH CROWN BOULEVARD,1,2,0,0,1,4,0,0,25,0,0,0,0,0,4,3,13
,2020-25431,39.66155,-105.05185,12/22/2020 20:32,20:32:00,6,0,0,ZURICH STREET SOUTH & 2934,1,3,1,6,2,4,0,0,20,0,0,0,0,0,4,4,14
,2020-25432,39.67672,-105.04276,12/31/2020 2:06,2:06:00,5,0,0,SOUTH STUART STREET & WEST WARREN AVENUE,4,3,1,0,4,3,0,0,25,0,0,0,0,0,4,1,16
,2020-25433,39.74002,-104.98111,11/23/2020 15:58,15:58:00,11,0,2,EAST COLFAX AVENUE & NORTH PENNSYLVANIA STREET,1,1,0,0,1,1,0,0,0,0,1,0,1,3,2,1,16
,2020-25434,39.72134,-105.03371,12/30/2020 22:07,22:07:00,6,0,0,3500 WEST THIRD AVENUE & NORTH KING STREET,4,3,0,0,1,4,0,0,25,0,0,0,0,0,4,2,13
,2020-25435,39.72487,-104.95946,12/22/2020 7:36,7:36:00,12,0,0,500 NORTH UNIVERSITY BOULEVARD & EAST FOURTH AVENUE,1,1,0,0,1,4,0,0,30,0,0,0,0,0,4,2,16
,2020-25436,39.79304,-104.80034,12/13/2020 9:34,9:34:00,5,0,0,54TH AVENUE & 16115 EAST,4,3,0,2,2,4,0,0,25,0,0,0,0,0,4,1,5
,2020-25437,39.70041,-105.02508,12/17/2020 11:35,11:35:00,3,0,0,SOUTH FEDERAL BOULEVARD & WEST KENTUCKY AVENUE,1,1,0,0,1,1,0,0,30,0,0,0,0,0,2,3,14
,2020-25438,39.68212,-104.9924,12/25/2020 22:20,22:20:00,5,0,0,WEST JEWELL AVENUE & SOUTH SANTA FE DRIVE,1,3,0,0,3,1,0,0,45,0,0,0,0,0,2,1,1
,2020-25439,39.73847,-105.00156,12/10/2020 21:48,21:48:00,3,0,0,WEST 14TH AVENUE & NORTH LIPAN STREET,9,3,0,2,1,1,0,0,30,0,0,0,0,0,4,2,13
,2020-25440,39.71122,-105.03306,12/14/2020 14:50,14:50:00,15,0,0,3400 WEST ALAMEDA AVENUE & SOUTH KNOX COURT,1,1,0,0,1,3,0,0,30,0,0,0,0,0,2,2,16
,2020-25441,39.7328,-104.90178,11/26/2020 18:35,18:35:00,12,0,0,7400 EAST 11TH AVENUE & NORTH ROSLYN STREET,1,3,0,0,1,5,0,0,35,0,0,0,0,1,4,2,1
,2020-25442,39.71134,-105.05325,12/25/2020 15:50,15:50:00,1,0,0,SOUTH SHERIDAN BOULEVARD & WEST ALAMEDA AVENUE,1,1,0,0,1,1,0,0,35,0,0,0,0,1,2,2,13
,2020-25443,39.69296,-104.95934,12/26/2020 9:25,9:25:00,12,0,1,SOUTH UNIVERSITY BOULEVARD & EAST LOUISIANA AVENUE,1,1,0,0,1,3,0,0,45,0,0,0,0,2,4,3,1
,2020-25444,39.72646743,-105.0119391,12/24/2020 11:54,11:54:00,12,0,1,I25 NORTHBOUND & WEST SIXTH AVENUE EXIT RAMP,1,1,1,0,1,4,0,0,55,0,0,0,0,3,1,2,3
,2020-25445,39.77853552,-104.9128684,12/7/2020 12:00,12:00:00,15,0,0,I70 WB & NORTH MONACO STREET,1,1,0,0,1,4,0,0,65,0,0,0,0,0,1,2,13
,2020-25446,39.77995,-104.94067,12/8/2020 19:30,19:30:00,12,0,0,I70 EASTBOUND & NORTH COLORADO BOULEVARD,1,3,0,0,1,4,0,0,65,0,0,0,0,0,1,2,16
,2020-25447,39.74378,-104.88465,12/16/2020 23:00,23:00:00,12,0,0,EAST 17TH AVENUE & NORTH YOSEMITE STREET,11,3,0,0,1,1,0,0,25,0,0,0,0,0,4,2,13
,2020-25448,39.69778,-104.92322,12/10/2020 0:00,0:00:00,6,0,0,5500 EAST YALE DRIVE & SOUTH HOLLY STREET,1,4,0,0,1,4,0,0,20,0,0,0,0,0,4,3,14
,2020-25449,39.66778,-105.05326,12/25/2020 19:00,19:00:00,3,0,2,SOUTH SHERIDAN BOULEVARD & WEST YALE AVENUE,1,3,1,0,1,3,0,0,40,0,0,0,0,2,2,2,13
,2020-25450,39.73515,-104.9787,12/25/2020 20:23,20:23:00,3,0,0,EAST 12TH AVENUE & NORTH WASHINGTON STREET,1,3,0,0,1,1,0,0,35,0,0,0,0,1,4,3,14
,2020-25456,39.69666,-104.99188,12/1/2020 16:59,16:59:00,15,0,0,SOUTH SANTA FE DRIVE & WEST MISSISSIPPI AVENUE,1,1,0,0,1,4,0,0,35,0,0,0,0,0,2,2,5
,2020-25457,39.77658,-105.04397,10/31/2020 22:16,22:16:00,12,0,0,WEST 44TH AVENUE & NORTH TENNYSON STREET,1,3,0,0,1,3,0,0,25,0,0,0,0,0,4,2,13
,2020-25459,39.77315,-104.84703,12/31/2020 17:23,17:23:00,15,0,0,4000 NORTH PEORIA STREET & EAST 39TH AVENUE,1,3,0,0,1,4,0,0,35,0,0,0,0,0,4,2,14
,2020-25460,39.75832,-104.98744,12/30/2020 14:00,14:00:00,3,0,1,NORTH BROADWAY STREET & WALNUT STREET,1,1,0,0,1,1,0,0,35,0,0,0,0,3,4,2,10
,2020-25461,39.74036,-105.04867,12/31/2020 15:45,15:45:00,11,0,1,WEST COLFAX AVENUE & NORTH WOLFF STREET,1,1,0,0,1,1,0,0,0,0,1,0,0,3,2,1,16
,2020-25463,39.75951,-104.86421,12/31/2020 17:50,17:50:00,10,0,0,EAST MLK BOULEVARD & NORTH HAVANA STREET,1,3,0,0,1,1,0,0,25,0,0,0,0,0,4,2,1
,2020-25464,39.66748,-104.92567,12/4/2020 16:12,16:12:00,15,0,1,I25 SOUTHBOUND & EAST YALE AVENUE,1,3,0,0,1,4,0,0,55,0,0,0,0,2,1,3,13
,2020-25467,39.7414,-104.99884,12/29/2020 15:23,15:23:00,3,0,0,NORTH SPEER BOULEVARD & STOUT STREET,1,1,1,0,1,1,0,0,35,0,0,0,0,0,4,2,8
,2020-25468,39.77055,-104.94048,12/29/2020 11:57,11:57:00,12,0,0,3900 NORTH COLORADO BOULEVARD & EAST 40TH AVENUE,11,1,0,0,1,3,0,0,40,0,0,0,0,0,2,2,3
,2020-25469,39.76112,-105.0105,12/29/2020 11:09,11:09:00,6,0,0,1700 ERIE STREET & 18TH STREET,4,1,1,0,1,4,0,0,30,0,0,0,0,0,4,2,13
,2020-25470,39.75848,-105.02523,12/29/2020 15:40,15:40:00,1,0,0,WEST 29TH AVENUE & NORTH FEDERAL BOULEVARD,1,1,0,0,1,1,0,0,30,0,0,0,0,0,4,2,1
,2020-25471,39.83201,-104.71554,12/29/2020 12:46,12:46:00,1,0,0,EAST 75TH AVENUE & NORTH GUN CLUB ROAD,7,1,0,2,1,1,0,0,45,0,0,0,0,0,4,2,8
,2020-25472,39.62412,-104.88977,12/30/2020 15:25,15:25:00,11,0,0,EAST BELLEVIEW AVENUE & SOUTH DTC BOULEVARD,1,1,0,0,1,1,0,0,30,0,1,0,0,0,4,1,14
,2020-25473,39.73686,-104.99165,12/29/2020 14:20,14:20:00,10,0,0,WEST 13TH AVENUE & NORTH CHEROKEE STREET,11,1,1,2,1,1,0,0,30,0,0,0,0,1,4,2,7
,2020-25474,39.78716,-104.9016,12/29/2020 8:45,8:45:00,8,0,0,5900 NORTH QUEBEC STREET & I270 WB,9,1,0,0,1,4,0,0,40,0,0,0,0,0,2,3,13
,2020-25475,39.8333,-104.77238,12/29/2020 10:45,10:45:00,12,0,0,7500 PENA BOULEVARD INBOUND & EAST 75TH AVENUE,7,1,0,0,1,4,0,0,45,0,0,0,0,0,4,2,1
,2020-25476,39.72211,-105.05327,12/29/2020 6:50,6:50:00,12,0,0,300 NORTH SHERIDAN BOULEVARD & WEST FOURTH AVENUE,4,1,1,0,1,4,0,0,35,0,0,0,0,0,2,2,1
,2020-25477,39.78368,-105.05324,12/29/2020 6:00,6:00:00,15,0,0,I70 WB & NORTH SHERIDAN BOULEVARD EXIT RAMP,4,3,1,2,1,4,0,0,55,0,0,0,0,1,1,2,13
,2020-25478,39.73562,-104.90346,10/23/2020 19:54,19:54:00,3,0,0,NORTH QUEBEC STREET & EAST 12TH AVENUE,1,3,0,0,1,1,0,0,25,0,0,0,0,1,4,2,16
,2020-25479,39.78001,-104.74931,12/29/2020 10:03,10:03:00,3,0,0,EAST 47TH AVENUE & NORTH JEBEL STREET,4,1,0,0,1,1,0,0,25,0,0,0,0,0,4,2,1
,2020-25480,39.74002,-104.97479,12/30/2020 17:00,17:00:00,12,0,0,EAST COLFAX AVENUE & NORTH OGDEN STREET,1,2,0,0,1,3,0,0,35,0,0,0,0,0,2,3,3
,2020-25481,39.77421,-104.84704,12/29/2020 12:05,12:05:00,12,0,0,NORTH PEORIA STREET & I70 WB,1,1,0,0,1,3,0,0,35,0,0,0,0,0,4,3,13
,2020-25482,39.76974,-104.97263,12/16/2020 14:00,14:00:00,12,0,0,3700 WALNUT STREET & NORTH DOWNING STREET,1,1,0,0,1,4,0,0,35,0,0,0,0,0,4,2,14
,2020-25483,39.71128,-104.90349,12/29/2020 9:50,9:50:00,12,0,0,SOUTH QUEBEC STREET & EAST ALAMEDA AVENUE,4,1,1,0,1,3,0,0,35,0,0,0,0,0,4,3,13
,2020-25484,39.68312654,-104.9406514,12/28/2020 19:00,19:00:00,12,0,0,SOUTH COLORADO BOULEVARD & I25 SOUTHBOUND ON RAMP [LOOP],9,4,1,2,1,4,0,0,35,0,0,0,0,0,2,2,14
,2020-25485,39.7328,-104.93163,12/29/2020 8:26,8:26:00,5,0,1,EAST HALE PARKWAY & NORTH DAHLIA STREET,4,1,0,0,2,3,0,0,,0,0,0,0,2,4,1,16
,2020-25486,39.74325,-104.97339,12/29/2020 7:50,7:50:00,3,0,0,NORTH DOWNING STREET & EAST 17TH AVENUE,9,1,0,0,1,1,0,0,25,0,0,0,0,0,4,2,13
,2020-25487,39.67482,-104.93632,12/29/2020 11:11,11:11:00,3,0,0,EAST ILIFF AVENUE & SOUTH BIRCH STREET,4,1,0,0,1,1,0,0,25,0,0,0,0,0,4,2,13
,2020-25488,39.75072,-104.9678,12/28/2020 20:13,20:13:00,6,0,0,1600 EAST 23RD AVENUE & NORTH GILPIN STREET,9,3,0,2,1,4,0,0,35,0,0,0,0,0,4,2,16
,2020-25489,39.78625109,-104.791086,12/31/2020 11:55,11:55:00,12,0,0,6700 PENA BOULEVARD & MILE POST 5,1,1,0,0,1,4,0,0,65,0,0,0,0,0,4,2,13
,2020-25490,39.75447,-104.95976,7/22/2020 9:21,9:21:00,10,0,0,NORTH YORK STREET & EAST 26TH AVENUE,1,1,0,0,1,1,0,0,30,0,0,0,0,0,4,2,14
,2020-25491,39.69296,-104.93737,12/29/2020 12:16,12:16:00,5,0,1,EAST LOUISIANA AVENUE & SOUTH BELLAIRE STREET,4,1,1,0,2,1,0,0,30,0,0,0,0,2,4,1,1
,2020-25492,39.71119,-104.99647,12/28/2020 17:05,17:05:00,12,0,0,800 WEST ALAMEDA AVENUE & SOUTH SANTA FE DRIVE,11,3,0,2,1,4,0,0,30,0,0,0,0,0,4,2,16
,2020-25493,39.74028,-104.9881,12/28/2020 14:45,14:45:00,15,0,0,CHEYENNE PLACE & WEST COLFAX AVENUE,11,1,0,0,1,6,0,0,30,0,0,0,0,0,2,2,13
,2020-25494,39.72552,-105.01336,12/28/2020 16:30,16:30:00,15,0,0,I25 SOUTHBOUND & WEST SIXTH AVENUE WB EXIT RAMP,1,1,0,0,1,4,0,0,65,0,0,0,0,0,1,2,16
,2020-25495,39.6895,-105.02108,12/28/2020 20:44,20:44:00,14,0,0,2700 WEST FLORIDA AVENUE & SOUTH DECATUR STREET,4,3,0,2,1,4,0,0,35,0,0,0,0,0,4,2,14
,2020-25496,39.69143,-104.91289,12/28/2020 17:45,17:45:00,1,0,0,SOUTH MONACO STREET & EAST CHERRY CREEK NORTH DRIVE,9,3,0,0,1,1,0,0,30,0,0,0,0,1,4,2,3
,2020-25497,39.76927,-104.91269,12/29/2020 14:30,14:30:00,3,0,3,EAST 38TH AVENUE & NORTH MONACO STREET,11,1,0,0,1,1,0,0,25,0,0,0,0,3,4,2,1
,2020-25498,39.71941,-104.94981,12/28/2020 15:15,15:15:00,3,0,0,EAST SECOND AVENUE & NORTH STEELE STREET,1,1,0,0,1,1,0,0,25,0,0,0,0,0,4,2,14
,2020-25499,39.69657,-104.94061,12/29/2020 13:40,13:40:00,12,0,0,SOUTH COLORADO BOULEVARD & EAST MISSISSIPPI AVENUE,11,1,1,0,1,1,0,0,30,0,0,0,0,0,4,2,13
,2020-25500,39.70719,-104.86827,12/28/2020 21:00,21:00:00,6,0,0,EAST VIRGINIA AVENUE & SOUTH GALENA WAY,4,3,0,2,1,1,0,0,30,0,0,0,0,0,4,2,14
,2020-25501,39.73288,-104.97411,12/29/2020 12:11,12:11:00,6,0,0,1000 NORTH CORONA STREET & EAST 11TH STREET,11,1,1,0,1,4,0,0,25,0,0,0,0,1,4,5,14
,2020-25502,39.65309,-104.91535,12/30/2020 18:50,18:50:00,12,0,0,EAST HAMPDEN AVENUE & SOUTH LOCUST STREET,1,3,0,0,1,3,0,0,35,0,0,0,0,0,2,2,1
,2020-25503,39.79839,-104.78638,12/31/2020 7:32,7:32:00,12,0,0,EAST 56TH AVENUE & PENA BOULEVARD,1,1,0,0,1,1,0,0,35,0,0,0,0,0,4,2,13
,2020-25504,39.74489,-104.98612,12/29/2020 5:34,5:34:00,3,0,0,EAST 18TH AVENUE & NORTH LINCOLN STREET,4,2,1,2,1,1,0,0,35,0,0,0,0,1,4,2,13
,2020-25505,39.78621252,-104.8469614,12/28/2020 13:18,13:18:00,4,0,0,4800 NORTH PEORIA STREET & EAST ANDREWS DRIVE,9,1,0,2,1,4,0,0,40,0,0,0,0,0,4,1,13
,2020-25506,39.74358,-104.99252,12/29/2020 9:30,9:30:00,10,0,0,15TH STREET & WELTON STREET,7,1,0,0,1,2,0,0,30,0,0,0,0,0,4,2,13
,2020-25507,39.77704,-104.88003,12/28/2020 20:25,20:25:00,15,0,0,I70 WB & I270 WB,9,3,0,2,1,4,0,0,65,0,0,0,0,0,1,2,7
,2020-25508,39.77319,-104.80988,12/22/2020 0:33,0:33:00,1,0,0,NORTH CHAMBERS ROAD & EAST 40TH AVENUE,1,3,0,0,1,1,0,0,45,0,0,0,0,0,4,2,1
,2020-25509,39.76388,-104.98902,10/28/2020 11:04,11:04:00,14,0,0,WEWATTA WAY & DELGANY STREET,4,1,0,0,1,4,0,0,25,0,0,0,0,0,4,3,14
,2020-25510,39.69311,-105.02506,12/22/2020 15:20,15:20:00,11,0,1,SOUTH FEDERAL BOULEVARD & WEST LOUISIANA AVENUE,1,1,0,0,1,1,0,0,25,0,1,0,0,2,2,1,3
,2020-25512,39.72951,-105.05324,12/28/2020 20:46,20:46:00,8,0,0,NORTH SHERIDAN BOULEVARD & WEST EIGHTH AVENUE,9,3,1,2,1,4,0,0,35,0,0,0,0,1,2,2,13
,2020-25513,39.63324,-104.90632,12/21/2020 9:46,9:46:00,12,0,0,I225 SOUTHBOUND & I25 NORTHBOUND / SOUTHBOUND SPLIT,1,1,0,0,1,4,0,0,55,0,0,0,0,0,1,4,14
,2020-25514,39.67844,-104.93398,12/29/2020 1:10,1:10:00,15,0,0,I25 SOUTHBOUND & EAST EVANS AVENUE EXIT RAMP,9,3,1,2,1,8,0,0,60,0,0,0,0,0,1,2,16
,2020-25515,39.69039,-105.02506,12/28/2020 17:14,17:14:00,15,0,0,1400 SOUTH FEDERAL BOULEVARD & WEST FLORIDA AVENUE,9,3,0,2,1,4,0,0,45,0,0,0,0,0,2,2,13
,2020-25516,39.72489,-104.98746,12/21/2020 12:36,12:36:00,12,0,0,500 NORTH BROADWAY STREET & EAST FIFTH AVENUE,1,1,0,0,1,4,0,0,30,0,0,0,0,0,4,2,13
,2020-25517,39.74637,-105.02821,12/18/2020 14:41,14:41:00,6,0,0,19TH AVENUE & 3100 WEST,9,1,0,2,1,4,0,0,30,0,0,0,0,0,4,2,13
,2020-25518,39.68469,-105.02633,12/26/2020 22:50,22:50:00,6,0,0,3100 WEST COLORADO AVENUE & SOUTH FEDERAL BOULEVARD,1,3,0,0,1,4,0,0,25,0,0,0,0,0,4,2,5
,2020-25519,39.77063,-104.89417,12/28/2020 16:29,16:29:00,3,0,0,EAST SMITH ROAD & NORTH ULSTER STREET,11,3,0,0,1,1,0,0,35,0,0,0,0,0,4,2,1
,2020-25521,39.8333815,-104.771969,12/27/2020 4:25,4:25:00,15,0,0,6800 PENA BOULEVARD & TOWER ROAD,1,3,0,0,1,4,0,0,65,0,0,0,0,0,4,3,1
,2020-25522,39.7093,-104.97338,12/19/2020 15:39,15:39:00,3,0,0,SOUTH DOWNING STREET & EAST DAKOTA AVENUE,1,2,0,0,1,1,0,0,25,0,0,0,0,1,4,3,13
,2020-25523,39.77842,-104.90357,11/3/2020 8:25,8:25:00,15,0,0,NORTH NORTHFIELD QUEBEC STREET & I70 WB,1,1,0,0,1,4,0,1,35,0,0,0,0,0,2,3,13
,2020-25525,39.63864,-105.04531,10/21/2020 10:10,10:10:00,12,0,0,WEST QUINCY AVENUE & SOUTH UTICA STREET,1,1,0,0,1,1,0,0,35,0,0,0,0,0,4,2,3
,2020-25526,39.74044,-105.01397,12/28/2020 20:26,20:26:00,12,0,0,I25 NORTHBOUND EXIT RAMP & WEST COLFAX AVENUE,11,3,0,2,1,8,0,0,35,0,0,0,0,0,1,3,13
,2020-25527,39.67864,-105.02506,10/24/2020 13:36,13:36:00,12,0,0,SOUTH FEDERAL BOULEVARD & WEST EVANS AVENUE,1,1,0,0,1,4,0,0,40,0,0,0,0,0,2,4,14
,2020-25528,39.68388,-105.05319,12/21/2020 13:49,13:49:00,12,0,0,1700 SOUTH SHERIDAN BOULEVARD & WEST MEXICO AVENUE,1,1,1,0,1,4,0,0,35,0,0,0,0,0,2,2,13
,2020-25529,39.78216,-104.86884,12/13/2020 8:23,8:23:00,3,0,0,EAST 47TH AVENUE & NORTH GENEVA STREET,4,1,0,2,1,1,0,0,35,0,0,0,0,0,4,2,7
,2020-25530,39.8342455,-104.692922,12/28/2020 17:10,17:10:00,12,0,0,27500 PENA BOULEVARD & NORTH JACKSON GAP STREET,9,3,1,2,1,4,0,1,45,0,0,0,0,1,4,2,14
,2020-25531,39.77966052,-104.9792614,10/6/2020 18:30,18:30:00,12,0,0,NORTH WASHINGTON STREET & I70 EASTBOUND ENTRANCE / EXIT RAMPS,1,1,0,0,1,3,0,0,30,0,0,0,0,0,4,2,16
,2020-25532,39.76061,-104.90011,12/28/2020 16:08,16:08:00,15,0,0,EAST MLK BOULEVARD & NORTH ROSLYN STREET,11,2,0,0,1,1,0,0,30,0,0,0,0,0,4,2,7
,2020-25533,39.7794,-104.97915,12/22/2020 6:53,6:53:00,12,0,0,I70 EASTBOUND & NORTH WASHINGTON STREET EXIT RAMP [SLIP],1,1,1,0,1,3,0,0,45,0,0,0,0,1,1,2,3
,2020-25534,39.68489954,-104.9594704,12/28/2020 19:24,19:24:00,15,0,0,I25 NORTHBOUND & SOUTH UNIVERSITY BOULEVARD,9,3,0,2,1,4,0,0,60,0,0,0,0,0,1,2,13
,2020-25536,39.74003,-104.97309,12/28/2020 13:40,13:40:00,15,0,0,EAST COLFAX AVENUE & NORTH DOWNING STREET,1,1,0,0,1,3,0,0,25,0,0,0,0,0,4,2,13
,2020-25537,39.6957,-104.98277,12/28/2020 21:13,21:13:00,6,0,0,1100 SOUTH LOGAN STREET & EAST MISSISSIPPI AVENUE,4,3,0,2,1,4,0,0,30,0,0,0,0,0,4,2,7
,2020-25538,39.62379,-104.90171,12/19/2020 15:01,15:01:00,9,0,0,I25 SOUTHBOUND & EAST BELLEVIEW AVENUE,1,1,0,0,1,4,0,0,65,0,0,0,0,0,1,2,10
,2020-25539,39.68227,-105.02504,9/11/2020 9:22,9:22:00,1,0,0,WEST JEWELL AVENUE & SOUTH FEDERAL BOULEVARD,1,1,0,0,1,1,0,0,,0,0,0,0,1,2,2,8
,2020-25540,39.67841,-104.94075,12/19/2020 11:07,11:07:00,3,0,0,EAST EVANS AVENUE & SOUTH COLORADO BOULEVARD,1,1,0,0,1,1,0,0,35,0,0,0,0,0,2,2,13
,2020-25541,39.84748,-104.67395,12/19/2020 10:01,10:01:00,12,0,0,8300 PENA BOULEVARD & DOOR 601,1,1,0,0,1,4,0,0,45,0,0,0,0,0,4,2,1
,2020-25542,39.77842,-104.90357,12/21/2020 11:20,11:20:00,15,0,0,NORTH NORTHFIELD QUEBEC STREET & I70 WB ENTRANCE / EXIT RAMPS,1,1,0,0,1,3,0,1,35,0,0,0,0,0,2,2,13
,2020-25543,39.72891,-104.99861,12/28/2020 14:16,14:16:00,3,0,0,WEST EIGHTH AVENUE & NORTH SANTA FE DRIVE,1,1,0,0,1,1,0,0,35,0,0,0,0,0,4,2,13
,2020-25544,39.74033,-105.0303,12/21/2020 22:30,22:30:00,15,0,0,3300 WEST COLFAX AVENUE & NORTH IRVING STREET,1,3,0,0,1,4,0,0,35,0,0,0,0,0,2,2,13
,2020-25545,39.66748,-104.92727,12/21/2020 14:50,14:50:00,12,0,0,EAST YALE AVENUE & SOUTH GLENCOE STREET,1,1,0,0,1,3,0,0,30,0,0,0,0,0,4,4,3
,2020-25546,39.73664,-105.04282,12/18/2020 21:00,21:00:00,6,0,0,WEST 13TH AVENUE & NORTH STUART STREET,11,3,0,0,1,4,0,0,25,0,0,0,0,0,4,2,16
,2020-25547,39.71303,-104.99238,12/28/2020 14:20,14:20:00,6,0,0,SOUTH CHEROKEE STREET & WEST CEDAR AVENUE,1,1,0,0,1,3,0,0,25,0,0,0,0,0,4,2,14
,2020-25548,39.77294,-105.02523,12/19/2020 9:05,9:05:00,12,0,0,NORTH FEDERAL BOULEVARD & WEST 41ST AVENUE,1,1,0,0,1,1,0,0,35,0,0,0,0,0,4,2,3
,2020-25549,39.74028553,-105.0305299,12/19/2020 16:05,16:05:00,12,0,0,NORTH JAVA COURT & WEST COLFAX AVENUE,11,2,0,0,1,4,0,0,25,0,0,0,0,0,4,2,13
,2020-25550,39.77055,-104.94048,12/22/2020 11:04,11:04:00,15,0,0,3900 NORTH COLORADO BOULEVARD & EAST 40TH AVENUE,1,1,1,0,1,3,0,0,40,0,0,0,0,0,2,2,14
,2020-25551,39.77856252,-104.9034184,12/22/2020 13:31,13:31:00,12,0,0,I70 WB & QUEBEC STREET,1,1,0,0,1,4,0,0,55,0,0,0,0,0,1,3,13
,2020-25552,39.78563,-104.89971,12/28/2020 21:44,21:44:00,5,0,0,EAST NORTHFIELD BOULEVARD & NORTH QUEBEC STREET,9,3,0,2,4,1,0,0,35,0,0,0,0,0,4,1,13
,2020-25553,39.72928754,-105.0251884,12/28/2020 20:50,20:50:00,5,0,0,SIXTH AVENUE & NORTH FEDERAL BOULEVARD,7,4,1,2,2,4,0,0,55,0,0,0,0,0,2,2,14
,2020-25554,39.78433153,-105.0250894,12/28/2020 14:38,14:38:00,1,0,1,NORTH FEDERAL BOULEVARD & I70 EASTBOUND EXIT RAMP,11,1,0,2,1,1,0,0,35,0,0,0,0,1,2,2,13
,2020-25555,39.70397,-105.01098,12/22/2020 12:12,12:12:00,15,0,0,WEST EXPOSITION AVENUE & SOUTH TEJON STREET,1,1,1,0,1,3,0,0,25,0,0,0,0,0,4,2,1
,2020-25557,39.71114,-104.98278,12/21/2020 20:10,20:10:00,6,0,0,SOUTH LOGAN STREET & EAST ALAMEDA AVENUE,1,4,0,0,1,4,0,0,30,0,0,0,0,0,4,2,3
,2020-25558,39.78364,-104.7817,12/22/2020 18:19,18:19:00,12,0,0,EAST GREEN VALLEY RANCH BOULEVARD & NORTH TELLURIDE STREET,1,4,0,0,1,3,0,0,40,0,0,0,0,0,4,3,13
,2020-25559,39.67033754,-105.0298414,12/28/2020 21:50,21:50:00,6,0,0,2500 SOUTH IRVING STREET & WEST VASSAR AVENUE,4,3,0,2,1,4,0,0,25,0,0,0,0,1,4,4,5
,2020-25560,39.76696,-104.96964,12/18/2020 8:30,8:30:00,5,0,0,EAST 36TH AVENUE & NORTH HUMBOLDT STREET,4,1,0,0,3,1,0,0,25,0,0,0,0,0,4,1,13
,2020-25561,39.68279,-104.95942,12/22/2020 6:40,6:40:00,12,0,0,EAST BUCHTEL BOULEVARD & SOUTH UNIVERSITY BOULEVARD,1,2,0,0,1,1,0,0,30,0,0,0,0,0,4,2,14
,2020-25562,39.67364,-104.8696,12/18/2020 6:44,6:44:00,12,0,0,2300 SOUTH PARKER ROAD & EAST ILIFF AVENUE,1,1,0,0,1,4,0,0,45,0,0,0,0,0,4,2,13
,2020-25563,39.73686,-104.99647,12/18/2020 13:00,13:00:00,12,0,0,NORTH SPEER BOULEVARD & WEST 13TH AVENUE,1,1,0,0,1,3,0,0,30,0,0,0,0,0,4,3,8