id,drcog_id,latitude,longitude,crashtime,time,crashtype,numbkilled,numbinjurd,drcoglocat,rdconditin,lightngcon,roadcntgrd,weatherco,location,roaddescrp,schoolzone,constrzone,splimit,bikeinv,pedinv,sctrinv,motoinv,svrty,rdsystem,ttlvehcls,hcf
,2020-25564,39.71034,-104.98277,12/22/2020 12:53,12:53:00,6,0,0,300 SOUTH LOGAN STREET & EAST ALAMEDA AVENUE,1,1,0,0,1,4,0,0,35,0,0,0,0,0,4,2,7
,2020-25565,39.8333815,-104.771969,12/22/2020 13:16,13:16:00,12,0,0,7200 NORTH TOWER ROAD & NORTH PENA BOULEVARD,1,1,0,0,1,4,0,0,40,0,0,0,0,0,4,2,7
,2020-25566,39.72566,-105.05326,12/21/2020 19:40,19:40:00,3,0,0,NORTH SHERIDAN BOULEVARD & WEST SIXTH AVENUE,1,3,0,0,1,1,0,0,35,0,0,0,0,0,2,2,13
,2020-25567,39.70245,-104.91225,12/22/2020 19:18,19:18:00,1,0,0,6500 LEETSDALE DRIVE & SOUTH MONACO STREET,1,3,0,0,1,3,0,0,35,0,0,0,0,0,4,2,16
,2020-25568,39.78002,-104.98919,12/22/2020 14:08,14:08:00,12,0,0,I25 NORTHBOUND & I70 EASTBOUND,1,1,1,0,1,4,0,0,55,0,0,0,0,0,1,2,1
,2020-25569,39.78021,-104.98919,12/22/2020 14:00,14:00:00,12,0,0,I25 NORTHBOUND & I70 WB,1,1,0,0,1,4,0,0,65,0,0,0,0,0,1,3,1
,2020-25570,39.70042,-105.02386,12/18/2020 7:41,7:41:00,3,0,0,SOUTH ELIOT STREET & WEST KENTUCKY AVENUE,4,1,0,0,1,1,0,0,30,0,0,0,0,1,4,2,13
,2020-25571,39.78021,-104.98919,12/22/2020 17:10,17:10:00,15,0,0,I70 WB EXIT RAMP FROM & I25 NORTHBOUND,1,1,0,0,1,8,0,0,55,0,0,0,0,0,1,2,13
,2020-25572,39.72466,-104.97291,12/18/2020 14:48,14:48:00,12,0,0,500 NORTH DOWNING STREET & EAST FIFTH AVENUE,11,1,0,0,1,4,0,0,30,0,0,0,0,0,4,2,13
,2020-25573,39.63569,-104.89379,12/18/2020 11:34,11:34:00,1,0,0,SOUTH TAMARAC STREET & I225 SOUTHBOUND ENTRANCE / EXIT RAMPS,1,1,0,0,1,1,0,0,30,0,0,0,0,0,4,2,16
,2020-25574,39.72379,-104.98325,12/19/2020 16:52,16:52:00,15,0,0,300 EAST SPEER BOULEVARD & NORTH LOGAN STREET,1,3,0,0,1,4,0,0,30,0,0,0,0,0,4,2,13
,2020-25575,39.70663,-104.98759,12/18/2020 12:06,12:06:00,12,0,0,500 SOUTH BROADWAY STREET & WEST VIRGINIA AVENUE,11,1,0,2,1,4,0,0,30,0,0,0,0,0,4,2,13
,2020-25576,39.78928151,-104.8446619,12/18/2020 18:24,18:24:00,6,0,0,EAST 51ST AVENUE & NORTH QUENTIN STREET,1,3,0,2,1,3,0,0,25,0,0,0,0,0,4,2,3
,2020-25577,39.69998,-105.01569,12/18/2020 12:30,12:30:00,5,0,0,WEST KENTUCKY AVENUE & SOUTH ZUNI STREET,4,1,0,2,3,1,0,0,25,0,0,0,0,0,4,1,1
,2020-25578,39.69391,-104.98746,12/18/2020 9:51,9:51:00,6,0,0,1200 SOUTH BROADWAY STREET & EAST LOUISIANA AVENUE,11,1,0,2,1,4,0,0,30,0,0,0,0,1,4,3,3
,2020-25579,39.69269,-104.97694,12/22/2020 7:41,7:41:00,8,0,0,SOUTH EMERSON STREET & EAST BUCHTEL BOULEVARD,11,1,0,0,1,1,0,0,35,0,0,0,0,0,4,2,14
,2020-25580,39.72548053,-105.0130699,12/18/2020 6:45,6:45:00,15,0,0,I25 NORTHBOUND & SIXTH AVENUE EASTBOUND EXIT RAMP,1,1,1,0,1,4,0,0,55,0,0,0,0,1,1,3,14
,2020-25581,39.74012,-104.9588,12/18/2020 12:32,12:32:00,3,0,0,NORTH JOSEPHINE STREET & EAST COLFAX AVENUE,1,1,0,0,1,1,0,0,35,0,0,0,0,1,2,2,14
,2020-25582,39.75852,-105.03461,12/22/2020 11:25,11:25:00,3,0,0,WEST 29TH AVENUE & NORTH LOWELL BOULEVARD,1,1,1,0,1,1,0,0,30,0,0,0,0,0,4,2,13
,2020-25583,39.66809,-104.93822,12/18/2020 10:13,10:13:00,1,0,0,4100 EAST YALE AVENUE & SOUTH COLORADO BOULEVARD,11,1,0,0,1,3,0,0,30,0,0,0,0,0,4,2,13
,2020-25584,39.68768,-105.02505,12/22/2020 16:15,16:15:00,12,0,1,SOUTH FEDERAL BOULEVARD & WEST IOWA AVENUE,1,1,1,0,1,3,0,0,40,0,0,0,0,2,2,3,3
,2020-25585,39.79838951,-104.7873005,12/17/2020 2:45,2:45:00,5,0,0,NORTHBOUND PENA BOULEVARD & EAST 56TH AVENUE,1,3,0,0,3,4,0,0,35,0,0,0,0,0,4,3,2
,2020-25586,39.77421,-104.84704,12/22/2020 14:02,14:02:00,12,0,0,I70 WB & NORTH PEORIA STREET,1,1,0,0,1,4,0,0,55,0,0,0,0,1,1,4,7
,2020-25587,39.72644,-104.97756,12/17/2020 18:39,18:39:00,15,0,0,600 NORTH CLARKSON STREET & EAST SEVENTH AVENUE,1,3,1,0,1,4,0,0,30,0,0,0,0,0,4,2,7
,2020-25588,39.70751,-104.98279,12/18/2020 8:14,8:14:00,6,0,0,400 SOUTH LOGAN STREET & EAST VIRGINIA AVENUE,1,1,0,0,1,4,0,0,30,0,0,0,0,0,4,2,16
,2020-25589,39.75494,-104.98306,12/17/2020 12:25,12:25:00,12,0,0,25TH STREET & CHAMPA STREET,1,1,0,0,1,4,0,0,35,0,0,0,0,2,4,3,3
,2020-25590,39.75305653,-104.9854804,12/17/2020 23:26,23:26:00,1,0,0,PARK AVENUE WEST & CHAMPA STREET,1,3,0,0,1,1,0,0,30,0,0,0,0,0,4,2,8
,2020-25591,39.67845,-104.93669,12/21/2020 16:00,16:00:00,3,0,0,EAST EVANS AVENUE & SOUTH BIRCH STREET,1,1,0,0,1,1,0,0,30,0,0,0,0,0,4,2,3
,2020-25592,39.73838,-104.95406,12/17/2020 21:20,21:20:00,15,0,0,2800 EAST 14TH AVENUE & NORTH FILMORE STREET,1,3,0,0,1,4,0,0,30,0,0,0,0,0,4,2,13
,2020-25593,39.75832,-104.98744,12/22/2020 13:19,13:19:00,6,0,0,WALNUT STREET & NORTH BROADWAY,1,1,0,0,1,4,0,0,25,0,0,0,0,0,4,3,7
,2020-25594,39.67845,-104.93377,12/18/2020 10:50,10:50:00,12,0,0,I25 NORTHBOUND & EVANS AVENUE EASTBOUND EXIT RAMP,11,1,0,0,1,8,0,0,30,0,0,0,0,0,2,2,13
,2020-25595,39.78843,-104.98373,12/18/2020 2:25,2:25:00,5,0,0,GRANT STREET & 5054 NORTH,1,4,1,0,3,4,0,0,25,0,0,0,0,0,4,1,1
,2020-25596,39.68938,-104.97695,12/18/2020 12:10,12:10:00,3,0,0,EAST FLORIDA AVENUE & SOUTH EMERSON AVENUE,4,1,0,2,1,1,0,0,25,0,0,0,0,0,4,2,14
,2020-25597,39.69819,-105.01569,12/15/2020 13:41,13:41:00,5,0,0,SOUTH ZUNI STREET & WEST TENNESSEE AVENUE,9,1,0,0,2,3,0,0,25,0,0,0,0,0,4,1,14
,2020-25598,39.65408,-104.91102,12/18/2020 11:42,11:42:00,1,0,0,EAST GIRARD AVENUE & SOUTH NIAGARA WAY,9,1,0,2,1,1,0,0,25,0,0,0,0,1,4,2,7
,2020-25599,39.67846,-104.9082,12/22/2020 13:53,13:53:00,10,0,0,SOUTH ONEIDA STREET & EAST EVANS AVENUE,1,1,0,0,1,3,0,0,25,0,0,0,0,0,4,2,7
,2020-25600,39.70022,-104.90822,12/21/2020 18:10,18:10:00,12,0,0,LEETSDALE DRIVE & SOUTH ONEIDA STREET,1,1,0,0,1,3,0,0,35,0,0,0,0,0,2,3,3
,2020-25601,39.76188,-104.94058,12/15/2020 13:50,13:50:00,12,0,0,EAST MLK BOULEVARD & NORTH COLORADO BOULEVARD,1,1,0,0,1,3,0,0,30,0,0,0,0,0,4,2,16
,2020-25602,39.77704,-104.88003,12/22/2020 15:25,15:25:00,9,0,0,I70 WB & I270 WB,1,1,0,0,1,4,0,0,55,0,0,0,0,0,1,2,13
,2020-25603,39.72909,-104.9874,12/22/2020 14:36,14:36:00,11,0,1,EAST EIGHTH AVENUE & NORTH BROADWAY STREET,1,1,0,0,1,1,0,0,30,0,1,0,0,2,4,1,8
,2020-25604,39.77712,-104.88279,11/19/2020 19:06,19:06:00,15,0,0,NORTH CENTRAL PARK BOULEVARD & I70 EASTBOUND ENTRANCE RAMP,1,3,1,0,1,3,0,0,40,0,0,0,0,0,4,2,13
,2020-25605,39.71116,-104.98758,12/22/2020 13:01,13:01:00,12,0,0,EAST ALAMEDA AVENUE & SOUTH BROADWAY STREET,1,1,0,0,1,1,0,0,35,0,0,0,0,0,4,2,7
,2020-25606,39.76746,-104.90482,12/22/2020 12:35,12:35:00,10,0,0,38TH AVENUE & 7200 EAST,1,1,0,0,1,2,0,0,25,0,0,0,0,0,4,2,13
,2020-25607,39.71004,-104.9975,12/18/2020 10:05,10:05:00,10,0,0,300 SOUTH KALAMATH STREET & WEST ALAMEDA AVENUE,11,1,0,2,1,2,0,0,35,0,0,0,0,0,4,2,13
,2020-25608,39.76796053,-104.9949709,12/22/2020 9:39,9:39:00,15,0,0,I25 SOUTHBOUND & PARK AVENUE EXIT RAMP,1,1,0,0,1,8,0,0,55,0,0,0,0,0,1,2,13
,2020-25609,39.74739,-104.93836,12/17/2020 10:45,10:45:00,6,0,0,EAST MONTVIEW BOULEVARD & NORTH ASH STREET,2,1,0,0,1,4,0,0,30,0,0,0,0,0,4,2,3
,2020-25610,39.7434,-104.93722,12/21/2020 19:08,19:08:00,3,0,0,EAST 17TH AVENUE & NORTH BELLAIRE STREET,1,3,0,0,1,1,0,0,30,0,0,0,0,0,4,2,13
,2020-25611,39.71017,-104.9966,12/22/2020 10:02,10:02:00,10,0,0,300 SOUTH SANTA FE DRIVE & EAST ALAMEDA AVENUE,1,1,0,0,1,2,0,0,35,0,0,0,0,0,4,2,3
,2020-25612,39.76567,-104.94057,12/22/2020 16:58,16:58:00,1,0,0,EAST 35TH AVENUE & NORTH COLORADO BOULEVARD,1,3,0,0,1,1,0,0,35,0,0,0,0,0,2,2,14
,2020-25613,39.65951954,-104.9129809,12/18/2020 8:10,8:10:00,12,0,0,3000 SOUTH MONACO STREET & SOUTH MONACO CIRCLE,4,1,0,0,1,4,0,0,35,0,0,0,0,0,4,2,13
,2020-25614,39.73727,-104.89875,12/18/2020 12:36,12:36:00,3,0,0,EAST 13TH AVENUE & NORTH SYRACUSE STREET,1,1,0,0,1,1,0,0,35,0,0,0,0,1,4,2,13
,2020-25615,39.66749,-104.92548,12/16/2020 7:14,7:14:00,9,0,1,I25 NORTHBOUND EXIT RAMP  TO & EAST YALE AVENUE,1,2,0,0,3,4,0,0,60,0,0,0,0,3,1,1,10
,2020-25616,39.74328,-104.98611,12/15/2020 16:20,16:20:00,15,0,0,NORTH LINCOLN STREET & EAST 17TH AVENUE,4,3,1,0,1,1,0,0,30,0,0,0,0,0,4,2,13
,2020-25617,39.76746,-104.90345,12/19/2020 17:34,17:34:00,2,0,0,EAST 36TH AVENUE & NORTH QUEBEC STREET,1,3,0,0,1,1,0,0,0,1,0,0,0,1,4,2,16
,2020-25618,39.77287,-104.83383,12/15/2020 20:30,20:30:00,5,0,0,I70 EASTBOUND & I225 SOUTHBOUND,1,3,0,0,2,4,0,0,55,0,0,0,0,1,1,1,3
,2020-25619,39.78982424,-104.815878,12/15/2020 19:12,19:12:00,6,0,0,DEARBORN STREET & 5204,4,3,0,0,1,4,0,0,25,0,0,0,0,0,4,2,13
,2020-25620,39.65321954,-104.9183404,12/28/2020 21:34,21:34:00,15,0,0,I25 SOUTHBOUND & EAST HAMPDEN AVENUE,9,3,0,2,1,4,0,0,65,0,0,0,0,1,1,3,7
,2020-25621,39.74198,-104.90228,11/27/2020 2:28,2:28:00,5,0,0,EAST 16TH AVENUE & NORTH QUINCE STREET,1,3,0,0,2,4,0,0,35,0,0,0,0,0,4,1,16
,2020-25622,39.65308,-104.91845,12/4/2020 5:42,5:42:00,15,0,0,I25 SOUTHBOUND & EAST HAMPDEN AVENUE,1,1,0,0,1,4,0,0,65,0,0,0,0,0,1,2,1
,2020-25623,39.69675,-105.02506,11/20/2020 16:39,16:39:00,14,0,0,SOUTH FEDERAL BOULEVARD & WEST MISSISSIPPI AVENUE,1,1,0,0,1,3,0,0,35,0,0,0,0,0,2,2,5
,2020-25624,39.74044,-105.01416,12/22/2020 21:19,21:19:00,12,0,0,WEST COLFAX AVENUE & I25 SOUTHBOUND EXIT RAMP,1,3,0,0,1,3,0,0,35,0,0,0,0,0,2,2,7
,2020-25625,39.76061,-104.90011,11/28/2020 18:20,18:20:00,12,0,0,EAST MLK BOULEVARD & NORTH ROSLYN STREET,1,2,0,0,1,4,0,0,30,0,0,0,0,1,4,2,13
,2020-25626,39.69294,-104.94063,12/15/2020 18:00,18:00:00,10,0,0,SOUTH COLORADO BOULEVARD & EAST LOUISIANA AVENUE,1,3,0,0,1,1,0,0,35,0,0,0,0,0,2,2,3
,2020-25627,39.72818,-104.97294,12/14/2020 13:00,13:00:00,12,0,0,700 NORTH DOWNING STREET & EAST EIGHTH AVENUE,1,1,0,0,1,4,0,0,35,0,0,0,0,0,4,2,1
,2020-25628,39.69963,-105.0012,12/14/2020 5:30,5:30:00,12,0,0,900 SOUTH LIPAN STREET & WEST KENTUCKY AVENUE,4,3,0,0,1,4,0,0,25,0,0,0,0,0,4,2,5
,2020-25629,39.68217,-104.99601,12/15/2020 19:10,19:10:00,8,0,0,WEST JEWELL AVENUE & SOUTH GALAPAGO STREET,9,3,0,2,1,1,0,0,15,0,0,0,0,1,4,2,14
,2020-25630,39.73848,-105.04048,12/6/2020 15:04,15:04:00,6,0,0,NORTH QUITMAN STREET & WEST 14TH AVENUE,1,1,0,0,1,1,0,0,25,0,0,0,0,0,4,2,5
,2020-25631,39.65309354,-104.9090704,12/15/2020 17:24,17:24:00,12,0,0,6900 EAST HAMPDEN AVENUE & SOUTH ONEIDA WAY,1,4,0,0,1,1,0,0,45,0,0,0,0,0,2,2,16
,2020-25632,39.65015,-104.88485,12/15/2020 15:00,15:00:00,3,0,0,YOSEMITE STREET & 3600,1,1,0,0,1,2,0,0,,0,0,0,0,1,4,2,3
,2020-25633,39.75149,-105.003,12/15/2020 16:45,16:45:00,12,0,0,15TH STREET & WEWATTA STREET,4,3,0,0,1,3,0,0,25,0,0,0,0,0,4,2,3
,2020-25634,39.8380255,-104.7097205,12/22/2020 10:14,10:14:00,1,0,0,24190 EAST 78TH AVENUE & CALAWBA STREET,1,1,1,0,1,3,0,0,45,0,0,0,0,0,4,2,8
,2020-25635,39.78014,-104.96709,12/16/2020 5:50,5:50:00,15,0,0,I70 WB & NORTH BRIGHTON BOULEVARD EXIT RAMP,12,3,0,0,1,4,0,0,65,0,0,0,0,1,1,2,1
,2020-25636,39.72931453,-105.0132004,12/16/2020 0:06,0:06:00,5,0,0,WEST EIGHTH AVENUE WB & NORTH VALLEJO STREET,5,3,0,2,3,4,0,0,35,0,0,0,0,0,4,1,7
,2020-25637,39.76144,-105.03921,12/9/2020 2:18,2:18:00,6,0,0,3100 NORTH PERRY STREET & WEST 32ND AVENUE,1,3,0,0,1,4,0,0,25,0,0,0,0,0,4,5,16
,2020-25638,39.72394,-104.88402,12/15/2020 23:44,23:44:00,3,0,0,EAST LOWRY BOULEVARD & NORTH YOSEMITE STREET,1,3,0,0,1,6,0,0,35,0,0,0,0,1,4,2,3
,2020-25639,39.65309,-104.91293,12/15/2020 14:00,14:00:00,12,0,0,SOUTH MONACO STREET & EAST HAMPDEN AVENUE,1,1,0,0,1,3,0,0,30,0,0,0,0,0,4,2,3
,2020-25640,39.74007,-104.99036,12/9/2020 14:00,14:00:00,6,0,0,WEST COLFAX AVENUE & NORTH BANNOCK STREET,1,1,0,0,1,3,0,0,30,0,0,0,0,0,2,2,3
,2020-25641,39.68487,-104.95945,12/14/2020 21:50,21:50:00,6,0,0,I25 NORTHBOUND ENTRANCE RAMP  FROM & SOUTH UNIVERSITY BOULEVARD,4,3,1,2,1,4,0,0,65,0,0,0,0,0,1,2,7
,2020-25642,39.68987,-105.01042,11/20/2020 15:55,15:55:00,6,0,0,1400 SOUTH SHOSHONE COURT & WEST FLORIDA AVENUE,1,1,1,0,1,4,0,0,25,0,0,0,0,0,4,3,5
,2020-25643,39.73932,-104.94507,12/15/2020 15:22,15:22:00,15,0,0,1400 NORTH MONROE STREET & EAST COLFAX AVENUE,4,1,0,0,1,4,0,0,25,0,0,0,0,0,4,4,13
,2020-25644,39.74034,-105.03582,12/6/2020 16:18,16:18:00,11,0,0,WEST COLFAX AVENUE & NORTH MEADE STREET,1,2,0,0,1,1,0,0,30,0,1,0,0,1,2,1,13
,2020-25645,39.78524,-104.90284,12/4/2020 12:31,12:31:00,12,0,0,EAST 49TH AVENUE & NORTH SAND CREEK ROAD,1,1,0,0,1,1,0,0,30,0,0,0,0,0,4,2,16
,2020-25646,39.77828,-104.91288,7/27/2020 14:30,14:30:00,15,0,0,I70 EASTBOUND & NORTH MONACO STREET,1,1,0,0,1,4,0,0,65,0,0,0,0,0,1,2,16
,2020-25647,39.7818,-104.73703,12/22/2020 17:11,17:11:00,15,0,0,EAST GREEN VALLEY RANCH BOULEVARD & NORTH ORLEANS STREET,1,3,0,0,1,1,0,0,40,0,0,0,0,0,4,2,13
,2020-25648,39.75816,-105.02523,12/16/2020 7:50,7:50:00,12,0,0,2800 NORTH FEDERAL BOULEVARD & WEST 29TH AVENUE,11,1,0,0,1,3,0,0,35,0,0,0,0,1,2,2,13
,2020-25649,39.75537,-105.01269,12/16/2020 6:57,6:57:00,15,0,0,I25 SOUTHBOUND & NORTH SPEER BOULEVARD,1,1,0,0,6,4,0,0,55,0,0,0,0,0,1,2,13
,2020-25650,39.75237967,-104.9846406,12/16/2020 9:55,9:55:00,6,0,0,PARK AVENUE WEST & 550,1,3,0,0,1,7,0,0,,0,0,0,0,0,4,2,14
,2020-25652,39.69658,-104.9581,12/16/2020 8:55,8:55:00,3,0,0,EAST MISSISSIPPI AVENUE & SOUTH JOSEPHINE STREET,4,1,0,0,1,1,0,0,25,0,0,0,0,0,4,2,13
,2020-25653,39.73999,-104.95978,12/16/2020 13:11,13:11:00,3,0,0,NORTH YORK STREET & EAST COLFAX,1,1,0,0,1,1,0,0,35,0,0,0,0,1,2,2,13
,2020-25654,39.72548053,-105.0130699,12/16/2020 10:45,10:45:00,15,0,0,I25 NORTHBOUND & WEST SIXTH AVENUE FWY,1,1,0,0,1,4,0,0,45,0,0,0,0,0,1,2,13
,2020-25655,39.6894,-104.99218,12/16/2020 13:30,13:30:00,12,0,0,SOUTH SANTA FE DRIVE & WEST FLORIDA AVENUE,1,1,0,0,1,3,0,0,40,0,0,0,0,0,2,2,3
,2020-25656,39.78702,-104.89051,12/16/2020 9:10,9:10:00,3,0,0,EAST 49TH PLACE & NORTH VERBENA STREET,4,1,0,0,1,1,0,0,25,0,0,0,0,1,4,2,13
,2020-25657,39.77078,-104.97259,12/16/2020 9:30,9:30:00,5,0,0,1400 38TH STREET & WALNUT STREET,1,1,1,0,1,4,0,0,30,0,0,0,0,0,4,1,13
,2020-25658,39.68473,-104.95945,12/16/2020 17:08,17:08:00,12,0,0,I25 SOUTHBOUND & SOUTH UNIVERSITY BOULEVARD,1,3,1,0,1,4,0,0,60,0,0,0,0,0,1,2,7
,2020-25659,39.72911,-104.96019,12/16/2020 15:45,15:45:00,12,0,0,NORTH YORK STREET & EAST EIGHTH AVENUE,1,1,1,0,1,3,0,0,30,0,0,0,0,0,4,2,3
,2020-25660,39.77842,-104.90357,12/16/2020 17:06,17:06:00,15,0,0,NORTH NORTHFIELD QUEBEC STREET & I70 WB,11,4,0,0,1,1,0,0,20,0,0,0,0,0,2,2,13
,2020-25661,39.72891,-104.99861,12/16/2020 14:40,14:40:00,3,0,0,WEST EIGHTH AVENUE & NORTH SANTA FE DRIVE,1,1,0,0,1,1,0,0,30,0,0,0,0,0,4,2,13
,2020-25662,39.78018253,-104.9891794,12/4/2020 17:00,17:00:00,12,0,0,I25 NORTHBOUND EXIT RAMP TO & I70 EASTBOUND,1,3,0,0,1,8,0,0,55,0,0,0,1,1,1,2,1
,2020-25663,39.72137,-105.00881,12/27/2020 8:06,8:06:00,15,0,0,I25 SOUTHBOUND & 23RD AVENUE,1,1,0,0,1,4,0,0,55,0,0,0,0,0,1,2,5
,2020-25664,39.76587,-105.04382,12/25/2020 13:54,13:54:00,2,0,1,3500 TENNYSON STREET & WEST 35TH AVENUE,1,1,1,0,1,5,0,0,20,1,0,0,0,2,4,2,16
,2020-25665,39.75079,-104.98492,12/16/2020 13:09,13:09:00,3,0,0,22ND STREET & CALIFORNIA STREET,1,1,0,0,1,1,0,0,30,0,0,0,0,1,4,2,13
,2020-25667,39.78384,-105.00644,1/6/2020 17:22,17:22:00,3,0,0,NORTH PECOS STREET & WEST 48TH AVENUE,1,3,0,0,1,3,0,0,20,0,0,0,0,0,1,2,7
,2020-25670,39.65301,-104.94068,12/16/2020 17:50,17:50:00,12,0,0,SOUTH COLORADO BOULEVARD & EAST HAMPDEN AVENUE,11,3,0,0,1,3,0,0,35,0,0,0,0,0,4,3,16
,2020-25672,39.65309,-104.9211,12/16/2020 17:29,17:29:00,12,0,0,5700 EAST HAMPDEN AVENUE & I25,1,4,2,0,1,4,0,0,45,0,0,0,0,1,2,2,13
,2020-25675,39.73204,-104.97759,12/13/2020 9:50,9:50:00,3,0,0,EAST 10TH AVENUE & NORTH CLARKSON STREET,9,1,0,0,1,1,0,0,30,0,0,0,0,0,4,7,13
,2020-25676,39.65835,-105.0297,12/14/2020 20:37,20:37:00,5,0,0,3200 SOUTH IRVING STREET & WEST AMHERST AVENUE,9,3,1,2,3,4,0,0,25,0,0,0,0,1,4,1,7
,2020-25677,39.77186,-105.03335,12/15/2020 13:06,13:06:00,6,0,0,3500 WEST 40TH AVENUE & NORTH KING STREET,4,1,1,0,1,4,0,0,25,0,0,0,0,0,4,2,7
,2020-25678,39.729,-104.97935,12/8/2020 23:35,23:35:00,5,0,0,EIGHTH AVENUE EAST & 600,1,3,0,0,3,4,0,0,,0,0,0,0,0,4,1,13
,2020-25679,39.74044,-105.01416,9/17/2020 21:30,21:30:00,3,0,0,WEST COLFAX AVENUE & I25 SOUTHBOUND EXIT RAMP,1,3,0,0,1,1,0,0,25,0,0,0,0,0,2,2,13
,2020-25680,39.76827,-105.02484,9/18/2020 17:14,17:14:00,12,0,1,3700 NORTH FEDERAL BOULEVARD & WEST 38TH AVENUE,1,1,0,0,1,4,0,0,35,0,0,0,1,2,2,3,7
,2020-25681,39.71121,-104.99839,12/14/2020 17:30,17:30:00,12,0,0,SOUTH KALAMATH STREET & WEST ALAMEDA AVENUE,1,3,0,0,1,3,0,0,30,0,0,0,0,0,4,2,16
,2020-25682,39.72136754,-105.0506719,12/12/2020 22:34,22:34:00,6,0,0,300 OF SOUTH YATES STREET & WEST NEVEDA PLACE,4,4,0,2,1,4,0,0,25,0,0,0,0,0,4,3,13
,2020-25683,39.77401,-104.84703,12/25/2020 16:28,16:28:00,15,0,0,I70 EASTBOUND & NORTH PEORIA STREET EXIT GORE POINT,1,1,1,0,1,4,0,0,55,0,0,0,0,1,1,2,13
,2020-25684,39.75491,-104.92198,12/8/2020 19:56,19:56:00,6,0,1,2600 NORTH HOLLY STREET & EAST 26TH AVENUE,1,3,0,0,3,4,0,0,25,0,0,0,0,3,4,3,1
,2020-25685,39.74364,-104.98897,12/10/2020 7:39,7:39:00,15,0,0,1600 TREMONT PLACE & 17TH STREET,1,1,0,0,1,4,0,0,25,0,0,0,0,0,4,2,14
,2020-25686,39.71657,-105.03247,12/25/2020 12:56,12:56:00,3,0,1,WEST ELLWOTH AVENUE & SOUTH KNOX COURT,1,1,0,0,1,1,0,0,25,0,0,0,0,0,4,2,13
,2020-25687,39.65335,-105.05309,12/25/2020 6:09,6:09:00,5,0,0,5100 WEST HAMPDEN AVENUE & SOUTH SHERIDAN BOULEVARD,1,3,1,0,3,4,0,0,65,0,0,0,0,1,2,1,3
,2020-25688,39.72908,-104.97408,12/25/2020 15:00,15:00:00,15,0,0,EAST EIGHTH AVENUE & NORTH CORONA STREET,1,1,0,0,1,3,0,0,35,0,0,0,0,1,4,2,5
,2020-25689,39.7837,-104.77212,12/25/2020 11:01,11:01:00,15,0,0,NORTH TOWER ROAD & EAST GREEN VALLEY RANCH BOULEVARD,1,1,0,0,1,4,0,0,45,0,0,0,0,1,4,2,13
,2020-25690,39.8342455,-104.692922,12/23/2020 11:30,11:30:00,12,0,0,7500 JACKSON GAP STREET & PENA BOULEVARD,1,1,0,0,1,1,0,0,,0,0,0,0,0,4,2,14
,2020-25691,39.7351,-104.95861,12/24/2020 22:46,22:46:00,6,0,0,NORTH JOSEPHINE STREET & EAST 12TH AVENUE,1,3,0,0,1,4,0,0,30,0,0,0,0,0,4,2,5
,2020-25692,39.65307,-104.88479,12/31/2020 7:52,7:52:00,12,0,0,SOUTH YOSEMITE STREET & EAST HAMPDEN AVENUE,1,1,0,0,1,4,0,0,35,0,0,0,0,0,4,2,13
,2020-25693,39.78615,-104.83702,12/25/2020 15:47,15:47:00,3,0,0,EAST ANDREWS DRIVE & NORTH URSULA STREET,1,1,0,0,1,1,0,0,25,0,0,0,0,0,4,2,13
,2020-25694,39.8481,-104.6822,12/31/2020 14:22,14:22:00,15,0,0,8300 PENA BOULEVARD OUTBOUND & SERVICE ROAD,1,1,0,0,1,4,0,0,45,0,0,0,0,0,4,2,1
,2020-25696,39.73483,-105.03576,12/15/2020 11:23,11:23:00,6,0,0,1200 NORTH MEADE STREET & WEST 13TH AVENUE,4,1,1,0,1,4,0,0,25,0,0,0,0,0,4,2,16
,2020-25697,39.64769,-104.88449,12/16/2020 14:25,14:25:00,6,0,0,LEHIGH AVENUE & SOUTH YOSEMITE STREET,7,1,0,0,3,3,0,0,25,0,0,0,0,0,4,2,1
,2020-25699,39.67581,-104.98286,12/24/2020 18:39,18:39:00,6,0,1,2200 SOUTH LOGAN STREET & EAST ILIFF AVENUE,1,3,0,0,1,4,0,0,25,0,0,0,0,2,4,2,5
,2020-25700,39.77505,-104.8099,12/27/2020 14:35,14:35:00,12,0,0,NORTH CHAMBERS ROAD & EAST ANDREWS DRIVE,1,1,0,0,1,1,0,0,,0,0,0,0,1,4,2,16
,2020-25701,39.62417,-104.91182,12/25/2020 16:34,16:34:00,12,0,1,EAST BELLEVIEW AVENUE & SOUTH MONACO STREET,1,1,0,0,1,1,0,0,35,0,0,0,0,2,4,2,10
,2020-25702,39.74005,-104.98358,12/24/2020 14:30,14:30:00,15,0,0,EAST COLFAX AVENUE & NORTH GRANT STREET,1,1,1,0,1,3,0,0,30,0,0,0,0,0,2,2,13
,2020-25703,39.72906,-104.97759,12/24/2020 9:22,9:22:00,3,0,0,EAST EIGHTH AVENUE & NORTH CLARKSON STREET,1,1,0,0,1,1,0,0,30,0,0,0,0,0,4,2,13
,2020-25704,39.73842,-104.97413,12/24/2020 19:30,19:30:00,11,0,1,EAST 14TH AVENUE & NORTH CORONA STREET,1,3,0,0,1,1,0,0,0,0,1,0,0,2,4,1,16