id,drcog_id,latitude,longitude,crashtime,time,crashtype,numbkilled,numbinjurd,drcoglocat,rdconditin,lightngcon,roadcntgrd,weatherco,location,roaddescrp,schoolzone,constrzone,splimit,bikeinv,pedinv,sctrinv,motoinv,svrty,rdsystem,ttlvehcls,hcf
,2020-25705,39.75001,-104.9912,12/24/2020 18:23,18:23:00,3,0,0,19TH STREET & CURTIS STREET,1,3,0,0,1,1,0,0,30,0,0,0,0,0,4,2,7
,2020-25707,39.68931,-104.99659,12/24/2020 13:22,13:22:00,10,0,0,SOUTH PLATTE RIVER DRIVE & WEST FLORIDA AVENUE,1,1,0,0,1,3,0,0,35,0,0,0,0,1,4,2,3
,2020-25708,39.77857152,-104.9222779,12/24/2020 20:14,20:14:00,12,0,0,I70 WB & NORTH HOLLY STREET EXIT GORE POINT,1,4,0,0,1,4,0,0,65,0,0,0,0,1,1,3,16
,2020-25710,39.72728,-104.98488,12/24/2020 21:52,21:52:00,5,0,0,200 EAST SEVENTH AVENUE & NORTH SHERMAN STREET,4,3,0,0,1,4,0,0,25,0,0,0,0,0,4,1,1
,2020-25712,39.67663,-104.95939,12/24/2020 14:05,14:05:00,12,0,0,2100 SOUTH UNIVERSITY BOULEVARD & EAST WARREN AVENUE,1,1,0,0,1,3,0,0,30,0,0,0,0,0,4,2,14
,2020-25713,39.68051654,-105.0250309,12/24/2020 19:25,19:25:00,5,0,0,2000 SOUTH FEDERAL BOULEVARD & WEST ASBURY AVENUE,1,3,0,0,3,3,0,0,45,0,0,0,0,0,2,1,13
,2020-25714,39.71125,-105.0397,12/24/2020 17:03,17:03:00,3,0,0,SOUTH PERRY STREET & WEST ALAMEDA AVENUE,1,3,1,0,1,1,0,0,25,0,0,0,0,1,2,2,3
,2020-25716,39.70811,-104.87901,12/24/2020 15:55,15:55:00,12,0,0,EAST ALAMEDA STREET & SOUTH CLINTON STREET,1,2,0,0,1,1,0,0,40,0,0,0,0,0,4,2,14
,2020-25717,39.73364353,-104.9128009,12/24/2020 15:22,15:22:00,12,0,0,MONACO PARKWAY & EAST 11TH AVENUE,1,1,0,0,1,4,0,0,35,0,0,0,0,0,4,2,13
,2020-25731,39.72928754,-105.0251884,12/24/2020 12:33,12:33:00,15,0,0,SIXTH AVENUE & NORTH FEDERAL BOULEVARD,1,1,0,0,1,4,0,0,45,0,0,0,0,1,2,3,16
,2020-25762,39.66532454,-105.0251119,11/23/2020 20:40,20:40:00,9,0,0,2800 OF FEDERAL BOULEVARD & WEST AMHERST AVENUE,1,3,0,0,1,4,0,0,40,0,0,0,1,0,2,2,14
,2020-25773,39.71119,-105.01101,12/25/2020 14:32,14:32:00,12,0,0,WEST ALAMEDA AVENUE & SOUTH TEJON STREET,1,1,0,0,1,4,0,0,30,0,0,0,0,0,4,2,16
,2020-25820,39.70604953,-104.9408584,11/22/2020 16:34,16:34:00,12,0,0,SOUTH COLORADO BOULEVARD & CHERRY CREEK SOUTH DRIVE,1,3,0,0,1,4,0,0,35,0,0,0,0,0,2,2,13
,2020-25825,39.70735453,-104.9406694,12/9/2020 10:05,10:05:00,5,0,0,SOUTH COLORADO BOULEVARD & EAST VIRGINIA AVENUE,1,1,1,0,3,1,0,0,35,0,0,0,0,0,2,1,16
,2020-25826,39.69656353,-104.9407279,11/19/2020 18:18,18:18:00,12,0,0,SOUTH COLORADO BOULEVARD & EAST MISSISSIPPI AVENUE,1,3,1,0,1,1,0,0,35,0,0,0,0,0,2,2,13
,2020-25827,39.70604953,-104.9408584,11/10/2020 18:43,18:43:00,1,0,0,SOUTH COLORADO BOULEVARD & CHERRY CREEK SOUTH DRIVE,1,3,0,0,1,1,0,0,35,0,0,0,0,0,2,2,13
,2020-25830,39.70383553,-104.9407279,12/3/2020 12:06,12:06:00,12,0,0,SOUTH COLORADO BOULEVARD & EAST EXPOSITION AVENUE,11,1,0,0,1,1,0,0,35,0,0,0,0,0,2,2,16
,2020-25832,39.70604953,-104.9408584,11/2/2020 14:20,14:20:00,15,0,0,SOUTH COLORADO BOULEVARD & CHERRY CREEK DRIVE SOUTH,11,2,0,0,1,3,0,0,,0,0,0,0,0,2,2,16
,2020-25835,39.70604953,-104.9408584,11/3/2020 19:24,19:24:00,12,0,0,SOUTH COLORADO BOULEVARD & CHERRY CREEK SOUTH DRIVE,1,3,0,0,1,1,0,0,35,0,0,0,0,0,2,2,16
,2020-25889,39.74035,-105.05321,12/7/2020 16:55,16:55:00,5,0,0,WEST COLFAX AVENUE & NORTH SHERIDAN BOULEVARD,1,2,0,0,1,1,0,0,35,0,0,0,0,0,2,1,3
,2020-25892,39.73688,-104.9811,10/28/2020 13:32,13:32:00,3,0,0,EAST 13TH AVENUE & NORTH PENNSYLVANIA STREET,1,1,0,0,1,1,0,0,25,0,0,0,0,0,4,3,14
,2020-25894,39.63324,-104.90632,12/22/2020 7:46,7:46:00,12,0,0,I225 SOUTHBOUND & I25 NORTHBOUND / SOUTHBOUND SPLIT,1,1,0,0,1,4,0,0,65,0,0,0,0,0,1,3,1
,2020-25895,39.68227,-105.02504,8/14/2020 17:59,17:59:00,12,0,0,SOUTH FEDERAL BOULEVARD & WEST JEWELL AVENUE,1,1,1,0,1,4,0,0,40,0,0,0,0,0,2,4,13
,2020-25897,39.78431,-104.8488,10/7/2020 7:45,7:45:00,6,0,0,4800 NORTH PARIS STREET & EAST 49TH AVENUE,1,1,0,0,1,4,0,0,25,0,0,0,0,0,4,2,3
,2020-25900,39.70041,-105.04536,11/2/2020 16:30,16:30:00,11,0,1,WEST KENTUCKY AVENUE & SOUTH UTICA STREET,1,1,0,0,1,1,0,0,30,0,1,0,0,3,4,1,13
,2020-25901,39.71121,-104.99913,12/9/2020 13:17,13:17:00,12,0,0,WEST ALAMEDA AVENUE & I25 SOUTHBOUND EXIT RAMP,1,1,0,0,1,1,0,0,35,0,0,0,0,0,2,2,3
,2020-25902,39.68389,-104.90351,8/30/2020 15:02,15:02:00,3,0,1,SOUTH QUEBEC STREET & EAST COLORADO AVENUE,1,1,0,0,1,1,0,0,25,0,0,0,0,2,4,2,1
,2020-25903,39.70759,-105.02509,9/29/2020 9:55,9:55:00,3,0,0,WEST VIRGINIA AVENUE & SOUTH FEDERAL BOULEVARD,1,1,0,0,1,1,0,0,35,0,0,0,0,0,4,2,7
,2020-25904,39.78896,-104.97829,11/2/2020 7:07,7:07:00,10,0,0,NORTH WASHINGTON STREET & EAST 51ST AVENUE,1,1,0,0,1,1,0,0,30,0,0,0,0,0,4,2,14
,2020-25905,39.69654,-104.89816,10/8/2020 13:37,13:37:00,3,0,0,EAST MISSISSIPPI AVENUE & SOUTH PARKER ROAD,1,1,0,0,1,1,0,0,40,0,0,0,0,0,2,2,15
,2020-25906,39.78288,-104.90079,12/9/2020 12:10,12:10:00,15,0,0,NORTH NORTHFIELD QUEBEC STREET & I270 WB ENTRANCE RAMP,1,1,0,0,1,1,0,0,40,0,0,0,0,0,2,2,13
,2020-25907,39.74034,-105.03699,10/22/2020 22:17,22:17:00,3,0,1,WEST COLFAX AVENUE & NORTH NEWTON STREET,11,3,0,2,1,1,0,0,35,0,0,0,0,1,2,2,14
,2020-25908,39.74011,-105.00007,7/24/2020 18:05,18:05:00,3,0,0,WEST COLFAX AVENUE & NORTH KALAMATH STREET,1,1,0,0,1,1,0,0,40,0,0,0,0,0,2,2,1
,2020-25909,39.74033,-105.01415,12/3/2020 7:10,7:10:00,15,0,0,I25 SOUTHBOUND & WEST COLFAX AVENUE EXIT RAMP,1,1,0,0,1,1,0,0,30,0,0,0,0,0,2,2,3
,2020-25910,39.77283,-104.796,9/24/2020 9:30,9:30:00,12,0,0,EAST 40TH AVENUE & NORTH AIRPORT WAY,1,1,0,0,1,1,0,0,35,0,0,0,0,0,4,2,3
,2020-25911,39.67484,-104.95938,10/25/2020 11:00,11:00:00,5,0,0,SOUTH UNIVERSITY BOULEVARD & EAST ILIFF AVENUE,9,1,1,2,3,4,0,0,30,0,0,0,0,0,4,1,7
,2020-25912,39.6831,-104.94055,9/13/2020 13:32,13:32:00,12,0,0,SOUTH COLORADO BOULEVARD & I25 NORTHBOUND ENTRANCE RAMP,1,1,0,0,1,8,0,0,25,0,0,0,0,1,1,2,3
,2020-25913,39.78260803,-104.9985394,9/17/2020 5:50,5:50:00,15,0,0,I70 WB & MM 280,1,1,0,0,1,4,0,0,55,0,0,0,0,0,1,2,3
,2020-25914,39.7783,-104.90357,10/23/2020 1:30,1:30:00,12,0,0,I70 EASTBOUND & NORTH NORTHFIELD QUEBEC STREET EXIT GORE POINT,4,3,0,2,1,4,0,0,55,0,0,0,0,0,1,2,14
,2020-25917,39.73671,-104.94067,10/23/2020 13:30,13:30:00,12,0,0,NORTH COLORADO BOULEVARD & EAST 13TH AVENUE,1,1,0,0,1,3,0,0,35,0,0,0,0,0,2,2,1
,2020-25918,39.77746,-105.00172,12/2/2020 11:45,11:45:00,5,0,0,4400 NORTH LIPAN STREET & WEST 44TH AVENUE,1,1,0,0,3,4,0,0,30,0,0,0,0,0,4,1,16
,2020-25920,39.73681,-104.9586,9/26/2020 12:28,12:28:00,3,0,0,EAST 13TH AVENUE & NORTH JOSEPHINE STREET,1,1,0,0,1,1,0,0,25,0,0,0,0,0,4,2,13
,2020-25921,39.70037,-105.0391,12/27/2020 16:56,16:56:00,3,0,0,WEST KENTUCKY AVENUE & SOUTH PATTON COURT,1,2,0,0,1,1,0,0,25,0,0,0,0,1,4,3,7
,2020-25922,39.73081,-105.01535,12/22/2020 12:41,12:41:00,12,0,1,I25 & SIXTH TO NORTHBOUND I25 RAMP,1,1,0,0,1,4,0,0,65,0,0,0,0,1,1,3,1
,2020-25923,39.75885,-104.86587,12/23/2020 21:10,21:10:00,3,0,0,NORTH HAVANA STREET & EAST 29TH DRIVE,11,3,0,0,1,2,0,0,30,0,0,0,0,0,4,3,16
,2020-25925,39.69701,-105.05301,9/30/2020 7:20,7:20:00,12,0,0,5100 MORRISON ROAD & SOUTH SHERIDAN BOULEVARD,1,1,0,0,1,3,0,0,30,0,0,0,0,0,4,2,13
,2020-25926,39.77291,-104.95194,3/13/2020 15:52,15:52:00,15,0,0,EAST 40TH AVENUE & NORTH MILWAUKEE STREET,1,1,0,0,1,3,0,0,30,0,0,0,0,0,4,2,1
,2020-25927,39.79521,-104.80889,12/21/2020 9:40,9:40:00,6,0,0,HANNIBAL STREET & 5500 NORTH,1,1,0,0,1,4,0,0,20,0,0,0,0,0,4,2,1
,2020-25936,39.67249,-104.98732,8/14/2020 17:11,17:11:00,6,0,0,2400 SOUTH BRAODWAY STREET & WEST HARVARD AVENUE,1,1,0,0,1,4,0,0,30,0,0,0,0,0,4,3,13
,2020-25937,39.75408,-104.9961,7/7/2020 10:50,10:50:00,6,0,0,WAZEE STREET 1900  & 20TH STREET,1,1,0,0,1,2,0,0,25,0,0,0,0,0,4,2,13
,2020-25938,39.72241,-105.05177,12/29/2020 11:30,11:30:00,6,0,0,ZENOBIA STREET 400 NORTH & FOURTH AVENUE,1,1,0,0,1,4,0,0,25,0,0,0,0,0,4,2,13
,2020-25939,39.7595,-104.86421,12/14/2020 9:34,9:34:00,10,0,0,EAST MLK BOULEVARD & NORTH IOLA STREET,1,1,0,0,1,1,0,0,25,0,0,0,0,0,4,2,13
,2020-25940,39.74956928,-104.8973037,11/20/2020 15:55,15:55:00,5,0,0,SPRUCE STREET & 2210 NORTH,1,1,0,0,3,5,0,0,,0,0,0,0,0,4,1,14
,2020-25941,39.66205,-105.02398,12/25/2020 5:24,5:24:00,6,0,0,2900 WEST CORNELL AVENUE & SOUTH FEDERAL BOULEVARD,1,3,0,0,1,4,0,0,25,0,0,0,0,0,4,2,13
,2020-25942,39.68931,-104.99659,12/11/2020 7:20,7:20:00,8,0,1,SOUTH PLATTE RIVER DRIVE & WEST FLORIDA AVENUE,11,1,0,2,1,4,0,0,35,0,0,0,0,3,4,2,16
,2020-25943,39.68227,-105.02504,7/27/2020 21:43,21:43:00,1,0,2,FEDERAL BOULEVARD SOUTH & JEWELL AVENUE WEST,1,3,0,0,1,1,0,0,40,0,0,0,0,3,2,2,1
,2020-25948,39.7613,-105.01089,12/8/2020 14:14,14:14:00,6,0,0,17TH STREET 2700  & ERIE STREET,1,1,1,0,1,4,0,0,30,0,0,0,0,0,4,2,13
,2020-25949,39.77664,-105.02522,12/25/2020 16:30,16:30:00,1,0,1,FEDERAL BOULEVARD NORTH & 44TH AVENUE WEST,1,1,0,0,1,1,0,0,35,0,0,0,1,2,2,2,13
,2020-25960,39.70961,-105.03504,12/31/2020 18:34,18:34:00,16,1,0,LOWELL BOULEVARD SOUTH & MORRISON ROAD,1,3,0,0,1,2,0,0,0,0,1,0,0,4,4,1,16
,2020-25961,39.7743,-104.81936,9/25/2020 19:34,19:34:00,1,1,0,ANDREWS DRIVE EAST & EUGENE WAY NORTH,1,3,0,0,1,1,0,0,25,0,0,0,1,4,4,2,5
,2020-25962,39.78179,-104.73454,12/23/2020 6:05,6:05:00,3,1,1,GREEN VALLEY RANCH BOULEVARD EAST & PICADILLY ROAD NORTH,1,3,0,0,1,1,0,0,40,0,0,0,0,4,4,2,13
,2020-25963,39.77204,-105.05324,1/27/2020 9:51,9:51:00,12,0,0,SHERIDAN BOULEVARD 4000 NORTH & 41ST AVENUE WEST,4,1,1,0,1,4,0,0,35,0,0,0,0,0,2,3,16
,2020-25964,39.72891,-104.99861,12/30/2020 17:38,17:38:00,3,0,0,NORTH SANTA FE DRIVE & WEST EIGHTH AVENUE,1,3,0,0,1,1,0,0,30,0,0,0,0,1,4,2,16
,2020-25965,39.69485,-105.02479,12/27/2020 20:56,20:56:00,12,0,0,FEDERAL BOULEVARD 1200 SOUTH & ARIZONA AVENUE WEST,1,3,1,0,1,4,0,0,45,0,0,0,0,0,2,2,9
,2020-25966,39.65378,-104.89399,12/19/2020 2:40,2:40:00,3,0,0,ULSTER STREET 3400 SOUTH & GIRARD AVENUE EAST,2,4,0,0,1,2,0,0,25,0,0,0,0,0,4,2,5
,2020-25968,39.65334,-105.05321,12/23/2020 5:20,5:20:00,15,0,0,HAMPDEN AVENUE WEST & SHERIDAN BOULEVARD SOUTH,1,3,0,0,1,4,0,0,35,0,0,0,0,0,2,2,13
,2020-25969,39.71121,-104.9989,12/22/2020 14:25,14:25:00,12,0,0,I25 & WEST ALAMEDA AVENUE,1,1,1,0,1,4,0,0,55,0,0,0,0,0,1,2,1
,2020-25970,39.69687,-105.05323,12/23/2020 17:32,17:32:00,12,0,0,SOUTH SHERIDAN BOULEVARD & MORRISON ROAD,1,3,0,0,1,1,0,0,30,0,0,0,0,0,2,2,1
,2020-25971,39.70352,-105.025,12/27/2020 21:12,21:12:00,12,0,0,FEDERAL BOULEVARD 700 SOUTH & EXPOSITION AVENUE,1,3,1,0,1,4,0,0,40,0,0,0,0,0,2,2,1
,2020-25972,39.65312,-104.90242,12/10/2020 11:42,11:42:00,1,0,0,HAMPDEN AVENUE 7500 EAST & TAMARAC DRIVE SOUTH,1,1,0,0,1,3,0,0,40,0,0,0,0,0,2,2,13
,2020-25973,39.71116,-104.98758,12/31/2020 18:09,18:09:00,3,0,0,ALAMEDA AVENUE EAST & BROADWAY STREET SOUTH,1,3,0,0,1,1,0,0,30,0,0,0,0,0,4,2,16
,2020-25974,39.73848,-105.03815,12/9/2020 22:34,22:34:00,6,0,0,14TH AVENUE WEST & OSCEOLA STREET NORTH,1,3,0,0,3,4,0,0,25,0,0,0,0,0,4,2,14
,2020-25975,39.75158,-104.9861,12/30/2020 13:22,13:22:00,2,0,1,22ND STREET & STOUT STREET,7,1,0,0,1,5,0,0,25,1,0,0,0,2,4,2,16
,2020-26071,39.96135148,-105.1284595,7/8/2020 9:25,9:25:00,12,0,0,SOUTH 96TH STREET & DILLON ROAD,1,1,3,0,1,3,0,0,40,0,0,0,0,0,4,2,3
,2020-26469,39.74654953,-105.0045694,10/22/2020 7:23,7:23:00,5,0,0,11TH STREET & WALNUT STREET,1,1,3,0,3,1,0,0,15,0,0,0,0,0,4,1,7
,2020-26775,39.70734,-104.94071,12/16/2020 16:08,16:08:00,3,0,0,VIRGINIA AVENUE EAST & COLORADO BOULEVARD SOUTH,11,1,3,0,1,1,0,0,35,0,0,0,0,0,2,3,11
,2020-26776,39.70735,-104.94072,12/29/2020 21:37,21:37:00,1,0,0,COLORADO BOULEVARD SOUTH & CHERRY CREEK SOUTH DRIVE,1,3,3,0,1,1,0,0,35,0,0,0,0,0,2,2,13
,2020-26786,39.65301,-104.94068,3/2/2020 5:20,5:20:00,1,0,1,HAMPDEN AVENUE EAST & COLORADO BOULEVARD SOUTH,4,3,0,0,1,1, ,0,40,0,0,0,0,1,2,2,3
,2020-26788,39.65301,-104.94068,5/29/2020 11:32,11:32:00,12,0,1,COLORADO BOULEVARD SOUTH & HAMPDEN AVENUE EAST,1,1,0,0,1,3, ,1,35,0,0,0,0,1,2,3,3
,2020-26789,39.69748,-104.94071,6/19/2020 16:35,16:35:00,12,0,0,COLORADO BOULEVARD 1000 SOUTH & MISSISSIPPI AVENUE EAST,11,1,1,1,1,3, ,0,,0,0,0,0,0,2,2,13
,2020-26790,39.66028,-104.94069,4/21/2020 12:47,12:47:00,2,0,1,COLORADO BOULEVARD SOUTH & DARTMOUTH AVENUE,1,1,0,0,1,3, ,0,45,1,0,0,0,2,2,2,13
,2020-26791,39.66448,-104.94068,5/25/2020 10:20,10:20:00,5,0,1,COLORADO BOULEVARD 2800 SOUTH & AMHERST AVENUE EAST,1,1,0,0,3,4, ,0,30,0,0,0,0,2,2,1,14
,2020-26792,39.6655,-104.94069,4/29/2020 12:15,12:15:00,1,0,0,AMHERST AVENUE EAST & COLORADO BOULEVARD SOUTH,1,1,0,0,1,1, ,0,25,0,0,0,0,0,4,2,1
,2020-26793,39.66756,-104.94068,2/26/2020 18:15,18:15:00,1,0,0,COLORADO BOULEVARD SOUTH & YALE AVENUE EAST,1,3,0,0,1,1, ,0,35,0,0,0,0,0,2,2,3
,2020-26794,39.66756,-104.9406,1/2/2020 18:00,18:00:00,1,0,0,COLORADO BOULEVARD SOUTH & YALE AVENUE EAST,1,3,0,0,1,1, ,0,35,0,0,0,0,0,2,2,4
,2020-26795,39.66899,-104.94068,4/17/2020 16:29,16:29:00,15,0,0,COLORADO BOULEVARD SOUTH & YALE AVENUE,1,1,0,0,1,4, ,0,35,0,0,0,0,0,2,2,13
,2020-26796,39.66978,-104.94086,2/5/2020 16:40,16:40:00,3,0,0,COLORADO BOULEVARD SOUTH & 2589 SOUTH COLORADO BOULEVARD,1,1,0,0,1,2, ,0,30,0,0,0,0,0,2,2,3
,2020-26797,39.6775,-104.9407,1/10/2020 17:41,17:41:00,12,0,0,COLORADO BOULEVARD 2100 SOUTH & EVANS AVENUE EAST,1,2,0,1,1,3, ,0,40,0,0,0,0,0,4,3,7
,2020-26798,39.67841,-104.94075,1/18/2020 11:36,11:36:00,1,0,0,COLORADO BOULEVARD SOUTH & EVANS AVENUE EAST,1,1,0,0,1,1, ,0,40,0,0,0,0,0,2,3,13
,2020-26799,39.67841,-104.94075,1/30/2020 17:27,17:27:00,1,0,0,COLORADO BOULEVARD SOUTH & EVANS AVENUE EAST,11,4,0,2,1,1, ,0,35,0,0,0,0,0,4,2,13
,2020-26800,39.6801,-104.94068,6/29/2020 10:27,10:27:00,3,0,0,COLORADO BOULEVARD SOUTH & BUCHTELL BOULEVARD EAST,1,1,0,0,1,1, ,0,40,0,0,0,0,0,2,2,13
,2020-26801,39.6801,-104.94069,5/1/2020 16:00,16:00:00,15,0,0,COLORADO BOULEVARD SOUTH & BUCHTEL BOULEVARD EAST,1,1,0,0,1,3, ,0,30,0,0,0,0,0,4,2,2
,2020-26802,39.6831,-104.94055,5/22/2020 17:04,17:04:00,3,0,1,COLORADO BOULEVARD SOUTH & I25,1,1,1,0,1,1, ,0,40,0,0,0,0,1,2,3,2
,2020-26803,39.68294,-104.94055,6/24/2020 14:14,14:14:00,3,0,1,COLORADO BOULEVARD SOUTH & I25 SOUTHBOUND OFF RAMP,1,1,1,0,1,1, ,0,40,0,0,0,0,2,1,2,13
,2020-26804,39.68294,-104.94055,5/24/2020 23:20,23:20:00,5,0,1,COLORADO BOULEVARD SOUTH & I25 SOUTHBOUND ON LOOP RAMP EXIT GORE POINT,1,3,1,0,3,4, ,0,20,0,0,0,0,0,2,1,7
,2020-26805,39.68223,-104.94059,1/28/2020 11:10,11:10:00,15,0,0,COLORADO BOULEVARD 1800 SOUTH & MEXICO AVENUE WEST,1,1,1,0,1,4, ,0,35,0,0,0,0,0,2,2,3
,2020-26806,39.68568,-104.9406,1/11/2020 0:35,0:35:00,10,0,0,COLORADO BOULEVARD SOUTH & MEXICO AVENUE EAST,1,3,0,0,1,1, ,0,35,0,0,0,0,0,2,2,8
,2020-26807,39.68513,-104.9406,1/13/2020 16:14,16:14:00,12,0,0,COLORADO BOULEVARD SOUTH & MEXICO AVENUE EAST,1,2,0,0,1,1, ,0,30,0,0,0,0,0,4,3,13
,2020-26808,39.68749,-104.94065,2/28/2020 17:01,17:01:00,1,0,0,COLORADO B SOUTH & IOWA AVENUE EAST,1,2,0,0,1,1, ,0,35,0,0,0,0,0,2,2,1
,2020-26809,39.68749,-104.94066,3/4/2020 12:10,12:10:00,1,0,0,COLORADO BOULEVARD SOUTH & IOWA AVENUE EAST,1,1,0,0,1,1, ,0,35,0,0,0,0,0,2,2,1
,2020-26810,39.68749,-104.94065,5/28/2020 16:05,16:05:00,11,0,1,IOWA AVENUE EAST & COLORADO BOULEVARD SOUTH,1,1,0,0,1,1, ,0,0,0,1,0,0,3,2,2,16
,2020-26811,39.68841,-104.94064,3/18/2020 20:15,20:15:00,15,0,2,COLORADO BOULEVARD SOUTH & FLORIDA AVENUE EAST,1,3,1,0,1,3, ,0,35,0,0,0,0,2,2,3,5
,2020-26812,39.68932,-104.94063,2/21/2020 17:15,17:15:00,1,0,0,COLORADO B SOUTH & FLORIDA AVENUE EAST,1,1,0,0,1,1, ,0,30,0,0,0,0,0,2,2,8
,2020-26813,39.68932,-104.94063,4/28/2020 20:55,20:55:00,12,0,0,COLORADO BOULEVARD SOUTH & FLORIDA AVENUE EAST,1,3,0,0,1,3, ,0,35,0,0,0,0,0,2,2,13
,2020-26814,39.69023,-104.94064,1/30/2020 14:15,14:15:00,15,0,0,COLORADO BOULEVARD SOUTH & ARKANSAS AVENUE EAST,11,1,1,1,1,3, ,0,40,0,0,0,0,0,2,2,8
,2020-26815,39.69204,-104.94064,1/15/2020 17:19,17:19:00,15,0,0,COLORADO BOULEVARD 1300 SOUTH & ARKANSAS AVENUE EAST,1,3,1,0,1,3, ,0,35,0,0,0,0,0,2,2,14
,2020-26816,39.69204,-104.94064,2/11/2020 13:45,13:45:00,15,0,0,COLORADO B 1300 SOUTH & LOUISIANA AVENUE EAST,1,1,0,0,1,4, ,0,30,0,0,0,0,0,2,2,13
,2020-26817,39.69294,-104.94063,6/19/2020 10:58,10:58:00,12,0,2,COLORADO BOULEVARD SOUTH & LOUISIANA AVENUE EAST,1,1,0,0,1,3, ,0,45,0,0,0,0,1,4,2,1
,2020-26818,39.69294,-104.94063,5/15/2020 17:50,17:50:00,1,0,1,LOUISIANA AVENUE EAST & COLORADO BOULEVARD SOUTH,1,1,1,0,1,1, ,0,45,0,0,0,0,1,4,2,13
,2020-26819,39.69476,-104.94063,1/24/2020 14:14,14:14:00,3,0,0,COLORADO BOULEVARD SOUTH & ARIZONA AVENUE EAST,1,1,0,0,1,1, ,0,25,0,0,0,0,0,2,2,7
,2020-26820,39.69476,-104.94063,5/28/2020 16:59,16:59:00,1,0,0,COLORADO BOULEVARD SOUTH & ARIZONA AVENUE EAST,1,1,0,0,1,1, ,0,40,0,0,0,0,0,2,2,13
,2020-26822,39.69657,-104.94061,2/13/2020 6:45,6:45:00,11,0,1,MISSISSIPPI AVENUE EAST & COLORADO B SOUTH,9,1,0,0,1,1, ,0,30,0,1,0,0,0,2,2,13
,2020-26824,39.69657,-104.94061,2/17/2020 14:11,14:11:00,11,0,0,MISSISSIPPI AVENUE EAST & COLORADO B SOUTH,1,1,0,0,1,1, ,0,0,0,1,0,0,0,2,2,16
,2020-26825,39.69657,-104.94061,3/13/2020 7:55,7:55:00,11,0,1,MISSISSIPPI AVENUE EAST & COLORADO BOULEVARD SOUTH,1,1,0,0,1,1, ,0,30,0,1,0,0,2,4,2,3
,2020-26826,39.69657,-104.94061,3/19/2020 15:30,15:30:00,3,0,0,COLORADO BOULEVARD SOUTH & MISSISSIPPI AVENUE EAST,9,1,1,2,1,1, ,0,45,0,0,0,0,0,2,2,3
,2020-26827,39.69928,-104.94071,5/15/2020 0:40,0:40:00,3,0,1,COLORADO BOULEVARD 900 SOUTH & KENTUCKY AVENUE EAST,1,3,0,0,1,3, ,0,35,0,0,0,0,1,4,2,7
,2020-26828,39.69748,-104.94071,1/22/2020 6:53,6:53:00,15,0,0,COLORADO BOULEVARD SOUTH & MISSISSIPPI AVENUE EAST,1,1,0,0,1,3, ,0,35,0,0,0,0,0,2,2,2
,2020-26829,39.69748,-104.94071,2/13/2020 6:24,6:24:00,12,0,0,COLORADO B 1000 SOUTH & MISSISSIPPI AVENUE EAST,9,1,0,0,1,3, ,0,35,0,0,0,0,0,2,2,13
,2020-26830,39.69748,-104.94071,3/9/2020 19:48,19:48:00,12,0,0,COLORADO BOULEVARD 1000 SOUTH & MISSISSIPPI AVENUE EAST,1,3,1,0,1,4, ,0,35,0,0,0,0,0,2,2,13
,2020-26831,39.70112,-104.94069,5/17/2020 8:22,8:22:00,5,0,0,COLORADO BOULEVARD 800 SOUTH & OHIO AVENUE EAST,1,1,1,0,2,4, ,0,35,0,0,0,0,0,2,1,13
,2020-26832,39.70202653,-104.9406109,1/30/2020 12:48,12:48:00,12,0,1,COLORADO BOULEVARD SOUTH & OHIO AVENUE EAST,11,1,0,0,1,1, ,0,30,0,0,0,0,0,4,2,13
,2020-26833,39.70206,-104.94069,2/28/2020 8:02,8:02:00,15,0,0,COLORADO BOULEVARD SOUTH & OHIO AVENUE EAST,1,1,0,0,1,1, ,0,,0,0,0,0,0,4,2,13
,2020-26835,39.70734,-104.9407,1/8/2020 18:36,18:36:00,1,0,0,CHERRY CREEK NORTH DRIVE EAST & COLORADO BOULEVARD SOUTH,1,3,0,0,1,1, ,0,35,0,0,0,0,0,2,2,7
,2020-26836,39.70607653,-104.9406694,1/13/2020 1:45,1:45:00,1,0,0,COLORADO BOULEVARD SOUTH & CHERRY CREEK SOUTH,1,3,0,0,1,1, ,0,35,0,0,0,0,0,2,2,4
,2020-26837,39.70606,-104.94075,1/16/2020 15:25,15:25:00,1,0,0,CHERRY CREEK DRIVE SOUTH & COLORADO BOULEVARD SOUTH,1,1,0,0,1,1, ,0,30,0,0,0,0,0,2,2,7
,2020-26838,39.70606,-104.94075,2/26/2020 17:00,17:00:00,15,0,0,COLORADO BOULEVARD SOUTH & CHERRY CREEK DRIVE SOUTHEAST,1,1,0,0,1,1, ,0,35,0,0,0,0,0,2,2,3
,2020-26840,39.70734,-104.94074,1/14/2020 8:18,8:18:00,12,0,0,COLORADO BOULEVARD SOUTH & CHERRY CREEK NORTH DRIVE EAST,1,1,0,0,1,3, ,0,35,0,0,0,0,0,2,2,13
,2020-26841,39.70206,-104.94069,2/13/2020 13:38,13:38:00,10,0,0,COLORADO B SOUTH & OHIO AVENUE EAST,11,1,1,0,1,1, ,0,40,0,0,0,0,0,2,2,1
,2020-26842,39.70734,-104.94074,1/29/2020 19:20,19:20:00,1,0,0,COLORADO BOULEVARD SOUTH & CHERRY CREEK DRIVE NORTHEAST,11,2,0,2,1,1, ,0,35,0,0,0,0,0,4,2,13