id,drcog_id,latitude,longitude,crashtime,time,crashtype,numbkilled,numbinjurd,drcoglocat,rdconditin,lightngcon,roadcntgrd,weatherco,location,roaddescrp,schoolzone,constrzone,splimit,bikeinv,pedinv,sctrinv,motoinv,svrty,rdsystem,ttlvehcls,hcf
,2020-26845,39.70734,-104.94074,1/31/2020 17:46,17:46:00,1,0,0,CHERRY CREEK DRIVE NORTHEAST & COLORADO BOULEVARD SOUTH,1,3,0,0,1,1, ,0,25,0,0,0,0,0,4,2,13
,2020-26847,39.70734,-104.94074,3/6/2020 11:02,11:02:00,1,0,2,CHERRY CREEK DRIVE NORTH & COLORADO BOULEVARD SOUTH,1,1,0,0,1,1, ,0,30,0,0,0,0,2,2,2,13
,2020-26848,39.70734,-104.94074,3/7/2020 11:45,11:45:00,1,0,0,COLORADO BOULEVARD SOUTH & VIRGINIA AVENUE EAST,1,1,0,0,1,1, ,0,30,0,0,0,0,0,2,2,7
,2020-26849,39.71019,-104.94072,2/12/2020 15:04,15:04:00,12,0,0,COLORADO BOULEVARD SOUTH & CHERRY CREEK DRIVE NORTH,11,1,0,2,1,4, ,0,35,0,0,0,0,0,2,2,1
,2020-26850,39.71019,-104.94072,2/18/2020 8:04,8:04:00,12,0,1,COLORADO B 300 SOUTH & ALAMEDA AVENUE EAST,1,1,0,0,1,4, ,0,35,0,0,0,0,1,2,2,1
,2020-26851,39.71131,-104.94062,2/17/2020 12:50,12:50:00,12,0,0,COLORADO BOULEVARD SOUTH & ALAMEDA AVENUE WEST,1,1,0,0,1,4, ,0,30,0,0,0,0,0,2,2,13
,2020-26852,39.71156,-104.9407,1/3/2020 16:50,16:50:00,12,0,0,ALAMEDA AVENUE EAST & COLORADO BOULEVARD SOUTH,1,1,0,0,1,1, ,0,,0,0,0,0,0,4,2,13
,2020-26853,39.71156,-104.94071,1/13/2020 17:00,17:00:00,12,0,0,COLORADO BOULEVARD SOUTH & ALAMEDA AVENUE EAST,1,1,0,0,1,1, ,0,35,0,0,0,0,0,2,3,3
,2020-26854,39.71156,-104.94071,1/29/2020 17:50,17:50:00,12,0,0,COLORADO BOULEVARD SOUTH & ALAMEDA AVENUE EAST,1,3,0,0,1,1, ,0,35,0,0,0,0,0,2,2,3
,2020-26855,39.71156,-104.94071,2/3/2020 15:50,15:50:00,12,0,0,COLORADO B SOUTH & ALAMEDA AVENUE EAST,9,1,0,0,1,3, ,0,30,0,0,0,0,0,2,2,14
,2020-26856,39.71231,-104.94069,2/4/2020 7:30,7:30:00,5,0,0,COLORADO B SOUTH & ALAMEDA AVENUE EAST,9,1,0,2,3,3, ,0,35,0,0,0,0,0,2,1,1
,2020-26857,39.71156,-104.94071,2/24/2020 17:40,17:40:00,1,0,0,ALAMEDA AVENUE EAST & COLORADO BOULEVARD SOUTH,1,3,0,0,1,1, ,0,30,0,0,0,0,0,4,3,13
,2020-26858,39.71156,-104.94071,2/27/2020 9:00,9:00:00,12,0,0,ALAMEDA AVENUE EAST & COLORADO B SOUTH,1,1,0,0,1,3, ,0,35,0,0,0,0,0,4,2,13
,2020-26859,39.71139,-104.94101,3/18/2020 17:15,17:15:00,12,0,0,ALAMEDA AVENUE EAST & COLORADO BOULEVARD SOUTH,1,1,0,0,1,1, ,0,30,0,0,0,0,0,4,2,13
,2020-26860,39.71156,-104.94071,5/18/2020 17:10,17:10:00,3,0,0,ALAMEDA AVENUE EAST & COLORADO BOULEVARD SOUTH,1,1,0,0,1,1, ,0,30,0,0,0,0,0,2,2,13
,2020-26861,39.71231,-104.94069,5/19/2020 10:55,10:55:00,12,0,1,COLORADO BOULEVARD 200 SOUTH & BAYAUD AVENUE EAST,1,1,1,0,1,4, ,0,35,0,0,0,0,1,2,2,3
,2020-26862,39.71465353,-104.9406109,1/13/2020 14:00,14:00:00,12,0,0,BAYAUD AVENUE EAST & COLORADO BOULEVARD NORTH,1,1,0,0,1,3, ,0,25,0,0,0,0,0,4,2,3
,2020-26863,39.71464,-104.94069,1/29/2020 16:35,16:35:00,1,0,0,COLORADO BOULEVARD SOUTH & BAYAUD AVENUE EAST,1,2,1,1,1,1, ,0,40,0,0,0,0,0,2,2,2
,2020-26864,39.71464,-104.97403,3/2/2020 14:30,14:30:00,12,0,0,COLORADO BOULEVARD SOUTH & BAYAUD AVENUE EAST,1,1,0,0,1,3, ,0,30,0,0,0,0,0,2,2,3
,2020-26865,39.71779453,-104.9407999,6/18/2020 14:31,14:31:00,15,0,0,COLORADO BOULEVARD & FIRST AVENUE EAST,1,1,1,0,1,4, ,0,30,0,0,0,0,0,2,3,13
,2020-26866,39.71779,-104.92404,1/28/2020 17:50,17:50:00,3,0,2,COLORADO BOULEVARD NORTH & FIRST AVENUE EAST,1,3,0,0,1,1, ,0,30,0,0,0,0,1,2,2,3
,2020-26867,39.71779453,-104.9407999,4/28/2020 20:47,20:47:00,12,0,2,COLORADO BOULEVARD NORTH & FIRST AVENUE EAST,1,3,1,0,1,1, ,0,45,0,0,0,0,1,2,2,1
,2020-26868,39.71779,-104.94071,5/11/2020 9:40,9:40:00,1,0,0,FIRST AVENUE EAST & COLORADO BOULEVARD NORTH,1,1,0,0,1,1, ,0,35,0,0,0,0,0,4,2,1
,2020-26869,39.7186,-104.94071,2/19/2020 15:25,15:25:00,12,0,0,COLORADO B 100 NORTH & FIRST AVENUE EAST,11,1,1,2,1,3, ,0,35,0,0,0,0,0,2,2,6
,2020-26870,39.7194,-104.94071,2/2/2020 3:00,3:00:00,5,0,0,COLORADO BOULEVARD NORTH & SECOND AVENUE EAST,1,3,1,0,3,4, ,0,35,0,0,0,0,0,2,1,14
,2020-26871,39.72062173,-104.9406738,1/9/2020 11:38,11:38:00,12,0,0,COLORADO BOULEVARD 200 NORTH & THIRD AVENUE EAST,1,1,1,0,1,4, ,0,35,0,0,0,0,0,2,2,13
,2020-26872,39.72018,-104.9407,1/9/2020 11:53,11:53:00,12,0,0,COLORADO BOULEVARD 200 NORTH & THIRD AVENUE EAST,1,1,1,0,1,4, ,0,35,0,0,0,0,0,2,3,13
,2020-26873,39.72096,-104.9407,1/5/2020 4:30,4:30:00,5,0,0,COLORADO BOULEVARD NORTH & THIRD AVENUE EAST,1,3,1,0,2,1, ,0,35,0,0,0,0,0,2,1,14
,2020-26874,39.72096253,-104.9407909,1/29/2020 6:48,6:48:00,12,0,0,COLORADO BOULEVARD SOUTH & THIRD AVENUE EAST,1,1,0,0,1,1, ,0,35,0,0,0,0,0,4,2,1
,2020-26875,39.72254,-104.9407,1/26/2020 16:10,16:10:00,12,0,0,COLORADO BOULEVARD NORTH & FOURTH AVENUE,1,1,0,0,1,1, ,0,35,0,0,0,0,0,2,2,13
,2020-26876,39.72486,-104.94069,6/25/2020 13:32,13:32:00,15,0,2,COLORADO BOULEVARD & 500 NORTH,1,1,0,0,1,4, ,0,30,0,0,0,0,1,2,2,3
,2020-26877,39.72561553,-104.9405884,2/20/2020 15:41,15:41:00,12,0,0,SIXTH AVENUE PARKWAY EAST & COLORADO B SOUTH,1,1,0,0,1,3, ,0,30,0,0,0,0,0,4,2,3
,2020-26878,39.7256,-104.94069,5/16/2020 20:58,20:58:00,3,0,0,SIXTH AVENUE EAST & COLORADO BOULEVARD NORTH,1,4,0,0,1,1, ,0,35,0,0,0,0,0,4,2,1
,2020-26879,39.7256,-104.94069,2/28/2020 22:36,22:36:00,12,0,0,COLORADO BOULEVARD NORTH & SIXTH AVENUE EAST,1,3,0,0,1,1, ,0,35,0,0,0,0,0,4,2,13
,2020-26880,39.72731,-104.9407,3/4/2020 14:50,14:50:00,12,0,0,COLORADO BOULEVARD NORTH & SEVENTH AVENUE EAST,1,1,0,0,1,4, ,0,35,0,0,0,0,0,2,2,1
,2020-26881,39.7273,-104.9407,1/12/2020 13:23,13:23:00,1,0,0,COLORADO BOULEVARD NORTH & SEVENTH AVENUE,11,1,0,0,1,1, ,0,35,0,0,0,0,0,2,2,1
,2020-26882,39.72731,-104.9407,3/21/2020 15:55,15:55:00,1,0,0,COLORADO BOULEVARD NORTH & SEVENTH AVENUE,1,1,0,0,1,1, ,0,35,0,0,0,0,0,2,2,14
,2020-26883,39.72827,-104.9407,6/22/2020 13:26,13:26:00,15,0,0,COLORADO BOULEVARD 700 NORTH & EIGHTH AVENUE EAST,1,1,0,0,1,4, ,0,35,0,0,0,0,0,2,2,13
,2020-26884,39.72923,-104.94069,1/30/2020 6:00,6:00:00,3,0,1,EIGHTH AVENUE EAST & COLORADO BOULEVARD NORTH,1,3,0,0,1,1, ,0,30,0,0,0,0,1,4,2,7
,2020-26885,39.72923,-104.94069,3/5/2020 19:25,19:25:00,15,0,0,EIGHTH AVENUE EAST & COLORADO BOULEVARD NORTH,1,2,0,0,1,1, ,0,30,0,0,0,0,0,2,2,13
,2020-26886,39.72923,-104.94069,5/5/2020 16:06,16:06:00,1,0,0,COLORADO BOULEVARD NORTH & EIGHTH AVENUE EAST,1,1,0,0,1,1, ,0,35,0,0,0,0,0,2,2,1
,2020-26887,39.73048,-104.9406,1/2/2020 17:30,17:30:00,12,0,0,COLORADO BOULEVARD NORTH & NINTH AVENUE,1,3,0,0,1,4, ,0,30,0,0,0,0,0,2,2,3
,2020-26888,39.76809081,-104.9406513,1/3/2020 7:30,7:30:00,12,0,0,COLORADO BOULEVARD & 1100 NORTH,1,1,0,0,1,4, ,0,35,0,0,0,0,0,4,2,7
,2020-26889,39.73437,-104.94067,2/11/2020 10:09,10:09:00,12,0,0,COLORADO B 1100 NORTH & 12TH AVENUE EAST,4,1,0,0,1,3, ,0,30,0,0,0,0,0,2,2,14
,2020-26890,39.73509,-104.94066,1/8/2020 15:59,15:59:00,11,0,1,12TH AVENUE  & COLORADO BOULEVARD NORTH,1,2,0,0,1,1, ,0,30,0,1,0,0,3,2,2,3
,2020-26891,39.73671,-104.94067,2/8/2020 15:33,15:33:00,12,0,0,COLORADO BOULEVARD NORTH & 13TH AVENUE EAST,11,1,0,0,1,3, ,0,40,0,0,0,0,0,2,3,14
,2020-26892,39.73671,-104.94067,2/3/2020 11:15,11:15:00,3,0,0,COLORADO BOULEVARD NORTH & 13TH AVENUE WEST,4,1,0,2,1,1, ,0,35,0,0,0,0,0,4,2,1
,2020-26893,39.73828,-104.94066,3/5/2020 7:57,7:57:00,12,0,0,COLORADO BOULEVARD NORTH & 14TH AVENUE EAST,1,1,0,0,1,3, ,0,,0,0,0,0,0,2,2,13
,2020-26894,39.73828,-104.9406,1/3/2020 15:55,15:55:00,3,0,0,COLORADO BOULEVARD NORTH & 14TH AVENUE EAST,1,1,0,0,1,1, ,0,35,0,0,0,0,0,2,2,8
,2020-26895,39.73828,-104.94066,1/17/2020 12:39,12:39:00,15,0,0,COLORADO BOULEVARD NORTH & 14TH AVENUE EAST,1,1,0,0,1,3, ,0,35,0,0,0,0,0,2,2,3
,2020-26896,39.73828,-104.94066,1/17/2020 16:28,16:28:00,12,0,0,COLORADO BOULEVARD NORTH & 14TH AVENUE EAST,1,2,0,0,1,3, ,0,35,0,0,0,0,0,2,2,3
,2020-26897,39.73828,-104.94066,1/22/2020 11:26,11:26:00,3,0,0,COLORADO BOULEVARD NORTH & 14TH AVENUE EAST,1,1,0,0,1,1, ,0,35,0,0,0,0,0,2,2,14
,2020-26898,39.73921,-104.94066,2/24/2020 12:45,12:45:00,12,0,0,COLORADO BOULEVARD 1400 NORTH & COLFAX AVENUE EAST,1,1,0,0,1,4, ,0,30,0,0,0,0,0,2,3,13
,2020-26899,39.73921,-104.94066,2/24/2020 12:45,12:45:00,12,0,0,COLORADO BOULEVARD NORTH & COLFAX AVENUE EAST,1,1,0,0,1,3, ,0,30,0,0,0,0,0,2,2,13
,2020-26900,39.74013,-104.94066,3/4/2020 8:20,8:20:00,15,0,0,COLORADO BOULEVARD NORTH & COLFAX AVENUE EAST,1,1,0,0,1,3, ,0,35,0,0,0,0,0,2,2,1
,2020-26901,39.74013,-104.94066,1/30/2020 2:21,2:21:00,12,0,0,COLFAX AVENUE EAST & COLORADO BOULEVARD NORTH,11,3,0,0,1,1, ,0,35,0,0,0,0,0,2,2,13
,2020-26902,39.74013,-104.94066,2/27/2020 22:01,22:01:00,12,0,0,COLORADO BOULEVARD NORTH & COLFAX AVENUE EAST,1,3,0,0,1,1, ,0,35,0,0,0,0,0,2,2,14
,2020-26903,39.74013,-104.94066,5/5/2020 7:06,7:06:00,1,0,0,COLFAX AVENUE EAST & COLORADO BOULEVARD NORTH,1,1,0,0,1,1, ,0,35,0,0,0,0,0,2,2,14
,2020-26904,39.74013,-104.94066,6/23/2020 6:31,6:31:00,12,0,0,COLORADO BOULEVARD NORTH & COLFAX AVENUE EAST,1,1,0,0,1,3, ,0,30,0,0,0,0,0,2,2,13
,2020-26905,39.74194,-104.94066,1/21/2020 14:50,14:50:00,12,0,0,COLORADO BOULEVARD NORTH & 16TH AVENUE,1,1,0,0,1,4, ,0,30,0,0,0,0,0,2,2,3
,2020-26906,39.74257153,-104.9405794,2/18/2020 8:30,8:30:00,12,0,0,COLORADO B 1600 NORTH & BATAVIA P EAST,1,1,0,0,1,4, ,0,35,0,0,0,0,0,4,2,7
,2020-26907,39.74375,-104.94065,6/16/2020 15:32,15:32:00,15,0,0,COLORADO BOULEVARD NORTH & BATAVIA PLACE,1,1,0,0,1,4, ,0,35,0,0,0,0,0,4,2,3
,2020-26908,39.74375,-104.94069,6/9/2020 17:10,17:10:00,12,0,0,17TH AVENUE 3900 EAST & COLORADO BOULEVARD NORTH,1,1,0,0,1,1, ,0,30,0,0,0,0,0,4,3,13
,2020-26909,39.74375,-104.94065,1/31/2020 12:17,12:17:00,1,0,1,COLORADO BOULEVARD NORTH & 17TH AVENUE EAST,1,1,0,0,1,1, ,0,30,0,0,0,0,2,2,2,13
,2020-26910,39.74375,-104.94065,3/10/2020 5:56,5:56:00,1,0,0,17TH AVENUE EAST & COLORADO BOULEVARD NORTH,1,3,0,0,1,1, ,0,40,0,0,0,0,0,4,2,13
,2020-26911,39.74375,-104.94065,5/4/2020 12:40,12:40:00,12,0,0,COLORADO BOULEVARD NORTH & 17TH AVENUE EAST,1,1,0,0,1,4, ,0,,0,0,0,0,0,4,4,13
,2020-26912,39.74373253,-104.9406289,6/16/2020 16:00,16:00:00,1,0,0,17TH AVENUE EAST & COLORADO BOULEVARD NORTH,1,1,0,0,1,1, ,0,30,0,0,0,0,0,2,2,13
,2020-26913,39.74375,-104.94065,4/23/2020 12:14,12:14:00,12,0,0,COLORADO BOULEVARD NORTH & 17TH AVENUE EAST,1,1,0,0,1,3, ,0,35,0,0,0,0,0,2,2,10
,2020-26914,39.74739,-104.94064,1/29/2020 19:23,19:23:00,12,0,0,COLORADO BOULEVARD NORTH & MONTVIEW BOULEVARD EAST,11,3,0,2,1,4, ,0,35,0,0,0,0,0,2,2,1
,2020-26915,39.75104,-104.94062,3/31/2020 9:47,9:47:00,3,0,0,23RD AVENUE EAST & COLORADO BOULEVARD NORTH,1,1,0,0,1,1, ,0,25,0,0,0,0,0,2,4,14
,2020-26916,39.75126,-104.94026,3/8/2020 8:33,8:33:00,15,0,0,COLORADO BOULEVARD NORTH & 23RD AVENUE,1,1,0,0,1,3, ,0,35,0,0,0,0,0,2,2,13
,2020-26917,39.75284,-104.94061,3/1/2020 18:56,18:56:00,12,0,2,COLORADO BOULEVARD NORTH & 25TH AVENUE EAST,11,3,0,2,1,4, ,0,35,0,0,0,0,0,2,2,13
,2020-26918,39.7574,-104.9406,2/14/2020 11:33,11:33:00,12,0,0,COLORADO B 2800 NORTH & 28TH AVENUE EAST,1,1,0,0,1,4, ,0,35,0,0,0,0,0,2,2,3
,2020-26919,39.75829,-104.94059,2/11/2020 11:14,11:14:00,12,0,0,COLORADO B NORTH & 29TH AVENUE EAST,11,1,0,0,1,3, ,0,30,0,0,0,0,0,2,2,15
,2020-26920,39.75924,-104.94059,2/19/2020 8:19,8:19:00,12,0,0,COLORADO B NORTH & 29TH AVENUE EAST,1,1,0,0,1,3, ,0,35,0,0,0,0,0,2,2,3
,2020-26921,39.75829,-104.94059,2/28/2020 10:01,10:01:00,3,0,0,29TH AVENUE EAST & COLORADO BOULEVARD NORTH,1,1,0,0,1,1, ,0,35,0,0,0,0,0,4,2,14
,2020-26922,39.75829,-104.9405,1/8/2020 11:55,11:55:00,15,0,0,COLORADO BOULEVARD NORTH & 29TH AVENUE EAST,1,1,0,0,1,3, ,0,35,0,0,0,0,0,2,3,13
,2020-26923,39.76017,-104.9405,1/7/2020 17:22,17:22:00,12,0,0,COLORADO BOULEVARD NORTH & 30TH AVENUE EAST,1,3,0,0,1,4, ,0,35,0,0,0,0,0,2,2,3
,2020-26924,39.75924,-104.94059,1/16/2020 7:07,7:07:00,12,0,0,COLORADO BOULEVARD 2900 NORTH & 30TH AVENUE EAST,1,3,0,0,1,3, ,0,35,0,0,0,0,0,2,2,14
,2020-26925,39.76188,-104.94058,1/10/2020 10:00,10:00:00,12,0,0,COLORADO BOULEVARD NORTH & MLK BOULEVARD EAST,1,3,0,0,1,3, ,0,35,0,0,0,0,0,2,2,13
,2020-26926,39.76188,-104.94058,2/20/2020 17:05,17:05:00,12,0,0,COLORADO B NORTH & MLK B EAST,1,1,0,0,1,3, ,0,35,0,0,0,0,0,2,2,4
,2020-26927,39.76188,-104.94058,3/2/2020 11:19,11:19:00,12,0,0,COLORADO BOULEVARD NORTH & MLK BOULEVARD EAST,1,1,0,0,1,3, ,0,35,0,0,0,0,0,2,3,13
,2020-26928,39.76188,-104.94058,1/28/2020 10:04,10:04:00,1,0,0,COLORADO BOULEVARD NORTH & MLK BOULEVARD EAST,1,1,0,0,1,1, ,0,35,0,0,0,0,0,2,2,14
,2020-26929,39.76188,-104.94058,2/21/2020 19:13,19:13:00,12,0,0,MLK BOULEVARD EAST & COLORADO BOULEVARD NORTH,1,3,1,0,1,1, ,0,35,0,0,0,0,0,4,2,13
,2020-26930,39.76188,-104.94058,3/21/2020 11:30,11:30:00,1,0,0,COLORADO BOULEVARD NORTH & MLK BOULEVARD EAST,1,1,0,0,1,1, ,0,35,0,0,0,0,0,2,2,1
,2020-26931,39.76188,-104.94058,5/13/2020 4:59,4:59:00,3,0,0,COLORADO BOULEVARD NORTH & MLK BOULEVARD EAST,1,3,0,0,1,1, ,0,,0,0,0,0,0,2,2,13
,2020-26932,39.76188,-104.94058,5/19/2020 7:45,7:45:00,1,0,1,MLK BOULEVARD EAST & COLORADO BOULEVARD NORTH,1,1,0,0,1,1, ,0,30,0,0,0,0,1,2,2,13
,2020-26933,39.76188,-104.94058,6/24/2020 20:37,20:37:00,12,0,0,MLK BOULEVARD EAST & COLORADO BOULEVARD NORTH,1,1,0,0,1,1, ,0,35,0,0,0,0,0,2,2,14
,2020-26934,39.76188,-104.94058,2/24/2020 16:30,16:30:00,12,0,0,COLORADO BOULEVARD NORTH & MLK BOULEVARD EAST,1,1,0,0,1,4, ,0,35,0,0,0,0,0,2,2,1
,2020-26935,39.76448,-104.94057,2/11/2020 8:37,8:37:00,12,0,0,COLORADO B NORTH & BRUCE RANDOLPH AVENUE EAST,4,1,0,0,1,3, ,0,30,0,0,0,0,0,2,2,13
,2020-26936,39.76448,-104.94057,6/6/2020 13:05,13:05:00,3,0,0,BRUCE RANDOLPH AVENUE EAST & COLORADO BOULEVARD NORTH,1,1,0,0,1,3, ,0,35,0,0,0,0,0,4,2,3
,2020-26937,39.76567,-104.94057,3/9/2020 13:21,13:21:00,12,0,1,COLORADO BOULEVARD NORTH & 35TH AVENUE EAST,1,1,0,0,1,3, ,0,35,0,0,0,0,1,2,3,3
,2020-26938,39.76567,-104.94057,2/28/2020 18:14,18:14:00,1,0,0,35TH AVENUE EAST & COLORADO BOULEVARD NORTH,1,3,0,0,1,1, ,0,,0,0,0,0,0,4,2,13
,2020-26939,39.76567,-104.94057,3/7/2020 21:19,21:19:00,15,0,0,COLORADO BOULEVARD NORTH & 35TH AVENUE EAST,1,4,0,0,1,1, ,0,35,0,0,0,0,0,2,2,13
,2020-26940,39.76691,-104.94056,3/7/2020 11:30,11:30:00,12,0,0,COLORADO BOULEVARD NORTH & 36TH AVENUE EAST,1,1,0,0,1,1, ,0,35,0,0,0,1,0,2,2,5
,2020-26941,39.77241,-104.94049,2/18/2020 8:13,8:13:00,15,0,0,COLORADO B 3800 NORTH & 36TH AVENUE EAST,1,1,0,0,1,4, ,0,35,0,0,0,0,0,2,2,7
,2020-26942,39.77241,-104.94049,6/19/2020 11:15,11:15:00,12,0,0,COLORADO BOULEVARD 3800 NORTH & 38TH AVENUE EAST,1,1,0,0,1,4, ,0,35,0,0,0,0,0,2,2,13
,2020-26943,39.76918,-104.94055,3/20/2020 8:00,8:00:00,6,0,0,COLORADO BOULEVARD NORTH & 38TH AVENUE EAST,4,1,0,0,1,4, ,0,25,0,0,0,0,0,2,2,5
,2020-26944,39.77641,-104.94065,1/18/2020 13:30,13:30:00,15,0,0,COLORADO BOULEVARD NORTH & 41ST AVENUE EAST,1,1,1,0,1,4, ,0,40,0,0,0,0,0,2,2,13
,2020-26945,39.77288,-104.94055,5/26/2020 15:04,15:04:00,12,0,0,COLORADO BOULEVARD NORTH & 40TH AVENUE EAST,1,1,0,0,1,3, ,0,35,0,0,0,0,0,2,3,3
,2020-26946,39.77288,-104.94055,1/30/2020 22:37,22:37:00,1,0,0,COLORADO BOULEVARD NORTH & 40TH AVENUE EAST,1,3,0,0,1,1, ,0,40,0,0,0,0,0,2,2,13
,2020-26947,39.77055,-104.94048,2/4/2020 9:30,9:30:00,12,0,0,COLORADO BOULEVARD NORTH & 40TH AVENUE EAST,11,3,0,0,1,1, ,0,35,0,0,0,0,0,2,2,13
,2020-26948,39.77288,-104.94055,3/1/2020 15:30,15:30:00,12,0,0,COLORADO BOULEVARD NORTH & 40TH AVENUE EAST,1,1,0,0,1,1, ,0,45,0,0,0,0,0,2,2,5
,2020-26949,39.77288,-104.94055,6/8/2020 13:30,13:30:00,15,0,0,COLORADO BOULEVARD NORTH & 40TH AVENUE EAST,1,1,0,0,1,1, ,0,35,0,0,0,0,0,2,2,13
,2020-26950,39.77288,-104.94055,3/22/2020 14:30,14:30:00,12,0,0,COLORADO BOULEVARD NORTH & 40TH AVENUE EAST,1,1,0,0,1,3, ,0,40,0,0,0,0,0,2,2,3
,2020-26951,39.77385,-104.94054,3/2/2020 15:55,15:55:00,15,0,0,COLORADO BOULEVARD NORTH & 41ST AVENUE EAST,1,1,0,0,1,4, ,0,40,0,0,0,0,0,2,3,1
,2020-26952,39.77288,-104.94055,1/30/2020 12:04,12:04:00,15,0,0,COLORADO B NORTH & 40TH AVENUE EAST,1,1,0,0,1,3, ,0,30,0,0,0,0,0,4,2,13
,2020-26953,39.77385,-104.94054,2/6/2020 16:45,16:45:00,12,0,2,COLORADO BOULEVARD NORTH & 41ST AVENUE EAST,1,2,0,0,1,1, ,0,45,0,0,0,0,1,2,2,5
,2020-26954,39.77384,-104.9405,1/6/2020 17:00,17:00:00,5,0,0,COLORADO BOULEVARD NORTH & 41ST AVENUE EAST,1,2,0,0,3,4, ,0,45,0,0,0,0,0,2,1,13
,2020-26955,39.75718,-104.94054,2/19/2020 10:45,10:45:00,12,0,0,COLORADO B 4100 NORTH & 41ST AVENUE EAST,1,1,0,0,1,4, ,0,40,0,0,0,0,0,2,2,3
,2020-26956,39.77743,-104.94054,2/8/2020 12:34,12:34:00,8,0,1,COLORADO B 4400 NORTH & SMITH EAST ROAD,11,1,0,0,1,4, ,0,30,0,0,0,0,1,4,2,3
,2020-26957,39.77995,-104.94067,3/4/2020 15:40,15:40:00,12,0,1,COLORADO BOULEVARD NORTH & I70 EASTBOUND ON RAMP EXIT GORE POINT,1,1,0,0,1,4, ,0,,0,0,0,0,1,2,3,13
,2020-26958,39.77995,-104.94067,1/24/2020 19:53,19:53:00,15,0,0,COLORADO BOULEVARD NORTH & I70 EASTBOUND OFF RAMP,1,3,0,0,1,4, ,0,35,0,0,0,0,0,2,2,8
,2020-26959,39.77995,-104.94067,3/12/2020 10:51,10:51:00,15,0,0,COLORADO BOULEVARD NORTH & I70 EASTBOUND OFF RAMP SLIP,1,1,1,0,1,4, ,1,40,0,0,0,0,0,2,2,13
,2020-26960,39.77995,-104.94067,3/8/2020 6:08,6:08:00,3,0,0,COLORADO BOULEVARD NORTH & I70 EASTBOUND OFF RAMP,1,3,0,0,1,1, ,0,45,0,0,0,0,0,2,2,3
,2020-26961,39.77998,-104.94067,4/29/2020 16:14,16:14:00,12,0,3,COLORADO BOULEVARD NORTH & I70,1,1,0,0,1,4, ,0,35,0,0,0,0,1,2,3,4
,2020-26962,39.77995,-104.94067,2/25/2020 16:30,16:30:00,12,0,0,COLORADO BOULEVARD NORTH & I70 EASTBOUND,1,1,0,0,1,4, ,0,40,0,0,0,0,0,2,2,13
,2020-26963,39.78009,-104.94051,4/4/2020 8:45,8:45:00,15,0,0,COLORADO BOULEVARD NORTH & 4500 NORTH,1,1,0,0,1,4, ,0,45,0,0,0,0,0,2,2,13
,2020-26964,39.78053,-104.9405,1/17/2020 7:30,7:30:00,12,0,0,COLORADO BOULEVARD & I70 WB OFF RAMP,1,1,1,0,1,1, ,0,,0,0,0,0,0,2,2,13
,2020-26965,39.78009,-104.94051,2/17/2020 14:00,14:00:00,15,0,0,COLORADO BOULEVARD NORTH & I70 WEST OFF RAMP,1,1,0,0,1,1, ,1,35,0,0,0,0,0,2,2,14
,2020-26966,39.77995,-104.94067,6/5/2020 14:31,14:31:00,3,0,0,COLORADO BOULEVARD NORTH & I70 WB OFF RAMP,1,1,0,0,1,1, ,0,40,0,0,0,0,0,2,2,3
,2020-26967,39.77995,-104.94067,6/26/2020 15:00,15:00:00,12,0,2,COLORADO BOULEVARD NORTH & I70,1,1,1,0,1,4, ,0,35,0,0,0,0,0,2,2,3
,2020-26968,39.78134,-104.94058,4/17/2020 23:31,23:31:00,5,0,0,COLORADO BOULEVARD NORTH & I70 WB OFF RAMP,1,3,0,0,2,4, ,1,35,0,0,0,0,0,2,1,5
,2020-26969,39.78378,-104.94052,1/26/2020 17:13,17:13:00,15,0,0,COLORADO BOULEVARD NORTH & 48TH AVENUE EAST,1,1,0,0,1,3, ,0,40,0,0,0,0,0,2,2,13
,2020-26970,39.78378,-104.94052,1/14/2020 5:46,5:46:00,12,0,0,48TH AVENUE EAST & COLORADO BOULEVARD NORTH,1,4,0,0,1,1, ,0,30,0,0,0,0,0,2,2,13
,2020-26971,39.78378,-104.94052,2/12/2020 6:01,6:01:00,1,0,1,COLORADO B NORTH & 48TH AVENUE EAST,11,2,0,0,1,1, ,0,45,0,0,0,0,0,2,3,13
,2020-26972,39.78378,-104.94052,3/20/2020 11:48,11:48:00,3,0,1,COLORADO BOULEVARD NORTH & 48TH AVENUE EAST,11,1,0,0,1,1, ,0,35,0,0,0,0,2,2,3,14
,2020-26973,39.78377,-104.94052,4/24/2020 22:07,22:07:00,11,0,1,48TH AVENUE EAST & COLORADO BOULEVARD NORTH,1,3,0,0,1,1, ,0,0,0,1,0,0,3,2,2,16
,2020-26974,39.78378,-104.94052,2/15/2020 20:32,20:32:00,15,0,0,COLORADO B NORTH & 48TH AVENUE EAST,1,3,0,0,1,4, ,0,35,0,0,0,0,0,4,2,13
,2020-26975,39.78378,-104.94052,1/28/2020 6:50,6:50:00,12,0,0,COLORADO BOULEVARD NORTH & 48TH AVENUE EAST,1,2,0,0,1,4, ,0,40,0,0,0,0,0,2,2,13