id,drcog_id,latitude,longitude,crashtime,time,crashtype,numbkilled,numbinjurd,drcoglocat,rdconditin,lightngcon,roadcntgrd,weatherco,location,roaddescrp,schoolzone,constrzone,splimit,bikeinv,pedinv,sctrinv,motoinv,svrty,rdsystem,ttlvehcls,hcf
,2020-26976,39.78724,-104.94056,5/16/2020 8:20,8:20:00,3,0,0,50TH AVENUE EAST & COLORADO BOULEVARD NORTH,1,1,0,0,1,1, ,0,,0,0,0,0,0,2,2,8
,2020-27135,39.72563354,-105.0531199,1/8/2020 6:40,6:40:00,12,0,0,SIXTH AVENUE WEST & SHERIDAN BOULEVARD,1,3,0,0,1,4, ,0,65,0,0,0,0,0,4,2,7
,2020-27141,39.72580454,-105.0531199,2/14/2020 7:36,7:36:00,12,0,0,SIXTH AVENUE WEST & SHERIDAN B NORTH,1,1,0,0,1,4, ,0,65,0,0,0,0,0,4,2,13
,2020-27142,39.72566,-105.05326,2/14/2020 8:18,8:18:00,12,0,3,SIXTH AVENUE WEST & SHERIDAN B NORTH,1,1,0,0,1,4, ,0,55,0,0,0,0,3,2,5,13
,2020-27145,39.72566,-105.05326,2/27/2020 15:12,15:12:00,15,0,0,SIXTH AVENUE WEST & SHERIDAN B NORTH,1,1,0,0,1,4, ,0,55,0,0,0,0,0,2,2,1
,2020-27146,39.72566,-105.05326,3/11/2020 8:05,8:05:00,15,0,0,SIXTH AVENUE WEST & SHERIDAN BOULEVARD NORTH,1,1,0,0,1,4, ,0,55,0,0,0,0,0,2,2,7
,2020-27147,39.72566,-105.05326,4/21/2020 5:20,5:20:00,12,0,0,SIXTH AVENUE WEST & SHERIDAN BOULEVARD NORTH,1,3,0,0,1,4, ,0,55,0,0,0,0,0,2,4,13
,2020-27153,39.72566,-105.05326,5/13/2020 21:20,21:20:00,12,0,1,SIXTH AVENUE EASTBOUND ON RAMP & SHERIDAN BOULEVARD NORTH,1,4,0,0,1,14, ,0,,0,0,0,1,1,4,2,13
,2020-27154,39.72566,-105.05326,1/28/2020 17:55,17:55:00,12,0,0,HIGHWAY 6 EASTBOUND ON RAMP FROM & SHERIDAN BOULEVARD NORTH,1,3,0,0,1,14, ,0,65,0,0,0,0,0,2,2,3
,2020-27155,39.72734,-105.05324,1/16/2020 21:33,21:33:00,12,0,0,SIXTH AVENUE & EASTBOUND ENTRANCE GORE POINT TO SHERIDAN BOULEVARD NORTH,1,3,2,0,1,14, ,0,65,0,0,0,0,0,2,2,1
,2020-27156,39.72566,-105.05326,3/3/2020 13:51,13:51:00,12,0,1,HIGHWAY 6 EASTBOUND ON RAMP ENTRANCE GORE POINT FROM & SHERIDAN BOULEVARD NORTH,1,1,0,0,1,14, ,0,55,0,0,0,0,1,2,2,13
,2020-27157,39.72551654,-105.0474094,4/21/2020 5:24,5:24:00,12,0,0,SIXTH AVENUE WEST & WINONA STREET NORTH,1,3,0,0,1,4, ,0,65,0,0,0,0,0,2,3,13
,2020-27158,39.7258,-105.04163,4/5/2020 2:00,2:00:00,12,0,0,SIXTH AVENUE WEST & PERRY STREET NORTH,1,3,0,0,1,4, ,0,65,0,0,0,0,0,2,2,7
,2020-27159,39.72579,-105.03945,3/12/2020 8:07,8:07:00,12,0,1,SIXTH AVENUE WEST & PERRY STREET NORTH,1,1,1,0,1,4, ,0,55,0,0,0,0,1,2,2,13
,2020-27160,39.7255,-105.03946,4/5/2020 2:04,2:04:00,5,0,1,SIXTH AVENUE WEST & PERRY STREET NORTH,1,3,1,0,3,4, ,0,65,0,0,0,0,3,2,1,2
,2020-27161,39.72579,-105.03946,1/13/2020 8:28,8:28:00,12,0,0,SIXTH AVENUE WEST & PERRY STREET NORTH,1,1,0,0,1,4, ,0,65,0,0,0,0,0,2,2,3
,2020-27162,39.7255,-105.03946,3/3/2020 6:40,6:40:00,12,0,1,SIXTH AVENUE WEST & PERRY STREET NORTH,1,1,1,0,1,4, ,0,55,0,0,0,0,1,2,4,7
,2020-27163,39.7255,-105.03946,1/18/2020 0:30,0:30:00,5,0,0,SIXTH AVENUE WEST & PERRY STREET NORTH,1,3,0,0,1,4, ,0,55,0,0,0,0,0,2,3,13
,2020-27164,39.72576,-105.0362,3/28/2020 3:36,3:36:00,9,0,0,SIXTH AVENUE WEST & MEADE STREET NORTH,11,3,0,0,2,4, ,0,65,0,0,0,0,0,2,1,5
,2020-27165,39.72532,-105.03511,3/4/2020 16:02,16:02:00,12,0,0,SIXTH AVENUE WEST & LOWELL BOULEVARD NORTH,1,1,0,0,1,4, ,0,65,0,0,0,0,0,1,2,1
,2020-27166,39.72509,-105.03248,5/27/2020 14:43,14:43:00,12,0,1,SIXTH AVENUE WEST & KNOX COURT NORTH,1,1,0,0,1,4, ,0,65,0,0,0,0,0,2,4,7
,2020-27167,39.72509,-105.03248,1/29/2020 10:23,10:23:00,15,0,0,SIXTH AVENUE WEST & KNOX COURT NORTH,1,1,1,0,1,4, ,0,55,0,0,0,0,0,2,2,1
,2020-27168,39.72506654,-105.0324919,3/19/2020 17:13,17:13:00,5,0,1,SIXTH AVENUE WEST & KNOX COURT NORTH,7,1,1,2,3,4, ,0,65,0,0,0,0,1,2,1,7
,2020-27169,39.72928754,-105.0251884,2/4/2020 5:31,5:31:00,15,0,0,SIXTH AVENUE WEST & FEDERAL BOULEVARD NORTH,7,3,1,2,1,4, ,0,60,0,0,0,0,0,2,2,1
,2020-27170,39.72561554,-105.0249184,2/7/2020 11:57,11:57:00,5,0,1,HIGHWAY 6 EASTBOUND OFF RAMP ENTRANCE GORE POINT TO & FEDERAL BOULEVARD NORTH,9,1,1,2,2,14, ,0,45,0,0,0,0,2,1,2,13
,2020-27171,39.72559,-105.02514,1/31/2020 15:38,15:38:00,12,0,0,SIXTH AVENUE WEST & FEDERAL B NORTH,1,1,0,0,1,4, ,0,55,0,0,0,0,0,2,2,13
,2020-27172,39.72559,-105.02514,4/2/2020 19:37,19:37:00,12,0,0,SIXTH AVENUE WEST & FEDERAL BOULEVARD NORTH,9,3,0,2,1,4, ,0,35,0,0,0,0,0,2,2,7
,2020-27173,39.72559,-105.02514,4/19/2020 22:16,22:16:00,12,0,0,HIGHWAY 6 EASTBOUND OFF RAMP TO & FEDERAL BOULEVARD NORTH,1,3,0,0,1,14, ,0,20,0,0,0,0,0,2,2,1
,2020-27174,39.72928754,-105.0251884,1/10/2020 6:40,6:40:00,12,0,0,SIXTH AVENUE WEST & FEDERAL BOULEVARD NORTH,1,1,0,0,1,4, ,0,55,0,0,0,0,0,2,2,13
,2020-27175,39.72928754,-105.0251884,1/16/2020 6:54,6:54:00,12,0,0,SIXTH AVENUE WEST & FEDERAL BOULEVARD NORTH,1,1,0,0,1,4, ,0,55,0,0,0,0,0,2,2,13
,2020-27176,39.72559,-105.02514,1/20/2020 14:52,14:52:00,12,0,0,SIXTH AVENUE WEST & FEDERAL BOULEVARD NORTH,1,1,1,0,1,4, ,0,55,0,0,0,0,0,2,3,3
,2020-27177,39.72559,-105.02514,2/10/2020 21:30,21:30:00,15,0,0,SIXTH AVENUE WEST & FEDERAL B NORTH,9,3,1,2,1,4, ,0,65,0,0,0,0,0,2,2,1
,2020-27178,39.72546254,-105.0249184,2/24/2020 10:15,10:15:00,15,0,0,FEDERAL BOULEVARD NORTH & SIXTH AVENUE WB OFF RAMP,1,1,0,0,1,1, ,0,35,0,0,0,0,0,2,2,8
,2020-27179,39.72928754,-105.0251884,4/16/2020 18:12,18:12:00,9,0,1,SIXTH AVENUE WEST & FEDERAL BOULEVARD NORTH,11,1,0,2,2,4, ,0,45,0,0,0,0,1,2,1,14
,2020-27180,39.72559,-105.02514,5/13/2020 16:41,16:41:00,12,0,1,FEDERAL BOULEVARD NORTH & SIXTH AVENUE WEST,1,1,0,0,1,1, ,0,30,0,0,0,0,1,2,2,1
,2020-27181,39.72559,-105.02514,5/13/2020 22:29,22:29:00,5,0,1,SIXTH AVENUE WEST & FEDERAL BOULEVARD NORTH,1,3,0,1,2,1, ,0,40,0,0,0,0,3,2,2,1
,2020-27182,39.72559,-105.02514,5/18/2020 22:36,22:36:00,3,0,0,FEDERAL BOULEVARD NORTH & SIXTH AVENUE WEST,1,3,0,0,1,1, ,0,35,0,0,0,0,0,2,2,1
,2020-27183,39.72559,-105.02514,6/7/2020 16:20,16:20:00,3,0,2,FEDERAL BOULEVARD NORTH & SIXTH AVENUE WEST,1,1,0,0,1,1, ,0,30,0,0,0,0,0,4,2,13
,2020-27184,39.72559,-105.02514,2/22/2020 19:47,19:47:00,12,0,0,SIXTH AVENUE EASTBOUND OFF RAMP & FEDERAL BOULEVARD NORTH,1,3,0,0,1,1, ,0,45,0,0,0,0,0,1,2,13
,2020-27185,39.72561554,-105.0249184,4/24/2020 21:52,21:52:00,15,0,0,HIGHWAY 6 EASTBOUND ON RAMP & FEDERAL BOULEVARD NORTH,1,3,0,0,1,14, ,0,15,0,0,0,0,0,2,2,13
,2020-27186,39.72559,-105.02514,1/25/2020 15:56,15:56:00,12,0,0,SIXTH AVENUE WEST & FEDERAL BOULEVARD NORTH,1,1,0,0,1,4, ,0,55,0,0,0,0,0,2,2,14
,2020-27187,39.72559,-105.02514,5/16/2020 11:15,11:15:00,15,0,0,SIXTH AVENUE WEST & FEDERAL BOULEVARD NORTH,1,1,0,0,1,4, ,0,65,0,0,0,0,0,2,2,7
,2020-27188,39.72542653,-105.0186499,2/7/2020 11:08,11:08:00,12,0,0,BRYANT STREET NORTH & HIGHWAY 6 EASTBOUND OFF RAMP TO,9,1,1,2,1,1, ,0,30,0,0,0,0,0,2,2,7
,2020-27189,39.72565154,-105.0131914,1/20/2020 13:18,13:18:00,12,0,0,HIGHWAY 6 EASTBOUND EXIT GORE POINT TO & I25 SOUTHBOUND,1,1,1,0,1,4, ,0,55,0,0,0,0,0,2,3,3
,2020-27190,39.72599169,-105.012817,5/23/2020 15:30,15:30:00,5,0,1,SIXTH AVENUE FWY WEST & I25 NORTHBOUND ON RAMP,1,1,1,0,3,4, ,0,45,0,0,0,1,3,1,1,1
,2020-27191,39.72548053,-105.0130699,2/21/2020 7:42,7:42:00,12,0,0,SIXTH AVENUE WEST OFF RAMP & I25 NORTH ON RAMP,1,1,1,0,1,14, ,0,55,0,0,0,0,0,2,2,3
,2020-27192,39.72548053,-105.0130699,1/2/2020 10:20,10:20:00,5,0,2,SIXTH AVENUE 2900 WEST & I25 EASTBOUND EXIT GORE POINT,1,1,0,0,3,4, ,0,65,0,0,0,0,1,2,1,3
,2020-27193,39.72563353,-105.0134389,4/14/2020 22:21,22:21:00,5,0,0,HIGHWAY 6 EASTBOUND EXIT GORE POINT TO & I25 SB/NB RAMPS,1,3,1,0,3,4, ,0,55,0,0,0,0,0,2,1,3
,2020-27194,39.72530953,-105.0186499,3/2/2020 1:05,1:05:00,5,0,1,SIXTH AVENUE WEST & BRYANT STREET NORTH,7,3,0,0,2,4, ,0,55,0,0,0,0,0,2,1,5
,2020-27195,39.74000353,-104.9920099,3/2/2020 5:30,5:30:00,5,0,1,HIGHWAY 6 WB DIR CONNECT ENTRANCE GORE POINT FROM & I25 SOUTHBOUND OFF RAMP,4,3,0,2,2,14, ,0,55,0,0,0,0,1,2,1,7
,2020-27196,39.72548053,-105.0130699,5/17/2020 13:36,13:36:00,5,0,4,SIXTH AVENUE WEST & I25,1,1,1,0,3,4, ,0,30,0,0,0,0,1,2,1,13
,2020-27197,39.72548472,-104.9034627,5/11/2020 12:49,12:49:00,5,0,1,SIXTH AVENUE FWY WEST & I25,11,1,0,1,2,4, ,0,65,0,0,0,0,1,2,1,1
,2020-27198,39.72548053,-105.0130699,3/9/2020 15:25,15:25:00,12,0,1,SIXTH AVENUE EASTBOUND OFF RAMP TO HELP & I25 SOUTHBOUND,1,1,1,0,1,14, ,0,55,0,0,0,0,1,2,2,3
,2020-27199,39.72548053,-105.0130699,1/9/2020 9:16,9:16:00,15,0,0,SIXTH AVENUE WEST & I25 NORTHBOUND RAMP,1,1,0,0,1,4, ,0,55,0,0,0,0,0,2,2,13
,2020-27200,39.72548053,-105.0130699,2/7/2020 10:36,10:36:00,12,0,0,SIXTH AVENUE WEST & I25,9,1,1,2,1,4, ,0,65,0,0,0,0,0,1,2,13
,2020-27201,39.72548053,-105.0130699,3/28/2020 19:53,19:53:00,12,0,0,SIXTH AVENUE WEST & I25,1,3,0,0,1,4, ,0,55,0,0,0,0,0,2,2,1
,2020-27202,39.72548053,-105.0130699,3/29/2020 10:00,10:00:00,5,0,0,SIXTH AVENUE WEST & I25,1,1,1,0,2,4, ,0,65,0,0,0,1,0,2,1,1
,2020-27203,39.72580454,-105.0531199,3/5/2020 14:11,14:11:00,5,0,0,SIXTH AVENUE EASTBOUND OFF RAMP 1600 WEST & SIXTH AVENUE SERVICE ROAD,1,1,0,0,2,3, ,0,15,0,0,0,0,0,4,1,7
,2020-27208,39.78004,-104.94981,1/28/2020 23:10,23:10:00,15,0,0,STEELE STREET NORTH & 46TH AVENUE EAST,1,3,0,0,1,1, ,0,,0,0,0,0,0,4,2,13
,2020-27209,39.78098,-104.94979,1/18/2020 3:38,3:38:00,5,0,2,STEELE STREET 4600 NORTH & I70 WB ON RAMP,1,3,0,0,3,1, ,1,25,0,0,0,0,1,2,1,5
,2020-27210,39.78381,-104.94792,3/20/2020 5:22,5:22:00,5,0,0,VASQUEZ BOULEVARD NORTH & 48TH AVENUE EAST,4,3,0,0,3,4, ,0,35,0,0,0,0,0,4,2,13
,2020-27211,39.78379,-104.94791,2/11/2020 11:59,11:59:00,15,0,0,VASQUEZ BOULEVARD 4700 NORTH & I70 WEST ON RAMP,7,1,0,0,1,4, ,0,45,0,0,0,0,0,2,2,14
,2020-27212,39.78382752,-104.9481214,3/20/2020 7:02,7:02:00,12,0,1,VASQUEZ BOULEVARD NORTH & 48TH AVENUE EAST,4,2,0,0,1,4, ,0,35,0,0,0,0,2,4,2,13
,2020-27213,39.78381,-104.94792,6/5/2020 9:04,9:04:00,1,0,0,VASQUEZ BOULEVARD NORTH & 48TH AVENUE EAST,1,1,0,0,1,1, ,0,35,0,0,0,0,0,4,2,1
,2020-27214,39.78381,-104.94792,6/11/2020 7:25,7:25:00,8,0,0,VASQUEZ BOULEVARD NORTH & 48TH AVENUE EAST,1,1,0,0,1,1, ,0,30,0,0,0,0,0,4,2,13
,2020-27215,39.78381,-104.94792,6/18/2020 22:11,22:11:00,5,0,0,48TH AVENUE EAST & VASQUEZ BOULEVARD NORTH,11,3,0,1,2,1, ,0,45,0,0,0,0,0,4,1,2
,2020-27216,39.78381,-104.94792,6/22/2020 7:56,7:56:00,12,0,0,VASQUEZ BOULEVARD NORTH & 48TH AVENUE EAST,1,1,0,0,1,1, ,0,45,0,0,0,0,0,4,2,13
,2020-27217,39.78381,-104.94792,1/17/2020 15:17,15:17:00,12,0,0,VASQUEZ B NORTH & 48TH AVENUE EAST,1,1,0,0,1,3, ,0,35,0,0,0,0,0,4,3,1
,2020-27218,39.78381,-104.94792,1/30/2020 17:26,17:26:00,12,0,2,VASQUEZ BOULEVARD NORTH & 48TH AVENUE EAST,11,3,0,2,1,3, ,0,35,0,0,0,0,1,4,3,3
,2020-27219,39.7909,-104.9416,1/1/2020 19:55,19:55:00,1,0,2,VASQUEZ BOULEVARD NORTH & 52ND AVENUE EAST,1,3,0,0,1,1, ,0,45,0,0,0,0,1,4,2,1
,2020-27402,39.71121,-104.99913,3/2/2020 20:26,20:26:00,5,0,0,I25 & ALAMEDA AVENUE WEST,1,3,0,0,3,4, ,0,,0,0,0,0,0,1,1,13
,2020-27403,39.74370553,-105.0165889,5/20/2020 9:10,9:10:00,5,0,1,I25 & 17TH AVENUE WEST,1,1,1,0,2,4, ,0,55,0,0,0,0,1,1,1,7
,2020-27409,39.72548053,-105.0130699,5/26/2020 8:30,8:30:00,15,0,0,I25 & SIXTH AVENUE WEST,1,1,0,0,1,4, ,0,,0,0,0,0,0,1,2,13
,2020-27413,39.63324,-104.90633,1/22/2020 5:40,5:40:00,12,0,1,I225 SOUTHBOUND OFF RAMP TO NORTHBOUND & I25 NB/SB EXIT SPLIT,1,4,0,0,1,14, ,0,45,0,0,0,0,1,1,2,1
,2020-28080,39.62389754,-104.9017804,3/14/2020 2:05,2:05:00,15,0,0,I25 & BELLEVIEW AVENUE EAST,1,3,0,0,1,4, ,0,65,0,0,0,0,0,1,2,13
,2020-28086,39.62389754,-104.9017804,1/31/2020 8:15,8:15:00,12,0,0,I25 & BELLEVIEW AVENUE EAST,1,1,0,0,1,4, ,0,65,0,0,0,0,0,1,2,13
,2020-28087,39.62379,-104.90171,2/11/2020 17:41,17:41:00,12,0,0,I25 SOUTHBOUND OFF RAMP & BELLEVIEW AVENUE EAST,1,3,1,0,1,14, ,0,45,0,0,0,0,0,1,2,13
,2020-28088,39.62379,-104.90171,3/30/2020 22:00,22:00:00,12,0,0,I25 & BELLEVIEW AVENUE EAST,1,3,0,0,1,4, ,0,65,0,0,0,0,0,1,2,1
,2020-28089,39.63281,-104.9064,1/8/2020 17:15,17:15:00,15,0,0,I25 & I225,1,3,0,0,1,4, ,0,60,0,0,0,0,0,1,2,6
,2020-28091,39.63414,-104.90674,1/16/2020 13:15,13:15:00,12,0,1,I25 & I225,1,1,0,0,1,4, ,0,65,0,0,0,0,1,1,2,4
,2020-28093,39.62378,-104.90141,6/29/2020 15:56,15:56:00,12,0,0,BELLEVIEW AVENUE EAST & I25,1,1,1,0,1,4, ,0,65,0,0,0,0,0,1,2,14
,2020-28094,39.63414,-104.90674,3/1/2020 14:57,14:57:00,12,0,0,I25 & I225 NORTHBOUND / EASTBOUND ON RAMP,1,1,0,0,1,4, ,0,55,0,0,0,0,0,1,2,7
,2020-28095,39.63414,-104.90674,5/20/2020 10:30,10:30:00,5,0,1,I25 DIR CONN & I225,1,1,1,0,2,14, ,0,65,0,0,0,0,1,1,1,10
,2020-28096,39.63427,-104.9071,1/6/2020 21:40,21:40:00,12,0,2,I25 & I225 SOUTHBOUND OFF RAMP,1,2,0,0,1,4, ,0,65,0,0,0,0,1,1,2,13
,2020-28097,39.63414,-104.90674,2/18/2020 8:50,8:50:00,12,0,0,I25 NORTHBOUND & I225 NORTH,11,1,0,0,1,4, ,0,65,0,0,0,0,0,1,3,6
,2020-28098,39.63324,-104.90633,2/19/2020 7:50,7:50:00,12,0,0,I25 NORTH & I225 SOUTH,11,1,0,0,1,4, ,0,65,0,0,0,0,0,1,2,7
,2020-28099,39.63414,-104.90674,2/20/2020 10:25,10:25:00,5,0,0,I25 NORTH & I225 NORTH,11,1,0,0,2,4, ,0,65,0,0,0,0,0,1,2,1
,2020-28100,39.63282,-104.90641,3/6/2020 14:17,14:17:00,12,0,0,I25 SOUTHBOUND ON RAMP FROM & I225,1,1,0,0,1,14, ,0,45,0,0,0,0,0,1,4,3
,2020-28101,39.63324,-104.90633,3/2/2020 10:25,10:25:00,12,0,0,I25 & MM 200.07 / I225,1,1,0,0,1,4, ,0,65,0,0,0,0,0,1,2,13
,2020-28102,39.63324,-104.90633,3/8/2020 9:24,9:24:00,15,0,0,I25 & MM 200.07 / I225,1,1,0,0,1,4, ,0,55,0,0,0,0,0,1,2,13
,2020-28103,39.63414,-104.90674,4/13/2020 13:48,13:48:00,15,0,0,I25 & I225,11,1,0,2,1,4, ,0,65,0,0,0,0,0,1,2,1
,2020-28104,39.63324,-104.90633,4/2/2020 7:55,7:55:00,12,0,0,I25 NORTHBOUND ON RAMP FROM & I225 SOUTHBOUND/WESTBOUND,11,1,1,1,1,14, ,0,45,0,0,0,0,0,1,2,10
,2020-28105,39.63324,-104.90633,1/14/2020 9:54,9:54:00,12,0,0,I25 & I225 NORTHBOUND MERGE POINT,1,1,0,0,1,4, ,0,55,0,0,0,0,0,1,2,1
,2020-28106,39.74000353,-104.9920099,1/13/2020 14:20,14:20:00,12,0,0,I25 NORTHBOUND ON RAMP & NORTHBOUND MERGE POINT FROM I225,1,1,0,0,1,14, ,0,,0,0,0,0,0,1,2,13
,2020-28107,39.63414,-104.9067,1/4/2020 18:42,18:42:00,15,0,0,I25 & I225 NORTHBOUND MERGE POINT,1,3,0,0,1,4, ,0,,0,0,0,0,0,2,2,13
,2020-28108,39.63869,-104.91031,4/27/2020 16:26,16:26:00,15,0,0,I25 & QUINCY AVENUE EAST,1,1,0,0,1,4, ,0,65,0,0,0,0,0,1,2,13
,2020-28109,39.63428,-104.9071,3/31/2020 16:28,16:28:00,15,0,0,I25 SOUTHBOUND OFF RAMP EXIT GORE POINT TO & I225 NB/EB,1,1,1,0,1,14, ,0,65,0,0,0,0,0,1,2,1
,2020-28110,39.63862,-104.90996,1/18/2020 22:26,22:26:00,15,0,0,I25 & QUINCY AVENUE EAST,1,3,0,0,1,4, ,0,60,0,0,0,0,0,1,2,13
,2020-28111,39.65308,-104.91826,2/27/2020 15:09,15:09:00,12,0,0,I25 NORTHBOUND & HAMPDEN AVENUE EAST,1,1,0,0,1,4, ,0,65,0,0,0,0,0,1,2,13
,2020-28112,39.62379,-104.90171,2/10/2020 17:23,17:23:00,15,0,0,I25 SOUTH & BELLEVIEW AVENUE EAST,9,3,0,2,1,14, ,0,65,0,0,0,0,0,1,2,14
,2020-28113,39.63869,-104.91031,1/24/2020 18:03,18:03:00,12,0,1,I25 3700 SOUTH & QUINCY AVENUE EAST,1,1,0,0,1,4, ,0,55,0,0,0,0,1,1,4,2
,2020-28114,39.65308,-104.91826,1/20/2020 16:02,16:02:00,15,0,1,I25 & HAMPDEN AVENUE EAST,1,1,0,0,1,4, ,0,65,0,0,0,0,1,1,2,1
,2020-28115,39.65308,-104.91845,4/28/2020 17:40,17:40:00,5,0,0,I25 & HAMPDEN AVENUE EAST,1,1,0,0,1,4, ,0,55,0,0,0,0,0,1,2,7
,2020-28116,39.65321954,-104.9183404,2/27/2020 22:20,22:20:00,15,0,0,I25 & HAMPDEN AVENUE EAST,1,3,0,0,1,4, ,0,65,0,0,0,0,0,1,2,1
,2020-28117,39.65308,-104.91845,3/17/2020 6:59,6:59:00,15,0,0,I25 & HAMPDEN AVENUE EAST,1,1,0,0,1,4, ,0,65,0,0,0,0,0,1,2,1
,2020-28118,39.65321954,-104.9183404,5/4/2020 5:27,5:27:00,5,0,0,I25 NORTHBOUND EXIT GORE POINT & HAMPDEN AVENUE EAST,1,1,1,0,2,4, ,0,65,0,0,0,0,0,1,1,2
,2020-28119,39.65308,-104.9182,1/3/2020 21:10,21:10:00,12,0,4,I25 NORTHBOUND & HAMPDEN AVENUE EXIT,1,3,0,0,1,4, ,0,60,0,0,0,0,1,1,3,10
,2020-28120,39.65308,-104.91826,2/1/2020 10:35,10:35:00,5,0,0,I25 NORTH & HAMPDEN AVENUE EAST EXIT GORE POINT,1,1,0,0,3,4, ,0,65,0,0,0,0,0,1,1,13
,2020-28121,39.65308,-104.91845,3/19/2020 15:00,15:00:00,15,0,0,I25 & HAMPDEN AVENUE EAST,7,1,0,2,1,4, ,0,60,0,0,0,0,0,1,2,5
,2020-28122,39.65321954,-104.9183404,6/9/2020 5:15,5:15:00,5,0,0,I25 & HAMPDEN AVENUE EAST,11,2,0,1,2,4, ,0,55,0,0,0,0,0,1,1,13
,2020-28123,39.65308,-104.91826,6/9/2020 17:47,17:47:00,15,0,0,I25 & HAMPDEN AVENUE EAST,1,1,0,0,1,4, ,0,60,0,0,0,0,0,1,3,1
,2020-28124,39.65308,-104.91826,2/27/2020 9:59,9:59:00,12,0,0,I25 & NORTHBOUND EXIT GORE POINT TO HAMPDEN AVENUE,1,1,0,0,1,4, ,0,65,0,0,0,0,0,1,2,13
,2020-28125,39.65308,-104.9184,1/7/2020 11:36,11:36:00,15,0,0,I25 SOUTHBOUND ON RAMP & HAMPDEN AVENUE EAST,1,1,1,0,1,14, ,0,65,0,0,0,0,0,1,2,13
,2020-28126,39.65321954,-104.9183404,3/18/2020 19:51,19:51:00,12,0,1,I25 NORTHBOUND OFF RAMP & HAMPDEN AVENUE EAST,1,3,1,0,1,14, ,0,30,0,0,0,0,2,1,3,5
,2020-28127,39.65308,-104.91666,6/19/2020 20:58,20:58:00,9,0,1,I25 NORTHBOUND OFF SLIP RAMP & HAMPDEN AVENUE EAST,1,3,1,0,2,14, ,0,40,0,0,0,0,2,2,1,1
,2020-28128,39.65308,-104.91826,1/3/2020 21:30,21:30:00,15,0,0,I25 & HAMPDEN AVENUE,1,3,0,0,1,4, ,0,55,0,0,0,0,0,1,2,14
,2020-28129,39.65308,-104.9184,1/9/2020 6:20,6:20:00,15,0,0,I25 & HAMPDEN AVENUE EAST,1,2,0,0,1,4, ,0,60,0,0,0,0,0,1,2,13
,2020-28130,39.65308,-104.91826,2/7/2020 11:03,11:03:00,5,0,0,I25 NORTHBOUND EXIT GORE POINT TO & HAMPDEN AVENUE EAST,7,1,1,2,3,4, ,0,60,0,0,0,0,0,1,1,3
,2020-28131,39.65308,-104.91826,2/25/2020 8:50,8:50:00,12,0,0,I25 NORTHBOUND & HAMPDEN AVENUE EAST,1,1,0,6,1,4, ,0,65,0,0,0,0,0,1,3,13
,2020-28132,39.65321954,-104.9183404,2/27/2020 9:45,9:45:00,12,0,0,I25 NORTHBOUND & HAMPDEN AVENUE EAST,1,1,0,0,1,4, ,0,50,0,0,0,0,0,1,2,13
,2020-28133,39.65321954,-104.9183404,5/28/2020 17:30,17:30:00,15,0,1,I25 & HAMPDEN AVENUE EAST,1,1,0,0,1,4, ,0,60,0,0,0,0,1,1,2,7
,2020-28134,39.65308,-104.91826,1/17/2020 13:25,13:25:00,12,0,6,I25 & HAMPDEN AVENUE EAST,1,1,0,0,1,4, ,0,55,0,0,0,0,2,1,4,7
,2020-28135,39.65308,-104.91826,6/26/2020 17:54,17:54:00,5,0,0,I25 HIGHWAY NORTHBOUND & EAST HAMPDEN AVENUE,1,1,0,1,3,4, ,0,55,0,0,0,0,0,1,1,13
,2020-28136,39.65308,-104.91845,2/18/2020 7:30,7:30:00,12,0,0,I25 SOUTH & HAMPDEN AVENUE EAST,11,1,0,0,1,4, ,0,65,0,0,0,0,0,1,3,13
,2020-28137,39.65308,-104.9184,1/9/2020 20:42,20:42:00,15,0,0,I25 & HAMPDEN AVENUE EAST,11,4,0,2,1,4, ,0,60,0,0,0,0,0,2,3,13
,2020-28138,39.65308,-104.91845,6/23/2020 23:14,23:14:00,12,0,1,I25 & HAMPDEN AVENUE EAST,1,3,1,0,1,4, ,0,65,0,0,0,0,1,1,2,7
,2020-28139,39.65308,-104.9184,1/8/2020 14:02,14:02:00,12,0,1,I25 & HAMPDEN AVENUE EAST,1,1,0,0,1,4, ,0,35,0,0,0,0,1,1,3,13
,2020-28140,39.65321954,-104.9183404,1/17/2020 15:20,15:20:00,12,0,0,I25 & HAMPDEN AVENUE EAST,1,1,0,0,1,4, ,0,60,0,0,0,0,0,1,2,13
,2020-28141,39.67844,-104.93398,1/21/2020 8:27,8:27:00,12,0,0,I25 & EVANS AVENUE EAST,1,1,0,0,1,4, ,0,60,0,0,0,0,0,1,3,3
,2020-28142,39.66749,-104.92548,1/23/2020 6:37,6:37:00,12,0,1,I25 & YALE AVENUE EAST,1,2,0,0,1,4, ,0,65,0,0,0,0,1,1,3,1
,2020-28143,39.66749,-104.92548,3/26/2020 1:14,1:14:00,5,0,2,I25 NORTHBOUND EXIT GORE POINT & YALE AVENUE EAST,1,3,1,0,3,4, ,0,65,0,0,0,0,2,1,1,5
,2020-28144,39.66749,-104.92548,3/24/2020 16:30,16:30:00,15,0,0,I25 NORTHBOUND EXIT GORE POINT & YALE AVENUE EAST,1,1,0,0,1,4, ,0,65,0,0,0,0,0,1,2,3
,2020-28145,39.66749,-104.9254,1/7/2020 6:41,6:41:00,12,0,0,I25 & YALE AVENUE EAST,1,2,0,0,1,4, ,0,55,0,0,0,0,0,1,2,13
,2020-28146,39.66755654,-104.9255314,1/13/2020 6:05,6:05:00,15,0,0,I25 & YALE AVENUE WEST,1,3,0,0,1,4, ,0,,0,0,0,0,0,1,2,13
,2020-28147,39.66749,-104.9254,1/13/2020 6:05,6:05:00,12,0,0,I25 & YALE AVENUE EAST,1,3,0,0,1,4, ,0,65,0,0,0,0,0,1,2,1