id,drcog_id,latitude,longitude,crashtime,time,crashtype,numbkilled,numbinjurd,drcoglocat,rdconditin,lightngcon,roadcntgrd,weatherco,location,roaddescrp,schoolzone,constrzone,splimit,bikeinv,pedinv,sctrinv,motoinv,svrty,rdsystem,ttlvehcls,hcf
,2020-28148,39.66749,-104.92548,1/23/2020 10:15,10:15:00,15,0,0,I25 & YALE AVENUE EAST,1,1,0,0,1,4, ,0,55,0,0,0,0,0,1,2,1
,2020-28149,39.66762,-104.92576,2/22/2020 0:14,0:14:00,15,0,0,I25 SOUTH & YALE AVENUE EAST,1,3,0,0,1,4, ,0,60,0,0,0,0,0,1,2,1
,2020-28150,39.66749,-104.92548,1/22/2020 7:37,7:37:00,12,0,0,I25 & YALE AVENUE EAST,1,1,0,0,1,4, ,0,65,0,0,0,0,0,1,3,13
,2020-28151,39.66762,-104.92576,2/28/2020 8:27,8:27:00,15,0,0,I25 SOUTHBOUND & YALE AVENUE EAST,1,1,0,0,1,4, ,0,55,0,0,0,0,0,1,2,13
,2020-28152,39.66748,-104.9254,1/3/2020 7:30,7:30:00,12,0,0,I25 & YALE AVENUE EAST,1,1,0,0,1,4, ,0,,0,0,0,0,0,1,2,13
,2020-28153,39.66749,-104.92548,1/17/2020 12:51,12:51:00,5,0,0,I25 & YALE AVENUE EAST,1,1,0,0,1,4, ,0,55,0,0,0,0,0,1,2,14
,2020-28154,39.66762,-104.92576,1/23/2020 9:06,9:06:00,12,0,0,I25 & YALE AVENUE EAST,1,1,0,0,1,4, ,0,65,0,0,0,0,0,1,2,13
,2020-28155,39.66762,-104.92576,1/24/2020 16:03,16:03:00,12,0,0,I25 & YALE AVENUE EAST,1,1,0,0,1,4, ,0,65,0,0,0,0,0,1,2,4
,2020-28156,39.66749,-104.92548,2/5/2020 10:10,10:10:00,12,0,1,I25 & YALE AVENUE EAST,1,1,0,0,1,4, ,0,60,0,0,0,0,1,1,2,3
,2020-28157,39.66749,-104.92548,2/5/2020 10:10,10:10:00,12,0,0,I25 & YALE AVENUE EAST,1,1,0,0,1,4, ,0,60,0,0,0,0,0,1,2,3
,2020-28158,39.66749,-104.92548,2/11/2020 7:30,7:30:00,12,0,0,I25 NORTH & YALE AVENUE EAST,4,1,0,0,1,4, ,0,65,0,0,0,0,0,1,2,13
,2020-28159,39.66749,-104.92548,2/23/2020 5:14,5:14:00,5,0,0,I25 NORTH & YALE AVENUE EAST,1,3,0,0,3,4, ,0,35,0,0,0,0,0,4,1,14
,2020-28160,39.66749,-104.92548,1/21/2020 9:21,9:21:00,15,0,0,YALE AVENUE EAST & I25,1,1,0,0,1,4, ,0,35,0,0,0,0,0,4,2,13
,2020-28161,39.66755654,-104.9255314,6/5/2020 9:30,9:30:00,15,0,0,I25 SOUTHBOUND OFF SLIP RAMP & YALE AVENUE EAST,1,1,0,0,1,14, ,0,,0,0,0,0,0,1,2,13
,2020-28162,39.66762,-104.92576,2/6/2020 7:04,7:04:00,12,0,0,YALE AVENUE EAST & I25 SOUTH ON RAMP,1,1,0,0,1,3, ,0,30,0,0,0,0,0,4,2,3
,2020-28163,39.66749,-104.92548,6/28/2020 19:55,19:55:00,5,0,2,I25 NORTHBOUND OFF RAMP & YALE AVENUE EAST,1,1,1,0,4,1, ,0,45,0,0,0,0,2,4,1,4
,2020-28164,39.66749,-104.92548,1/25/2020 9:49,9:49:00,12,0,0,I25 NORTHBOUND ON RAMP FROM & YALE AVENUE EAST,1,1,0,0,1,14, ,0,35,0,0,0,0,0,1,2,13
,2020-28165,39.66755654,-104.9255314,2/7/2020 20:35,20:35:00,15,0,0,I25 SOUTHBOUND & YALE AVENUE EAST,9,3,0,2,1,4, ,0,60,0,0,0,0,0,1,2,1
,2020-28166,39.66748,-104.92567,2/2/2020 21:35,21:35:00,15,0,0,I25 & YALE AVENUE EAST,1,3,1,0,1,4, ,0,65,0,0,0,0,0,1,2,13
,2020-28167,39.66755654,-104.9255314,4/2/2020 22:26,22:26:00,15,0,1,I25 & YALE AVENUE EAST,9,3,0,2,1,4, ,0,55,0,0,0,0,1,1,2,14
,2020-28168,39.67845,-104.93377,6/3/2020 14:48,14:48:00,15,0,0,I25 & EVANS AVENUE EAST,1,1,0,0,1,4, ,0,,0,0,0,0,0,1,2,13
,2020-28169,39.67845,-104.9337,1/4/2020 5:19,5:19:00,12,0,1,I25 & EVANS AVENUE EAST,1,3,0,0,1,4, ,0,65,0,0,0,0,2,1,2,7
,2020-28170,39.67844,-104.9339,1/6/2020 16:15,16:15:00,12,0,0,I25 & EVANS AVENUE EAST,1,1,0,0,1,4, ,0,60,0,0,0,0,0,1,2,13
,2020-28171,39.67844,-104.93398,2/7/2020 4:45,4:45:00,12,0,0,I25 SOUTH & EVANS AVENUE EAST,10,3,0,2,1,4, ,0,60,0,0,0,0,0,1,4,7
,2020-28172,39.67841954,-104.9336584,2/3/2020 7:05,7:05:00,12,0,0,I25 & EVANS AVENUE EAST,11,2,0,1,1,4, ,0,60,0,0,0,0,0,1,2,13
,2020-28173,39.67845,-104.93377,3/4/2020 7:15,7:15:00,12,0,0,I25 NORTHBOUND & EVANS AVENUE EAST,1,1,0,0,1,4, ,0,65,0,0,0,0,0,1,3,13
,2020-28174,39.67845,-104.93377,6/2/2020 8:45,8:45:00,9,0,1,I25 & EVANS AVENUE EAST,1,1,1,0,1,4, ,0,60,0,0,0,0,1,2,1,7
,2020-28175,39.67844,-104.93398,2/4/2020 11:45,11:45:00,12,0,0,EVANS AVENUE EAST & I25 SOUTHBOUND OFF RAMP,5,1,0,2,1,4, ,0,30,0,0,0,0,0,4,2,3
,2020-28176,39.67844,-104.93398,2/4/2020 11:45,11:45:00,12,0,0,EVANS AVENUE EAST & I25 SOUTHBOUND OFF RAMP,5,1,0,2,1,4, ,0,30,0,0,0,0,0,4,2,3
,2020-28177,39.67845,-104.93398,2/17/2020 13:00,13:00:00,12,0,0,EVANS AVENUE EAST & I25 SOUTHBOUND RAMPS,1,1,0,0,1,1, ,0,35,0,0,0,0,0,4,2,6
,2020-28178,39.67845,-104.93377,5/8/2020 15:53,15:53:00,1,0,0,EVANS AVENUE EAST & I25 SOUTHBOUND ON RAMP,1,1,0,0,1,1, ,0,,0,0,0,0,0,4,2,13
,2020-28179,39.67845,-104.93485,5/29/2020 16:56,16:56:00,1,0,0,EVANS AVENUE 4500 EAST & I25 SOUTHBOUND ON RAMP,1,1,0,0,1,1, ,0,35,0,0,0,0,0,4,2,13
,2020-28180,39.67881,-104.93273,4/3/2020 20:00,20:00:00,5,0,0,EVANS AVENUE EAST & I25 NORTHBOUND RAMPS,1,3,0,0,3,1, ,0,40,0,0,0,0,0,4,1,7
,2020-28181,39.67846,-104.93339,5/31/2020 16:20,16:20:00,3,0,0,EVANS AVENUE & I25 NORTHBOUND OFF RAMP,1,1,0,0,1,1, ,0,30,0,0,0,0,0,4,3,14
,2020-28182,39.67841954,-104.9336584,1/30/2020 7:30,7:30:00,15,0,0,I25 & EVANS AVENUE EAST,11,2,0,0,1,4, ,0,65,0,0,0,0,0,1,2,13
,2020-28183,39.67841954,-104.9336584,1/7/2020 10:11,10:11:00,12,0,1,I25 NORTHBOUND ON RAMP & EVANS AVENUE EAST,1,1,1,0,1,14, ,0,35,0,0,0,0,1,4,2,3
,2020-28184,39.67844,-104.93398,6/27/2020 15:32,15:32:00,15,0,1,I25 & EVANS AVENUE EAST,1,1,0,0,1,4, ,0,65,0,0,0,0,0,1,2,14
,2020-28185,39.67845,-104.93377,2/22/2020 10:23,10:23:00,12,0,0,I25 NORTH ON RAMP SPLIT POINT & EVANS AVENUE EAST,1,1,1,0,1,14, ,0,35,0,0,0,0,0,1,3,14
,2020-28186,39.6831,-104.94055,1/22/2020 11:52,11:52:00,15,0,0,I25 & COLORADO BOULEVARD SOUTH,1,1,0,6,1,4, ,0,60,0,0,0,0,0,1,2,13
,2020-28187,39.67844,-104.93398,2/3/2020 18:42,18:42:00,5,0,0,I25 SOUTHBOUND EXIT GORE POINT & EVANS AVENUE EAST,4,3,0,2,3,4, ,0,60,0,0,0,0,0,1,1,7
,2020-28188,39.67844,-104.93398,3/14/2020 10:00,10:00:00,5,0,0,I25 SOUTHBOUND OFF RAMP EXIT GORE POINT TO & EVANS AVENUE EAST,1,1,1,0,2,14, ,0,65,0,0,0,0,0,1,2,14
,2020-28189,39.68294,-104.94055,1/16/2020 14:41,14:41:00,12,0,0,I25 & COLORADO BOULEVARD SOUTH,1,1,0,0,1,4, ,0,60,0,0,0,0,0,1,3,4
,2020-28190,39.68294,-104.94055,2/27/2020 11:34,11:34:00,12,0,0,I25 SOUTHBOUND & COLORADO BOULEVARD SOUTH,1,1,0,0,1,4, ,0,60,0,0,0,0,0,1,2,13
,2020-28191,39.68309,-104.9405,1/6/2020 11:45,11:45:00,15,0,0,I25 & COLORADO BOULEVARD,1,1,0,0,1,4, ,0,60,0,0,0,0,0,1,2,1
,2020-28192,39.6831,-104.94055,1/17/2020 10:56,10:56:00,15,0,0,I25 & COLORADO BOULEVARD SOUTH,1,1,0,0,1,4, ,0,60,0,0,0,0,0,1,2,3
,2020-28193,39.6831,-104.94055,1/17/2020 10:56,10:56:00,12,0,0,I25 & COLORADO BOULEVARD SOUTH,1,1,0,0,1,4, ,0,60,0,0,0,0,0,1,2,3
,2020-28194,39.6831,-104.94055,1/22/2020 17:38,17:38:00,12,0,1,I25 & COLORADO BOULEVARD SOUTH,1,3,0,0,1,4, ,0,60,0,0,0,0,1,1,3,13
,2020-28195,39.68294654,-104.9406514,3/3/2020 9:05,9:05:00,12,0,0,I25 & COLORADO BOULEVARD SOUTH,1,1,0,0,1,4, ,0,60,0,0,0,0,0,1,2,13
,2020-28196,39.6831,-104.94055,4/3/2020 6:20,6:20:00,12,0,1,I25 & COLORADO BOULEVARD SOUTH,4,3,0,2,1,4, ,0,60,0,0,0,0,1,1,2,13
,2020-28197,39.6831,-104.94055,4/11/2020 23:30,23:30:00,15,0,0,I25 & COLORADO BOULEVARD SOUTH,1,3,0,0,1,4, ,0,60,0,0,0,0,0,1,2,5
,2020-28198,39.6831,-104.94055,1/22/2020 22:28,22:28:00,15,0,0,I25 & COLORADO BOULEVARD SOUTH,1,3,0,0,1,4, ,0,65,0,0,0,0,0,1,2,13
,2020-28199,39.6831,-104.94055,2/24/2020 1:00,1:00:00,15,0,0,I25 & MM 204.10,1,3,0,0,1,4, ,0,60,0,0,0,0,0,1,2,5
,2020-28200,39.68294,-104.94055,2/12/2020 6:40,6:40:00,15,0,0,I25 SOUTHBOUND & MM 204 / COLORADO BOULEVARD,1,2,0,0,1,4, ,0,60,0,0,0,0,0,1,2,1
,2020-28201,39.68294,-104.94055,2/20/2020 19:00,19:00:00,12,0,1,I25 SOUTH OFF RAMP EXIT GORE POINT & COLORADO B SOUTH,1,3,0,0,1,4, ,0,60,0,0,0,0,1,1,3,3
,2020-28202,39.68294,-104.94055,2/3/2020 8:45,8:45:00,15,0,0,I25 & MM 204,11,1,0,2,1,4, ,0,60,0,0,0,0,0,1,2,1
,2020-28203,39.68464906,-104.9465411,5/30/2020 10:16,10:16:00,12,0,0,I25 & MADISON STREET,1,1,0,0,1,4, ,0,65,0,0,0,0,0,1,3,7
,2020-28204,39.68294,-104.94055,1/25/2020 21:28,21:28:00,15,0,0,I25 & COLORADO BOULEVARD SOUTH,1,3,0,0,1,4, ,0,60,0,0,0,0,0,1,2,13
,2020-28205,39.68486,-104.95945,3/7/2020 18:30,18:30:00,15,0,0,I25 & UNIVERSITY BOULEVARD SOUTH,1,2,0,0,1,4, ,0,55,0,0,0,0,0,1,2,13
,2020-28206,39.68487,-104.95945,3/10/2020 17:16,17:16:00,12,0,0,I25 & UNIVERSITY BOULEVARD SOUTH,1,1,0,0,1,4, ,0,60,0,0,0,0,0,1,2,1
,2020-28207,39.68469254,-104.9504884,1/31/2020 16:14,16:14:00,12,0,2,I25 & STEELE STREET SOUTH,1,1,0,0,1,4, ,0,55,0,0,0,0,2,1,2,13
,2020-28208,39.68473,-104.95047,2/5/2020 10:10,10:10:00,12,0,1,I25 & STEELE STREET SOUTH,1,1,0,0,1,4, ,0,60,0,0,0,0,1,1,2,13
,2020-28209,39.68469254,-104.9504884,6/17/2020 16:32,16:32:00,12,0,2,I25 & STEELE STREET SOUTH,1,1,0,0,1,4, ,0,50,0,0,0,0,2,1,2,13
,2020-28210,39.68487,-104.95945,1/19/2020 10:40,10:40:00,12,0,0,I25 NORTHBOUND OFF RAMP EXIT GORE POINT TO & UNIVERSITY BOULEVARD SOUTH,1,1,0,0,1,14, ,0,35,0,0,0,0,0,1,2,13
,2020-28211,39.68473,-104.95945,2/17/2020 13:22,13:22:00,12,0,0,I25 SOUTHBOUND ENTRANCE GORE POINT FROM & UNIVERSITY BOULEVARD,1,1,1,0,1,4, ,0,65,0,0,0,0,0,1,2,13
,2020-28212,39.68473,-104.95945,1/23/2020 16:31,16:31:00,12,0,0,I25 SOUTH ON RAMP & UNIVERSITY B SOUTH,1,1,1,0,1,14, ,0,65,0,0,0,0,0,1,2,1
,2020-28213,39.68473,-104.95945,1/13/2020 18:04,18:04:00,12,0,0,I25 & UNIVERSITY BOULEVARD SOUTH,1,3,0,0,1,4, ,0,65,0,0,0,0,0,1,2,13
,2020-28214,39.68473,-104.95945,2/14/2020 18:07,18:07:00,12,0,0,I25 SOUTH & UNIVERSITY B SOUTH,1,3,0,0,1,4, ,0,65,0,0,0,0,0,1,3,3
,2020-28215,39.68486,-104.95945,2/14/2020 14:00,14:00:00,15,0,0,I25 NORTHBOUND & MM 205 / UNIVERSITY BOULEVARD,1,1,0,0,1,4, ,0,55,0,0,0,0,0,2,2,1
,2020-28216,39.68489954,-104.9594704,5/2/2020 23:30,23:30:00,12,0,0,I25 & UNIVERSITY BOULEVARD,1,3,0,0,1,4, ,0,,0,0,0,0,0,1,2,13
,2020-28217,39.68489489,-104.9510043,2/12/2020 8:18,8:18:00,12,0,0,UNIVERSITY B 1800 SOUTH & I25 NORTH,1,1,0,0,1,3, ,0,35,0,0,0,0,0,4,3,3
,2020-28218,39.68473,-104.95945,2/6/2020 23:27,23:27:00,15,0,0,I25 & UNIVERSITY BOULEVARD SOUTH,10,3,0,2,1,4, ,0,50,0,0,0,0,0,1,2,14
,2020-28219,39.68489954,-104.9594704,5/10/2020 18:42,18:42:00,12,0,1,I25 & UNIVERSITY BOULEVARD SOUTH,1,1,0,0,1,4, ,0,,0,0,0,0,1,1,2,13
,2020-28220,39.68472,-104.9594,1/10/2020 0:26,0:26:00,5,0,0,I25 SOUTHBOUND OFF RAMP & UNIVERSITY BOULEVARD SOUTH,1,3,1,0,2,14, ,0,40,0,0,0,0,0,4,1,5
,2020-28221,39.68472,-104.9594,1/6/2020 14:45,14:45:00,12,0,0,I25 & UNIVERSITY BOULEVARD SOUTH,1,1,0,0,1,4, ,0,,0,0,0,0,0,1,3,13
,2020-28222,39.68473,-104.95945,1/15/2020 18:10,18:10:00,12,0,0,I25 & UNIVERSITY BOULEVARD SOUTH,1,3,0,0,1,4, ,0,55,0,0,0,0,0,1,3,3
,2020-28223,39.68473,-104.95945,1/16/2020 17:56,17:56:00,12,0,0,I25 & UNIVERSITY BOULEVARD SOUTH,1,3,0,0,1,4, ,0,65,0,0,0,0,0,1,2,13
,2020-28224,39.68473,-104.95945,1/23/2020 16:23,16:23:00,12,0,0,I25 & UNIVERSITY BOULEVARD SOUTH,1,1,0,0,1,4, ,0,65,0,0,0,0,0,1,3,3
,2020-28225,39.68473,-104.95945,1/24/2020 15:18,15:18:00,15,0,0,I25 & UNIVERSITY BOULEVARD SOUTH,1,1,0,0,1,4, ,0,65,0,0,0,0,0,1,2,13
,2020-28226,39.68473,-104.95945,2/28/2020 16:24,16:24:00,12,0,1,I25 & UNIVERSITY BOULEVARD SOUTH,1,1,0,0,1,4, ,0,65,0,0,0,0,2,1,2,13
,2020-28227,39.68489954,-104.9594704,4/16/2020 8:06,8:06:00,15,0,0,I25 & UNIVERSITY BOULEVARD SOUTH,7,1,0,2,1,4, ,0,60,0,0,0,0,0,1,3,3
,2020-28228,39.68473,-104.95945,6/25/2020 16:59,16:59:00,12,0,0,I25 & UNIVERSITY BOULEVARD SOUTH,1,1,0,0,1,4, ,0,65,0,0,0,0,0,1,2,13
,2020-28229,39.68487,-104.95945,3/22/2020 1:45,1:45:00,5,0,1,UNIVERSITY BOULEVARD SOUTH & I25,11,3,0,0,2,4, ,0,35,0,0,0,0,1,4,1,5
,2020-28230,39.68489954,-104.9594704,5/14/2020 22:53,22:53:00,5,0,1,UNIVERSITY BOULEVARD SOUTH & I25,1,3,0,0,3,4, ,0,30,0,0,0,0,1,4,1,14
,2020-28231,39.68473,-104.95945,1/21/2020 11:50,11:50:00,3,0,0,UNIVERSITY BOULEVARD SOUTH & I25 NB/WB OFF RAMP,1,1,0,0,1,1, ,0,30,0,0,0,0,0,4,2,8
,2020-28232,39.68487,-104.95945,2/13/2020 7:09,7:09:00,15,0,0,UNIVERSITY B SOUTH & I25 NORTH ON RAMP,4,1,0,0,1,1, ,0,35,0,0,0,0,0,4,5,13
,2020-28233,39.68487,-104.95945,4/11/2020 0:43,0:43:00,9,0,0,UNIVERSITY BOULEVARD SOUTH & I25,1,3,0,0,3,1, ,0,30,0,0,0,0,0,4,1,13
,2020-28234,39.68472,-104.9594,1/1/2020 11:53,11:53:00,5,0,0,I25 SOUTHBOUND OFF RAMP & UNIVERSITY BOULEVARD SOUTH,1,1,1,0,2,14, ,0,35,0,0,0,0,0,4,1,1
,2020-28235,39.68473,-104.95945,1/28/2020 18:29,18:29:00,12,0,1,I25 SOUTHBOUND OFF RAMP TO & UNIVERSITY BOULEVARD SOUTH,1,3,0,0,1,14, ,0,60,0,0,0,0,1,1,2,1
,2020-28236,39.68473,-104.95945,6/23/2020 18:00,18:00:00,12,0,1,I25 & UNIVERSITY BOULEVARD SOUTH,1,1,0,0,1,4, ,0,60,0,0,0,0,1,1,2,13
,2020-28237,39.68472,-104.9594,1/4/2020 14:58,14:58:00,15,0,0,I25 & UNIVERSITY BOULEVARD SOUTH,1,1,0,0,1,4, ,0,,0,0,0,0,0,1,2,13
,2020-28238,39.68472,-104.9594,1/12/2020 22:22,22:22:00,15,0,0,I25 & UNIVERSITY BOULEVARD SOUTH,1,3,1,0,1,4, ,0,,0,0,0,0,0,1,2,13
,2020-28239,39.68473,-104.95945,2/21/2020 7:35,7:35:00,12,0,0,I25 SOUTH OFF RAMP SPLIT POINT & UNIVERSITY B SOUTH,1,1,0,0,1,14, ,0,35,0,0,0,0,0,4,2,13
,2020-28240,39.68473,-104.95945,2/27/2020 16:34,16:34:00,12,0,0,I25 SOUTHBOUND & UNIVERSITY BOULEVARD SOUTH,1,1,0,0,1,4, ,0,65,0,0,0,0,0,1,2,13
,2020-28241,39.68486,-104.95945,1/25/2020 15:40,15:40:00,15,0,0,I25 NORTHBOUND ENTRANCE GORE POINT FROM & UNIVERSITY BOULEVARD SOUTH,1,1,1,0,1,4, ,0,65,0,0,0,0,0,1,2,5
,2020-28242,39.68752,-104.96873,1/17/2020 14:46,14:46:00,12,0,0,I25 & FRANKLIN STREET SOUTH,1,1,0,0,1,4, ,0,65,0,0,0,0,0,1,2,3
,2020-28243,39.68768,-104.9687,1/9/2020 9:38,9:38:00,15,0,0,I25 & FRANKLIN STREET SOUTH,1,1,0,0,1,4, ,0,55,0,0,0,0,0,1,2,13
,2020-28244,39.68473,-104.95945,2/22/2020 16:04,16:04:00,5,0,0,I25 SOUTH OFF RAMP & UNIVERSITY B SOUTH,1,1,1,0,3,14, ,0,45,0,0,0,0,0,1,1,14
,2020-28245,39.68752,-104.96873,1/31/2020 15:33,15:33:00,9,0,0,I25 & FRANKLIN STREET SOUTH,1,1,0,0,1,4, ,0,55,0,0,0,1,0,1,1,1
,2020-28246,39.68748254,-104.9686999,2/22/2020 4:45,4:45:00,5,0,0,I25 SOUTH & FRANKLIN STREET SOUTH,4,4,0,0,3,4, ,0,55,0,0,0,0,0,1,1,3
,2020-28247,39.69,-104.97342,1/21/2020 16:07,16:07:00,12,0,1,I25 & DOWNING STREET SOUTH,1,1,0,0,1,4, ,0,60,0,0,0,0,1,1,2,1
,2020-28248,39.68982254,-104.9734204,1/11/2020 13:03,13:03:00,12,0,0,I25 & DOWNING STREET SOUTH,1,1,0,0,1,4, ,0,60,0,0,0,0,0,1,4,13
,2020-28249,39.69,-104.9734,1/9/2020 8:50,8:50:00,12,0,0,I25 & DOWNING STREET SOUTH,1,1,0,0,1,4, ,0,60,0,0,0,0,0,1,2,13
,2020-28250,39.69,-104.97342,1/23/2020 18:48,18:48:00,12,0,0,I25 & DOWNING STREET SOUTH,1,3,0,0,1,4, ,0,65,0,0,0,0,0,1,2,13
,2020-28251,39.68983,-104.97343,5/18/2020 15:37,15:37:00,12,0,1,I25 & DOWNING STREET SOUTH,1,1,0,0,1,4, ,0,60,0,0,0,0,1,1,2,1
,2020-28252,39.68982254,-104.9734204,6/17/2020 16:33,16:33:00,12,0,0,I25 & DOWNING STREET SOUTH,1,1,0,0,1,4, ,0,55,0,0,0,0,0,1,2,3
,2020-28253,39.68946,-104.97343,2/12/2020 17:06,17:06:00,3,0,1,DOWNING STREET SOUTH & I25 NORTH OFF RAMP,9,3,0,2,1,1, ,0,30,0,0,0,0,2,4,2,1
,2020-28254,39.68983,-104.97343,4/14/2020 16:44,16:44:00,5,0,3,I25 & DOWNING STREET SOUTH,1,1,0,0,2,4, ,0,60,0,0,0,0,3,1,1,1
,2020-28255,39.68983,-104.97343,3/20/2020 15:27,15:27:00,12,0,0,I25 & DOWNING STREET SOUTH,1,1,0,0,1,4, ,0,,0,0,0,0,0,1,2,13
,2020-28256,39.69,-104.97342,2/21/2020 19:20,19:20:00,15,0,1,I25 NORTH & DOWNING STREET SOUTH,1,3,1,0,1,4, ,0,60,0,0,0,0,1,1,2,13
,2020-28257,39.69228,-104.97695,1/25/2020 14:47,14:47:00,15,0,2,I25 & EMERSON STREET SOUTH,1,1,0,0,1,4, ,0,65,0,0,0,0,3,1,4,3
,2020-28258,39.69228,-104.97695,2/14/2020 16:42,16:42:00,15,0,0,I25 NORTHBOUND & EMERSON STREET SOUTH,1,1,0,0,1,4, ,0,65,0,0,0,0,0,1,2,13
,2020-28259,39.68982254,-104.9734204,1/15/2020 18:41,18:41:00,12,0,0,I25 & DOWNING STREET SOUTH,1,3,1,0,1,4, ,0,65,0,0,0,0,0,1,2,13
,2020-28260,39.693,-104.97774,6/19/2020 13:52,13:52:00,12,0,0,I25 & LOUISIANA AVENUE EAST,1,1,0,0,1,4, ,0,60,0,0,0,0,0,1,3,13
,2020-28261,39.69442,-104.97925,2/13/2020 17:50,17:50:00,15,0,0,I25 & WASHINGTON STREET SOUTH,1,1,0,0,1,4, ,0,55,0,0,0,0,0,1,2,1
,2020-28262,39.69414,-104.97925,2/20/2020 15:20,15:20:00,12,0,0,I25 SOUTH & WASHINGTON STREET SOUTH,1,1,0,0,1,4, ,0,55,0,0,0,0,0,2,4,7
,2020-28263,39.69414,-104.97925,4/15/2020 17:23,17:23:00,15,0,0,I25 & WASHINGTON STREET SOUTH,1,1,0,0,1,4, ,0,60,0,0,0,0,0,1,2,1
,2020-28264,39.70146,-104.98753,6/9/2020 10:00,10:00:00,15,0,0,I25 SOUTHBOUND ON RAMP ENTRANCE GORE POINT FROM & BROADWAY STREET SOUTH,1,1,0,0,1,4, ,0,,0,0,0,0,0,2,2,13
,2020-28265,39.69414,-104.97926,2/10/2020 16:37,16:37:00,15,0,0,I25 SOUTH & WASHINGTON STREET SOUTH,11,2,0,2,1,4, ,0,55,0,0,0,0,0,1,2,7
,2020-28266,39.69414,-104.97926,4/25/2020 11:19,11:19:00,5,0,0,I25 & WASHINGTON STREET SOUTH,1,1,0,0,1,4, ,0,60,0,0,0,0,0,1,2,13
,2020-28267,39.69743,-104.98282,2/5/2020 8:02,8:02:00,12,0,0,I25 NORTH & LOGAN STREET SOUTH,1,1,0,0,1,4, ,0,60,0,0,0,0,0,1,2,13
,2020-28268,39.69743,-104.98282,3/10/2020 16:46,16:46:00,12,0,2,I25 & LOGAN STREET SOUTH,1,1,0,0,1,4, ,0,50,0,0,0,0,1,1,3,10
,2020-28269,39.69743,-104.98282,3/19/2020 10:45,10:45:00,5,0,0,I25 & LOGAN STREET SOUTH,11,1,1,2,2,4, ,0,65,0,0,0,0,0,1,2,3
,2020-28270,39.69743,-104.98282,3/4/2020 17:14,17:14:00,12,0,0,I25 & LOGAN STREET SOUTH,1,1,0,0,1,4, ,0,55,0,0,0,0,0,1,2,7
,2020-28271,39.69743,-104.98282,3/14/2020 13:29,13:29:00,15,0,0,I25 & LOGAN STREET SOUTH,1,1,1,0,1,4, ,0,65,0,0,0,0,0,1,2,13
,2020-28272,39.74000353,-104.9920099,6/17/2020 14:13,14:13:00,15,0,0,I25 NORTHBOUND & SANTA FE EXIT GORE POINT,1,1,1,0,1,4, ,0,65,0,0,0,0,0,1,2,1
,2020-28273,39.70146,-104.98753,1/24/2020 8:32,8:32:00,12,0,0,I25 & BROADWAY STREET SOUTH,1,1,0,0,1,4, ,0,60,0,0,0,0,0,1,2,3
,2020-28274,39.70138,-104.98745,2/11/2020 7:30,7:30:00,12,0,0,I25 NORTH & BROADWAY SOUTH,10,1,1,0,1,4, ,0,65,0,0,0,0,0,1,2,2
,2020-28275,39.70146,-104.98753,2/28/2020 9:30,9:30:00,15,0,1,I25 SOUTHBOUND & BROADWAY STREET,1,1,1,0,1,4, ,0,55,0,0,0,0,1,1,2,13
,2020-28276,39.70138,-104.98745,4/16/2020 6:00,6:00:00,5,0,1,I25 & BROADWAY STREET SOUTH,7,3,1,2,2,4, ,0,65,0,0,0,0,1,1,2,7
,2020-28277,39.70150454,-104.9875189,2/4/2020 10:29,10:29:00,1,0,0,BROADWAY STREET SOUTH & I25 SOUTHBOUND ON RAMP,4,1,0,0,1,1, ,0,30,0,0,0,0,0,4,2,13
,2020-28278,39.70122554,-104.9875279,2/9/2020 21:05,21:05:00,1,0,1,BROADWAY STREET SOUTH & I25 SOUTH ON RAMP,1,3,0,0,1,1, ,0,30,0,0,0,0,1,4,2,13
,2020-28279,39.70146,-104.98753,6/12/2020 13:54,13:54:00,1,0,0,BROADWAY STREET SOUTH & I25 SOUTHBOUND ON RAMP,1,1,0,0,1,1, ,0,30,0,0,0,0,0,4,2,13
,2020-28280,39.70150454,-104.9875189,6/9/2020 13:20,13:20:00,15,0,0,I25 & BROADWAY STREET s,1,1,1,0,1,4, ,0,,0,0,0,0,0,1,2,13
,2020-28281,39.70150454,-104.9875189,6/27/2020 11:33,11:33:00,6,0,0,I25 SOUTHBOUND ON RAMP & BROADWAY STREET SOUTH,1,1,0,0,3,14, ,0,35,0,0,0,0,0,1,4,5
,2020-28282,39.70146,-104.98753,2/8/2020 7:20,7:20:00,12,0,0,I25 & BROADWAY STREET SOUTH,7,1,1,0,1,4, ,0,65,0,0,0,0,0,1,3,3
,2020-28283,39.70666,-104.9966,6/22/2020 17:35,17:35:00,9,0,1,I25 & SANTA FE DRIVE SOUTH,1,1,2,0,1,4, ,0,55,0,0,0,1,3,1,2,13
,2020-28284,39.71121,-104.9989,2/22/2020 11:46,11:46:00,12,0,1,I25 NORTH & ALAMEDA AVENUE WEST,1,1,1,0,1,4, ,0,55,0,0,0,0,0,1,2,13
,2020-28285,39.70666,-104.9966,6/3/2020 19:50,19:50:00,5,0,1,I25 & SANTA FE DRIVE NORTHBOUND EXIT GORE POINT,1,1,0,0,3,4, ,0,55,0,0,0,0,2,1,2,1
,2020-28286,39.70643,-104.9968,2/28/2020 19:27,19:27:00,5,0,1,I25 & SANTA FE DRIVE SOUTH,1,3,0,0,3,4, ,0,65,0,0,0,1,3,1,1,7
,2020-28287,39.70666,-104.9966,5/5/2020 17:58,17:58:00,15,0,2,I25 & SANTA FE DRIVE SOUTH,1,1,1,0,1,4, ,0,,0,0,0,0,1,1,2,13