id,drcog_id,latitude,longitude,crashtime,time,crashtype,numbkilled,numbinjurd,drcoglocat,rdconditin,lightngcon,roadcntgrd,weatherco,location,roaddescrp,schoolzone,constrzone,splimit,bikeinv,pedinv,sctrinv,motoinv,svrty,rdsystem,ttlvehcls,hcf
,2020-28288,39.70662554,-104.9965819,2/20/2020 8:44,8:44:00,15,0,0,I25 NORTH OFF RAMP EXIT GORE POINT & SANTA FE DRIVE SOUTH,4,1,0,0,1,14, ,0,35,0,0,0,0,0,4,2,13
,2020-28289,39.70666,-104.9966,3/12/2020 15:40,15:40:00,12,0,1,I25 & SANTA FE DRIVE SOUTH,1,1,0,0,1,4, ,0,65,0,0,0,0,1,1,3,14
,2020-28290,39.78371623,-104.9845345,6/1/2020 16:06,16:06:00,12,0,0,I25 & MM 207.48,1,1,1,0,1,4, ,0,65,0,0,0,0,0,1,2,14
,2020-28291,39.70666,-104.9966,2/22/2020 2:20,2:20:00,6,0,0,I25 NORTH & SANTA FE DRIVE SOUTH,1,3,0,0,1,4, ,0,65,0,0,0,0,0,1,2,13
,2020-28292,39.70635742,-104.9966562,5/28/2020 12:09,12:09:00,15,0,0,I25 & SANTA FE DRIVE SOUTH,1,1,1,0,1,4, ,0,55,0,0,0,0,0,1,2,13
,2020-28293,39.70662554,-104.9965819,6/6/2020 12:24,12:24:00,12,0,2,I25 & SANTA FE DRIVE SOUTH,1,1,0,0,1,14, ,0,,0,0,0,0,1,1,2,13
,2020-28294,39.70666,-104.9966,1/11/2020 12:30,12:30:00,12,0,0,I25 & SANTA FE DRIVE SOUTH,1,1,0,0,1,4, ,0,45,0,0,0,0,0,1,2,13
,2020-28295,39.71121,-104.9989,4/16/2020 16:23,16:23:00,15,0,0,I25 & ALAMEDA AVENUE WEST,11,1,1,2,1,4, ,0,65,0,0,0,0,0,1,2,7
,2020-28296,39.70643,-104.9968,3/21/2020 8:30,8:30:00,5,0,1,I25 SOUTHBOUND OFF RAMP EXIT GORE POINT TO & SANTA FE DRIVE SOUTH,4,1,1,0,2,14, ,0,45,0,0,0,0,1,1,1,7
,2020-28297,39.70666,-104.9966,5/22/2020 17:33,17:33:00,15,0,0,I25 & SANTA FE DRIVE SOUTH,1,1,1,0,1,4, ,0,,0,0,0,0,0,1,3,13
,2020-28298,39.7112,-104.9989,2/21/2020 22:17,22:17:00,15,0,0,I25 & ALAMEDA AVENUE WEST,1,3,0,0,1,4, ,0,55,0,0,0,0,0,1,2,1
,2020-28299,39.71121,-104.99913,4/26/2020 1:08,1:08:00,5,0,1,I25 & ALAMEDA AVENUE WEST,1,3,0,0,3,4, ,0,65,0,0,0,0,1,2,1,13
,2020-28300,39.70666,-104.9966,1/20/2020 11:50,11:50:00,12,0,0,I25 NORTHBOUND ENTRANCE GORE POINT FROM & SANTA FE DRIVE SOUTH,11,1,1,0,1,4, ,0,55,0,0,0,0,0,1,3,13
,2020-28301,39.7112,-104.9989,2/18/2020 8:51,8:51:00,12,0,0,I25 NORTHBOUND & ALAMEDA AVENUE WEST,1,1,1,0,1,4, ,0,55,0,0,0,0,0,1,2,1
,2020-28302,39.70643,-104.99679,3/12/2020 14:04,14:04:00,15,0,0,I25 & SANTA FE DRIVE SOUTH,1,1,0,0,1,4, ,0,65,0,0,0,0,0,1,2,7
,2020-28303,39.7112,-104.9989,3/19/2020 22:00,22:00:00,15,0,0,I25 & ALAMEDA AVENUE WEST,4,3,0,2,1,4, ,0,35,0,0,0,0,0,1,2,7
,2020-28304,39.70643,-104.9967,1/1/2020 0:20,0:20:00,5,0,0,I25 SOUTHBOUND & SANTA FE DRIVE EXIT GORE POINT,1,3,0,0,3,4, ,0,65,0,0,0,0,0,1,1,5
,2020-28305,39.70643,-104.99679,2/4/2020 7:00,7:00:00,12,0,0,I25 SOUTH OFF RAMP EXIT GORE POINT & SANTA FE DRIVE SOUTH,4,1,0,2,1,14, ,0,55,0,0,0,0,0,1,3,13
,2020-28306,39.71119,-104.9971,1/8/2020 17:15,17:15:00,12,0,0,I25 & ALAMEDA AVENUE,1,2,0,0,1,4, ,0,65,0,0,0,0,0,1,2,13
,2020-28307,39.7112,-104.9989,1/4/2020 15:02,15:02:00,15,0,0,I25 & ALAMEDA AVENUE WEST,1,1,1,0,1,4, ,0,55,0,0,0,0,0,1,2,3
,2020-28308,39.7112,-104.9989,1/11/2020 10:43,10:43:00,12,0,0,I25 & ALAMEDA AVENUE WEST,1,1,1,0,1,4, ,0,65,0,0,0,0,0,1,2,3
,2020-28309,39.71121,-104.99913,1/16/2020 11:09,11:09:00,5,0,0,I25 & ALAMEDA AVENUE WEST,1,1,0,0,2,4, ,0,55,0,0,0,0,0,1,2,3
,2020-28310,39.71121,-104.9989,1/17/2020 8:03,8:03:00,12,0,0,I25 & ALAMEDA AVENUE WEST,1,1,0,0,1,4, ,0,65,0,0,0,0,0,1,2,3
,2020-28311,39.71121,-104.9989,2/6/2020 6:20,6:20:00,12,0,0,I25 NORTH & ALAMEDA AVENUE WEST,1,3,1,0,1,4, ,0,55,0,0,0,0,0,1,4,13
,2020-28312,39.71121,-104.99913,2/8/2020 8:50,8:50:00,12,0,0,I25 & ALAMEDA AVENUE WEST,11,1,0,0,1,4, ,0,55,0,0,0,0,0,1,2,3
,2020-28313,39.71120654,-104.9991784,2/10/2020 23:05,23:05:00,15,0,1,I25 & ALAMEDA AVENUE EAST,7,4,0,2,1,4, ,0,65,0,0,0,0,1,1,2,13
,2020-28314,39.71121,-104.99913,2/13/2020 13:30,13:30:00,9,0,0,I25 SOUTH & ALAMEDA AVENUE WEST,11,1,1,0,3,4, ,0,55,0,0,0,0,0,1,2,14
,2020-28315,39.71121,-104.9989,2/28/2020 11:18,11:18:00,12,0,0,I25 & ALAMEDA AVENUE WEST,1,1,0,0,1,4, ,0,45,0,0,0,0,0,1,2,13
,2020-28316,39.71121,-104.99913,2/28/2020 13:23,13:23:00,12,0,0,I25 & ALAMEDA AVENUE WEST,1,1,0,0,1,4, ,0,65,0,0,0,0,0,1,2,7
,2020-28317,39.71121,-104.9989,3/2/2020 9:30,9:30:00,12,0,0,I25 & ALAMEDA AVENUE WEST,11,1,0,0,1,4, ,0,55,0,0,0,0,0,1,2,13
,2020-28318,39.71121,-104.9989,3/2/2020 15:56,15:56:00,12,0,0,I25 & ALAMEDA AVENUE WEST,1,1,0,0,1,4, ,0,65,0,0,0,0,0,1,2,13
,2020-28319,39.70146,-104.98753,4/16/2020 19:00,19:00:00,5,0,0,I25 & ALAMEDA AVENUE EAST,4,2,1,2,2,4, ,0,55,0,0,0,0,0,1,1,13
,2020-28320,39.71121,-104.99913,4/27/2020 12:32,12:32:00,15,0,0,I25 & ALAMEDA AVENUE WEST,1,1,0,0,1,4, ,0,55,0,0,0,0,0,1,2,13
,2020-28321,39.71121,-104.99913,1/27/2020 17:45,17:45:00,3,0,0,ALAMEDA AVENUE WEST & I25 SOUTHBOUND OFF RAMP,1,3,0,0,1,1, ,0,30,0,0,0,0,0,1,2,13
,2020-28322,39.71121,-104.99913,3/10/2020 8:00,8:00:00,12,0,0,I25 & ALAMEDA AVENUE WEST,1,1,1,0,1,4, ,0,65,0,0,0,0,0,1,2,13
,2020-28323,39.71120654,-104.9991784,6/29/2020 0:15,0:15:00,15,0,1,I25 & ALAMEDA AVENUE WEST,1,3,0,0,1,4, ,0,65,0,0,0,0,2,1,2,13
,2020-28324,39.71121,-104.99969,1/21/2020 17:29,17:29:00,12,0,0,I25 & ALAMEDA AVENUE WEST,1,2,1,0,1,4, ,0,55,0,0,0,0,0,1,3,1
,2020-28325,39.71121,-104.9989,1/22/2020 18:32,18:32:00,12,0,0,I25 & ALAMEDA AVENUE WEST,1,3,0,0,1,4, ,0,50,0,0,0,0,0,1,2,1
,2020-28326,39.71120654,-104.9991784,1/24/2020 17:31,17:31:00,12,0,0,I25 & ALAMEDA AVENUE WEST,1,2,0,0,1,4, ,0,55,0,0,0,0,0,1,2,13
,2020-28327,39.71121,-104.9989,2/18/2020 8:55,8:55:00,12,0,3,I25 NORTH & ALAMEDA AVENUE WEST,1,1,1,0,1,4, ,0,55,0,0,0,0,1,1,2,1
,2020-28328,39.71121,-104.99913,5/3/2020 20:50,20:50:00,12,0,0,I25 & ALAMEDA AVENUE WEST,1,2,1,0,1,4, ,0,65,0,0,0,0,0,1,2,5
,2020-28329,39.71120654,-104.9991784,2/1/2020 1:39,1:39:00,5,0,1,I25 & ALAMEDA AVENUE EAST,1,3,0,0,2,4, ,0,65,0,0,0,0,1,1,1,5
,2020-28330,39.71121,-104.9989,5/13/2020 18:24,18:24:00,15,0,1,I25 & ALAMEDA AVENUE WEST,1,1,0,0,1,4, ,0,65,0,0,0,0,1,1,2,1
,2020-28331,39.71121,-104.9989,5/22/2020 11:54,11:54:00,12,0,1,I25 & ALAMEDA AVENUE WEST,1,1,0,0,1,4, ,0,55,0,0,0,0,0,1,6,3
,2020-28332,39.71121,-104.99913,1/5/2020 16:25,16:25:00,15,0,0,I25 & ALAMEDA AVENUE WEST,1,1,0,0,1,4, ,0,55,0,0,0,0,0,1,2,5
,2020-28333,39.71121,-104.99913,1/19/2020 2:15,2:15:00,11,0,1,I25 SOUTHBOUND OFF RAMP EXIT GORE POINT & ALAMEDA AVENUE WEST,1,4,1,0,1,14, ,0,45,0,1,0,0,3,1,2,13
,2020-28334,39.71121,-104.99913,1/16/2020 16:23,16:23:00,12,0,1,I25 & ALAMEDA AVENUE WEST,1,2,0,0,1,4, ,0,55,0,0,0,0,1,1,3,7
,2020-28335,39.71121,-104.99913,1/19/2020 2:00,2:00:00,5,0,0,I25 SOUTH & ALAMEDA AVENUE WEST,1,3,0,0,2,4, ,0,60,0,0,0,0,0,1,1,14
,2020-28336,39.71121,-104.9989,1/30/2020 7:15,7:15:00,12,0,0,I25 & ALAMEDA AVENUE WEST,1,1,0,0,1,4, ,0,65,0,0,0,0,0,1,2,13
,2020-28337,39.71121,-104.99913,3/9/2020 6:55,6:55:00,15,0,0,I25 & ALAMEDA AVENUE WEST,1,1,0,0,1,4, ,0,55,0,0,0,0,0,1,2,13
,2020-28338,39.71127216,-104.9990768,2/16/2020 14:54,14:54:00,5,0,0,I25 NORTH & ALAMEDA AVENUE WEST,1,1,0,0,3,4, ,0,55,0,0,0,0,0,1,2,1
,2020-28339,39.72548053,-105.0130699,6/22/2020 16:24,16:24:00,15,0,0,I25 & SIXTH AVENUE WEST,1,1,0,0,1,4, ,0,65,0,0,0,0,0,1,2,7
,2020-28340,39.71121,-104.99913,2/28/2020 6:38,6:38:00,15,0,0,I25 SOUTHBOUND & ALAMEDA AVENUE WEST,1,1,0,0,1,4, ,0,55,0,0,0,0,0,1,2,13
,2020-28341,39.72548053,-105.0130699,1/4/2020 11:31,11:31:00,12,0,1,I25 & SIXTH AVENUE WEST,1,1,0,0,1,4, ,0,55,0,0,0,0,0,1,3,3
,2020-28342,39.72548053,-105.0130699,1/24/2020 12:00,12:00:00,12,0,0,I25 & SIXTH AVENUE WEST,1,1,0,0,1,4, ,0,65,0,0,0,0,0,1,2,13
,2020-28343,39.72548053,-105.0130699,2/21/2020 12:34,12:34:00,12,0,0,I25 NORTH & SIXTH AVENUE EAST,1,1,0,0,1,4, ,0,65,0,0,0,0,0,1,3,13
,2020-28344,39.72548053,-105.0130699,2/22/2020 10:20,10:20:00,15,0,0,I25 & SIXTH AVENUE WEST,1,1,1,0,1,4, ,0,65,0,0,0,0,0,1,3,8
,2020-28345,39.72548053,-105.0130699,6/16/2020 4:20,4:20:00,15,0,1,I25 & SIXTH AVENUE WEST,1,4,0,0,1,4, ,0,55,0,0,0,1,3,1,2,13
,2020-28346,39.72548053,-105.0130699,1/9/2020 18:41,18:41:00,12,0,0,SIXTH AVENUE EASTBOUND OFF RAMP TO & I25 SOUTHBOUND MERGE POINT,1,1,1,0,1,14, ,0,,0,0,0,0,0,1,2,1
,2020-28347,39.74000353,-104.9920099,5/4/2020 21:48,21:48:00,12,0,0,SIXTH EASTBOUND OFF RAMP TO I25 NORTHBOUND HELP & I25,1,3,0,0,1,14, ,0,,0,0,0,0,0,2,2,13
,2020-28348,39.74000353,-104.9920099,6/8/2020 14:40,14:40:00,15,0,0,I25 SOUTHBOUND ON RAMP & ENTRANCE GORE POINT FROM SIXTH AVENUE WEST EASTBOUND,1,1,1,0,1,14, ,0,,0,0,0,0,0,2,2,13
,2020-28349,39.72548053,-105.0130699,3/12/2020 14:13,14:13:00,12,0,1,I25 & SIXTH AVENUE WEST,1,1,1,0,1,4, ,0,65,0,0,0,0,1,1,3,1
,2020-28350,39.72548053,-105.0130699,1/6/2020 17:00,17:00:00,12,0,0,I25 & SIXTH AVENUE WEST,1,3,0,0,1,4, ,0,55,0,0,0,0,0,1,2,7
,2020-28351,39.72548053,-105.0130699,3/8/2020 15:56,15:56:00,12,0,1,I25 & SIXTH AVENUE FWY WEST,1,1,0,0,1,4, ,0,55,0,0,0,0,1,1,2,13
,2020-28352,39.72548053,-105.0130699,5/26/2020 12:41,12:41:00,12,0,0,I25 & SIXTH AVENUE WEST,1,1,1,0,1,4, ,0,,0,0,0,0,0,1,3,13
,2020-28353,39.77658861,-104.9894083,1/10/2020 14:05,14:05:00,12,0,0,I25 & MM 209,1,1,0,0,1,4, ,0,65,0,0,0,0,0,1,2,13
,2020-28354,39.72548053,-105.0130699,1/6/2020 18:30,18:30:00,12,0,0,I25 & SIXTH AVENUE WEST,1,2,0,0,1,4, ,0,65,0,0,0,0,0,1,2,13
,2020-28355,39.72548053,-105.0130699,1/19/2020 11:24,11:24:00,12,0,0,I25 & SIXTH AVENUE WEST,1,1,1,0,1,4, ,0,55,0,0,0,0,0,1,2,14
,2020-28356,39.72548053,-105.0130699,3/10/2020 13:07,13:07:00,12,0,0,I25 & SIXTH AVENUE WEST,1,1,1,0,1,4, ,0,55,0,0,0,0,0,1,2,1
,2020-28357,39.72548053,-105.0130699,1/7/2020 10:42,10:42:00,12,0,0,I25 & SIXTH AVENUE WEST,1,1,0,0,1,4, ,0,55,0,0,0,0,0,1,2,7
,2020-28358,39.72548053,-105.0130699,1/27/2020 6:58,6:58:00,12,0,0,I25 & SIXTH AVENUE WEST,1,2,0,0,1,4, ,0,55,0,0,0,0,0,1,2,1
,2020-28359,39.70643,-104.99679,2/22/2020 18:44,18:44:00,15,0,0,I25 SOUTH & SIXTH AVENUE EAST,1,3,0,0,1,4, ,0,55,0,0,0,0,0,1,4,13
,2020-28360,39.72548053,-105.0130699,2/2/2020 21:04,21:04:00,12,0,0,I25 & SIXTH AVENUE WEST,1,3,0,0,1,4, ,0,55,0,0,0,0,0,1,3,13
,2020-28361,39.74000353,-104.9920099,5/7/2020 13:17,13:17:00,5,0,2,I25 NORTHBOUND EXIT GORE POINT TO & HIGHWAY 6,1,1,1,0,3,4, ,0,65,0,0,0,0,1,1,1,1
,2020-28362,39.72548053,-105.0130699,6/26/2020 16:40,16:40:00,12,0,0,I25 NORTHBOUND OFF RAMP & SIXTH AVENUE WEST,1,1,0,0,1,14, ,0,45,0,0,0,0,0,1,2,13
,2020-28363,39.72548053,-105.0130699,6/29/2020 11:55,11:55:00,12,0,0,I25 SOUTHBOUND ON RAMP & SIXTH AVENUE FWY,1,1,0,0,1,14, ,0,55,0,0,0,0,0,1,2,1
,2020-28364,39.72548053,-105.0130699,6/17/2020 9:13,9:13:00,12,0,0,I25 HIGHWAY NORTHBOUND & SIXTH AVENUE WEST,1,1,1,0,1,4, ,0,55,0,0,0,0,0,1,2,7
,2020-28365,39.72548053,-105.0130699,2/15/2020 9:53,9:53:00,12,0,0,I25 NORTH OFF RAMP EXIT GORE POINT & SIXTH AVENUE WEST,1,1,1,0,1,14, ,0,55,0,0,0,0,0,1,2,13
,2020-28366,39.74000353,-104.9920099,1/18/2020 23:51,23:51:00,12,0,0,I25 SOUTHBOUND ON RAMP ENTRANCE GORE POINT FROM & SIXTH AVENUE WEST,1,3,0,0,1,14, ,0,65,0,0,0,0,0,1,2,1
,2020-28367,39.72548053,-105.0130699,1/24/2020 7:58,7:58:00,12,0,0,I25 NORTHBOUND OFF RAMP TO & SIXTH AVENUE EASTBOUND,1,1,0,0,1,14, ,0,55,0,0,0,0,0,1,2,13
,2020-28368,39.81296365,-104.8664817,6/20/2020 22:35,22:35:00,5,0,0,I25 NORTHBOUND OFF RAMP SPLIT  & SIXTH AVENUE,1,3,1,0,2,14, ,0,,0,0,0,0,0,1,1,13
,2020-28369,39.72548053,-105.0130699,1/25/2020 10:41,10:41:00,12,0,0,I25 & SIXTH AVENUE WEST,1,1,1,0,1,4, ,0,55,0,0,0,0,0,1,3,3
,2020-28370,39.72548053,-105.0130699,6/15/2020 10:50,10:50:00,12,0,0,I25 & SIXTH AVENUE WEST,1,1,1,0,1,4, ,0,65,0,0,0,0,0,1,3,13
,2020-28371,39.72548053,-105.0130699,1/3/2020 10:21,10:21:00,12,0,0,I25 & SIXTH AVENUE WEST,1,1,0,0,1,4, ,0,55,0,0,0,0,0,1,2,13
,2020-28372,39.72548053,-105.0130699,6/2/2020 14:51,14:51:00,12,0,0,I25 & SIXTH AVENUE WEST,1,1,0,0,1,4, ,0,65,0,0,0,0,0,1,3,13
,2020-28373,39.72548053,-105.0130699,6/28/2020 12:36,12:36:00,12,0,0,I25 & SIXTH AVENUE FWY,1,1,0,0,1,4, ,0,65,0,0,0,0,0,1,2,3
,2020-28374,39.74000353,-104.9920099,1/12/2020 5:40,5:40:00,5,0,0,I25 SB/NB ON RAMP MERGE GORE POINT FROM & HIGHWAY 6 EASTBOUND,1,4,1,0,2,14, ,0,55,0,0,0,0,0,2,1,13
,2020-28375,39.74000353,-104.9920099,1/20/2020 21:29,21:29:00,15,0,0,I25 SB/ ON RAMP SPLIT GORE POINT FROM & HIGHWAY 6 EASTBOUND,1,3,0,0,1,14, ,0,45,0,0,0,0,0,1,2,3
,2020-28376,39.74000353,-104.9920099,1/21/2020 1:42,1:42:00,5,0,0,I25 SB/NB ON RAMP MERGE GORE POINT FROM & HIGHWAY 6 EASTBOUND,1,4,0,0,2,14, ,0,55,0,0,0,0,0,1,1,13
,2020-28377,39.72548053,-105.0130699,6/20/2020 11:56,11:56:00,12,0,0,I25 SOUTHBOUND OFF LOOP RAMP & SIXTH AVENUE EASTBOUND EXIT GORE POINT,1,1,0,0,1,14, ,0,45,0,0,0,0,0,1,3,3
,2020-28378,39.72548053,-105.0130699,6/20/2020 10:58,10:58:00,9,0,0,I25 SOUTHBOUND OFF RAMP & SIXTH AVENUE WEST,1,1,0,0,1,14, ,0,65,0,0,0,0,0,1,1,3
,2020-28379,39.74000353,-104.9920099,6/14/2020 17:03,17:03:00,5,0,0,I25 NORTHBOUND ON RAMP & SIXTH AVENUE EASTBOUND OFF RAMP SPLIT GORE POINT,1,1,1,0,2,8, ,0,,0,0,0,0,0,4,1,13
,2020-28380,39.72548053,-105.0130699,6/29/2020 16:35,16:35:00,12,0,0,I25 & SIXTH AVENUE FWY WEST,1,1,0,0,1,4, ,0,65,0,0,0,0,0,1,3,13
,2020-28381,39.72548053,-105.0130699,1/13/2020 18:08,18:08:00,12,0,0,I25 SOUTHBOUND ON RAMP & SIXTH AVENUE WEST,1,3,1,0,1,14, ,0,45,0,0,0,0,0,2,2,13
,2020-28382,39.72548053,-105.0130699,5/23/2020 1:20,1:20:00,5,0,0,I25 NORTHBOUND FLYOVER FROM & SIXTH AVENUE EASTBOUND,1,4,1,0,2,14, ,0,65,0,0,0,0,0,1,1,14
,2020-28383,39.72548053,-105.0130699,2/22/2020 10:27,10:27:00,12,0,1,I25 & SIXTH AVENUE WEST,1,1,0,0,1,4, ,0,,0,0,0,0,1,1,3,13
,2020-28384,39.72548053,-105.0130699,3/5/2020 10:24,10:24:00,15,0,0,I25 & SIXTH AVENUE WEST,1,1,1,0,1,4, ,0,55,0,0,0,0,0,2,2,1
,2020-28385,39.77658861,-104.9894083,6/17/2020 13:13,13:13:00,15,0,1,I25 & MM 209.2,1,1,1,0,1,4, ,0,65,0,0,0,0,1,1,2,8
,2020-28386,39.72565154,-105.0131914,3/10/2020 13:00,13:00:00,15,0,0,I25 SOUTHBOUND ON RAMP FROM & HIGHWAY 6 EASTBOUND,1,1,0,0,1,14, ,0,65,0,0,0,0,0,2,2,1
,2020-28387,39.72548053,-105.0130699,1/4/2020 14:50,14:50:00,12,0,0,I25 & SIXTH AVENUE WEST,1,1,1,0,1,4, ,0,55,0,0,0,0,0,1,2,7
,2020-28388,39.72548053,-105.0130699,1/8/2020 6:45,6:45:00,12,0,0,I25 & SIXTH AVENUE WEST,1,2,0,0,1,4, ,0,55,0,0,0,0,0,1,3,13
,2020-28389,39.72548053,-105.0130699,1/17/2020 10:24,10:24:00,12,0,3,I25 & SIXTH AVENUE WEST,1,1,0,0,1,4, ,0,55,0,0,0,0,1,1,2,13
,2020-28390,39.72548053,-105.0130699,1/18/2020 13:31,13:31:00,12,0,0,I25 & SIXTH AVENUE WEST,1,1,0,0,1,4, ,0,65,0,0,0,0,0,1,2,13
,2020-28391,39.72548053,-105.0130699,1/29/2020 9:25,9:25:00,12,0,1,I25 & SIXTH AVENUE WEST,1,1,0,0,1,4, ,0,55,0,0,0,0,1,1,3,13
,2020-28392,39.72548053,-105.0130699,1/29/2020 18:51,18:51:00,12,0,0,I25 & SIXTH AVENUE WEST,1,3,1,0,1,4, ,0,65,0,0,0,0,0,1,2,3
,2020-28393,39.72548053,-105.0130699,1/30/2020 9:45,9:45:00,12,0,0,I25 & SIXTH AVENUE WEST,1,1,0,0,1,4, ,0,55,0,0,0,0,0,1,2,13
,2020-28394,39.72548053,-105.0130699,2/8/2020 8:40,8:40:00,12,0,0,I25 & SIXTH AVENUE WEST,11,1,0,0,1,4, ,0,65,0,0,0,0,0,1,2,3
,2020-28395,39.72548053,-105.0130699,2/8/2020 12:23,12:23:00,12,0,1,I25 & SIXTH AVENUE WEST,11,1,0,0,1,4, ,0,65,0,0,0,0,3,1,2,3
,2020-28396,39.72548053,-105.0130699,2/11/2020 9:40,9:40:00,12,0,2,I25 NORTH & SIXTH AVENUE WEST,11,1,0,0,1,4, ,0,65,0,0,0,0,1,1,3,13
,2020-28397,39.72548053,-105.0130699,2/12/2020 13:22,13:22:00,12,0,0,I25 NORTH & SIXTH AVENUE WEST,11,1,1,0,1,4, ,0,55,0,0,0,0,0,1,3,13
,2020-28398,39.72547153,-105.0133219,2/17/2020 1:34,1:34:00,5,0,0,I25 SOUTH & SIXTH AVENUE WEST,1,4,1,0,3,4, ,0,65,0,0,0,0,0,1,1,13
,2020-28399,39.72548053,-105.0130699,2/19/2020 12:47,12:47:00,12,0,0,I25 NORTH & SIXTH AVENUE WEST,11,1,1,2,1,4, ,0,55,0,0,0,0,0,1,3,3
,2020-28400,39.72548053,-105.0130699,3/2/2020 7:50,7:50:00,15,0,0,I25 & SIXTH AVENUE WEST,11,1,0,0,1,4, ,0,55,0,0,0,0,0,1,2,13
,2020-28401,39.72548053,-105.0130699,3/7/2020 10:34,10:34:00,12,0,0,I25 NORTHBOUND & SIXTH AVENUE FWY WEST,1,1,1,0,1,4, ,0,55,0,0,0,0,0,1,2,3
,2020-28402,39.72548053,-105.0130699,5/6/2020 10:36,10:36:00,15,0,0,I25 & SIXTH AVENUE WEST,1,1,0,0,1,4, ,0,,0,0,0,0,0,1,2,13
,2020-28403,39.72548053,-105.0130699,6/1/2020 14:24,14:24:00,5,0,0,I25 & SIXTH AVENUE WEST,1,1,1,0,1,4, ,0,,0,0,0,0,0,1,2,13
,2020-28404,39.72548053,-105.0130699,6/17/2020 12:23,12:23:00,12,0,0,I25 & SIXTH AVENUE WEST,1,1,0,0,1,4, ,0,55,0,0,0,0,0,1,2,3
,2020-28405,39.72548053,-105.0130699,6/24/2020 8:45,8:45:00,12,0,0,I25 & SIXTH AVENUE FWY WEST,1,1,0,0,1,4, ,0,65,0,0,0,0,0,1,4,13
,2020-28406,39.72548053,-105.0130699,2/28/2020 18:17,18:17:00,12,0,1,I25 NORTHBOUND ON FLYOVER RAMP & SIXTH AVENUE WEST,1,4,1,0,1,14, ,0,45,0,0,0,0,1,1,2,13
,2020-28407,39.72548053,-105.0130699,3/8/2020 13:09,13:09:00,12,0,0,I25 NORTHBOUND ON FLYOVER RAMP & SIXTH AVENUE WEST,1,1,0,0,1,14, ,0,55,0,0,0,0,0,1,3,13
,2020-28408,39.72547153,-105.0133219,2/21/2020 8:40,8:40:00,12,0,0,I25 SOUTH & SIXTH AVENUE WEST,1,1,0,0,1,4, ,0,55,0,0,0,0,0,1,2,3
,2020-28409,39.72548053,-105.0130699,2/6/2020 2:39,2:39:00,5,0,0,I25 NORTHBOUND ON RAMP & SIXTH AVENUE WEST,2,3,1,0,3,14, ,0,35,0,0,0,0,0,1,1,14
,2020-28410,39.74000353,-104.9920099,1/19/2020 21:20,21:20:00,12,0,0,I25 SOUTHBOUND ON RAMP MERGE GORE POINT TO & HIGHWAY 6 WB DISTRIBUTOR RAMP,1,3,0,0,1,14, ,0,65,0,0,0,0,0,2,3,7
,2020-28411,39.72548053,-105.0130699,4/9/2020 21:43,21:43:00,5,0,0,I25 SOUTHBOUND OFF RAMP TO & SIXTH AVENUE WEST,1,3,0,0,2,14, ,0,25,0,0,0,0,0,2,1,9
,2020-28412,39.72565154,-105.0131914,5/2/2020 20:14,20:14:00,5,0,0,I25 SOUTHBOUND OFF RAMP TO & HIGHWAY 6 WB,11,3,1,1,2,14, ,0,35,0,0,0,0,0,1,1,3
,2020-28413,39.72548053,-105.0130699,5/25/2020 1:24,1:24:00,5,0,0,I25 SOUTHBOUND OFF RAMP & SIXTH AVENUE FWY WEST,11,3,0,0,2,14, ,0,45,0,0,0,0,0,1,1,7
,2020-28414,39.72930553,-105.0150184,1/20/2020 15:10,15:10:00,12,0,1,I25 & EIGHTH AVENUE WEST,1,1,0,0,1,4, ,0,60,0,0,0,0,1,1,2,1
,2020-28415,39.72547153,-105.0133219,2/21/2020 8:40,8:40:00,12,0,0,I25 SOUTH & SIXTH AVENUE WEST,1,1,0,0,1,4, ,0,65,0,0,0,0,0,1,2,3
,2020-28416,39.72548053,-105.0130699,2/19/2020 4:44,4:44:00,5,0,0,I25 NORTH LOOP RAMP & SIXTH AVENUE WEST,12,3,0,0,3,14, ,0,45,0,0,0,0,0,2,2,14
,2020-28417,39.72548053,-105.0130699,2/15/2020 17:57,17:57:00,12,0,0,I25 NORTH & SIXTH AVENUE WEST ON RAMP EXIT GORE POINT,1,3,0,0,1,14, ,0,65,0,0,0,0,0,1,2,13
,2020-28418,39.72565154,-105.0131914,2/1/2020 17:19,17:19:00,15,0,0,I25 SOUTHBOUND ON RAMP LOOP FROM & HIGHWAY 6 WB,1,3,1,0,1,14, ,0,45,0,0,0,0,0,1,2,8
,2020-28419,39.72930553,-105.0150184,6/4/2020 9:47,9:47:00,15,0,0,I25 & EIGHTH AVENUE WEST EXIT GORE POINT,1,1,0,0,1,4, ,0,,0,0,0,0,0,1,3,13
,2020-28420,39.72565154,-105.0131914,3/20/2020 3:37,3:37:00,15,0,0,I25 NORTHBOUND ON RAMP LOOP FROM & HIGHWAY 6 EASTBOUND,1,3,0,2,1,14, ,0,,0,0,0,0,0,1,2,13
,2020-28421,39.72930553,-105.0150184,1/18/2020 9:34,9:34:00,15,0,0,I25 & EIGHTH AVENUE EXIT GORE POINT,1,1,0,0,1,4, ,0,65,0,0,0,0,0,1,2,13
,2020-28422,39.72547153,-105.0133219,2/13/2020 1:35,1:35:00,5,0,2,I25 SOUTH OFF RAMP GORE POINT & SIXTH AVENUE WEST,11,3,0,0,2,4, ,0,65,0,0,0,0,0,1,1,5
,2020-28423,39.72547153,-105.0133219,2/12/2020 14:19,14:19:00,5,0,1,I25 SOUTH OFF RAMP EXIT GORE POINT & SIXTH AVENUE WEST,14,1,0,2,3,14, ,0,55,0,0,0,0,1,1,1,7
,2020-28424,39.72547153,-105.0133219,2/22/2020 6:48,6:48:00,9,0,1,I25 SOUTH EXIT RAMP GORE POINT & SIXTH AVENUE WEST,1,1,1,0,3,14, ,0,55,0,0,0,0,1,1,1,13