id,drcog_id,latitude,longitude,crashtime,time,crashtype,numbkilled,numbinjurd,drcoglocat,rdconditin,lightngcon,roadcntgrd,weatherco,location,roaddescrp,schoolzone,constrzone,splimit,bikeinv,pedinv,sctrinv,motoinv,svrty,rdsystem,ttlvehcls,hcf
,2020-28425,39.72565154,-105.0131914,2/7/2020 23:35,23:35:00,5,0,0,I25 SOUTHBOUND EXIT GORE POINT TO & HIGHWAY 6 WB,7,3,0,2,2,4, ,0,55,0,0,0,0,0,1,1,13
,2020-28426,39.72547153,-105.0133219,2/13/2020 14:43,14:43:00,15,0,0,I25 SOUTH OFF RAMP EXIT GORE POINT & SIXTH AVENUE WEST,1,1,0,0,1,4, ,0,25,0,0,0,0,0,1,2,13
,2020-28427,39.72548053,-105.0130699,1/15/2020 20:20,20:20:00,15,0,0,I25 SOUTHBOUND & SIXTH AVENUE TO WB EXIT GORE POINT,1,3,0,0,1,4, ,0,55,0,0,0,0,0,1,2,13
,2020-28428,39.72930553,-105.0150184,1/18/2020 1:32,1:32:00,15,0,0,I25 & EIGHTH AVENUE WEST,1,3,1,0,1,4, ,0,,0,0,0,0,0,1,3,13
,2020-28429,39.72930553,-105.0150184,1/30/2020 14:21,14:21:00,5,0,0,I25 & EIGHTH AVENUE WEST,1,1,1,0,2,4, ,0,55,0,0,0,0,0,1,1,3
,2020-28430,39.72930553,-105.0150184,5/18/2020 15:01,15:01:00,15,0,0,I25 & EIGHTH AVENUE WEST,1,1,1,0,1,4, ,0,65,0,0,0,0,0,1,2,13
,2020-28431,39.72930553,-105.0150184,6/2/2020 15:59,15:59:00,15,0,0,I25 & EIGHTH AVENUE WEST,1,1,1,0,1,4, ,0,55,0,0,0,0,0,1,2,13
,2020-28432,39.72930553,-105.0150184,6/16/2020 18:11,18:11:00,12,0,1,I25 & EIGHTH AVENUE WEST,1,1,0,0,1,4, ,0,55,0,0,0,0,1,1,2,13
,2020-28433,39.72930553,-105.0150184,6/26/2020 12:58,12:58:00,12,0,0,I25 & EIGHTH AVENUE WEST,1,1,1,0,1,4, ,0,65,0,0,0,0,0,1,2,13
,2020-28434,39.72930553,-105.0150184,2/9/2020 8:54,8:54:00,15,0,0,I25 SOUTH & EIGHTH AVENUE WEST,9,1,0,2,1,4, ,0,55,0,0,0,0,0,1,2,13
,2020-28435,39.72930553,-105.0150184,5/13/2020 17:03,17:03:00,12,0,0,I25 & EIGHTH AVENUE WEST,1,1,0,0,1,4, ,0,55,0,0,0,0,0,1,4,1
,2020-28436,39.74000353,-104.9920099,3/1/2020 13:40,13:40:00,12,0,0,I25 NORTHBOUND ON RAMP ENTRANCE GORE POINT FROM & HIGHWAY 6,1,1,0,0,1,14, ,0,45,0,0,0,0,0,1,2,13
,2020-28437,39.72930553,-105.0150184,3/1/2020 18:51,18:51:00,12,0,0,I25 & EIGHTH AVENUE WEST,11,3,0,2,1,4, ,0,55,0,0,0,0,0,1,2,13
,2020-28438,39.72930553,-105.0150184,1/25/2020 22:19,22:19:00,12,0,0,I25 & EIGHTH AVENUE WEST,1,3,0,0,1,4, ,0,55,0,0,0,0,0,1,3,13
,2020-28439,39.74000353,-104.9920099,2/1/2020 7:33,7:33:00,5,0,0,I25 SOUTHBOUND ON RAMP LOOP ENTRANCE GORE POINT FROM & ZUNI STREET,1,1,0,0,3,14, ,0,55,0,0,0,0,0,1,1,13
,2020-28440,39.74000353,-104.9920099,1/31/2020 22:10,22:10:00,15,0,0,I25 SOUTHBOUND ENTRANCE LOOP GORE POINT FROM & ZUNI STREET,1,3,0,0,1,4, ,0,55,0,0,0,0,0,1,2,13
,2020-28441,39.72930553,-105.0150184,5/7/2020 15:46,15:46:00,15,0,0,I25 & EIGHTH AVENUE WEST,1,1,1,0,1,4, ,0,,0,0,0,0,0,1,2,13
,2020-28442,39.72930553,-105.0150184,5/27/2020 14:04,14:04:00,12,0,0,I25 & EIGHTH AVENUE WEST,1,1,0,0,1,4, ,0,55,0,0,0,0,0,1,3,1
,2020-28443,39.73342303,-105.0157497,2/20/2020 19:11,19:11:00,15,0,0,I25 SOUTHBOUND OFF RAMP & ZUNI STREET,1,3,0,0,1,14, ,0,65,0,0,0,0,0,2,2,14
,2020-28444,39.74032153,-105.0139519,1/21/2020 18:01,18:01:00,12,0,0,I25 & COLFAX AVENUE WEST,1,3,1,0,1,4, ,0,55,0,0,0,0,0,1,4,13
,2020-28445,39.74032153,-105.0139519,1/13/2020 13:39,13:39:00,12,0,0,I25 & COLFAX AVENUE EXIT GORE POINT,1,1,1,0,1,4, ,0,55,0,0,0,0,0,1,3,13
,2020-28446,39.74032153,-105.0139519,1/20/2020 12:09,12:09:00,12,0,0,I25 & COLFAX AVENUE WEST,1,1,0,0,1,4, ,0,65,0,0,0,0,0,1,2,13
,2020-28447,39.74032153,-105.0139519,2/5/2020 13:47,13:47:00,12,0,0,I25 & COLFAX AVENUE WEST,11,1,1,0,1,4, ,0,35,0,0,0,0,0,1,2,8
,2020-28448,39.74032153,-105.0139519,3/5/2020 14:07,14:07:00,12,0,0,I25 NORTHBOUND & COLFAX AVENUE WEST,1,1,0,0,1,4, ,0,55,0,0,0,0,0,1,2,7
,2020-28449,39.74144653,-105.0141049,1/3/2020 15:29,15:29:00,15,0,0,I25 SOUTHBOUND & AURARIA PARKWAY MERGE POINT,1,1,0,0,1,4, ,0,65,0,0,0,0,0,1,2,13
,2020-28450,39.74608656,-105.0079441,1/10/2020 22:09,22:09:00,12,0,0,I25 & MERGE POINT FROM AURARIA PARKWAY,1,3,0,0,1,4, ,0,55,0,0,0,0,0,1,5,8
,2020-28451,39.74032153,-105.0139519,1/30/2020 14:48,14:48:00,12,0,0,I25 & COLFAX AVENUE WEST,1,1,0,0,1,4, ,0,65,0,0,0,0,0,1,2,13
,2020-28452,39.74032153,-105.0139519,1/28/2020 13:42,13:42:00,15,0,2,I25 & COLFAX AVENUE WEST,1,1,0,0,1,4, ,0,55,0,0,0,0,1,1,2,13
,2020-28453,39.74032153,-105.0139519,2/20/2020 11:55,11:55:00,9,0,0,I25 NORTH & COLFAX AVENUE WEST,1,1,0,0,1,4, ,0,55,0,0,0,0,0,1,2,13
,2020-28454,39.74032153,-105.0139519,1/10/2020 23:25,23:25:00,12,0,0,I25 & COLFAX AVENUE WEST,1,3,0,0,1,4, ,0,65,0,0,0,0,0,1,3,14
,2020-28455,39.74032153,-105.0139519,1/7/2020 17:26,17:26:00,12,0,0,I25 & COLFAX AVENUE WEST,1,3,0,0,1,4, ,0,55,0,0,0,0,0,1,2,13
,2020-28456,39.74032153,-105.0139519,1/30/2020 6:10,6:10:00,15,0,0,I25 & COLFAX AVENUE WEST,1,3,0,0,1,4, ,0,65,0,0,0,0,0,1,2,13
,2020-28457,39.74032153,-105.0139519,2/25/2020 15:23,15:23:00,12,0,1,I25 SOUTHBOUND & COLFAX AVENUE WEST,1,1,1,0,1,4, ,0,55,0,0,0,0,1,1,3,13
,2020-28458,39.74032153,-105.0139519,3/6/2020 10:16,10:16:00,9,0,0,I25 & COLFAX AVENUE WEST,1,1,1,0,1,4, ,0,55,0,0,0,0,0,1,2,3
,2020-28459,39.74032153,-105.0139519,5/8/2020 17:29,17:29:00,15,0,0,I25 & COLFAX AVENUE WEST,1,1,0,0,1,4, ,0,,0,0,0,0,0,1,2,13
,2020-28460,39.74032153,-105.0139519,5/23/2020 12:14,12:14:00,5,0,2,I25 & COLFAX AVENUE WEST,1,1,0,0,3,4, ,0,55,0,0,0,0,1,1,1,3
,2020-28461,39.74032153,-105.0139519,6/22/2020 13:11,13:11:00,15,0,0,I25 & COLFAX AVENUE WEST,1,1,1,0,1,4, ,0,55,0,0,0,0,0,1,2,13
,2020-28462,39.74032153,-105.0139519,6/24/2020 14:15,14:15:00,15,0,0,I25 NORTHBOUND ON RAMP TO & COLFAX AVENUE,1,1,1,0,1,14, ,0,45,0,0,0,0,0,1,2,13
,2020-28463,39.74144653,-105.0141049,5/18/2020 16:13,16:13:00,15,0,0,I25 & AURARIA PARKWAY,1,1,1,0,1,14, ,0,55,0,0,0,0,0,1,2,1
,2020-28464,39.74032153,-105.0139519,3/10/2020 10:45,10:45:00,12,0,0,I25 SOUTHBOUND OFF RAMP & COLFAX AVENUE WEST,1,1,1,0,1,14, ,0,,0,0,0,0,0,1,2,13
,2020-28465,39.74032153,-105.0139519,2/16/2020 21:45,21:45:00,15,0,0,I25 & COLFAX AVENUE WEST,1,3,0,0,1,4, ,0,65,0,0,0,0,0,1,2,14
,2020-28466,39.74044753,-105.0139789,1/20/2020 22:34,22:34:00,5,0,0,I25 NORTHBOUND ON RAMP FROM & HIGHWAY 40 WB,1,3,1,0,2,14, ,0,40,0,0,0,0,0,2,1,5
,2020-28467,39.74044753,-105.0139789,4/18/2020 5:53,5:53:00,5,0,0,I25 SOUTHBOUND ON RAMP LOOP FROM & HIGHWAY 40 WB,1,1,0,0,2,14, ,0,,0,0,0,0,0,1,1,13
,2020-28468,39.74032153,-105.0139519,5/16/2020 14:39,14:39:00,15,0,0,I25 & COLFAX AVENUE WEST,1,1,0,0,1,4, ,0,55,0,0,0,0,0,1,2,1
,2020-28469,39.74032153,-105.0139519,3/11/2020 14:52,14:52:00,12,0,0,I25 & COLFAX AVENUE WEST,1,1,0,0,1,4, ,0,65,0,0,0,0,0,1,2,3
,2020-28470,39.74032153,-105.0139519,5/30/2020 13:30,13:30:00,15,0,1,I25 & COLFAX AVENUE WEST,1,1,0,0,1,4, ,0,65,0,0,0,1,1,1,3,1
,2020-28471,39.74130915,-105.0147155,5/12/2020 16:28,16:28:00,5,0,3,I25 SOUTHBOUND ON RAMP FROM & AURARIA PARKWAY,1,1,1,0,2,14, ,0,45,0,0,0,0,1,1,1,1
,2020-28472,39.74051953,-105.0178219,1/4/2020 16:30,16:30:00,5,0,0,AURARIA PARKWAY & I25 & COLFAX RAMP FORK,1,2,0,0,2,4, ,0,45,0,0,0,0,0,4,2,14
,2020-28473,39.74032153,-105.0139519,6/12/2020 21:31,21:31:00,15,0,0,I25 & COLFAX AVENUE WEST,1,4,0,0,1,4, ,0,65,0,0,0,0,0,1,2,3
,2020-28474,39.74000353,-104.9920099,2/22/2020 18:43,18:43:00,12,0,0,I25 NORTHBOUND ENTRANCE GORE POINT FROM & COLFAX AVENUE WEST,1,3,0,0,1,4, ,0,65,0,0,0,0,0,1,3,13
,2020-28475,39.74370553,-105.0165889,6/23/2020 10:29,10:29:00,5,0,0,I25 & 17TH AVENUE WEST,1,1,1,0,1,4, ,0,65,0,0,0,0,0,1,2,13
,2020-28476,39.74370553,-105.0165889,1/30/2020 6:59,6:59:00,12,0,0,I25 & 17TH AVENUE WEST,1,2,1,0,1,4, ,0,55,0,0,0,0,0,1,2,13
,2020-28477,39.74370553,-105.0165889,3/7/2020 9:25,9:25:00,9,0,0,I25 & 17TH AVENUE WEST,1,1,0,0,1,4, ,0,55,0,0,0,0,0,1,2,13
,2020-28478,39.65308,-104.91845,5/16/2020 10:12,10:12:00,15,0,0,I25 & HAMPDEN AVENUE EAST,1,1,0,0,1,4, ,0,,0,0,0,0,0,1,3,13
,2020-28479,39.75129,-105.01679,5/12/2020 12:28,12:28:00,15,0,0,I25 SOUTHBOUND ENTRANCE GORE POINT FROM & 23RD AVENUE WEST,1,1,0,0,1,4, ,0,65,0,0,0,0,0,1,3,7
,2020-28480,39.74000353,-104.9920099,1/25/2020 15:12,15:12:00,15,0,0,I25 NORTHBOUND ENTRANCE GORE POINT FROM & 17TH AVENUE WEST / MILE HIGH STADIUM CIRCLE,1,1,0,0,1,4, ,0,55,0,0,0,0,0,1,2,13
,2020-28481,39.74000353,-104.9920099,5/7/2020 14:11,14:11:00,15,0,0,I25 NORTHBOUND ENTRANCE GORE POINT FROM & 17TH AVENUE WEST,1,1,1,0,1,4, ,0,55,0,0,0,0,0,1,2,13
,2020-28482,39.75129,-105.01679,2/8/2020 17:42,17:42:00,12,0,0,I25 SOUTH & 23RD AVENUE WEST,12,3,0,2,1,4, ,0,55,0,0,0,0,0,1,2,3
,2020-28483,39.75131053,-105.0165799,6/4/2020 18:28,18:28:00,12,0,1,I25 & 23RD AVENUE WEST NORTHBOUND EXIT GORE POINT,1,1,0,0,1,4, ,0,65,0,0,0,0,1,1,3,13
,2020-28484,39.75131053,-105.0165799,3/24/2020 12:40,12:40:00,12,0,2,I25 NORTHBOUND EXIT GORE POINT TO & 23RD AVENUE WEST,1,1,0,0,1,4, ,0,65,0,0,0,0,0,1,3,3
,2020-28485,39.75131053,-105.0165799,6/9/2020 16:44,16:44:00,15,0,0,I25 & 23RD AVENUE WEST NORTHBOUND EXIT GORE POINT,1,1,0,0,1,4, ,0,,0,0,0,0,0,1,2,13
,2020-28486,39.75131053,-105.0165799,2/11/2020 12:23,12:23:00,12,0,0,I25 NORTH EXIT GORE POINT & 23RD AVENUE WEST,11,1,0,0,1,14, ,0,45,0,0,0,0,0,1,2,3
,2020-28487,39.75131053,-105.0165799,1/24/2020 18:28,18:28:00,12,0,1,I25 & 23RD AVENUE WEST,1,3,0,0,1,4, ,0,65,0,0,0,0,1,1,2,13
,2020-28488,39.75131053,-105.0165799,2/5/2020 19:20,19:20:00,12,0,1,I25 NORTH & 23RD AVENUE WEST,1,3,0,0,1,4, ,0,65,0,0,0,0,2,1,3,1
,2020-28489,39.75131053,-105.0165799,2/5/2020 12:46,12:46:00,12,0,1,I25 NORTH & 23RD AVENUE WEST,1,1,0,0,1,4, ,0,55,0,0,0,0,1,1,2,3
,2020-28490,39.75131053,-105.0165799,3/5/2020 19:22,19:22:00,12,0,2,I25 NORTHBOUND & 23RD AVENUE WEST,1,3,0,0,1,4, ,0,55,0,0,0,0,1,1,2,3
,2020-28491,39.75129,-105.01679,3/9/2020 0:26,0:26:00,12,0,0,I25 & 23RD AVENUE WEST,11,3,0,1,1,4, ,0,55,0,0,0,0,0,1,2,13
,2020-28492,39.75131053,-105.0165799,1/22/2020 18:34,18:34:00,12,0,0,I25 & 23RD AVENUE WEST,1,3,0,6,1,4, ,0,55,0,0,0,0,0,1,2,1
,2020-28493,39.75131053,-105.0165799,1/3/2020 15:16,15:16:00,12,0,0,I25 NORTHBOUND & 23RD AVENUE WEST,1,1,0,0,1,4, ,0,65,0,0,0,0,0,1,3,3
,2020-28494,39.75131053,-105.0165799,1/24/2020 18:28,18:28:00,12,0,1,I25 & 23RD AVENUE WEST,1,3,0,0,1,4, ,0,65,0,0,0,0,1,1,4,13
,2020-28495,39.75129,-105.01679,3/8/2020 23:18,23:18:00,12,0,0,I25 & 23RD AVENUE WEST,11,3,1,1,1,4, ,0,55,0,0,0,0,0,1,2,1
,2020-28496,39.75131053,-105.0165799,1/3/2020 12:29,12:29:00,12,0,0,I25 & 23RD AVENUE WEST,1,1,0,0,1,4, ,0,65,0,0,0,0,0,1,2,13
,2020-28497,39.75131053,-105.0165799,1/7/2020 18:17,18:17:00,12,0,2,I25 & 23RD AVENUE WEST,1,3,0,0,1,4, ,0,55,0,0,0,0,1,1,3,3
,2020-28498,39.75131053,-105.0165799,1/29/2020 17:47,17:47:00,12,0,1,I25 & 23RD AVENUE WEST,1,3,0,0,1,4, ,0,55,0,0,0,0,1,1,3,1
,2020-28499,39.75128353,-105.0168004,2/16/2020 12:06,12:06:00,5,0,0,I25 SOUTH & 23RD AVENUE WEST,1,1,0,0,3,4, ,0,65,0,0,0,0,0,1,1,14
,2020-28500,39.75129,-105.01679,2/28/2020 11:15,11:15:00,12,0,0,I25 & 23RD AVENUE WEST,1,1,0,0,1,4, ,0,55,0,0,0,0,0,1,2,13
,2020-28501,39.75131053,-105.0165799,3/19/2020 13:48,13:48:00,15,0,0,I25 & 23RD AVENUE WEST,7,1,0,2,1,4, ,0,65,0,0,0,0,0,1,2,5
,2020-28502,39.75131053,-105.0165799,6/19/2020 10:15,10:15:00,12,0,1,I25 & 23RD AVENUE,1,1,0,0,1,4, ,0,65,0,0,0,0,1,4,3,13
,2020-28503,39.75131053,-105.0165799,5/28/2020 19:18,19:18:00,15,0,0,I25 NORTHBOUND OFF RAMP & 23RD AVENUE WEST,1,2,0,0,1,14, ,0,25,0,0,0,0,0,1,2,13
,2020-28504,39.75129,-105.01679,2/11/2020 9:14,9:14:00,10,0,0,I25 SOUTH OFF RAMP & 23RD AVENUE WEST,7,1,0,0,1,1, ,0,55,0,0,0,0,0,1,2,7
,2020-28505,39.75129,-105.01679,2/25/2020 16:21,16:21:00,10,0,0,23RD AVENUE WEST & I25 SOUTHBOUND OFF RAMP,1,1,0,0,1,1, ,0,35,0,0,0,0,0,4,2,13
,2020-28506,39.75131053,-105.0165799,2/23/2020 17:00,17:00:00,1,0,1,23RD AVENUE WEST & I25 NORTHBOUND ON RAMP,1,4,1,0,1,1, ,0,35,0,0,0,0,0,4,2,14
,2020-28507,39.75129,-105.01679,1/24/2020 22:21,22:21:00,12,0,0,I25 & 23RD AVENUE WEST,1,3,0,0,1,4, ,0,65,0,0,0,0,0,1,2,3
,2020-28508,39.74000353,-104.9920099,2/19/2020 8:50,8:50:00,12,0,1,I25 & SOUTHBOUND ON RAMP ENTRANCE GORE POINT FROM SPEER BOULEVARD,1,1,0,2,1,4, ,0,65,0,0,0,0,2,1,2,13
,2020-28509,39.75513553,-105.0127189,3/14/2020 20:31,20:31:00,12,0,0,I25 NORTHBOUND EXIT GORE POINT TO & SPEER BOULEVARD NORTH,1,4,0,0,1,4, ,0,55,0,0,0,0,0,1,2,13
,2020-28510,39.75513553,-105.0127189,3/14/2020 20:30,20:30:00,12,0,0,I25 & SPEER BOULEVARD NORTH,1,1,0,0,1,4, ,0,65,0,0,0,0,0,1,2,13
,2020-28511,39.75513553,-105.0127189,1/3/2020 18:08,18:08:00,12,0,0,I25 & SPEER BOULEVARD NORTH,1,3,0,0,1,4, ,0,55,0,0,0,0,0,1,2,13
,2020-28512,39.75129,-105.01679,2/22/2020 0:29,0:29:00,5,0,0,I25 SOUTH OFF RAMP GORE POINT & 23RD AVENUE WEST,1,3,0,0,3,14, ,0,55,0,0,0,0,0,1,1,5
,2020-28513,39.75513553,-105.0127189,3/9/2020 16:22,16:22:00,12,0,0,I25 & SPEER BOULEVARD NORTH,1,1,1,0,1,4, ,0,55,0,0,0,0,0,1,2,13
,2020-28514,39.75513553,-105.0127189,1/28/2020 23:54,23:54:00,5,0,0,I25 NORTHBOUND OFF RAMP TO & SPEER BOULEVARD NORTH,1,3,1,0,3,14, ,0,30,0,0,0,0,0,1,1,7
,2020-28515,39.75513553,-105.0127189,1/2/2020 18:53,18:53:00,12,0,0,I25 & SPEER BOULEVARD NORTH,1,4,0,0,1,4, ,0,55,0,0,0,0,0,1,2,13
,2020-28516,39.75513553,-105.0127189,1/8/2020 15:38,15:38:00,15,0,0,I25 & SPEER BOULEVARD NORTH,1,1,0,0,1,4, ,1,55,0,0,0,0,0,1,2,13
,2020-28517,39.75513553,-105.0127189,1/9/2020 8:41,8:41:00,12,0,4,I25 & SPEER BOULEVARD NORTH,1,1,0,0,1,4, ,0,55,0,0,0,0,1,1,3,7
,2020-28518,39.75513553,-105.0127189,1/9/2020 14:28,14:28:00,12,0,0,I25 & SPEER BOULEVARD NORTH,1,1,0,0,1,4, ,0,55,0,0,0,0,0,1,3,13
,2020-28519,39.75513553,-105.0127189,1/14/2020 11:29,11:29:00,12,0,0,I25 & SPEER BOULEVARD NORTH,1,1,0,0,1,4, ,0,65,0,0,0,0,0,1,2,3
,2020-28520,39.75513553,-105.0127189,1/24/2020 10:43,10:43:00,12,0,1,I25 & SPEER BOULEVARD NORTH,1,1,0,0,1,4, ,0,65,0,0,0,0,2,1,2,3
,2020-28521,39.75513553,-105.0127189,2/28/2020 16:44,16:44:00,12,0,0,I25 NORTH & SPEER B NORTH,1,1,0,0,1,4, ,0,55,0,0,0,0,0,1,3,13
,2020-28522,39.75513553,-105.0127189,4/16/2020 19:01,19:01:00,5,0,2,I25 & SPEER BOULEVARD NORTH,4,1,1,2,3,4, ,0,55,0,0,0,0,2,1,1,1
,2020-28523,39.75513553,-105.0127189,5/20/2020 17:17,17:17:00,12,0,0,I25 & SPEER BOULEVARD NORTH,1,1,0,0,1,4, ,0,55,0,0,0,0,0,1,3,13
,2020-28524,39.75513553,-105.0127189,6/16/2020 7:46,7:46:00,12,0,0,I25 & SPEER BOULEVARD NORTH,1,1,0,0,1,4, ,0,65,0,0,0,0,0,4,3,13
,2020-28525,39.75513553,-105.0127189,6/29/2020 14:32,14:32:00,12,0,1,I25 & SPEER BOULEVARD NORTH,1,1,0,0,1,4, ,0,55,0,0,0,0,0,1,2,7
,2020-28526,39.75513553,-105.0127189,6/29/2020 17:11,17:11:00,12,0,0,I25 & SPEER BOULEVARD NORTH,1,1,0,0,1,4, ,0,55,0,0,0,0,0,1,3,3
,2020-28527,39.75513553,-105.0127189,1/1/2020 2:36,2:36:00,9,0,1,SPEER BOULEVARD NORTH & I25,8,3,0,0,1,4, ,0,35,0,0,0,0,0,4,1,7
,2020-28528,39.75513553,-105.0127189,6/16/2020 15:38,15:38:00,12,0,1,SPEER BOULEVARD NORTH & I25,1,1,0,0,1,4, ,0,35,0,0,0,0,1,4,2,13
,2020-28529,39.75513553,-105.0127189,6/24/2020 14:14,14:14:00,12,0,0,SPEER BOULEVARD NORTH & I25 NORTHBOUND ON RAMP,1,1,0,0,1,4, ,0,35,0,0,0,0,0,4,2,13
,2020-28530,39.75513553,-105.0127189,1/2/2020 16:47,16:47:00,12,0,0,I25 SOUTHBOUND OFF RAMP & SPEER BOULEVARD NORTH,1,2,0,0,1,1, ,0,55,0,0,0,0,0,1,2,13
,2020-28531,39.75513553,-105.0127189,1/7/2020 6:42,6:42:00,12,0,0,SPEER BOULEVARD NORTH & I25 SOUTHBOUND RAMPS,1,1,0,0,1,3, ,0,35,0,0,0,0,0,4,2,7
,2020-28532,39.75513553,-105.0127189,5/4/2020 10:58,10:58:00,12,0,0,I25 SOUTHBOUND OFF RAMP & SPEER BOULEVARD NORTH,1,1,1,0,1,14, ,0,35,0,0,0,0,0,1,2,13
,2020-28533,39.75513553,-105.0127189,3/2/2020 11:38,11:38:00,15,0,0,I25 NORTHBOUND & SPEER BOULEVARD NORTH,1,1,0,0,1,4, ,0,65,0,0,0,0,0,1,2,1
,2020-28534,39.75513553,-105.0127189,1/6/2020 13:04,13:04:00,12,0,1,I25 & SPEER BOULEVARD SOUTH,1,1,0,0,1,4, ,0,55,0,0,0,0,0,1,2,13
,2020-28535,39.75521653,-105.0129214,2/22/2020 14:50,14:50:00,12,0,0,I25 SOUTH & SPEER B NORTH,1,1,0,0,1,4, ,0,65,0,0,0,0,0,1,2,13
,2020-28536,39.75513553,-105.0127189,1/8/2020 13:30,13:30:00,5,0,0,I25 & SPEER BOULEVARD EXIT GORE POINT,1,1,1,0,2,14, ,0,,0,0,0,0,0,1,2,13
,2020-28538,39.74171117,-104.9997364,2/13/2020 7:10,7:10:00,12,0,1,I25 & SOUTHBOUND EXIT GORE POINT TO SPEER BOULEVARD,4,1,0,0,1,4, ,0,55,0,0,0,0,1,1,2,13
,2020-28539,39.75709753,-105.0100684,1/8/2020 15:20,15:20:00,12,0,0,I25 & 15TH STREET,1,1,1,0,1,4, ,0,55,0,0,0,0,0,1,2,13
,2020-28540,39.75709753,-105.0100684,1/15/2020 12:30,12:30:00,15,0,0,I25 & 15TH STREET,1,1,0,0,1,4, ,0,35,0,0,0,0,0,1,2,13
,2020-28541,39.75709753,-105.0100684,5/5/2020 6:25,6:25:00,12,0,2,I25 & 15TH STREET,1,1,0,0,1,4, ,0,65,0,0,0,0,1,1,3,13
,2020-28542,39.75709753,-105.0100684,6/9/2020 17:40,17:40:00,12,0,0,I25 & 15TH STREET,1,1,0,0,1,4, ,0,55,0,0,0,0,0,1,3,13
,2020-28543,39.74000353,-104.9920099,6/22/2020 2:53,2:53:00,5,0,0,I25 NORTHBOUND ON RAMP & ENTRANCE GORE POINT FROM SPEER BOULEVARD NORTH,1,3,0,0,3,14, ,0,,0,0,0,0,0,1,1,13
,2020-28544,39.75513553,-105.0127189,3/5/2020 15:26,15:26:00,12,0,0,I25 & SPEER BOULEVARD NORTH,1,1,0,0,1,4, ,0,55,0,0,0,0,0,1,3,3
,2020-28545,39.75709753,-105.0100684,3/11/2020 14:39,14:39:00,12,0,0,I25 & 15TH STREET,1,1,0,0,1,4, ,0,65,0,0,0,0,0,1,3,1
,2020-28546,39.76094953,-105.0043309,1/11/2020 18:24,18:24:00,12,0,0,I25 & 20TH STREET SOUTHBOUND ENTRANCE GORE POINT,1,3,0,0,1,4, ,0,65,0,0,0,0,0,2,3,3
,2020-28547,39.75510035,-104.9952519,2/5/2020 18:30,18:30:00,12,0,0,I25 NORTHBOUND EXIT GORE POINT TO & 20TH STREET,1,3,0,0,1,4, ,0,65,0,0,0,0,0,1,2,13
,2020-28548,39.76094953,-105.0043309,1/31/2020 5:55,5:55:00,6,0,0,I25 & 20TH STREET,1,3,0,0,1,4, ,0,55,0,0,0,0,0,1,3,13
,2020-28549,39.76094953,-105.0043309,2/25/2020 16:22,16:22:00,12,0,0,I25 & 20TH STREET,1,1,0,6,1,4, ,0,55,0,0,0,0,0,1,3,1
,2020-28550,39.76094953,-105.0043309,3/5/2020 15:54,15:54:00,12,0,0,I25 NORTHBOUND & 20TH STREET,1,1,0,0,1,4, ,0,55,0,0,0,0,0,1,3,7
,2020-28551,39.76094953,-105.0043309,3/12/2020 16:14,16:14:00,12,0,0,I25 & 20TH STREET,1,1,0,0,1,4, ,0,55,0,0,0,0,0,1,2,13
,2020-28552,39.76094953,-105.0043309,1/7/2020 6:35,6:35:00,15,0,0,I25 & 20TH STREET,1,2,0,0,1,4, ,0,55,0,0,0,0,0,1,2,13
,2020-28553,39.76094953,-105.0043309,2/14/2020 15:13,15:13:00,12,0,0,I25 NORTH & 20TH STREET,1,1,1,0,1,4, ,0,65,0,0,0,0,0,1,4,13
,2020-28554,39.76094953,-105.0043309,2/16/2020 12:06,12:06:00,12,0,2,I25 NORTH & 20TH STREET,1,1,0,0,1,4, ,0,55,0,0,0,0,1,1,2,7
,2020-28555,39.76094953,-105.0043309,2/16/2020 12:10,12:10:00,12,0,0,I25 NORTH & 20TH STREET,1,1,0,0,1,4, ,0,65,0,0,0,0,0,1,3,1
,2020-28556,39.76116553,-105.0047584,2/11/2020 8:45,8:45:00,12,0,0,I25 SOUTH & 20TH STREET,11,1,0,0,1,4, ,0,65,0,0,0,0,0,1,2,13
,2020-28557,39.75513553,-105.0127189,2/24/2020 16:03,16:03:00,12,0,0,I25 & SPEER BOULEVARD NORTH,1,1,0,0,1,4, ,0,55,0,0,0,0,0,1,2,13
,2020-28558,39.76094953,-105.0043309,4/25/2020 15:27,15:27:00,15,0,0,I25 & 20TH STREET,1,1,0,0,1,4, ,0,55,0,0,0,0,0,1,2,5
,2020-28559,39.76094953,-105.0043309,2/10/2020 14:18,14:18:00,12,0,0,I25 NORTH & 20TH STREET,1,1,0,0,1,4, ,0,55,0,0,0,0,0,1,4,7
,2020-28560,39.76094953,-105.0043309,4/19/2020 14:53,14:53:00,5,0,0,I25 & 20TH STREET,1,1,0,0,2,4, ,0,65,0,0,0,0,0,1,1,3
,2020-28561,39.76116553,-105.0047584,2/20/2020 7:45,7:45:00,12,0,1,I25 SOUTH ON RAMP & 20TH STREET,11,1,1,0,1,14, ,0,45,0,0,0,0,1,1,2,13