id,drcog_id,latitude,longitude,crashtime,time,crashtype,numbkilled,numbinjurd,drcoglocat,rdconditin,lightngcon,roadcntgrd,weatherco,location,roaddescrp,schoolzone,constrzone,splimit,bikeinv,pedinv,sctrinv,motoinv,svrty,rdsystem,ttlvehcls,hcf
,2020-28562,39.76094953,-105.0043309,1/22/2020 13:30,13:30:00,12,0,0,I25 & 20TH STREET,1,1,0,0,1,4, ,0,55,0,0,0,0,0,1,2,13
,2020-28563,39.76094953,-105.0043309,2/21/2020 5:46,5:46:00,12,0,0,I25 & 20TH STREET,1,3,0,0,1,4, ,0,,0,0,0,0,0,1,4,13
,2020-28564,39.76094953,-105.0043309,1/13/2020 13:26,13:26:00,12,0,2,I25 & 20TH STREET,1,1,0,0,1,4, ,0,55,0,0,0,0,1,1,3,1
,2020-28565,39.76094953,-105.0043309,1/28/2020 18:00,18:00:00,12,0,0,I25 & 20TH STREET,1,3,0,0,1,4, ,0,55,0,0,0,0,0,1,2,1
,2020-28566,39.76094953,-105.0043309,2/18/2020 15:00,15:00:00,12,0,0,I25 & 20TH STREET,1,1,0,0,1,4, ,0,65,0,0,0,0,0,2,2,13
,2020-28567,39.76094953,-105.0043309,4/13/2020 18:09,18:09:00,5,0,0,I25 & 20TH STREET,4,1,0,2,2,4, ,0,65,0,0,0,0,0,1,1,1
,2020-28568,39.76094953,-105.0043309,2/10/2020 10:44,10:44:00,15,0,0,I25 NORTH & 20TH STREET,1,1,0,0,1,4, ,0,55,0,0,0,0,0,1,2,13
,2020-28569,39.76094953,-105.0043309,1/10/2020 16:18,16:18:00,15,0,0,I25 & 20TH STREET,1,1,0,0,1,4, ,0,65,0,0,0,0,0,1,2,13
,2020-28570,39.76094953,-105.0043309,1/22/2020 17:56,17:56:00,15,0,0,I25 & 20TH STREET,1,3,0,0,1,4, ,0,65,0,0,0,0,0,1,2,14
,2020-28571,39.76094953,-105.0043309,1/25/2020 11:46,11:46:00,12,0,1,I25 & 20TH STREET,1,1,0,0,1,4, ,0,50,0,0,0,0,1,1,2,13
,2020-28572,39.76094953,-105.0043309,2/4/2020 10:00,10:00:00,12,0,0,I25 & 20TH STREET,1,1,0,2,1,4, ,0,55,0,0,0,0,0,1,2,3
,2020-28573,39.76116553,-105.0047584,2/6/2020 7:17,7:17:00,12,0,1,I25 SOUTH & 20TH STREET,1,1,0,0,1,4, ,0,55,0,0,0,0,1,1,2,13
,2020-28574,39.76094953,-105.0043309,2/8/2020 20:30,20:30:00,12,0,0,20TH STREET EAST & I25 NORTH,9,1,0,2,1,4, ,0,65,0,0,0,0,0,1,2,13
,2020-28575,39.76094953,-105.0043309,2/12/2020 16:08,16:08:00,12,0,0,I25 NORTH & 20TH STREET,11,1,0,2,1,4, ,0,65,0,0,0,0,0,1,2,3
,2020-28576,39.76094953,-105.0043309,3/7/2020 14:59,14:59:00,12,0,1,I25 & 20TH STREET,1,1,0,0,1,4, ,0,55,0,0,0,0,0,1,2,13
,2020-28577,39.76094953,-105.0043309,3/23/2020 11:10,11:10:00,15,0,0,I25 & 20TH STREET,1,1,0,0,1,4, ,0,55,0,0,0,0,0,1,2,13
,2020-28578,39.76094953,-105.0043309,4/5/2020 12:23,12:23:00,9,0,2,I25 & 20TH STREET,1,1,0,0,1,4, ,0,55,0,0,0,1,2,1,2,1
,2020-28579,39.76094953,-105.0043309,5/7/2020 16:55,16:55:00,15,0,0,I25 & 20TH STREET,1,1,0,0,1,4, ,0,65,0,0,0,0,0,2,2,13
,2020-28580,39.76094953,-105.0043309,5/30/2020 13:45,13:45:00,15,0,0,I25 & 20TH STREET,1,1,0,0,1,4, ,0,,0,0,0,0,0,1,2,13
,2020-28581,39.76094953,-105.0043309,6/4/2020 17:10,17:10:00,12,0,1,I25 & 20TH STREET,1,1,0,0,1,4, ,0,65,0,0,0,0,0,1,3,13
,2020-28582,39.76094953,-105.0043309,6/15/2020 13:25,13:25:00,12,0,0,I25 & 20TH STREET,1,1,1,0,1,4, ,1,,0,0,0,0,0,1,2,13
,2020-28583,39.76094953,-105.0043309,1/18/2020 18:56,18:56:00,15,0,0,20TH STREET & I25 SOUTHBOUND OFF RAMP,1,3,0,0,1,4, ,0,35,0,0,0,0,0,4,2,13
,2020-28584,39.76094953,-105.0043309,1/19/2020 1:50,1:50:00,10,0,0,I25 SOUTHBOUND OFF RAMP & 20TH STREET,1,3,1,0,1,1, ,0,30,0,0,0,0,0,1,2,7
,2020-28585,39.76116553,-105.0047584,2/6/2020 19:51,19:51:00,1,0,3,20TH STREET & I25 SOUTH ON RAMP,11,3,0,2,1,1, ,0,30,0,0,0,0,1,1,2,13
,2020-28586,39.76116553,-105.0047584,2/12/2020 21:17,21:17:00,12,0,0,I25 SOUTH OFF RAMP & 20TH STREET,9,3,1,2,1,3, ,0,35,0,0,0,0,0,1,2,5
,2020-28587,39.76094953,-105.0043309,5/7/2020 15:49,15:49:00,1,0,1,20TH STREET & I25 NORTHBOUND ON RAMP,1,1,1,0,1,1, ,0,30,0,0,0,0,1,4,2,1
,2020-28588,39.76090735,-105.0038405,1/6/2020 1:09,1:09:00,5,0,1,I25 NORTHBOUND ON RAMP FROM & 20TH STREET,1,3,1,0,2,14, ,0,35,0,0,0,0,3,4,1,8
,2020-28589,39.76094953,-105.0043309,1/14/2020 14:01,14:01:00,12,0,0,I25 NORTHBOUND ON RAMP & 20TH STREET,1,1,0,0,1,14, ,0,45,0,0,0,0,0,4,2,3
,2020-28590,39.76094953,-105.0043309,1/19/2020 2:08,2:08:00,5,0,0,I25 NORTHBOUND ON RAMP & 20TH STREET,1,3,1,0,2,14, ,0,35,0,0,0,0,0,4,1,7
,2020-28591,39.76094953,-105.0043309,1/30/2020 15:01,15:01:00,12,0,0,I25 SOUTHBOUND OFF RAMP TO & 20TH STREET,1,1,1,0,1,14, ,0,35,0,0,0,0,0,1,2,3
,2020-28592,39.76094953,-105.0043309,3/18/2020 20:54,20:54:00,5,0,1,I25 SOUTHBOUND OFF RAMP TO & 20TH STREET,1,3,1,0,2,14, ,0,40,0,0,0,0,2,1,1,5
,2020-28593,39.76094953,-105.0043309,1/28/2020 16:52,16:52:00,12,0,0,I25 & 20TH STREET,1,2,0,0,1,4, ,0,55,0,0,0,0,0,1,3,1
,2020-28594,39.76094953,-105.0043309,3/4/2020 15:43,15:43:00,15,0,0,I25 & 20TH STREET,1,1,0,0,1,4, ,0,65,0,0,0,0,0,1,2,13
,2020-28595,39.76094953,-105.0043309,1/10/2020 18:25,18:25:00,12,0,0,I25 & 20TH STREET,1,3,0,0,1,4, ,0,55,0,0,0,0,0,1,2,13
,2020-28596,39.76094953,-105.0043309,5/9/2020 12:26,12:26:00,12,0,0,I25 NORTHBOUND ON RAMP & 20TH STREET,1,1,1,0,1,14, ,0,45,0,0,0,0,0,1,2,13
,2020-28597,39.76801,-104.9949,1/13/2020 14:29,14:29:00,12,0,0,I25 & PARK AVENUE WEST,1,1,1,0,1,4, ,0,65,0,0,0,0,0,1,2,1
,2020-28598,39.76094953,-105.0043309,4/9/2020 23:06,23:06:00,5,0,0,I25 & 20TH STREET,1,3,0,0,3,4, ,0,55,0,0,0,0,0,1,1,13
,2020-28599,39.74000353,-104.9920099,2/2/2020 2:30,2:30:00,12,0,0,I25 NORTHBOUND ON RAMP ENTRANCE GORE POINT FROM & 20TH STREET,1,3,1,0,1,14, ,0,65,0,0,0,0,0,1,2,13
,2020-28600,39.76094953,-105.0043309,3/14/2020 12:58,12:58:00,15,0,0,I25 SOUTHBOUND EXIT GORE POINT & 20TH STREET,1,1,1,0,1,4, ,0,55,0,0,0,0,0,1,2,3
,2020-28601,39.76094953,-105.0043309,3/5/2020 15:53,15:53:00,12,0,0,I25 & 20TH STREET,1,1,0,0,1,4, ,0,55,0,0,0,0,0,1,2,13
,2020-28602,39.76094953,-105.0043309,1/22/2020 18:17,18:17:00,15,0,0,I25 & 20TH STREET,1,3,0,6,1,4, ,0,55,0,0,0,0,0,1,3,1
,2020-28603,39.76094953,-105.0043309,1/27/2020 14:04,14:04:00,15,0,1,I25 & 20TH STREET,1,1,1,0,1,4, ,0,55,0,0,0,0,0,1,4,5
,2020-28604,39.76094953,-105.0043309,1/30/2020 17:38,17:38:00,15,0,0,I25 & 20TH STREET,11,3,1,2,1,4, ,0,65,0,0,0,0,0,1,2,1
,2020-28605,39.76094953,-105.0043309,2/22/2020 12:37,12:37:00,15,0,0,I25 SOUTHBOUND & 20TH STREET,1,1,1,0,1,4, ,0,55,0,0,0,0,0,1,2,13
,2020-28606,39.76094953,-105.0043309,4/3/2020 6:49,6:49:00,15,0,0,I25 & 20TH STREET,4,1,0,2,1,4, ,0,65,0,0,0,0,0,1,3,14
,2020-28607,39.76094953,-105.0043309,1/4/2020 17:24,17:24:00,12,0,0,I25 & 20TH STREET,1,3,0,0,1,4, ,0,65,0,0,0,1,0,1,2,7
,2020-28608,39.76116553,-105.0047584,2/8/2020 0:45,0:45:00,15,0,0,I25 SOUTH & 20TH STREET,7,3,0,0,1,4, ,0,65,0,0,0,0,0,1,2,13
,2020-28609,39.76814053,-104.9949709,3/6/2020 18:24,18:24:00,12,0,0,I25 & PARK AVENUE WEST,1,3,1,0,1,4, ,0,65,0,0,0,0,0,1,4,1
,2020-28610,39.76094953,-105.0043309,1/6/2020 17:33,17:33:00,12,0,1,I25 & 20TH STREET,1,4,0,0,1,4, ,0,,0,0,0,0,1,1,2,13
,2020-28611,39.76094953,-105.0043309,1/6/2020 17:42,17:42:00,12,0,0,I25 & 20TH STREET,1,4,0,0,1,4, ,0,,0,0,0,0,0,1,3,13
,2020-28612,39.76094953,-105.0043309,1/15/2020 18:58,18:58:00,12,0,1,I25 & 20TH STREET,1,3,0,0,1,4, ,0,55,0,0,0,0,1,1,2,7
,2020-28613,39.76802,-104.99497,1/27/2020 2:00,2:00:00,5,0,0,I25 NORTHBOUND EXIT GORE POINT TO & PARK AVENUE WEST,1,3,1,0,2,4, ,0,55,0,0,0,0,0,1,1,13
,2020-28614,39.76116553,-105.0047584,2/17/2020 15:49,15:49:00,12,0,1,I25 SOUTH & 20TH STREET,1,1,0,0,1,4, ,0,55,0,0,0,0,1,1,4,1
,2020-28615,39.76094953,-105.0043309,3/11/2020 7:59,7:59:00,12,0,0,I25 & 20TH STREET,1,1,0,0,1,4, ,0,65,0,0,0,0,0,1,2,13
,2020-28616,39.76094953,-105.0043309,6/29/2020 14:55,14:55:00,15,0,0,I25 & 20TH STREET,1,1,0,0,1,4, ,0,55,0,0,0,0,0,1,2,13
,2020-28617,39.76801,-104.9949,1/9/2020 13:57,13:57:00,12,0,1,I25 & PARK AVENUE EXIT GORE POINT,1,1,1,0,1,4, ,0,65,0,0,0,0,1,1,2,13
,2020-28618,39.76801,-104.9949,1/10/2020 7:45,7:45:00,15,0,1,I25 & PARK AVENUE EXIT GORE POINT,1,1,0,0,1,4, ,0,65,0,0,0,0,1,1,2,13
,2020-28619,39.76814053,-104.9949709,1/12/2020 22:49,22:49:00,9,0,1,I25 & PARK AVENUE WEST EXIT GORE POINT,1,3,1,0,1,4, ,0,55,0,0,0,0,0,1,1,13
,2020-28620,39.76802,-104.99497,4/29/2020 16:19,16:19:00,12,0,0,I25 NORTHBOUND EXIT GORE POINT TO & PARK AVENUE WEST,1,1,1,0,1,4, ,0,55,0,0,0,0,0,2,3,14
,2020-28621,39.76801,-104.9949,1/8/2020 18:33,18:33:00,12,0,0,I25 & PARK AVENUE WEST,1,3,1,0,1,4, ,0,65,0,0,0,0,0,1,2,4
,2020-28622,39.76814053,-104.9949709,1/12/2020 23:28,23:28:00,12,0,0,I25 & PARK AVENUE WEST,1,3,0,0,1,4, ,0,55,0,0,0,0,0,1,2,7
,2020-28623,39.76814053,-104.9949709,4/27/2020 17:09,17:09:00,15,0,1,I25 & PARK AVENUE WEST,1,1,0,0,1,4, ,0,55,0,0,0,0,1,1,2,13
,2020-28624,39.76804,-104.99482,6/13/2020 22:06,22:06:00,15,0,0,I25 & PARK AVENUE WEST,1,3,0,0,1,4, ,0,,0,0,0,0,0,1,2,13
,2020-28625,39.76801,-104.9949,1/8/2020 15:46,15:46:00,12,0,0,I25 & PARK AVENUE WEST,1,1,0,0,1,4, ,0,55,0,0,0,0,0,1,3,1
,2020-28626,39.76814053,-104.9949709,1/10/2020 14:47,14:47:00,12,0,0,I25 & PARK AVENUE WEST,1,1,0,0,1,4, ,0,65,0,0,0,0,0,1,3,13
,2020-28627,39.76814053,-104.9949709,1/23/2020 14:57,14:57:00,12,0,0,I25 & PARK AVENUE WEST,1,1,0,0,1,4, ,1,65,0,0,0,0,0,1,2,13
,2020-28628,39.76802,-104.99497,2/11/2020 15:35,15:35:00,12,0,2,I25 NORTH & PARK AVENUE WEST,1,1,1,1,1,4, ,0,55,0,0,0,0,1,1,3,13
,2020-28629,39.68470154,-104.9585168,3/5/2020 8:45,8:45:00,12,0,0,I25 SOUTHBOUND & 38TH AVENUE WEST,1,1,0,0,1,4, ,0,55,0,0,0,0,0,1,2,10
,2020-28630,39.76802,-104.99497,6/17/2020 11:45,11:45:00,12,0,2,I25 & PARK AVENUE WEST,1,1,1,0,1,4, ,0,,0,0,0,0,1,1,2,13
,2020-28631,39.76814053,-104.9949709,6/25/2020 11:20,11:20:00,12,0,0,I25 & PARK AVENUE WEST,1,1,0,0,1,4, ,0,65,0,0,0,0,0,1,2,3
,2020-28632,39.76782307,-104.9947806,2/20/2020 20:00,20:00:00,12,0,0,PARK AVENUE 3500 WEST & I25 NORTH,1,3,1,0,1,4, ,0,35,0,0,0,0,0,4,3,13
,2020-28633,39.76796053,-104.9949709,1/21/2020 19:23,19:23:00,10,0,0,PARK AVENUE WEST & I25 NORTHBOUND ON RAMP,1,3,1,0,1,1, ,0,25,0,0,0,0,0,1,2,8
,2020-28634,39.76796053,-104.9949709,2/24/2020 1:41,1:41:00,5,0,1,PARK AVENUE WEST & I25 NORTHBOUND ON RAMP,1,3,0,0,3,1, ,0,35,0,0,0,0,1,4,1,5
,2020-28635,39.76796053,-104.9949709,2/27/2020 14:59,14:59:00,12,0,0,I25 NORTHBOUND  & PARK AVENUE WEST,1,1,0,0,1,4, ,0,55,0,0,0,0,0,1,2,13
,2020-28636,39.75237967,-104.9846406,2/8/2020 0:52,0:52:00,5,0,1,I25 NORTHBOUND EXIT RAMP GORE POINT & PARK AVENUE WEST,7,3,0,0,3,14, ,0,55,0,0,0,0,1,4,1,5
,2020-28637,39.76796053,-104.9949709,1/9/2020 15:17,15:17:00,15,0,0,I25 NORTHBOUND ON SLIP RAMP & PARK AVENUE WEST,1,1,1,0,1,14, ,0,,0,0,0,0,0,1,3,13
,2020-28638,39.76796053,-104.9949709,3/22/2020 3:34,3:34:00,5,0,0,I25 NORTHBOUND ON RAMP & PARK AVENUE WEST,1,3,0,0,2,14, ,0,30,0,0,0,0,0,4,1,5
,2020-28639,39.76814053,-104.9949709,2/4/2020 20:57,20:57:00,12,0,0,I25 & PARK AVENUE WEST,4,3,0,2,1,4, ,0,65,0,0,0,0,0,1,2,13
,2020-28640,39.78004,-104.9891,1/7/2020 7:04,7:04:00,12,0,0,I25 NORTHBOUND OFF RAMP & I70 EXIT GORE POINT,1,1,0,0,1,14, ,0,65,0,0,0,0,0,1,2,13
,2020-28641,39.77876779,-104.9886508,4/9/2020 15:00,15:00:00,5,0,1,I25 NORTHBOUND OFF RAMP ENTRANCE GORE POINT TO & I70 WB RAMP,1,1,0,0,2,14, ,0,55,0,0,0,0,3,1,2,1
,2020-28642,39.76839,-104.99482,5/21/2020 8:26,8:26:00,3,0,0,FOX STREET NORTH & I25 SOUTHBOUND EXIT RAMP,1,1,0,0,1,1, ,0,25,0,0,0,0,0,4,2,8
,2020-28643,39.76814053,-104.9949709,6/7/2020 17:56,17:56:00,15,0,0,I25 & PARK AVENUE WEST,1,1,0,0,1,3, ,0,,0,0,0,0,0,1,2,13
,2020-28644,39.76833,-104.99497,3/10/2020 11:14,11:14:00,5,0,0,I25 & PARK AVENUE WEST,1,1,1,0,1,4, ,0,55,0,0,0,0,0,1,1,13
,2020-28645,39.78006553,-104.9895709,2/19/2020 16:53,16:53:00,5,0,0,I25 SOUTH EXIT RAMP SPLIT POINT & I70 EAST,9,1,1,2,3,14, ,0,40,0,0,0,0,0,1,1,7
,2020-28646,39.76836553,-104.9949709,2/22/2020 13:12,13:12:00,12,0,0,I25 SOUTH & PARK AVENUE WEST,1,1,0,0,1,4, ,0,55,0,0,0,0,0,1,2,13
,2020-28647,39.78004,-104.9891,1/8/2020 15:08,15:08:00,12,0,0,I25 & I70,1,1,0,0,1,4, ,0,55,0,0,0,0,0,1,2,1
,2020-28648,39.78021,-104.98919,2/23/2020 23:18,23:18:00,15,0,1,I25 NORTHBOUND ON RAMP TO I70 & I70 WB,1,3,1,0,1,4, ,0,55,0,0,0,0,1,1,2,13
,2020-28649,39.78004,-104.98919,3/7/2020 1:25,1:25:00,5,0,0,I25 & I70,1,3,0,0,3,4, ,0,65,0,0,0,0,0,1,1,5
,2020-28650,39.76833,-104.99497,2/7/2020 22:55,22:55:00,5,0,0,I25 SOUTHBOUND OFF RAMP SPLIT/MERGE POINT & PARK AVENUE WEST,9,3,0,0,2,14, ,0,55,0,0,0,0,0,1,1,7
,2020-28651,39.74000353,-104.9920099,1/9/2020 1:55,1:55:00,5,0,0,I25 SOUTHBOUND OFF RAMP SPLIT POINT FROM & I70,1,3,1,0,3,14, ,1,45,0,0,0,0,0,1,1,8
,2020-28652,39.78004,-104.98919,2/20/2020 17:47,17:47:00,15,0,0,I25 NORTHBOUND OFF RAMP ENTRANCE GORE POINT TO & I70 EASTBOUND,1,3,0,0,1,14, ,0,45,0,0,0,0,0,1,2,13
,2020-28653,39.76796053,-104.9949709,3/29/2020 0:44,0:44:00,12,0,1,I25 SOUTHBOUND OFF RAMP EXIT GORE POINT TO & PARK AVENUE WEST,1,3,1,0,1,14, ,0,65,0,0,0,0,1,1,2,14
,2020-28654,39.76796053,-104.9949709,2/7/2020 6:30,6:30:00,5,0,0,I25 SOUTHBOUND OFF RAMP EXIT GORE POINT TO & PARK AVENUE WEST,4,3,0,2,2,14, ,0,55,0,0,0,0,0,1,1,13
,2020-28655,39.76839,-104.99482,1/25/2020 13:35,13:35:00,12,0,0,I25 SOUTHBOUND & PARK AVENUE WEST,1,1,1,0,1,14, ,0,45,0,0,0,0,0,1,2,13
,2020-28656,39.78022753,-104.9894179,1/3/2020 16:41,16:41:00,12,0,0,I25 & I70 WB/EB OFF RAMP MERGE POINT,1,2,1,0,1,14, ,0,45,0,0,0,0,0,1,2,7
,2020-28657,39.76839,-104.99482,1/4/2020 16:00,16:00:00,12,0,0,I25 SOUTH RAMP MERGE POINT & I70,1,1,0,0,1,14, ,0,55,0,0,0,0,0,1,2,13
,2020-28658,39.78027,-104.98956,1/21/2020 8:24,8:24:00,15,0,1,I70 WEST OFF RAMP CONNECTION & I25 SOUTH ON RAMP,1,1,1,0,1,14, ,0,65,0,0,0,0,0,1,2,13
,2020-28659,39.76833,-104.99497,2/25/2020 7:23,7:23:00,15,0,0,I25 & SOUTHBOUND I25 RAMP MERGE POINT,1,1,0,0,1,4, ,0,65,0,0,0,0,0,1,2,3
,2020-28660,39.78011,-104.98956,6/18/2020 8:10,8:10:00,15,0,0,I25 SOUTHBOUND ON RAMP ENTRANCE GORE POINT FROM & I70 OFF RAMP MERGE POINT,1,1,1,0,1,14, ,0,65,0,0,0,0,0,4,2,13
,2020-28661,39.78004,-104.98919,2/5/2020 19:02,19:02:00,6,0,2,I25 NORTH & I70,1,3,0,0,1,4, ,0,65,0,0,0,0,3,1,3,5
,2020-28662,39.78004,-104.9891,1/6/2020 16:17,16:17:00,15,0,0,I25 NORTHBOUND OFF RAMP & I70 RAMP SPLIT,1,1,0,0,1,14, ,0,55,0,0,0,0,0,1,2,8
,2020-28663,39.78004,-104.9891,1/10/2020 17:54,17:54:00,12,0,0,I25 & I70,1,3,0,0,1,4, ,0,65,0,0,0,0,0,1,2,13
,2020-28664,39.78011,-104.98956,4/16/2020 18:13,18:13:00,15,0,0,I25 & I70,9,1,1,2,1,4, ,0,55,0,0,0,0,0,1,4,1
,2020-28665,39.78004,-104.9891,1/10/2020 6:56,6:56:00,15,0,0,I25 NORTHBOUND OFF RAMP & I70 RAMP SPLIT,1,1,0,0,1,14, ,0,55,0,0,0,0,0,1,2,13
,2020-28666,39.78004,-104.98919,2/11/2020 7:56,7:56:00,12,0,0,I25 NORTH OFF RAMP SPLIT POINT & I70,4,1,0,0,1,14, ,0,55,0,0,0,0,0,1,2,13
,2020-28667,39.78011,-104.98956,5/12/2020 12:46,12:46:00,15,0,0,I25 & I70,1,1,0,0,1,4, ,0,,0,0,0,0,0,1,2,13
,2020-28668,39.74000353,-104.9920099,6/6/2020 22:11,22:11:00,5,0,1,I25 NORTHBOUND RAMP SPLIT & I70 EASTBOUND ON RAMP,1,3,0,0,2,14, ,0,45,0,0,0,0,1,1,1,5
,2020-28669,39.78011,-104.9895,1/3/2020 20:40,20:40:00,15,0,0,I25 & I70,1,3,0,0,1,4, ,0,,0,0,0,0,0,1,2,13
,2020-28670,39.78004,-104.98919,6/11/2020 13:52,13:52:00,12,0,0,I25 & I70,1,1,0,0,1,4, ,0,55,0,0,0,0,0,1,3,3
,2020-28671,39.77287,-104.83384,2/2/2020 7:40,7:40:00,5,0,0,I25 SOUTHBOUND & I70 _,1,1,1,0,1,4, ,0,65,0,0,0,0,0,1,2,14
,2020-28672,39.78011,-104.98956,2/16/2020 13:12,13:12:00,12,0,1,I25 SOUTH & I70,1,1,0,0,1,4, ,0,55,0,0,0,0,0,1,2,13
,2020-28673,39.78011,-104.98956,3/5/2020 15:42,15:42:00,12,0,1,I25 & I70,1,1,1,0,1,4, ,0,65,0,0,0,0,1,1,2,7
,2020-28674,39.78011,-104.98956,4/16/2020 18:08,18:08:00,5,0,1,I25 & I70,4,1,1,2,3,4, ,0,55,0,0,0,0,1,1,1,7
,2020-28675,39.78004,-104.98919,5/14/2020 7:07,7:07:00,15,0,0,I25 NORTHBOUND OFF RAMP & I70 WB,1,1,1,0,1,14, ,0,,0,0,0,0,0,1,2,13
,2020-28676,39.78021,-104.98919,6/20/2020 8:44,8:44:00,5,0,1,I25 & I70,1,1,1,0,3,14, ,0,35,0,0,0,0,2,1,1,1
,2020-28677,39.76338,-104.98919,2/16/2020 20:43,20:43:00,12,0,0,I25 NORTH & I70 EAST,1,3,0,0,1,4, ,0,55,0,0,0,0,0,1,2,13
,2020-28678,39.78027,-104.98956,6/24/2020 17:13,17:13:00,12,0,0,I25 & I70,1,1,0,0,1,4, ,0,55,0,0,0,0,0,1,2,13
,2020-28679,39.78011,-104.98956,6/11/2020 18:58,18:58:00,5,0,0,I25 SOUTHBOUND OFF RAMP & I70,1,1,0,0,3,14, ,0,65,0,0,0,0,0,1,1,3
,2020-28680,39.78406,-104.98915,1/8/2020 21:00,21:00:00,5,0,0,I25 & 48TH AVENUE WEST,1,4,0,0,3,4, ,0,55,0,0,0,0,0,1,1,13
,2020-28681,39.78406,-104.98956,1/15/2020 8:22,8:22:00,12,0,0,I25 & 48TH AVENUE WEST,1,1,0,0,1,4, ,0,65,0,0,0,0,0,1,2,3
,2020-28682,39.78406,-104.98916,1/17/2020 18:53,18:53:00,12,0,0,I25 & 48TH AVENUE WEST,1,3,0,0,1,4, ,0,65,0,0,0,0,0,1,2,13
,2020-28683,39.78406,-104.98956,2/14/2020 15:25,15:25:00,12,0,1,I25 SOUTH & 48TH AVENUE WEST,1,1,0,0,1,4, ,0,55,0,0,0,0,1,1,2,3
,2020-28684,39.78406,-104.98915,2/25/2020 7:50,7:50:00,5,0,1,I25 NORTH & 48TH AVENUE WEST,1,1,0,6,2,4, ,0,55,0,0,0,0,1,1,1,13
,2020-28685,39.78406,-104.98915,3/4/2020 16:22,16:22:00,15,0,0,I25 & 48TH AVENUE WEST,1,1,0,0,1,4, ,0,55,0,0,0,0,0,1,2,1
,2020-28686,39.78406,-104.98956,6/25/2020 7:40,7:40:00,12,0,0,I25 & 48TH AVENUE WEST,1,1,0,0,1,4, ,0,65,0,0,0,0,0,1,3,13
,2020-28687,39.78406152,-104.9891614,2/9/2020 8:00,8:00:00,15,0,0,I25 NORTH ON RAMP & 48TH AVENUE WEST,9,1,0,2,1,14, ,0,65,0,0,0,0,0,1,2,7
,2020-28689,39.77658861,-104.9894083,2/7/2020 9:41,9:41:00,12,0,1,I25 & MM 214,9,1,0,0,1,4, ,0,55,0,0,0,0,1,1,2,3
,2020-28690,39.77658861,-104.9894083,5/29/2020 6:22,6:22:00,5,0,0,I25 & MM 214,1,1,0,0,2,4, ,0,,0,0,0,0,0,1,1,13
,2020-28691,39.78011,-104.98956,6/29/2020 12:50,12:50:00,12,0,1,I25 & MM 214,1,1,1,0,1,4, ,0,55,0,0,0,0,2,1,3,1
,2020-28692,39.78004,-104.98919,3/2/2020 17:56,17:56:00,12,0,0,I25 & I70,1,1,0,0,1,4, ,0,55,0,0,0,0,0,1,2,7
,2020-28693,39.78011,-104.98956,5/4/2020 16:15,16:15:00,5,0,0,I25 & I70,1,1,0,0,3,4, ,0,55,0,0,0,0,0,1,1,1
,2020-28694,39.78011,-104.98956,1/13/2020 17:30,17:30:00,12,0,1,I25 SOUTHBOUND EXIT GORE POINT TO & I70,1,3,0,0,1,4, ,0,65,0,0,0,0,1,1,3,13
,2020-28695,39.78739133,-104.9890096,3/16/2020 9:16,9:16:00,12,0,3,I25 & 50TH AVENUE WEST,1,1,0,0,1,4, ,0,65,0,0,0,0,1,1,3,1
,2020-28696,39.77658861,-104.9894083,3/2/2020 8:00,8:00:00,15,0,1,I25 & MM 214.25,11,1,0,0,1,4, ,0,65,0,0,0,0,1,1,2,4
,2020-28700,39.79104553,-105.0133089,6/7/2020 14:27,14:27:00,6,0,0,I25 & 52ND AVENUE WEST,1,1,0,0,3,4, ,0,65,0,0,0,0,0,1,3,7
,2020-29328,39.78002953,-104.9894089,1/10/2020 2:30,2:30:00,5,0,1,I25 & I70,1,3,0,0,2,4, ,0,65,0,0,0,0,2,1,1,1
,2020-29329,39.78021,-104.98919,3/3/2020 18:03,18:03:00,12,0,0,I70 WB ON RAMP FROM & I25 NORTHBOUND,1,4,0,0,1,14, ,0,55,0,0,0,0,0,1,2,3
,2020-29337,39.71134,-105.05325,3/19/2020 9:20,9:20:00,15,0,0,SHERIDAN BOULEVARD SOUTH & ALAMEDA AVENUE WEST,11,1,1,2,1,1, ,0,35,0,0,0,0,0,4,2,7
,2020-29338,39.71134,-105.05325,5/1/2020 5:10,5:10:00,1,0,1,SHERIDAN BOULEVARD SOUTH & ALAMEDA AVENUE WEST,1,3,0,0,1,1, ,0,35,0,0,0,0,1,2,2,7
,2020-29340,39.71133254,-105.0532504,5/10/2020 19:16,19:16:00,12,0,0,ALAMEDA AVENUE 3100  & SHERIDAN BOULEVARD SOUTH,1,2,0,0,1,3, ,0,,0,0,0,0,0,4,2,13
,2020-29341,39.71133254,-105.0532504,5/12/2020 18:30,18:30:00,3,0,1,SHERIDAN BOULEVARD SOUTH & ALAMEDA AVENUE WEST,1,1,1,0,1,1, ,0,,0,0,0,0,1,2,2,13
,2020-29344,39.71133,-105.0526,1/2/2020 12:03,12:03:00,12,0,0,ALAMEDA AVENUE 5100 WEST & SHERIDAN BOULEVARD SOUTH,1,1,1,0,1,4, ,0,,0,0,0,0,0,2,2,13
,2020-29345,39.71143153,-104.9413536,2/19/2020 10:00,10:00:00,15,0,0,ALAMEDA AVENUE & 5100 WEST,11,1,1,2,1,4, ,0,35,0,0,0,0,0,4,2,7
,2020-29346,39.71126054,-105.0508609,6/20/2020 20:20,20:20:00,1,0,0,ALAMEDA AVENUE WEST & YATES STREET NORTH,1,1,0,0,1,1, ,0,30,0,0,0,0,0,4,2,13