id,drcog_id,latitude,longitude,crashtime,time,crashtype,numbkilled,numbinjurd,drcoglocat,rdconditin,lightngcon,roadcntgrd,weatherco,location,roaddescrp,schoolzone,constrzone,splimit,bikeinv,pedinv,sctrinv,motoinv,svrty,rdsystem,ttlvehcls,hcf
,2020-29347,39.71134,-105.05036,4/16/2020 22:47,22:47:00,5,0,0,ALAMEDA AVENUE WEST & YATES STREET SOUTH,11,3,1,0,2,4, ,0,35,0,0,0,0,0,2,1,13
,2020-29348,39.71129,-105.04777,2/28/2020 13:42,13:42:00,5,0,1,ALAMEDA AVENUE 4600 WEST & WEIR DRIVE SOUTH,1,1,0,0,3,4, ,0,40,0,0,0,0,2,2,1,13
,2020-29349,39.71128,-105.04467,3/7/2020 14:08,14:08:00,12,0,1,ALAMEDA AVENUE 4300 WEST & STUART STREET SOUTH,1,1,0,0,1,4, ,0,35,0,0,0,0,1,2,2,7
,2020-29350,39.71121,-105.03246,6/7/2020 16:23,16:23:00,15,0,0,ALAMEDA AVENUE WEST & KNOX COURT SOUTH,1,1,0,0,1,3, ,0,35,0,0,0,0,0,4,2,7
,2020-29351,39.71117,-105.02994,2/7/2020 15:47,15:47:00,12,0,0,ALAMEDA AVENUE WEST & IRVING STREET SOUTH,9,1,1,2,1,1, ,0,30,0,0,0,0,0,4,3,8
,2020-29352,39.71117,-105.02994,3/2/2020 7:05,7:05:00,3,0,0,ALAMEDA AVENUE WEST & IRVING STREET SOUTH,4,2,1,0,1,1, ,0,35,0,0,0,0,0,2,3,1
,2020-29353,39.71117,-105.02994,3/12/2020 19:29,19:29:00,3,0,0,IRVING STREET SOUTH & ALAMEDA AVENUE WEST,1,3,1,0,1,1, ,0,30,0,0,0,0,0,4,2,14
,2020-29354,39.71143,-105.02665,4/20/2020 17:04,17:04:00,5,0,0,GROVE STREET & ALAMEDA AVENUE WEST,1,1,0,0,2,1, ,0,40,0,0,0,0,0,4,1,13
,2020-29355,39.71122454,-105.0262999,5/1/2020 20:00,20:00:00,5,0,0,ALAMEDA AVENUE WEST & GROVE STREET SOUTH,1,2,0,0,3,1, ,0,35,0,0,0,0,0,4,1,13
,2020-29356,39.71106254,-105.0251884,5/2/2020 12:50,12:50:00,12,0,0,ALAMEDA AVENUE WEST & FEDERAL BOULEVARD SOUTH,1,1,0,0,1,4, ,0,35,0,0,0,0,0,2,2,13
,2020-29357,39.71118,-105.02509,5/26/2020 12:10,12:10:00,11,0,1,FEDERAL BOULEVARD SOUTH & ALAMEDA AVENUE WEST,1,1,0,0,1,1, ,0,0,0,1,0,0,2,2,2,16
,2020-29358,39.71118,-105.02509,2/26/2020 7:55,7:55:00,12,0,1,ALAMEDA AVENUE WEST & FEDERAL BOULEVARD SOUTH,1,1,1,0,1,3, ,0,30,0,0,0,0,1,2,2,1
,2020-29359,39.71116,-105.02448,2/5/2020 18:00,18:00:00,15,0,0,ALAMEDA AVENUE WEST & FEDERAL BOULEVARD SOUTH,11,3,0,0,1,3, ,0,35,0,0,0,0,0,4,3,14
,2020-29360,39.7111,-105.02448,2/9/2020 18:47,18:47:00,11,0,1,ALAMEDA AVENUE WEST & FEDERAL BOULEVARD SOUTH,1,3,0,0,1,4, ,0,0,0,1,0,0,3,2,2,16
,2020-29361,39.71103,-105.0206,5/5/2020 12:40,12:40:00,3,0,0,ALAMEDA AVENUE WEST & DECATUR STREET SOUTH,1,1,0,0,1,2, ,0,40,0,0,0,0,0,4,2,13
,2020-29362,39.71116,-105.02151,1/23/2020 20:00,20:00:00,15,0,0,ALAMEDA AVENUE WEST & DALE C SOUTH,1,3,0,0,1,4, ,0,35,0,0,0,0,0,2,2,1
,2020-29363,39.71103,-105.0206,3/24/2020 15:28,15:28:00,1,0,0,ALAMEDA AVENUE WEST & CLAY STREET SOUTH,1,1,0,0,1,1, ,0,35,0,0,0,0,0,4,2,14
,2020-29364,39.71118,-105.0187,5/29/2020 20:55,20:55:00,5,0,0,ALAMEDA AVENUE 2600 WEST & CLAY STREET,1,3,0,0,3,4, ,1,35,0,0,0,0,0,2,1,5
,2020-29365,39.71118,-105.01692,6/2/2020 7:06,7:06:00,15,0,0,ALAMEDA AVENUE 2500 WEST & ALCOTT STREET SOUTH,1,1,0,0,1,4, ,0,,0,0,0,0,0,2,2,13
,2020-29366,39.71117054,-105.0156709,1/11/2020 10:49,10:49:00,3,0,0,ALAMEDA AVENUE WEST & ZUNI STREET SOUTH,1,1,0,0,1,1, ,0,30,0,0,0,0,0,2,2,14
,2020-29367,39.71117054,-105.0156709,1/11/2020 0:00,,3,0,0,ALAMEDA AVENUE WEST & ZUNI STREET SOUTH,1,1,0,0,1,1, ,0,30,0,0,0,0,0,2,2,14
,2020-29368,39.71117054,-105.0156709,1/26/2020 13:38,13:38:00,5,0,0,ALAMEDA AVENUE WEST & ZUNI STREET SOUTH,1,1,0,0,2,1, ,0,35,0,0,0,0,0,4,1,14
,2020-29369,39.71117054,-105.0156709,5/9/2020 21:06,21:06:00,3,0,1,ALAMEDA AVENUE WEST & ZUNI STREET SOUTH,1,3,0,0,1,1, ,0,,0,0,0,1,1,4,2,13
,2020-29370,39.71117954,-105.0144784,6/13/2020 15:16,15:16:00,3,0,0,ALAMEDA AVENUE WEST & YUMA STREET SOUTH,1,1,0,0,1,1, ,0,35,0,0,0,0,0,4,2,14
,2020-29371,39.71117954,-105.0144784,3/2/2020 15:49,15:49:00,12,0,0,ALAMEDA AVENUE 2300 WEST & YUMA STREET SOUTH,1,1,0,0,1,4, ,0,35,0,0,0,0,0,2,2,13
,2020-29372,39.71117954,-105.0144784,6/22/2020 13:11,13:11:00,9,0,1,ALAMEDA AVENUE 2200 WEST & YUMA STREET SOUTH,1,1,0,0,1,4, ,0,30,0,0,0,1,3,2,1,1
,2020-29373,39.71120654,-105.0109909,2/1/2020 18:53,18:53:00,14,0,0,TEJON STREET SOUTH & ALAMEDA AVENUE WEST,1,3,0,0,1,3, ,0,40,0,0,0,0,0,4,2,3
,2020-29374,39.71120654,-105.0109909,5/1/2020 6:53,6:53:00,3,0,0,ALAMEDA AVENUE WEST & TEJON STREET SOUTH,1,1,0,0,1,1, ,0,35,0,0,0,0,0,2,2,13
,2020-29375,39.71120654,-105.0086509,2/8/2020 10:57,10:57:00,5,0,0,ALAMEDA AVENUE WEST & RARITAN STREET SOUTH,7,1,0,0,3,4, ,0,30,0,0,0,0,0,2,1,1
,2020-29376,39.71117954,-105.0015319,2/22/2020 20:04,20:04:00,3,0,0,ALAMEDA AVENUE WEST & LIPAN STREET SOUTH,1,2,0,0,1,2, ,0,35,0,0,0,0,0,2,2,13
,2020-29377,39.71120654,-104.9991784,6/1/2020 8:20,8:20:00,12,0,1,ALAMEDA AVENUE WEST & 1200 WEST ALAMEDA AVENUE,1,1,0,0,1,4, ,0,,0,0,0,0,1,2,2,13
,2020-29378,39.71114,-104.99982,2/5/2020 5:49,5:49:00,12,0,0,ALAMEDA AVENUE WEST & PLATTE RIVER DRIVE SOUTH,1,3,0,0,1,3, ,0,35,0,0,0,0,0,2,2,4
,2020-29379,39.71121,-104.99913,3/6/2020 13:36,13:36:00,3,0,0,ALAMEDA AVENUE WEST & I25 SOUTHBOUND OFF RAMP,1,1,0,0,1,1, ,0,45,0,0,0,0,0,2,2,13
,2020-29380,39.71120654,-104.9991784,6/7/2020 8:36,8:36:00,15,0,0,ALAMEDA AVENUE WEST & I25,1,1,0,0,1,3, ,0,,0,0,0,0,0,4,2,13
,2020-29381,39.71121,-104.99839,3/18/2020 8:46,8:46:00,1,0,0,ALAMEDA AVENUE WEST & KALAMATH STREET SOUTH,1,1,0,0,1,1, ,0,30,0,0,0,0,0,2,2,13
,2020-29383,39.65308,-104.9182,1/13/2020 7:04,7:04:00,15,0,0,HAMPDEN AVENUE EAST & I25 NORTHBOUND OFF SLIP RAMP MERGE POINT,1,1,1,0,1,3, ,0,40,0,0,0,0,0,2,2,13
,2020-29384,39.65499,-104.91526,2/3/2020 9:00,9:00:00,12,0,0,LOCUST STREET 3400 SOUTH & HAMPDEN AVENUE EAST,4,1,0,2,1,4, ,0,25,0,0,0,0,0,4,2,13
,2020-29385,39.65309,-104.91535,3/10/2020 17:05,17:05:00,12,0,0,HAMPDEN AVENUE EAST & LOCUST STREET SOUTH,1,1,0,0,1,1, ,0,35,0,0,0,0,0,2,2,3
,2020-29386,39.65309,-104.91535,5/14/2020 15:36,15:36:00,3,0,0,HAMPDEN AVENUE EAST & LOCUST STREET SOUTH,1,1,0,0,1,1, ,0,35,0,0,0,0,0,2,2,13
,2020-29387,39.65309,-104.91535,6/1/2020 14:39,14:39:00,1,0,1,HAMPDEN AVENUE EAST & LOCUST STREET SOUTH,1,1,0,0,1,1, ,0,40,0,0,0,0,1,2,2,13
,2020-29388,39.65309,-104.91414,2/18/2020 11:19,11:19:00,15,0,0,HAMPDEN AVENUE 6400 EAST & LOCUST STREET SOUTH,1,1,1,0,1,3, ,0,40,0,0,0,0,0,2,2,8
,2020-29389,39.65309,-104.9129,1/5/2020 22:17,22:17:00,10,0,0,HAMPDEN AVENUE EAST & MONACO STREET SOUTH,1,4,0,0,1,1, ,0,35,0,0,0,0,0,2,2,8
,2020-29390,39.65309,-104.9129,1/10/2020 8:40,8:40:00,12,0,0,HAMPDEN AVENUE EAST & MONACO STREET SOUTH,1,1,0,0,1,1, ,0,40,0,0,0,0,0,2,2,13
,2020-29391,39.65197,-104.91292,1/27/2020 18:00,18:00:00,12,0,0,MONACO STREET 3500 SOUTH & HAMPDEN AVENUE EAST,1,3,0,0,1,3, ,0,35,0,0,0,0,0,4,2,3
,2020-29392,39.65309,-104.91293,3/11/2020 13:13,13:13:00,15,0,0,HAMPDEN AVENUE EAST & MONACO STREET SOUTH,1,1,0,0,1,1, ,0,45,0,0,0,0,0,2,2,1
,2020-29393,39.65309,-104.91293,4/24/2020 9:44,9:44:00,15,0,1,HAMPDEN AVENUE EAST & MONACO STREET SOUTH,1,1,0,0,1,1, ,0,40,0,0,0,0,0,2,3,1
,2020-29394,39.65309,-104.9118,1/22/2020 16:26,16:26:00,12,0,0,HAMPDEN AVENUE EAST & ONEIDA STREET SOUTH,1,1,0,0,1,3, ,0,45,0,0,0,0,0,2,2,7
,2020-29395,39.6531,-104.90909,6/4/2020 15:29,15:29:00,3,0,0,HAMPDEN AVENUE EAST & ONEIDA WAY SOUTH,1,1,0,0,1,1, ,0,40,0,0,0,0,0,4,2,1
,2020-29396,39.65311,-104.90691,1/28/2020 13:41,13:41:00,3,0,0,HAMPDEN AVENUE EAST & 7000 EAST,1,1,0,0,1,2, ,0,40,0,0,0,0,0,2,2,3
,2020-29397,39.65311,-104.9047,1/11/2020 18:46,18:46:00,11,0,1,HAMPDEN AVENUE EAST & POPLAR STREET SOUTH,1,2,0,0,1,3, ,0,45,0,1,0,0,2,4,2,13
,2020-29398,39.65312,-104.90303,2/26/2020 7:50,7:50:00,15,0,0,HAMPDEN AVENUE EAST & POPLAR STREET SOUTH,1,1,0,0,1,3, ,0,35,0,0,0,0,0,2,2,13
,2020-29399,39.65312,-104.90303,2/5/2020 19:12,19:12:00,15,0,0,HAMPDEN AVENUE EAST & 7500 EAST,1,3,1,0,1,3, ,0,45,0,0,0,0,0,2,4,7
,2020-29400,39.65312,-104.90303,3/18/2020 15:01,15:01:00,1,0,1,HAMPDEN AVENUE EAST & TAMARAC DRIVE SOUTH,1,1,0,0,1,2, ,0,45,0,0,0,0,0,2,2,13
,2020-29401,39.65312,-104.90242,4/21/2020 15:25,15:25:00,1,0,2,HAMPDEN AVENUE EAST & 7500 / PRIVATE DRIVE,1,1,1,0,1,2, ,0,40,0,0,0,0,1,2,2,13
,2020-29402,39.65311,-104.90473,2/13/2020 12:56,12:56:00,12,0,1,HAMPDEN AVENUE EAST & POPLAR STREET SOUTH,1,1,1,0,1,3, ,0,40,0,0,0,0,1,2,2,13
,2020-29403,39.65312,-104.90303,4/16/2020 13:42,13:42:00,1,0,0,HAMPDEN AVENUE 7500 EAST & 7500 EAST,11,1,0,2,1,1, ,0,45,0,0,0,0,0,4,2,14
,2020-29404,39.65311,-104.903,1/8/2020 10:22,10:22:00,15,0,0,HAMPDEN AVENUE 7500 EAST & TAMARAC DRIVE SOUTH,1,1,1,0,1,4, ,0,40,0,0,0,0,0,2,2,3
,2020-29405,39.65312,-104.90303,2/28/2020 16:34,16:34:00,12,0,1,HAMPDEN AVENUE 7400 EAST & TAMARAC D SOUTH,1,1,2,0,1,4, ,0,40,0,0,0,0,0,2,2,13
,2020-29406,39.65310254,-104.8987384,3/2/2020 9:04,9:04:00,15,0,0,HAMPDEN AVENUE EAST & TAMARAC DRIVE SOUTH,1,1,0,0,1,4, ,0,40,0,0,0,0,0,2,2,13
,2020-29407,39.65311,-104.8987,1/6/2020 17:00,17:00:00,12,0,0,HAMPDEN AVENUE EAST & TAMARAC STREET SOUTH,1,3,0,0,1,3, ,0,45,0,0,0,0,0,4,2,13
,2020-29408,39.65311,-104.8987,1/10/2020 13:00,13:00:00,1,0,0,HAMPDEN AVENUE EAST & TAMARAC DRIVE SOUTH,1,1,1,0,1,1, ,0,45,0,0,0,0,0,4,2,13
,2020-29409,39.65311,-104.89876,4/11/2020 22:31,22:31:00,12,0,2,HAMPDEN AVENUE EAST & TAMARAC DRIVE SOUTH,1,3,0,0,1,1, ,0,35,0,0,0,0,3,4,2,14
,2020-29410,39.65311,-104.89876,5/17/2020 16:16,16:16:00,1,0,0,HAMPDEN AVENUE EAST & TAMARAC DRIVE SOUTH,1,1,1,0,1,1, ,0,45,0,0,0,0,0,2,2,13
,2020-29411,39.65311,-104.89876,5/28/2020 11:14,11:14:00,1,0,0,HAMPDEN AVENUE EAST & TAMARAC DRIVE SOUTH,1,1,0,0,1,1, ,0,40,0,0,0,0,0,2,2,13
,2020-29412,39.65311,-104.89689,1/18/2020 12:10,12:10:00,12,0,0,HAMPDEN AVENUE 8000 EAST & TAMARAC DRIVE SOUTH,1,1,1,0,1,4, ,0,45,0,0,0,0,0,2,2,13
,2020-29413,39.65311,-104.89689,3/1/2020 17:22,17:22:00,15,0,0,HAMPDEN AVENUE 8000 EAST & TAMARAC DRIVE SOUTH,11,1,1,2,1,3, ,0,40,0,0,0,0,0,2,2,1
,2020-29414,39.65312,-104.90303,3/2/2020 7:19,7:19:00,15,0,0,HAMPDEN AVENUE 7500 EAST & TAMARAC STREET SOUTH,1,1,0,0,1,2, ,0,40,0,0,0,0,0,2,2,13
,2020-29415,39.65309,-104.89408,3/7/2020 1:52,1:52:00,5,0,0,HAMPDEN AVENUE EAST & ULSTER STREET SOUTH,1,3,1,0,3,1, ,0,40,0,0,0,0,0,2,1,5
,2020-29416,39.65309,-104.89408,5/13/2020 6:20,6:20:00,5,0,1,HAMPDEN AVENUE EAST & ULSTER STREET SOUTH,1,1,1,0,2,4, ,0,40,0,0,0,0,1,2,1,10
,2020-29417,39.65309,-104.89187,2/27/2020 8:51,8:51:00,12,0,0,HAMPDEN AVENUE EAST & VERBENA STREET SOUTH,1,1,0,0,1,3, ,0,45,0,0,0,0,0,2,2,13
,2020-29418,39.65309,-104.88986,1/15/2020 7:11,7:11:00,12,0,0,HAMPDEN AVENUE 8400 EAST & YOSEMITE STREET SOUTH,1,1,0,0,1,4, ,0,40,0,0,0,0,0,2,2,13
,2020-29419,39.65307,-104.88479,2/19/2020 3:04,3:04:00,5,0,1,HAMPDEN AVENUE EAST & YOSEMITE STREET SOUTH,1,3,0,0,2,4, ,0,40,0,0,0,0,0,2,1,1
,2020-29420,39.65306,-104.8847,1/6/2020 13:45,13:45:00,9,0,0,YOSEMITE STREET SOUTH & HAMPDEN AVENUE EAST,1,1,0,0,1,2, ,0,,0,0,0,0,0,4,2,3
,2020-29421,39.65307,-104.88479,1/13/2020 15:00,15:00:00,11,0,1,YOSEMITE STREET SOUTH & HAMPDEN AVENUE EAST,1,1,0,0,1,1, ,0,45,0,1,0,0,2,4,2,13
,2020-29422,39.65307,-104.88479,1/23/2020 18:47,18:47:00,3,0,0,HAMPDEN AVENUE EAST & YOSEMITE STREET SOUTH,1,3,0,0,1,1, ,0,35,0,0,0,0,0,4,2,5
,2020-29423,39.65307,-104.88479,2/5/2020 8:07,8:07:00,15,0,0,YOSEMITE STREET SOUTH & HAMPDEN AVENUE EAST,1,1,0,0,1,1, ,0,45,0,0,0,0,0,4,2,13
,2020-29424,39.65307,-104.88479,2/20/2020 8:00,8:00:00,12,0,0,HAMPDEN AVENUE EAST & YOSEMITE STREET SOUTH,11,1,0,0,1,1, ,0,,0,0,0,0,0,2,2,13
,2020-29425,39.65307,-104.88479,6/11/2020 12:53,12:53:00,12,0,0,HAMPDEN AVENUE EAST & YOSEMITE STREET SOUTH,1,1,0,0,1,1, ,0,40,0,0,0,0,0,2,2,1
,2020-29426,39.65307,-104.88479,1/28/2020 6:56,6:56:00,15,0,0,HAMPDEN AVENUE EAST & YOSEMITE STREET SOUTH,1,1,0,0,1,4, ,0,40,0,0,0,0,0,2,2,13
,2020-29427,39.65306,-104.88142,1/25/2020 15:10,15:10:00,12,0,0,HAMPDEN AVENUE EAST & AKRON STREET SOUTH,1,1,0,1,1,1, ,0,35,0,0,0,0,0,2,2,13
,2020-29428,39.65306,-104.8785,3/4/2020 9:14,9:14:00,12,0,2,HAMPDEN AVENUE EAST & 9300 EAST,1,1,1,0,1,4, ,0,45,0,0,0,0,1,2,2,3
,2020-29429,39.65305,-104.87623,1/29/2020 17:48,17:48:00,12,0,0,HAMPDEN AVENUE EAST & DAYTON STREET SOUTH,1,3,0,0,1,3, ,0,45,0,0,0,0,0,2,2,3
,2020-29430,39.65305,-104.8756,1/6/2020 14:15,14:15:00,15,0,0,HAMPDEN AVENUE EAST & DAYTON STREET SOUTH,1,1,0,0,1,3, ,0,35,0,0,0,0,0,2,2,3
,2020-29431,39.65305,-104.8756,1/6/2020 17:30,17:30:00,12,0,0,HAMPDEN AVENUE EAST & DAYTON STREET SOUTH,4,1,0,0,1,3, ,0,35,0,0,0,0,0,2,3,3
,2020-29432,39.65305,-104.8756,1/6/2020 18:45,18:45:00,12,0,0,HAMPDEN AVENUE EAST & DAYTON STREET SOUTH,4,3,0,0,1,3, ,0,35,0,0,0,0,0,2,2,3
,2020-29433,39.65305,-104.87566,1/7/2020 17:27,17:27:00,12,0,1,HAMPDEN AVENUE EAST & DAYTON STREET SOUTH,1,2,1,0,1,4, ,0,,0,0,0,0,1,4,2,13
,2020-29435,39.65304,-104.872,1/22/2020 15:00,15:00:00,12,0,0,HAMPDEN AVENUE EAST & FLORENCE STREET SOUTH,1,1,0,0,1,1, ,0,35,0,0,0,0,0,2,2,3
,2020-29436,39.65304,-104.872,2/20/2020 13:50,13:50:00,15,0,0,HAMPDEN AVENUE EAST & FLORENCE STREET SOUTH,1,1,0,0,1,3, ,0,45,0,0,0,0,0,2,2,13
,2020-29437,39.65304,-104.872,3/17/2020 18:00,18:00:00,12,0,0,HAMPDEN AVENUE EAST & FLORENCE STREET SOUTH,1,1,0,0,1,4, ,0,40,0,0,0,0,0,2,3,3
,2020-29438,39.65348053,-104.868458,2/10/2020 8:00,8:00:00,5,0,0,HAMPDEN AVENUE 10500 EAST & GALENA STREET,1,2,0,0,2,1, ,0,45,0,0,0,0,0,2,1,13
,2020-29439,39.65374,-104.86798,6/2/2020 13:43,13:43:00,12,0,0,HAVANA STREET & 3300 SOUTH HAVANA STREET,1,1,0,0,1,4, ,0,40,0,0,0,0,0,4,3,3
,2020-29440,39.657,-104.86642,6/19/2020 23:45,23:45:00,14,0,2,HAVANA STREET SOUTH & GIRARD AVENUE EAST,1,3,0,0,1,4, ,0,45,0,0,0,0,2,2,2,5
,2020-29441,39.65699,-104.86643,1/13/2020 11:54,11:54:00,12,0,0,HAVANA STREET SOUTH & GIRARD AVENUE EAST,1,1,0,0,1,1, ,0,45,0,0,0,0,0,4,3,1
,2020-29442,39.65863,-104.8663,1/7/2020 8:15,8:15:00,15,0,0,HAVANA STREET 3100 SOUTH & DARTMOUTH AVENUE EAST,1,1,1,0,1,4, ,0,35,0,0,0,0,0,2,2,7
,2020-29443,39.66028,-104.86633,2/17/2020 1:00,1:00:00,5,0,0,HAVANA STREET SOUTH & DARTMOUTH AVENUE EAST,1,4,0,0,3,1, ,0,45,0,0,0,0,0,4,1,14
,2020-29444,39.66028,-104.86633,2/20/2020 14:52,14:52:00,12,0,0,HAVANA STREET SOUTH & DARTMOUTH AVENUE EAST,1,1,1,0,1,1, ,0,35,0,0,0,0,0,4,2,1
,2020-29445,39.66021253,-104.866352,2/26/2020 8:00,8:00:00,12,0,0,HAVANA STREET SOUTH & DARTMOUTH AVENUE,1,1,1,0,1,4, ,0,40,0,0,0,0,0,2,4,7
,2020-29446,39.66027,-104.86634,3/5/2020 6:40,6:40:00,12,0,2,HAVANA STREET SOUTH & DARTMOUTH AVENUE EAST,1,2,0,0,1,1, ,0,45,0,0,0,0,1,4,3,13
,2020-29447,39.66028,-104.86633,4/28/2020 15:00,15:00:00,12,0,0,HAVANA STREET SOUTH & DARTMOUTH AVENUE EAST,1,1,0,0,1,1, ,0,,0,0,0,0,0,2,2,13
,2020-29448,39.65863,-104.8663,2/19/2020 18:12,18:12:00,8,0,0,HAVANA STREET 3100 SOUTH & DARTMOUTH AVENUE EAST,9,3,1,2,1,4, ,0,45,0,0,0,0,0,2,2,7
,2020-29449,39.66167053,-104.8663205,3/5/2020 1:34,1:34:00,5,0,0,HAVANA STREET SOUTH & CORNELL AVENUE EAST,1,3,0,0,3,1, ,0,45,0,0,0,0,0,4,1,7
,2020-29451,39.66751,-104.86611,1/16/2020 20:11,20:11:00,12,0,0,YALE AVENUE EAST & HAVANA STREET SOUTH,1,3,0,0,1,3, ,0,35,0,0,0,0,0,2,2,13
,2020-29452,39.66751,-104.86611,1/30/2020 10:43,10:43:00,10,0,0,HAVANA STREET SOUTH & YALE AVENUE EAST,1,1,0,0,1,1, ,0,35,0,0,0,0,0,4,2,13
,2020-29453,39.67085,-104.86605,2/8/2020 22:48,22:48:00,12,0,0,HAVANA STREET SOUTH & PARKER ROAD SOUTH,11,3,0,0,1,3, ,0,45,0,0,0,0,0,4,2,14
,2020-29454,39.67085,-104.86605,1/5/2020 9:56,9:56:00,3,0,0,HAVANA STREET SOUTH & PARKER ROAD SOUTH,1,1,0,0,1,1, ,0,40,0,0,0,0,0,4,2,14
,2020-29455,39.67084,-104.866,1/5/2020 10:15,10:15:00,3,0,0,PARKER ROAD SOUTH & HAVANA STREET SOUTH,1,1,0,0,1,1, ,0,40,0,0,0,0,0,4,2,14
,2020-29457,39.67085,-104.86605,3/20/2020 11:36,11:36:00,3,0,0,HAVANA STREET SOUTH & PARKER ROAD SOUTH,7,1,0,0,1,1, ,0,35,0,0,0,0,0,2,2,13
,2020-29527,39.69882,-104.86596,3/13/2020 13:00,13:00:00,3,0,0,HAVANA STREET SOUTH & MISSISSIPPI AVENUE EAST,1,1,0,0,1,2, ,0,40,0,0,0,0,0,4,2,7
,2020-29545,39.70378153,-104.8659604,3/19/2020 15:22,15:22:00,3,0,1,HAVANA STREET SOUTH & EXPOSITION AVENUE EAST,7,1,0,5,1,1, ,0,40,0,0,0,0,1,4,2,1
,2020-29548,39.70476,-104.86597,3/17/2020 12:10,12:10:00,1,0,0,HAVANA STREET SOUTH & EXPOSITION AVENUE EAST,1,1,0,0,1,2, ,0,40,0,0,0,0,0,2,2,13
,2020-29549,39.70743,-104.86597,1/23/2020 8:08,8:08:00,3,0,0,HAVANA STREET SOUTH & VIRGINIA AVENUE EAST,1,1,0,0,1,1, ,0,40,0,0,0,0,0,4,2,13
,2020-29553,39.71073,-104.86776,1/18/2020 17:49,17:49:00,12,0,0,ALAMEDA AVENUE 10400 EAST & HAVANA STREET SOUTH,1,3,0,0,1,1, ,0,35,0,0,0,0,0,4,2,6
,2020-29554,39.71105,-104.86597,1/23/2020 11:49,11:49:00,12,0,2,ALAMEDA AVENUE EAST & HAVANA STREET SOUTH,1,1,0,0,1,1, ,0,35,0,0,0,0,1,4,2,13
,2020-29715,39.76026,-105.02524,2/14/2020 7:30,7:30:00,12,0,0,SPEER BOULEVARD NORTH & FEDERAL BOULEVARD NORTH,1,1,1,0,1,3, ,0,35,0,0,0,0,0,4,2,13
,2020-29722,39.77856252,-104.9034184,1/1/2020 1:10,1:10:00,15,0,0,QUEBEC STREET NORTH & I70 EASTBOUND RAMPS,1,3,1,0,1,1, ,0,35,0,0,0,0,0,4,2,13
,2020-29723,39.77856252,-104.9034184,1/14/2020 6:23,6:23:00,15,0,0,NORTHFIELD QUEBEC STREET NORTH & I70 EASTBOUND RAMPS,1,3,1,0,1,1, ,0,35,0,0,0,0,0,4,2,14
,2020-29724,39.7783,-104.90343,6/16/2020 7:10,7:10:00,12,0,0,NORTHFIELD QUEBEC STREET NORTH & I70 EASTBOUND ON RAMP,1,1,1,0,1,1, ,0,35,0,0,0,0,0,4,2,1
,2020-29725,39.78384453,-104.8999958,1/7/2020 20:05,20:05:00,15,0,0,NORTHFIELD QUEBEC STREET SOUTH NORTH & I70 WB RAMPS,1,3,1,0,1,3, ,0,35,0,0,0,0,0,4,2,8
,2020-29726,39.78207,-104.90354,2/13/2020 9:42,9:42:00,12,0,0,QUEBEC STREET 4500 NORTH & I70 WEST EXIT RAMP,11,1,1,0,1,4, ,0,35,0,0,0,0,0,4,2,13
,2020-29727,39.77842,-104.90357,2/22/2020 11:21,11:21:00,12,0,1,NORTHFIELD QUEBEC NORTH & I70 WB RAMPS,1,1,0,0,1,3, ,0,,0,0,0,0,2,4,2,13
,2020-29728,39.77856252,-104.9034184,2/24/2020 10:30,10:30:00,12,0,0,QUEBEC STREET NORTH & I70 WB RAMPS,1,1,1,0,1,1, ,0,30,0,0,0,0,0,4,2,13
,2020-29729,39.77842,-104.90357,6/24/2020 9:00,9:00:00,15,0,0,I70 WB OFF RAMP & NORTHFIELD QUEBEC STREET NORTH,1,1,0,0,1,1, ,0,35,0,0,0,0,0,1,2,13
,2020-29730,39.77842,-104.90357,6/24/2020 14:50,14:50:00,9,0,0,NORTHFIELD / QUEBEC STREET & I70 WB ON RAMP,1,1,0,0,1,1, ,1,20,0,0,0,0,0,1,1,14
,2020-29731,39.7783,-104.90357,6/8/2020 14:33,14:33:00,15,0,0,NORTHFIELD QUEBEC STREET NORTH & I70 WB RAMPS,1,1,0,0,1,4, ,0,,0,0,0,0,0,4,2,13
,2020-29732,39.78562,-104.8997,1/5/2020 9:37,9:37:00,15,0,0,I70 WB OFF RAMP & QUEBEC STREET NORTHBOUND ENTRANCE GORE POINT,1,1,0,0,1,1, ,0,35,0,0,0,0,0,4,2,13
,2020-29733,39.77856252,-104.9034184,3/11/2020 16:10,16:10:00,12,0,0,QUEBEC STREET NORTH & I70 WB OFF RAMP SLIP,1,1,1,0,1,4, ,0,35,0,0,0,0,0,4,2,7
,2020-29734,39.78207,-104.90354,1/16/2020 10:26,10:26:00,12,0,0,QUEBEC STREET 4600 NORTH & I70 WB ON SLIP RAMP,1,1,1,0,1,4, ,0,40,0,0,0,0,0,4,4,1
,2020-29735,39.78199,-104.9017,1/5/2020 0:56,0:56:00,12,0,2,NORTHFIELD QUEBEC STREET NORTH & SAND CREEK ROAD NORTH,1,3,0,0,1,4, ,0,40,0,0,0,0,2,4,2,5
,2020-29736,39.78307152,-104.9009119,1/5/2020 14:12,14:12:00,3,0,0,NORTHFIELD QUEBEC STREET NORTH & I270 SOUTHBOUND OFF LOOP RAMP,1,1,0,0,1,1, ,0,35,0,0,0,0,0,4,2,7
,2020-29737,39.78329,-104.90078,1/6/2020 11:01,11:01:00,15,0,0,QUEBEC STREET NORTH & SAND CREEK DRIVE,1,1,1,0,1,1, ,0,35,0,0,0,0,0,4,3,13
,2020-29738,39.78203652,-104.9018299,2/5/2020 8:00,8:00:00,12,0,0,QUEBEC STREET NORTH & SANDCREEK ROAD EAST,1,1,0,0,1,1, ,0,,0,0,0,0,0,4,2,13