id,drcog_id,latitude,longitude,crashtime,time,crashtype,numbkilled,numbinjurd,drcoglocat,rdconditin,lightngcon,roadcntgrd,weatherco,location,roaddescrp,schoolzone,constrzone,splimit,bikeinv,pedinv,sctrinv,motoinv,svrty,rdsystem,ttlvehcls,hcf
,2020-29739,39.78203652,-104.9018299,3/6/2020 10:10,10:10:00,3,0,0,SAND CREEK ROAD SOUTH & QUEBEC STREET NORTH,1,1,1,0,1,1, ,0,40,0,0,0,0,0,4,2,13
,2020-29740,39.782,-104.90174,5/12/2020 18:32,18:32:00,1,0,0,NORTHFIELD QUEBEC STREET NORTH & I270 TO EASTBOUND OFF RAMP,1,1,0,0,1,3, ,0,45,0,0,0,0,0,1,2,5
,2020-29741,39.74000353,-104.9920099,2/27/2020 8:01,8:01:00,6,0,0,I270 EASTBOUND LOOP RAMP  & QUEBEC STREET NORTH,1,1,1,0,3,14, ,0,55,0,0,0,0,0,1,2,13
,2020-29742,39.78311,-104.90094,1/19/2020 12:00,12:00:00,10,0,0,NORTHFIELD QUEBEC STREET & I270 WB ON RAMP,1,1,1,0,1,1, ,0,40,0,0,0,1,0,4,2,8
,2020-29743,39.75460627,-104.9033938,2/8/2020 10:53,10:53:00,15,0,1,QUEBEC STREET NORTH & I270 WB ON RAMP,11,1,1,0,1,1, ,0,35,0,0,0,0,2,4,2,13
,2020-29744,39.78311,-104.90094,2/15/2020 10:19,10:19:00,12,0,0,NORTHFIELD QUEBEC STREET NORTH & I270 WEST ON RAMP,1,1,0,0,1,4, ,0,40,0,0,0,0,0,4,2,13
,2020-29745,39.78306252,-104.9006419,3/3/2020 12:05,12:05:00,12,0,2,NORTHFIELD QUEBEC NORTH & I270 WB ON RAMP,1,1,1,0,1,1, ,0,35,0,0,0,0,1,4,2,13
,2020-29746,39.78384453,-104.8999958,5/12/2020 13:39,13:39:00,1,0,0,NORTHFIELD QUEBEC STREET NORTHBOUND NORTH & I270 WB ON RAMP,1,1,0,0,1,1, ,0,40,0,0,0,0,0,1,2,1
,2020-29747,39.78307152,-104.9009119,6/28/2020 10:06,10:06:00,12,0,0,NORTHFIELD QUEBEC STREET NORTH & I270,1,1,0,0,1,1, ,0,65,0,0,0,0,0,1,2,3
,2020-29748,39.78306252,-104.9006419,5/14/2020 22:10,22:10:00,5,0,0,NORTHFIELD QUEBEC STREET SOUTHBOUND OFF RAMP TO & I270 WB ON RAMP EXIT GORE POINT,1,3,1,0,3,14, ,0,45,0,0,0,0,0,4,1,5
,2020-29749,39.78563,-104.89971,1/13/2020 6:10,6:10:00,15,0,0,QUEBEC STREET NORTH & NORTHFIELD BOULEVARD EAST / 49TH AVENUE EAST,1,2,0,0,1,3, ,0,40,0,0,0,0,0,4,2,13
,2020-29750,39.78563,-104.89971,2/9/2020 7:46,7:46:00,5,0,0,QUEBEC STREET NORTH & NORTHFIELD B EAST,4,1,0,2,3,3, ,0,45,0,0,0,0,0,2,1,7
,2020-29751,39.78918,-104.90317,4/29/2020 12:30,12:30:00,8,0,0,QUEBEC STREET 5000 NORTH & NORTHFIELD BOULEVARD EAST,1,1,0,0,1,4, ,0,35,0,0,0,0,0,4,2,1
,2020-29752,39.79355,-104.90343,3/29/2020 14:04,14:04:00,3,0,2,QUEBEC STREET NORTH & 5101 NORTH QUEBEC STREET,1,1,0,0,1,2, ,0,45,0,0,0,0,2,4,2,1
,2020-29753,39.78716,-104.9016,3/14/2020 19:30,19:30:00,12,0,0,QUEBEC STREET NORTH & 53RD PLACE EAST,1,3,0,0,1,4, ,0,45,0,0,0,0,0,4,2,13
,2020-30258,39.74031254,-105.0531919,6/9/2020 19:06,19:06:00,11,0,1,COLFAX AVENUE WEST & SHERIDAN BOULEVARD,1,1,0,0,1,4, ,0,0,0,1,0,0,2,2,2,16
,2020-30259,39.74042054,-105.0531919,1/2/2020 19:30,19:30:00,15,0,0,SHERIDAN BOULEVARD & COLFAX AVENUE WEST,1,3,0,0,1,4, ,0,,0,0,0,0,0,4,2,13
,2020-30260,39.74035,-105.05321,1/23/2020 0:00,,1,0,0,COLFAX AVENUE WEST & SHERIDAN BOULEVARD NORTH,1,1,0,0,1,1, ,0,35,0,0,0,0,0,2,2,1
,2020-30261,39.74031254,-105.0531919,2/3/2020 15:52,15:52:00,12,0,0,COLFAX AVENUE WEST & SHERIDAN BOULEVARD SOUTH,1,1,0,2,1,1, ,0,35,0,0,0,0,0,2,2,13
,2020-30265,39.74042054,-105.0531919,3/6/2020 14:20,14:20:00,15,0,0,COLFAX AVENUE WEST & SHERIDAN BOULEVARD,1,1,0,0,1,1, ,0,35,0,0,0,0,0,2,2,7
,2020-30266,39.74042054,-105.0531919,3/16/2020 14:20,14:20:00,15,0,0,COLFAX AVENUE WEST & SHERIDAN BOULEVARD,1,1,0,0,1,1, ,0,35,0,0,0,0,0,2,2,14
,2020-30267,39.74031254,-105.0531919,4/26/2020 22:05,22:05:00,11,0,1,COLFAX AVENUE WEST & SHERIDAN BOULEVARD,1,3,0,0,1,1, ,0,0,0,1,0,0,1,2,2,16
,2020-30268,39.74035,-105.05092,1/30/2020 19:05,19:05:00,3,0,1,COLFAX AVENUE WEST & YATES STREET NORTH,11,3,0,2,1,1, ,0,20,0,0,0,0,0,2,2,3
,2020-30271,39.74035,-105.05321,6/11/2020 16:31,16:31:00,12,0,1,COLFAX AVENUE WEST & SHERIDAN BOULEVARD NORTH,1,1,0,0,1,3, ,0,35,0,0,0,1,3,2,2,5
,2020-30272,39.74031254,-105.0531919,6/27/2020 11:30,11:30:00,15,0,0,COLFAX AVENUE WEST & SHERIDAN BOULEVARD,1,1,0,0,1,1, ,0,40,0,0,0,0,0,2,2,13
,2020-30273,39.74011,-105.05226,2/15/2020 18:30,18:30:00,12,0,0,COLFAX AVENUE WEST & SHERIDAN BOULEVARD NORTH,1,3,0,0,1,4, ,0,35,0,0,0,0,0,4,2,14
,2020-30274,39.74031254,-105.0531919,5/26/2020 18:05,18:05:00,12,0,0,COLFAX AVENUE WEST & SHERIDAN BOULEVARD NORTH,1,1,0,0,1,4, ,0,35,0,0,0,0,0,2,2,13
,2020-30275,39.74035,-105.05093,4/25/2020 23:23,23:23:00,5,0,1,COLFAX AVENUE WEST & YATES STREET NORTH,1,3,0,0,3,1, ,0,35,0,0,0,0,1,2,4,13
,2020-30276,39.74036,-105.04867,2/2/2020 23:19,23:19:00,3,0,2,COLFAX AVENUE WEST & WOLFF STREET NORTH,1,3,0,0,1,1, ,0,25,0,0,0,0,1,2,2,5
,2020-30277,39.74036,-105.04867,3/5/2020 16:08,16:08:00,11,0,0,COLFAX AVENUE WEST & WOLF STREET NORTH,1,1,0,0,1,1, ,0,35,0,1,0,0,0,4,2,13
,2020-30278,39.74035,-105.04725,1/16/2020 21:22,21:22:00,12,0,0,COLFAX AVENUE WEST & WINONA COURT NORTH,1,3,0,0,1,4, ,0,30,0,0,0,0,0,2,2,3
,2020-30279,39.74033954,-105.0474814,1/16/2020 19:57,19:57:00,11,0,1,COLFAX AVENUE WEST & WINONA COURT NORTH,1,3,0,0,1,1, ,0,30,0,1,0,0,3,4,2,13
,2020-30280,39.74034,-105.04343,1/17/2020 7:35,7:35:00,15,0,0,COLFAX AVENUE 4300  & STUART STREET NORTH,1,1,0,0,1,4, ,0,30,0,0,0,0,0,2,2,1
,2020-30281,39.74035,-105.04284,6/14/2020 21:55,21:55:00,11,0,1,COLFAX AVENUE WEST & STUART STREET NORTH,1,4,0,0,1,3, ,0,0,0,1,0,0,2,2,2,16
,2020-30282,39.74034,-105.04225,3/23/2020 15:34,15:34:00,12,0,0,COLFAX AVENUE WEST & STUART STREET NORTH,1,1,0,0,1,4, ,0,30,0,0,0,0,0,2,2,13
,2020-30283,39.74034,-105.04166,1/23/2020 22:45,22:45:00,12,0,0,COLFAX AVENUE WEST & RALEIGH STREET NORTH,1,3,0,0,1,1, ,0,30,0,0,0,0,0,2,2,3
,2020-30284,39.74034,-105.04166,3/7/2020 16:51,16:51:00,3,0,0,COLFAX AVENUE WEST & RALEIGH STREET NORTH,1,1,0,0,1,1, ,0,30,0,0,0,0,0,4,2,7
,2020-30285,39.74034,-105.04166,3/8/2020 3:08,3:08:00,3,0,0,COLFAX AVENUE WEST & RALEIGH STREET NORTH,11,3,0,1,1,1, ,0,,0,0,0,0,0,2,2,13
,2020-30286,39.74034,-105.04166,6/28/2020 21:01,21:01:00,3,0,0,COLFAX AVENUE WEST & RALEIGH STREET NORTH,1,1,0,0,1,1, ,0,25,0,0,0,0,0,2,2,7
,2020-30287,39.74034,-105.04049,3/4/2020 15:11,15:11:00,15,0,0,COLFAX AVENUE WEST & QUITMAN NORTH,1,1,0,0,1,3, ,0,,0,0,0,0,0,2,2,13
,2020-30288,39.74034,-105.04049,1/21/2020 13:00,13:00:00,3,0,1,COLFAX AVENUE WEST & QUITMAN STREET NORTH,1,1,0,0,1,1, ,0,25,0,0,0,1,2,2,2,3
,2020-30289,39.74034,-105.0399,1/10/2020 10:50,10:50:00,12,0,0,COLFAX AVENUE 4000 WEST & QUITMAN STREET NORTH,1,1,0,0,1,3, ,0,30,0,0,0,0,0,2,2,13
,2020-30290,39.74034,-105.03991,2/28/2020 14:58,14:58:00,12,0,0,COLFAX AVENUE 4000 WEST & PERRY STREET NORTH,1,1,1,0,1,4, ,0,30,0,0,0,0,0,2,2,3
,2020-30291,39.74034,-105.03933,6/9/2020 16:02,16:02:00,15,0,0,COLFAX AVENUE WEST & PERRY STREET NORTH,1,1,0,0,1,4, ,0,35,0,0,0,0,0,2,2,13
,2020-30292,39.73864,-105.0389,1/4/2020 17:00,17:00:00,12,0,0,PERRY STREET 1400 NORTH & COLFAX AVENUE WEST,1,1,0,0,1,1, ,0,,0,0,0,0,0,2,3,13
,2020-30293,39.74034,-105.03933,2/1/2020 23:20,23:20:00,12,0,0,COLFAX AVENUE WEST & PERRY STREET NORTH,1,3,0,0,1,3, ,0,35,0,0,0,0,0,2,2,13
,2020-30294,39.74034,-105.0364,3/7/2020 22:13,22:13:00,12,0,1,COLFAX AVENUE WEST & MEADE STREET NORTH,1,3,0,0,1,3, ,0,35,0,0,0,0,1,2,3,14
,2020-30295,39.74034,-105.0364,6/24/2020 9:09,9:09:00,6,0,1,COLFAX AVENUE 3700 WEST & MEADE STREET NORTH,1,1,1,0,1,4, ,0,30,0,0,0,1,1,2,3,13
,2020-30296,39.74034,-105.03582,1/20/2020 17:03,17:03:00,15,0,0,COLFAX AVENUE WEST & MEADE STREET NORTH,1,3,0,0,1,1, ,0,30,0,0,0,0,0,2,2,13
,2020-30297,39.74034,-105.03582,5/13/2020 21:30,21:30:00,12,0,0,COLFAX AVENUE WEST & MEADE STREET NORTH,1,3,0,0,1,1, ,0,,0,0,0,0,0,4,2,13
,2020-30298,39.74027,-105.03493,2/12/2020 8:02,8:02:00,15,0,0,COLFAX AVENUE 3600 WEST & LOWELL B NORTH,1,1,0,0,1,4, ,0,30,0,0,0,0,0,2,2,1
,2020-30299,39.74033,-105.03342,2/20/2020 18:17,18:17:00,14,0,0,COLFAX AVENUE WEST & KING STREET NORTH,1,3,0,0,1,1, ,0,30,0,0,0,0,0,2,2,13
,2020-30300,39.74034,-105.03228,2/21/2020 1:34,1:34:00,5,0,0,COLFAX AVENUE WEST & KNOX COURT NORTH,1,3,0,0,3,1, ,0,35,0,0,0,0,0,2,1,14
,2020-30301,39.74034,-105.03228,3/10/2020 21:19,21:19:00,12,0,0,COLFAX AVENUE WEST & KNOX COURT NORTH,1,3,0,0,1,1, ,0,35,0,0,0,0,0,2,2,13
,2020-30302,39.74034,-105.03228,2/21/2020 7:45,7:45:00,6,0,0,COLFAX AVENUE WEST & KNOX C NORTH,1,1,0,0,1,3, ,0,35,0,0,0,0,0,4,2,13
,2020-30303,39.74033,-105.02986,1/23/2020 17:45,17:45:00,15,0,1,COLFAX AVENUE WEST & IRVING STREET NORTH,1,3,0,0,1,3, ,0,30,0,0,0,0,1,2,3,1
,2020-30304,39.74028553,-105.0298504,5/15/2020 12:41,12:41:00,12,0,0,COLFAX AVENUE 3200 WEST & IRVING STREET NORTH,1,1,0,0,1,4, ,0,30,0,0,0,0,0,2,2,13
,2020-30305,39.74033,-105.0303,6/12/2020 12:09,12:09:00,12,0,1,COLFAX AVENUE 3300 WEST & IRVING STREET NORTH,1,1,1,0,1,4, ,0,35,0,0,0,0,1,2,2,13
,2020-30306,39.74033,-105.02986,3/5/2020 20:45,20:45:00,15,0,0,COLFAX AVENUE WEST & IRVING STREET NORTH,1,3,0,0,1,1, ,0,35,0,0,0,0,0,2,2,13
,2020-30307,39.74033,-105.02986,6/12/2020 17:42,17:42:00,12,0,0,COLFAX AVENUE WEST & IRVING STREET NORTH,1,2,0,0,1,3, ,0,35,0,0,0,0,0,2,2,4
,2020-30308,39.74036,-105.02522,3/27/2020 18:56,18:56:00,9,0,0,HIGHWAY 40 EASTBOUND ON RAMP FROM & HIGHWAY 88 / FEDERAL BOULEVARD,11,2,1,2,2,14, ,0,40,0,0,0,0,0,2,1,5
,2020-30309,39.73994,-105.02269,4/16/2020 11:53,11:53:00,12,0,0,COLFAX AVENUE WEST & ELLIOTT STREET NORTH,11,1,1,2,1,1, ,0,40,0,0,0,0,0,1,3,13
,2020-30310,39.74054,-105.02379,5/28/2020 12:57,12:57:00,12,0,0,COLFAX AVENUE 2800 WEST & ELIOT STREET NORTH,1,1,1,0,1,4, ,0,40,0,0,0,0,0,2,2,13
,2020-30311,39.72051255,-105.1999099,6/9/2020 19:27,19:27:00,12,0,0,COLFAX AVENUE WEST & 2700 WEST,1,2,0,0,1,4, ,0,35,0,0,0,0,0,2,2,13
,2020-30312,39.74032153,-105.0139519,4/15/2020 10:03,10:03:00,12,0,0,COLFAX AVENUE WEST & I25 SOUTHBOUND OFF RAMP,1,1,1,0,1,3, ,0,40,0,0,0,0,0,2,2,1
,2020-30313,39.74032153,-105.0139519,4/15/2020 15:09,15:09:00,3,0,2,COLFAX AVENUE WEST & I25 SOUTHBOUND OFF RAMP,1,1,1,0,1,1, ,0,40,0,0,0,0,2,2,2,3
,2020-30314,39.74032153,-105.0139519,4/19/2020 19:41,19:41:00,3,0,1,COLFAX AVENUE WEST & I25 SOUTHBOUND OFF RAMP,1,3,0,0,1,1, ,0,35,0,0,0,0,2,2,2,3
,2020-30315,39.74032153,-105.0139519,3/3/2020 8:05,8:05:00,12,0,0,COLFAX AVENUE WEST & I25,1,1,0,0,1,4, ,0,40,0,0,0,0,0,2,3,3
,2020-30316,39.74032153,-105.0139519,5/20/2020 12:20,12:20:00,12,0,1,COLFAX AVENUE WEST & I25 NORTHBOUND OFF RAMP,1,1,1,0,1,3, ,0,40,0,0,0,1,2,2,2,13
,2020-30317,39.74032153,-105.0139519,1/3/2020 3:00,3:00:00,5,0,0,COLFAX AVENUE WEST & I25 NORTHBOUND OFF RAMP,1,3,0,0,4,1, ,0,40,0,0,0,0,0,1,1,5
,2020-30318,39.74032153,-105.0139519,3/25/2020 19:18,19:18:00,3,0,2,COLFAX AVENUE WEST & I25 NORTHBOUND OFF RAMP,1,2,0,0,1,1, ,0,35,0,0,0,1,3,2,2,7
,2020-30319,39.74032153,-105.0139519,4/7/2020 17:10,17:10:00,12,0,1,COLFAX AVENUE WEST & I25 NORTHBOUND OFF RAMP,1,1,0,0,1,1, ,0,35,0,0,0,0,1,2,2,7
,2020-30320,39.74008753,-105.0051994,5/20/2020 12:12,12:12:00,12,0,0,COLFAX AVENUE 1500 WEST & OSAGE STREET NORTH,1,1,0,0,1,4, ,0,30,0,0,0,0,0,2,2,13
,2020-30321,39.74008753,-105.0051994,6/15/2020 15:57,15:57:00,15,0,0,COLFAX AVENUE WEST & OSAGE STREET NORTH,1,1,1,0,1,4, ,0,35,0,0,0,1,0,2,2,13
,2020-30322,39.74022253,-105.0051994,1/12/2020 17:35,17:35:00,2,0,1,COLFAX AVENUE WEST & SEVENTH STREET,1,3,0,0,1,1, ,0,0,1,0,0,0,2,2,2,16
,2020-30323,39.74008753,-105.0051994,1/12/2020 20:53,20:53:00,12,0,0,COLFAX AVENUE WEST & OSAGE STREET NORTH,1,3,1,0,1,1, ,0,35,0,0,0,0,0,2,2,13
,2020-30324,39.74008753,-105.0051994,1/26/2020 2:29,2:29:00,5,0,0,COLFAX AVENUE WEST & OSAGE STREET NORTH,1,3,0,0,3,1, ,0,45,0,0,0,0,0,2,1,13
,2020-30325,39.74008753,-105.0051994,2/12/2020 18:59,18:59:00,11,0,0,COLFAX AVENUE WEST & OSAGE STREET NORTH,11,3,0,2,1,1, ,0,35,0,1,0,0,0,4,2,13
,2020-30326,39.74022253,-105.0051994,2/23/2020 13:19,13:19:00,3,0,0,COLFAX AVENUE WEST & SEVENTH / OSAGE STREET NORTH,11,1,1,0,1,1, ,0,35,0,0,0,0,0,2,2,8
,2020-30327,39.74008753,-105.0051994,5/7/2020 13:24,13:24:00,3,0,0,COLFAX AVENUE WEST & OSAGE STREET NORTH,1,1,1,0,1,1, ,0,30,0,0,0,0,0,2,2,13
,2020-30328,39.74002453,-105.0027784,1/10/2020 10:26,10:26:00,12,0,0,COLFAX AVENUE 1200 WEST & MARIPOSA STREET NORTH,1,1,1,0,1,4, ,0,30,0,0,0,0,0,2,2,13
,2020-30329,39.74002453,-105.0027784,1/30/2020 13:14,13:14:00,12,0,0,COLFAX AVENUE WEST & MARIPOSA STREET NORTH,1,1,0,0,1,1, ,0,30,0,0,0,0,0,2,2,14
,2020-30330,39.74002453,-105.0027784,2/19/2020 11:55,11:55:00,1,0,4,COLFAX AVENUE WEST & MARIPOSA STREET NORTH,1,1,0,2,1,1, ,0,30,0,0,0,0,3,2,2,1
,2020-30331,39.74002453,-105.0027784,3/13/2020 6:00,6:00:00,3,0,0,COLFAX AVENUE WEST & MARIPOSA STREET NORTH,1,2,0,0,1,1, ,0,25,0,0,0,0,0,4,2,7
,2020-30332,39.74002453,-105.0027784,1/18/2020 19:00,19:00:00,15,0,0,COLFAX AVENUE WEST & MARIPOSA STREET NORTH,1,3,0,0,1,4, ,0,40,0,0,0,0,0,2,2,13
,2020-30333,39.74002453,-105.0016084,2/12/2020 13:19,13:19:00,12,0,0,COLFAX AVENUE WEST & LIPAN STREET NORTH,11,1,0,2,1,2, ,0,35,0,0,0,0,0,2,2,8
,2020-30334,39.74002453,-105.0001819,2/27/2020 13:25,13:25:00,12,0,0,COLFAX AVENUE WEST & KALAMATH STREET NORTH,1,1,0,0,1,3, ,0,35,0,0,0,0,0,2,2,13
,2020-30335,39.74002453,-105.0001819,2/8/2020 19:13,19:13:00,3,0,0,COLFAX AVENUE WEST & KALAMATH STREET NORTH,11,3,0,2,1,1, ,0,35,0,0,0,0,0,2,3,13
,2020-30336,39.74002453,-105.0001819,2/10/2020 15:00,15:00:00,12,0,0,KALAMATH STREET NORTH & COLFAX AVENUE WEST,1,1,0,0,1,4, ,0,30,0,0,0,0,0,4,3,13
,2020-30337,39.74002453,-105.0001819,2/10/2020 15:20,15:20:00,12,0,0,COLFAX AVENUE WEST & KALAMATH STREET NORTH,1,1,0,0,1,1, ,0,35,0,0,0,0,0,2,2,3
,2020-30338,39.74002453,-105.0001819,2/12/2020 20:51,20:51:00,1,0,1,KALAMATH STREET NORTH & COLFAX AVENUE WEST,9,3,0,2,1,1, ,0,35,0,0,0,0,1,4,2,7
,2020-30339,39.74002453,-105.0001819,3/1/2020 0:48,0:48:00,12,0,0,KALAMATH STREET NORTH & COLFAX AVENUE WEST,1,3,0,0,1,1, ,0,35,0,0,0,0,0,4,2,13
,2020-30340,39.74002453,-105.0001819,5/14/2020 15:15,15:15:00,3,0,0,KALAMATH STREET NORTH & COLFAX AVENUE WEST,1,1,1,0,1,1, ,0,35,0,0,0,0,0,2,2,13
,2020-30341,39.74002453,-105.0001819,5/27/2020 12:37,12:37:00,1,0,0,COLFAX AVENUE WEST & KALAMATH STREET NORTH,1,1,1,0,1,1, ,0,30,0,0,0,0,0,2,2,13
,2020-30342,39.74002453,-105.0001819,6/11/2020 16:52,16:52:00,8,0,0,COLFAX AVENUE WEST & KALAMATH STREET NORTH,1,1,0,0,1,3, ,0,30,0,0,0,0,0,2,2,13
,2020-30343,39.74002453,-105.0001819,6/12/2020 17:04,17:04:00,15,0,0,COLFAX AVENUE WEST & KALAMATH STREET NORTH,1,1,0,0,1,4, ,0,,0,0,0,0,0,2,2,13
,2020-30344,39.74012,-104.99885,1/29/2020 5:39,5:39:00,3,0,1,COLFAX AVENUE WEST & SPEER BOULEVARD,1,3,0,0,1,1, ,0,35,0,0,0,0,1,2,3,13
,2020-30345,39.74011,-104.99808,2/20/2020 14:15,14:15:00,15,0,0,SPEER B NORTH  & COLFAX AVENUE WEST,1,1,0,0,1,1, ,0,35,0,0,0,0,0,2,2,13
,2020-30346,39.74011,-104.99808,2/21/2020 0:28,0:28:00,3,0,1,SPEER B NORTH  & COLFAX AVENUE WEST,1,3,0,0,1,1, ,0,40,0,0,0,0,2,2,2,3
,2020-30347,39.74011,-104.99808,3/5/2020 13:55,13:55:00,12,0,1,SPEER BOULEVARD NORTH & COLFAX AVENUE WEST,1,1,1,0,1,1, ,0,35,0,0,0,0,1,2,2,13
,2020-30348,39.74012,-104.99885,5/7/2020 12:53,12:53:00,12,0,2,COLFAX AVENUE WEST & SPEER BOULEVARD,1,1,1,0,1,1, ,0,30,0,0,0,0,1,2,3,3
,2020-30349,39.74011,-104.99808,6/4/2020 18:14,18:14:00,10,0,0,SPEER BOULEVARD NORTH & COLFAX AVENUE WEST,1,1,0,0,1,1, ,0,40,0,0,0,0,0,4,2,3
,2020-30350,39.7401,-104.998,1/3/2020 17:33,17:33:00,12,0,1,SPEER BOULEVARD NORTHBOUND INTERSECTION & COLFAX AVENUE WEST,1,3,0,0,1,4, ,0,30,0,0,0,0,2,4,2,8
,2020-30351,39.74011,-104.99808,3/7/2020 13:13,13:13:00,12,0,0,SPEER BOULEVARD  & COLFAX AVENUE WEST,1,1,1,0,1,1, ,0,30,0,0,0,0,0,2,2,7
,2020-30352,39.74015,-104.99885,3/23/2020 7:58,7:58:00,3,0,1,COLFAX AVENUE WEST & SPEER BOULEVARD,1,1,0,0,1,1, ,0,35,0,0,0,0,2,2,2,3
,2020-30353,39.74014153,-104.9964604,2/7/2020 11:17,11:17:00,12,0,0,COLFAX AVENUE WEST & GALAPAGO STREET,9,1,0,2,1,3, ,0,35,0,0,0,0,0,2,2,13
,2020-30354,39.73974,-104.9967,2/19/2020 10:13,10:13:00,15,0,0,COLFAX AVENUE 700 WEST & WELTON / GALAPAGO STREET,9,1,0,2,1,4, ,0,30,0,0,0,0,0,2,2,1
,2020-30355,39.7401,-104.997,1/5/2020 12:28,12:28:00,1,0,0,COLFAX AVENUE WEST & WELTON STREET,1,1,0,0,1,1, ,0,30,0,0,0,0,0,2,2,13
,2020-30356,39.7401,-104.99702,2/13/2020 8:23,8:23:00,12,0,0,COLFAX AVENUE WEST & WELTON STREET,10,1,0,0,1,1, ,0,30,0,0,0,0,0,2,2,14
,2020-30357,39.74008,-104.99527,5/13/2020 11:56,11:56:00,12,0,0,COLFAX AVENUE WEST & GLENARM PLACE,1,1,0,0,1,4, ,0,,0,0,0,0,0,2,2,13
,2020-30358,39.74007,-104.99292,2/22/2020 16:42,16:42:00,15,0,0,COLFAX AVENUE WEST & DELAWARE STREET NORTH,1,1,0,0,1,3, ,0,30,0,0,0,0,0,2,2,1
,2020-30359,39.74008,-104.99292,6/1/2020 11:30,11:30:00,12,0,0,COLFAX AVENUE WEST & DELAWARE STREET NORTH,1,1,0,0,1,1, ,0,30,0,0,0,0,0,2,2,14
,2020-30360,39.74007,-104.99036,3/11/2020 10:55,10:55:00,12,0,0,COLFAX AVENUE WEST & 14TH STREET,1,1,0,0,1,1, ,0,30,0,0,0,0,0,2,2,5
,2020-30361,39.74006,-104.99164,2/5/2020 14:55,14:55:00,12,0,0,COLFAX AVENUE WEST & CHEROKEE STREET NORTH,11,1,0,0,1,4, ,0,30,0,0,0,0,0,2,2,3
,2020-30362,39.7406,-104.9891,1/7/2020 11:52,11:52:00,5,0,0,COLFAX AVENUE 100 WEST & 15TH STREET,1,1,0,0,3,4, ,0,30,0,0,0,0,0,2,1,7
,2020-30363,39.74056,-104.9885,1/12/2020 19:30,19:30:00,15,0,1,COLFAX AVENUE WEST & 15TH STREET,1,3,0,0,1,3, ,0,30,0,0,0,0,1,4,2,14
,2020-30364,39.74056,-104.98853,3/7/2020 7:21,7:21:00,15,0,0,COLFAX AVENUE WEST & 15TH STREET,1,1,0,0,1,3, ,0,30,0,0,0,0,0,4,2,3
,2020-30365,39.74056,-104.98853,3/14/2020 21:36,21:36:00,10,0,0,COLFAX AVENUE WEST & 15TH STREET,1,3,0,0,1,1, ,0,30,0,0,0,0,0,4,2,8
,2020-30366,39.74006,-104.98739,2/10/2020 19:45,19:45:00,5,0,1,COLFAX AVENUE EAST & BROADWAY NORTH,9,3,0,2,3,1, ,0,30,0,0,0,0,1,2,1,7
,2020-30367,39.74006,-104.9873,1/3/2020 12:44,12:44:00,15,0,0,COLFAX AVENUE EAST & BROADWAY NORTH,1,1,0,0,1,1, ,0,30,0,0,0,0,0,2,2,13
,2020-30368,39.74006,-104.98739,2/13/2020 9:14,9:14:00,15,0,0,COLFAX AVENUE WEST & BROADWAY NORTH,7,1,0,0,1,1, ,0,30,0,0,0,0,0,2,2,14
,2020-30369,39.74006,-104.98739,2/26/2020 5:48,5:48:00,11,0,1,COLFAX AVENUE EAST & BROADWAY STREET NORTH,1,3,0,0,1,1, ,0,35,0,1,0,0,2,2,2,13
,2020-30370,39.74006,-104.98739,2/26/2020 12:19,12:19:00,11,0,0,COLFAX AVENUE EAST & BROADWAY STREET NORTH,1,1,0,0,1,1, ,0,25,0,1,0,0,0,2,2,14
,2020-30371,39.73997953,-104.9874109,4/28/2020 1:57,1:57:00,9,0,1,COLFAX AVENUE WEST & BROADWAY NORTH,1,3,0,0,3,1, ,0,35,0,0,0,0,3,2,1,14
,2020-30372,39.74006,-104.98739,5/5/2020 21:50,21:50:00,3,0,0,COLFAX AVENUE EAST & BROADWAY STREET NORTH,1,3,0,0,1,1, ,0,30,0,0,0,0,0,2,2,3
,2020-30373,39.74006,-104.98739,5/20/2020 6:45,6:45:00,3,0,1,COLFAX AVENUE EAST & BROADWAY STREET NORTH,1,1,0,0,1,1, ,0,30,0,0,0,0,1,4,2,13
,2020-30374,39.74006,-104.98739,6/13/2020 0:19,0:19:00,3,0,0,COLFAX AVENUE EAST & BROADWAY STREET NORTH,1,3,0,0,1,1, ,0,30,0,0,0,0,0,4,2,13
,2020-30375,39.73997953,-104.9861104,2/23/2020 7:37,7:37:00,15,0,0,COLFAX AVENUE & LINCOLN STREET NORTH,11,1,0,2,1,4, ,0,30,0,0,0,0,0,2,2,13
,2020-30376,39.74006,-104.98614,3/1/2020 1:45,1:45:00,12,0,0,COLFAX AVENUE EAST & LINCOLN STREET NORTH,1,3,0,0,1,1, ,0,,0,0,0,0,0,2,2,13
,2020-30377,39.74006,-104.98614,3/1/2020 1:45,1:45:00,12,0,0,LINCOLN STREET NORTH & COLFAX AVENUE EAST,1,3,0,0,1,1, ,0,35,0,0,0,0,0,2,2,5
,2020-30378,39.74006,-104.98614,3/9/2020 5:30,5:30:00,15,0,0,LINCOLN STREET NORTH & COLFAX AVENUE EAST,1,3,0,0,1,1, ,0,35,0,0,0,0,0,4,2,8