id,drcog_id,latitude,longitude,crashtime,time,crashtype,numbkilled,numbinjurd,drcoglocat,rdconditin,lightngcon,roadcntgrd,weatherco,location,roaddescrp,schoolzone,constrzone,splimit,bikeinv,pedinv,sctrinv,motoinv,svrty,rdsystem,ttlvehcls,hcf
,2020-30379,39.74006,-104.98614,6/3/2020 0:01,0:01:00,3,0,0,LINCOLN STREET NORTH & COLFAX AVENUE EAST,1,1,0,0,1,1, ,0,30,0,0,0,0,0,4,2,9
,2020-30380,39.74006,-104.98486,1/30/2020 20:00,20:00:00,11,0,1,COLFAX AVENUE EAST & SHERMAN STREET NORTH,11,3,0,0,1,1, ,0,0,0,1,0,0,3,4,2,16
,2020-30381,39.74006,-104.98486,2/5/2020 19:30,19:30:00,10,0,0,COLFAX AVENUE EAST & SHERMAN STREET NORTH,1,3,1,0,1,1, ,0,30,0,0,0,0,0,2,2,1
,2020-30382,39.74004,-104.98359,1/29/2020 1:20,1:20:00,3,0,0,COLFAX AVENUE EAST & GRANT STREET NORTH,1,3,0,0,1,1, ,0,25,0,0,0,0,0,2,3,5
,2020-30383,39.74004,-104.98359,1/29/2020 16:23,16:23:00,12,0,0,GRANT STREET NORTH & COLFAX AVENUE EAST,1,2,0,0,1,1, ,0,30,0,0,0,0,0,4,3,3
,2020-30384,39.74005,-104.98358,2/20/2020 9:39,9:39:00,3,0,1,COLFAX AVENUE EAST & GRANT STREET NORTH,11,1,0,0,1,1, ,0,30,0,0,0,0,0,2,2,13
,2020-30385,39.74004253,-104.9835814,3/2/2020 11:54,11:54:00,11,0,1,COLFAX AVENUE EAST & GRANT STREET NORTH,1,1,0,0,1,1, ,0,,0,1,0,0,1,2,2,13
,2020-30386,39.74005,-104.98358,4/17/2020 15:00,15:00:00,3,0,0,COLFAX AVENUE EAST & GRANT STREET NORTH,1,1,0,0,1,1, ,0,30,0,0,0,0,0,2,2,1
,2020-30387,39.74005,-104.98358,6/18/2020 17:17,17:17:00,12,0,1,COLFAX AVENUE EAST & GRANT STREET NORTH,1,1,0,0,1,1, ,0,30,0,0,0,0,1,2,3,1
,2020-30388,39.74003,-104.98233,2/22/2020 21:00,21:00:00,3,0,0,COLFAX AVENUE EAST & LOGAN STREET NORTH,1,3,0,0,1,1, ,0,30,0,0,0,0,0,2,2,7
,2020-30389,39.74003,-104.98233,3/11/2020 8:25,8:25:00,12,0,0,COLFAX AVENUE EAST & LOGAN STREET NORTH,1,1,0,0,1,1, ,0,35,0,0,0,0,0,2,2,13
,2020-30390,39.74003,-104.98233,4/15/2020 13:20,13:20:00,3,0,0,COLFAX AVENUE EAST & LOGAN STREET NORTH,1,1,0,0,1,1, ,0,30,0,0,0,0,0,2,2,13
,2020-30391,39.74003,-104.98171,3/22/2020 12:00,12:00:00,6,0,0,COLFAX AVENUE EAST & LOGAN STREET NORTH,1,1,0,0,1,4, ,0,30,0,0,0,0,0,2,2,13
,2020-30392,39.74003,-104.98111,1/12/2020 12:50,12:50:00,3,0,3,COLFAX AVENUE EAST & PENNSYLVANIA STREET NORTH,1,1,0,0,1,1, ,0,30,0,0,0,0,1,2,3,13
,2020-30393,39.74003,-104.9811,1/21/2020 12:40,12:40:00,6,0,0,COLFAX AVENUE EAST & PENNSYLVANIA STREET NORTH,1,1,0,0,1,4, ,0,30,0,0,0,0,0,2,2,13
,2020-30394,39.74003,-104.98051,2/28/2020 22:10,22:10:00,12,0,0,COLFAX AVENUE EAST & PEARL STREET NORTH,1,3,0,0,1,4, ,0,30,0,0,0,0,0,2,2,13
,2020-30395,39.74002,-104.97991,1/30/2020 23:06,23:06:00,12,0,1,COLFAX AVENUE EAST & PEARL STREET NORTH,1,3,0,0,1,1, ,0,30,0,0,0,0,1,2,2,3
,2020-30396,39.74002,-104.97933,5/28/2020 15:45,15:45:00,6,0,0,COLFAX AVENUE 600 EAST & PEARL STREET NORTH,1,1,0,0,1,4, ,0,35,0,0,0,0,0,2,2,14
,2020-30397,39.74002,-104.97874,6/3/2020 15:42,15:42:00,6,0,0,COLFAX AVENUE EAST & WASHINGTON STREET NORTH,1,1,0,0,1,4, ,0,,0,0,0,0,0,2,2,13
,2020-30398,39.74000653,-104.9787079,1/18/2020 1:37,1:37:00,11,0,1,WASHINGTON STREET NORTH & COLFAX AVENUE EAST,1,3,0,0,1,1, ,0,15,0,1,0,0,1,4,2,6
,2020-30399,39.73987,-104.9786,1/11/2020 2:04,2:04:00,11,0,1,COLFAX AVENUE 700 EAST & CLARKSON STREET NORTH,1,3,0,0,1,4, ,0,0,0,1,0,0,3,2,2,16
,2020-30400,39.74001,-104.97764,1/19/2020 22:50,22:50:00,6,0,0,COLFAX AVENUE EAST & CLARKSON STREET NORTH,1,3,0,0,1,4, ,0,30,0,0,0,0,0,2,2,5
,2020-30401,39.74001,-104.97764,2/24/2020 6:10,6:10:00,3,0,0,COLFAX AVENUE EAST & CLARKSON STREET NORTH,1,2,0,0,1,1, ,0,35,0,0,0,0,0,2,3,7
,2020-30402,39.74001,-104.97721,1/28/2020 20:22,20:22:00,12,0,0,COLFAX AVENUE EAST & CLARKSON STREET NORTH,1,3,0,0,1,3, ,0,30,0,0,0,0,0,2,2,13
,2020-30403,39.74001,-104.97648,1/30/2020 18:04,18:04:00,12,0,0,COLFAX AVENUE EAST & EMERSON STREET,1,3,0,0,1,1, ,0,30,0,0,0,0,0,2,2,3
,2020-30404,39.74001,-104.97648,5/20/2020 19:44,19:44:00,6,0,0,COLFAX AVENUE EAST & EMERSON STREET NORTH,1,1,0,0,1,4, ,0,35,0,0,0,0,0,2,2,14
,2020-30405,39.74000653,-104.9753014,2/28/2020 0:40,0:40:00,15,0,0,COLFAX AVENUE EAST & OGDEN STREET SOUTH,1,3,0,0,1,3, ,0,30,0,0,0,0,0,4,2,13
,2020-30406,39.73842,-104.97413,2/20/2020 4:12,4:12:00,6,0,0,CORONA STREET 1400 NORTH & COLFAX AVENUE EAST,9,3,0,2,1,3, ,0,25,0,0,0,0,0,4,2,13
,2020-30407,39.74003,-104.97309,1/16/2020 15:38,15:38:00,10,0,0,DOWNING STREET  & COLFAX AVENUE EAST,1,1,0,0,1,1, ,0,30,0,0,0,0,0,4,2,13
,2020-30408,39.74003,-104.97309,1/27/2020 11:05,11:05:00,15,0,1,COLFAX AVENUE EAST & DOWNING STREET,1,1,0,0,1,1, ,0,30,0,0,0,0,2,2,2,13
,2020-30409,39.74003,-104.97309,3/9/2020 9:11,9:11:00,10,0,0,DOWNING STREET  & COLFAX AVENUE EAST,1,1,0,0,1,1, ,0,35,0,0,0,0,0,2,2,8
,2020-30410,39.74003,-104.97309,2/22/2020 16:13,16:13:00,3,0,0,DOWNING STREET NORTH  & COLFAX AVENUE EAST,1,1,0,0,1,1, ,0,30,0,0,0,0,0,2,2,8
,2020-30411,39.73983,-104.91802,2/27/2020 7:24,7:24:00,11,0,1,COLFAX AVENUE 6000 EAST & KEARNEY STREET NORTH,1,1,0,0,1,3, ,0,0,0,1,0,0,2,2,2,16
,2020-30412,39.74003,-104.97309,3/3/2020 9:15,9:15:00,10,0,0,DOWNING STREET NORTH & COLFAX AVENUE EAST,1,1,0,0,1,1, ,0,30,0,0,0,0,0,2,2,13
,2020-30413,39.73996,-104.97362,1/6/2020 16:45,16:45:00,6,0,0,COLFAX AVENUE 1100 EAST & DOWNING STREET NORTH,1,1,0,0,1,4, ,0,35,0,0,0,0,0,4,2,13
,2020-30414,39.74002,-104.9707,1/3/2020 17:33,17:33:00,15,0,0,COLFAX AVENUE EAST & LAFAYETTE STREET,1,3,0,0,1,4, ,0,30,0,0,0,0,0,2,2,8
,2020-30415,39.74003,-104.97073,1/6/2020 18:55,18:55:00,6,0,0,COLFAX AVENUE EAST & LAFAYETTE STREET,1,1,0,0,1,1, ,0,30,0,0,0,0,0,2,2,13
,2020-30416,39.73922,-104.97071,2/15/2020 10:35,10:35:00,6,0,0,LAFAYETTE SOUTH NORTH & COLFAX AVENUE EAST,7,1,0,0,1,4, ,0,25,0,0,0,0,0,4,2,13
,2020-30417,39.74003,-104.97073,2/2/2020 15:10,15:10:00,2,0,1,COLFAX AVENUE EAST & LAFAYETTE STREET,1,1,0,0,1,2, ,0,30,1,0,0,0,2,2,2,13
,2020-30418,39.74003,-104.9716,1/15/2020 18:40,18:40:00,12,0,0,COLFAX AVENUE 1300 EAST & HUMBOLDT STREET NORTH,1,3,0,0,1,2, ,0,,0,0,0,0,0,2,2,13
,2020-30419,39.74003,-104.9716,6/20/2020 2:36,2:36:00,2,0,1,COLFAX AVENUE 1300 EAST & HUMBOLDT STREET NORTH,1,3,0,0,1,4, ,0,0,1,0,0,0,1,2,2,16
,2020-30420,39.74002,-104.96908,1/21/2020 20:12,20:12:00,11,0,1,COLFAX AVENUE EAST & HUMBOLDT STREET NORTH,1,3,0,0,1,4, ,0,0,0,1,0,0,3,2,2,16
,2020-30421,39.74002,-104.96908,4/21/2020 21:00,21:00:00,12,0,1,COLFAX AVENUE EAST & FRANKLIN STREET NORTH,1,3,0,0,1,3, ,0,30,0,0,0,0,1,2,2,5
,2020-30422,39.74001,-104.96846,2/4/2020 12:25,12:25:00,10,0,0,COLFAX AVENUE EAST & FRANKLIN STREET NORTH,12,1,0,2,1,1, ,0,30,0,0,0,0,0,2,2,14
,2020-30423,39.74001,-104.96846,4/16/2020 8:41,8:41:00,3,0,2,COLFAX AVENUE EAST & PARK AVENUE WEST,7,1,0,2,1,1, ,0,30,0,0,0,0,1,2,2,3
,2020-30424,39.74001,-104.96846,6/12/2020 15:40,15:40:00,12,0,0,COLFAX AVENUE EAST & FRANKLIN STREET NORTH,1,1,0,0,1,1, ,0,30,0,0,0,0,0,2,2,3
,2020-30425,39.73999753,-104.9671879,3/9/2020 13:20,13:20:00,12,0,1,COLFAX AVENUE 1600 EAST & GILPIN STREET NORTH,1,1,0,0,1,4, ,0,,0,0,0,0,0,2,2,13
,2020-30426,39.74001,-104.96723,5/22/2020 20:59,20:59:00,2,0,1,COLFAX AVENUE EAST & GILPIN STREET NORTH,1,3,0,0,1,1, ,0,30,1,0,0,0,2,2,2,13
,2020-30427,39.74006053,-104.9857684,6/3/2020 6:53,6:53:00,12,0,1,COLFAX AVENUE & 1700 EAST COLFAX AVENUE,1,1,0,0,1,4, ,0,30,0,0,0,0,1,4,3,13
,2020-30428,39.74001,-104.96599,2/20/2020 20:25,20:25:00,6,0,0,COLFAX AVENUE EAST & WILLIAMS STREET NORTH,9,3,0,0,1,4, ,0,30,0,0,0,0,0,4,2,7
,2020-30429,39.74,-104.96538,2/9/2020 21:47,21:47:00,6,0,0,COLFAX AVENUE 1800 EAST & WILLIAMS STREET,4,3,0,0,1,4, ,0,30,0,0,0,0,0,4,3,13
,2020-30430,39.73999753,-104.9659819,4/19/2020 18:25,18:25:00,6,0,0,COLFAX AVENUE EAST & WILLIAMS STREET NORTH,1,1,0,0,1,4, ,0,35,0,0,0,0,0,4,2,13
,2020-30431,39.73974,-104.96564,2/13/2020 9:00,9:00:00,6,0,0,COLFAX AVENUE EAST & HIGH STREET NORTH,7,1,1,0,1,4, ,0,30,0,0,0,0,0,4,2,13
,2020-30432,39.74,-104.96477,3/6/2020 17:18,17:18:00,12,0,1,HIGH STREET NORTH & COLFAX AVENUE EAST,1,1,0,0,1,1, ,0,30,0,0,0,0,1,4,2,14
,2020-30433,39.73999753,-104.9647489,3/7/2020 1:02,1:02:00,6,0,0,COLFAX AVENUE EAST & HIGH STREET,1,3,0,0,1,4, ,0,30,0,0,0,0,0,2,2,13
,2020-30434,39.73999,-104.96347,3/19/2020 10:58,10:58:00,3,0,1,COLFAX AVENUE EAST & RACE STREET NORTH,9,1,0,2,1,1, ,0,30,0,0,0,0,1,1,2,3
,2020-30435,39.73999,-104.96347,5/28/2020 18:55,18:55:00,12,0,2,COLFAX AVENUE EAST & RACE STREET NORTH,1,1,0,0,1,1, ,0,35,0,0,0,0,1,2,2,13
,2020-30436,39.73999,-104.9622,1/8/2020 7:33,7:33:00,11,0,1,COLFAX AVENUE EAST & VINE STREET NORTH,1,1,0,0,1,1, ,0,25,0,1,0,0,1,2,2,14
,2020-30437,39.73999,-104.96101,2/27/2020 12:55,12:55:00,3,0,0,GAYLORD STREET NORTH & COLFAX AVENUE EAST,1,1,0,0,1,1, ,0,25,0,0,0,0,0,2,2,13
,2020-30438,39.73943,-104.96313,2/28/2020 12:13,12:13:00,6,0,0,COLFAX AVENUE EAST & RACE STREET NORTH,1,1,0,0,1,4, ,0,30,0,0,0,0,0,1,2,14
,2020-30439,39.73973,-104.9606,3/17/2020 16:00,16:00:00,6,0,0,COLFAX AVENUE EAST & GAYLORD STREET NORTH,1,1,0,0,1,4, ,0,30,0,0,0,0,0,2,2,13
,2020-30440,39.73999,-104.96224,4/1/2020 13:06,13:06:00,15,0,0,COLFAX AVENUE EAST & VINE STREET NORTH,1,1,0,0,1,4, ,0,30,0,0,0,0,0,2,2,14
,2020-30441,39.73999,-104.95978,3/5/2020 16:32,16:32:00,12,0,0,COLFAX AVENUE EAST & YORK STREET NORTH,1,1,0,0,1,3, ,0,30,0,0,0,0,0,2,2,13
,2020-30442,39.73998,-104.9597,1/12/2020 17:40,17:40:00,11,0,1,COLFAX AVENUE EAST & YORK STREET NORTH,1,3,0,0,1,1, ,0,30,0,1,0,0,1,4,2,14
,2020-30443,39.73998,-104.9597,1/13/2020 17:14,17:14:00,11,0,0,COLFAX AVENUE EAST & YORK STREET NORTH,1,2,0,0,1,1, ,0,30,0,1,0,0,0,2,2,4
,2020-30444,39.73918,-104.95978,2/12/2020 9:30,9:30:00,6,0,0,YORK STREET 1400 NORTH & COLFAX AVENUE EAST,1,1,0,0,1,2, ,0,30,0,0,0,0,0,4,3,7
,2020-30445,39.73999,-104.95978,3/30/2020 11:28,11:28:00,3,0,0,COLFAX AVENUE EAST & YORK STREET NORTH,1,1,0,0,1,1, ,0,30,0,0,0,0,0,2,2,13
,2020-30446,39.73999753,-104.9597989,5/10/2020 0:30,0:30:00,12,0,1,COLFAX AVENUE EAST & YORK STREET NORTH,1,3,0,0,1,4, ,0,30,0,0,0,1,1,4,2,5
,2020-30447,39.74012,-104.9588,1/24/2020 22:27,22:27:00,3,0,0,COLFAX AVENUE EAST & JOSEPHINE STREET NORTH,1,1,0,0,1,1, ,0,30,0,0,0,0,0,2,2,13
,2020-30448,39.74012,-104.95877,1/25/2020 6:05,6:05:00,3,0,0,COLFAX AVENUE EAST & JOSEPHINE STREET NORTH,1,3,0,0,1,1, ,0,30,0,0,0,0,0,4,2,13
,2020-30449,39.74012,-104.9588,5/4/2020 14:40,14:40:00,3,0,1,COLFAX AVENUE EAST & JOSEPHINE STREET NORTH,1,1,0,0,1,1, ,0,30,0,0,0,0,1,2,2,4
,2020-30450,39.74011,-104.9587,1/13/2020 14:30,14:30:00,6,0,0,COLFAX AVENUE EAST & JOSEPHINE STREET NORTH,1,1,0,0,1,4, ,0,,0,0,0,0,0,2,2,13
,2020-30451,39.74019,-104.9574,1/8/2020 19:26,19:26:00,11,0,1,COLFAX AVENUE EAST & COLUMBINE STREET NORTH,1,3,0,0,1,1, ,0,25,0,1,0,0,1,2,2,4
,2020-30452,39.74004,-104.95607,3/10/2020 14:50,14:50:00,15,0,0,COLFAX AVENUE EAST & ELIZABETH STREET NORTH,1,1,0,0,1,4, ,0,30,0,0,0,0,0,4,2,13
,2020-30453,39.74019,-104.95479,1/25/2020 20:30,20:30:00,6,0,0,COLFAX AVENUE EAST & DETROIT STREET,1,3,0,0,1,4, ,0,30,0,0,0,0,0,2,2,13
,2020-30454,39.74019,-104.95524,1/30/2020 10:49,10:49:00,6,0,0,COLFAX AVENUE EAST & DETROIT STREET,1,1,0,0,1,4, ,0,35,0,0,0,0,0,2,3,14
,2020-30455,39.74018,-104.95299,2/13/2020 16:25,16:25:00,3,0,0,COLFAX AVENUE EAST & FILLMORE STREET NORTH,1,1,0,0,1,1, ,0,25,0,0,0,0,0,2,3,1
,2020-30456,39.74017,-104.95182,2/28/2020 19:16,19:16:00,3,0,0,MILWAUKEE STREET NORTH & COLFAX AVENUE EAST,1,3,0,0,1,1, ,0,25,0,0,0,0,0,2,2,13
,2020-30457,39.74017,-104.95182,4/5/2020 18:35,18:35:00,12,0,0,COLFAX AVENUE EAST & MILWAUKEE STREET,1,1,1,0,1,1, ,0,30,0,0,0,0,0,4,2,13
,2020-30458,39.74017,-104.95128,3/6/2020 11:00,11:00:00,6,0,0,COLFAX AVENUE EAST & STREET PAUL STREET,1,1,0,0,1,4, ,0,30,0,0,0,0,0,2,2,13
,2020-30459,39.74017,-104.95096,4/5/2020 18:50,18:50:00,6,0,0,COLFAX AVENUE EAST & 3100 EAST,1,3,0,0,1,4, ,0,35,0,0,0,0,0,2,2,3
,2020-30460,39.74016,-104.94947,2/27/2020 6:24,6:24:00,6,0,0,COLFAX AVENUE 3200 EAST & STEELE STREET NORTH,1,2,0,0,1,4, ,0,30,0,0,0,0,0,2,2,13
,2020-30461,39.74015053,-104.9494489,5/5/2020 12:28,12:28:00,6,0,0,COLFAX AVENUE EAST & STEELE STREET,1,1,0,0,1,4, ,0,30,0,0,0,0,0,2,2,7
,2020-30462,39.74014153,-104.9482879,1/22/2020 13:30,13:30:00,8,0,1,COLFAX AVENUE EAST & ADAMS STREET,1,1,0,0,1,4, ,0,35,0,0,0,0,1,2,2,13
,2020-30463,39.74016,-104.94727,1/6/2020 18:45,18:45:00,5,0,0,COLFAX AVENUE EAST & COOK STREET,1,3,0,0,1,4, ,0,35,0,0,0,0,0,2,1,13
,2020-30464,39.74016,-104.94727,5/19/2020 15:00,15:00:00,5,0,0,COLFAX AVENUE EAST & COOK STREET NORTH,1,1,0,0,3,4, ,0,,0,0,0,0,0,2,1,13
,2020-30465,39.74015,-104.94654,4/17/2020 18:04,18:04:00,11,0,0,COLFAX AVENUE EAST & MADISON STREET,1,1,0,0,1,1, ,0,25,0,1,0,0,0,4,2,3
,2020-30466,39.74001,-104.94602,6/4/2020 10:30,10:30:00,6,0,0,COLFAX AVENUE 3500 EAST & MADISON STREET NORTH,1,1,0,0,1,4, ,0,,0,0,0,0,0,2,2,13
,2020-30467,39.74019553,-104.9406148,1/3/2020 10:45,10:45:00,6,0,0,COLFAX AVENUE & 3500 EAST,1,1,0,0,1,4, ,0,30,0,0,0,0,0,4,2,13
,2020-30468,39.74015,-104.94537,6/26/2020 17:48,17:48:00,6,0,0,COLFAX AVENUE EAST & MONROE STREET NORTH,11,1,0,1,1,4, ,0,35,0,0,0,0,0,2,3,5
,2020-30469,39.74014,-104.94416,2/2/2020 14:05,14:05:00,12,0,0,COLFAX AVENUE EAST & GARFIELD STREET NORTH,1,1,0,0,1,1, ,0,35,0,0,0,0,0,4,2,13
,2020-30470,39.74013,-104.9406,1/20/2020 3:47,3:47:00,12,0,0,COLFAX AVENUE EAST & COLORADO BOULEVARD NORTH,1,3,0,0,1,1, ,0,35,0,0,0,0,0,2,2,13
,2020-30471,39.74013,-104.9406,1/3/2020 20:05,20:05:00,12,0,0,COLFAX AVENUE EAST & COLORADO BOULEVARD NORTH,1,3,0,0,1,3, ,0,30,0,0,0,0,0,2,2,1
,2020-30472,39.74013,-104.93894,2/22/2020 16:25,16:25:00,12,0,0,COLFAX AVENUE 4100 EAST & ALBION STREET NORTH,1,1,0,0,1,4, ,0,30,0,0,0,0,0,2,2,3
,2020-30473,39.74013,-104.93839,2/13/2020 22:30,22:30:00,6,0,0,COLFAX AVENUE EAST & ASH STREET NORTH,5,3,0,0,1,4, ,0,35,0,0,0,0,0,1,2,13
,2020-30474,39.74013,-104.9372,1/8/2020 7:35,7:35:00,3,0,1,BELLAIRE STREET NORTH & COLFAX AVENUE EAST,1,1,0,0,1,1, ,0,35,0,0,0,0,1,2,2,13
,2020-30475,39.74014,-104.93724,3/9/2020 8:16,8:16:00,12,0,1,COLFAX AVENUE EAST & BELLAIRE STREET NORTH,1,2,0,0,1,1, ,0,35,0,0,0,0,1,2,3,1
,2020-30476,39.74014,-104.93615,2/10/2020 7:35,7:35:00,15,0,0,COLFAX AVENUE EAST & BIRCH STREET NORTH,4,1,0,0,1,4, ,0,30,0,0,0,0,0,2,2,13
,2020-30477,39.74006053,-104.9354809,4/11/2020 23:50,23:50:00,5,0,0,COLFAX AVENUE EAST & CLERMONT STREET,1,3,0,0,2,4, ,0,35,0,0,0,0,0,2,1,14
,2020-30478,39.74014,-104.9338,6/3/2020 12:56,12:56:00,15,0,1,COLFAX AVENUE EAST & CHERRY STREET NORTH,1,1,0,0,1,4, ,0,30,0,0,0,0,0,2,2,1
,2020-30479,39.74014,-104.93154,2/18/2020 7:15,7:15:00,3,0,0,COLFAX AVENUE EAST & DAHLIA STREET NORTH,1,1,0,0,1,1, ,0,25,0,0,0,0,0,2,2,1
,2020-30480,39.74014,-104.92922,4/20/2020 11:20,11:20:00,12,0,0,COLFAX AVENUE EAST & ELM STREET,1,1,0,0,1,3, ,0,35,0,0,0,0,0,4,2,13
,2020-30481,39.74014,-104.9298,2/14/2020 23:46,23:46:00,6,0,0,COLFAX AVENUE EAST & ELM STREET,1,3,0,0,1,1, ,0,30,0,0,0,0,0,4,2,13
,2020-30482,39.74014,-104.9298,6/8/2020 19:31,19:31:00,3,0,3,COLFAX AVENUE EAST & ELM STREET NORTH,1,1,0,0,1,1, ,0,35,0,0,0,0,2,2,3,5
,2020-30483,39.74015,-104.92578,5/12/2020 10:27,10:27:00,1,0,0,COLFAX AVENUE EAST & GLENCOE STREET NORTH,1,1,0,0,1,1, ,0,30,0,0,0,0,0,2,2,7
,2020-30484,39.74015,-104.92288,6/19/2020 13:36,13:36:00,12,0,1,COLFAX AVENUE 5500 EAST & HUDSON STREET NORTH,1,1,0,0,1,4, ,0,30,0,0,0,0,1,2,2,1
,2020-30485,39.74014,-104.9222,1/13/2020 11:30,11:30:00,15,0,0,COLFAX AVENUE 5600 EAST & HOLLY STREET NORTH,1,1,0,6,1,4, ,0,35,0,0,0,0,0,2,2,3
,2020-30486,39.74015,-104.91726,5/3/2020 14:31,14:31:00,5,0,0,COLFAX AVENUE EAST & KEARNEY STREET,1,1,0,0,2,3, ,0,35,0,0,0,0,0,4,1,5
,2020-30487,39.74014,-104.91633,1/23/2020 6:25,6:25:00,11,0,1,COLFAX AVENUE EAST & KRAMERIA STREET,1,2,0,0,1,1, ,0,0,0,1,0,0,3,2,2,16
,2020-30488,39.74014,-104.91506,1/8/2020 20:45,20:45:00,5,0,0,COLFAX AVENUE EAST & LEYDEN STREET NORTH,1,3,0,0,3,4, ,0,,0,0,0,0,0,4,1,13
,2020-30489,39.74016,-104.9128,1/29/2020 18:25,18:25:00,3,0,1,COLFAX AVENUE EAST & MONACO STREET,1,3,0,0,1,1, ,0,30,0,0,0,0,0,2,2,1
,2020-30490,39.74016,-104.9128,2/13/2020 6:17,6:17:00,5,0,0,COLFAX AVENUE EAST & MONACO STREET PARKWAY NORTH,10,1,0,2,3,1, ,0,30,0,0,0,0,0,2,2,1
,2020-30491,39.74016,-104.9128,3/31/2020 15:10,15:10:00,12,0,0,MONACO STREET  & COLFAX AVENUE EAST,1,1,0,0,1,1, ,0,30,0,0,0,0,0,4,2,4
,2020-30492,39.74015,-104.91243,6/14/2020 23:00,23:00:00,12,0,0,COLFAX AVENUE EAST & MONACO STREET SOUTHBOUND,1,3,0,0,1,1, ,0,35,0,0,0,0,0,2,2,14
,2020-30493,39.74016,-104.9128,3/10/2020 14:17,14:17:00,12,0,0,COLFAX AVENUE EAST & MONACO STREET,1,1,0,0,1,1, ,0,30,0,0,0,0,0,2,2,13
,2020-30494,39.74016,-104.9128,6/2/2020 10:09,10:09:00,10,0,0,MONACO STREET NORTH & COLFAX AVENUE EAST,1,1,0,0,1,1, ,0,,0,0,0,0,0,4,2,13
,2020-30495,39.74015,-104.91243,6/21/2020 22:17,22:17:00,3,0,0,COLFAX AVENUE EAST & MONACO STREET NORTH,1,3,0,0,1,1, ,0,,0,0,0,0,0,2,2,13
,2020-30496,39.74016,-104.9128,4/3/2020 14:57,14:57:00,5,0,0,COLFAX AVENUE EAST & MONACO STREET,1,1,0,0,3,4, ,0,30,0,0,0,0,0,2,1,5
,2020-30497,39.74015,-104.91204,2/19/2020 11:27,11:27:00,12,0,1,COLFAX AVENUE 6500 EAST & MONACO STREET PARKWAY NORTH,1,1,0,1,1,3, ,0,35,0,0,0,0,1,2,2,14
,2020-30498,39.74015,-104.9105,5/1/2020 13:15,13:15:00,15,0,0,COLFAX AVENUE EAST & NIAGRA STREET NORTH,1,1,0,0,1,4, ,1,30,0,0,0,0,0,2,2,1
,2020-30499,39.74016,-104.90694,1/20/2020 22:07,22:07:00,1,0,1,COLFAX AVENUE EAST & OLIVE STREET NORTH,1,3,0,0,1,1, ,0,35,0,0,0,0,1,4,2,14
,2020-30500,39.74009653,-104.9069194,5/11/2020 14:28,14:28:00,12,0,0,COLFAX AVENUE EAST & OLIVE STREET NORTH,11,1,0,1,1,1, ,0,35,0,0,0,0,0,2,2,3
,2020-30501,39.74015,-104.9058,3/1/2020 13:33,13:33:00,3,0,1,COLFAX AVENUE EAST & PONTIAC STREET NORTH,1,1,0,0,1,1, ,0,25,0,0,0,1,3,2,2,14
,2020-30502,39.74015,-104.9058,6/21/2020 2:24,2:24:00,12,0,0,COLFAX AVENUE EAST & PONTIAC STREET NORTH,1,3,0,0,1,1, ,0,35,0,0,0,0,0,1,2,1
,2020-30503,39.74016,-104.90465,6/17/2020 17:44,17:44:00,12,0,1,COLFAX AVENUE EAST & POPLAR STREET NORTH,1,1,0,0,1,3, ,0,35,0,0,0,0,1,2,3,1
,2020-30504,39.74015,-104.9046,1/6/2020 6:40,6:40:00,12,0,0,COLFAX AVENUE EAST & POPLAR STREET NORTH,1,3,0,0,1,1, ,0,35,0,0,0,0,0,4,3,7
,2020-30505,39.74016,-104.90463,3/28/2020 19:12,19:12:00,12,0,1,COLFAX AVENUE EAST & QUEBEC STREET NORTH,1,3,0,0,1,4, ,0,35,0,0,0,0,3,2,2,5
,2020-30506,39.74014,-104.9034,1/2/2020 20:19,20:19:00,1,0,1,QUEBEC STREET NORTH & COLFAX AVENUE EAST,1,3,0,0,1,1, ,0,30,0,0,0,0,0,4,2,1
,2020-30507,39.74015,-104.90346,3/12/2020 15:20,15:20:00,1,0,1,COLFAX AVENUE EAST & QUEBEC STREET NORTH,1,1,0,0,1,1, ,0,35,0,0,0,0,0,2,3,1
,2020-30508,39.74015,-104.90346,3/30/2020 17:00,17:00:00,15,0,0,QUEBEC STREET NORTH & COLFAX AVENUE EAST,1,1,0,0,1,1, ,0,35,0,0,0,0,0,4,2,13
,2020-30509,39.74015,-104.9023,1/9/2020 8:30,8:30:00,12,0,0,COLFAX AVENUE 7300 EAST & QUINCE STREET NORTH,1,1,0,0,1,3, ,0,35,0,0,0,0,0,2,2,4
,2020-30510,39.74016,-104.90232,2/25/2020 15:04,15:04:00,3,0,0,COLFAX AVENUE EAST & QUINCE STREET NORTH,1,1,0,0,1,1, ,0,25,0,0,0,0,0,4,2,13
,2020-30511,39.74016,-104.90232,2/28/2020 16:28,16:28:00,2,0,1,QUINCE STREET NORTH & COLFAX AVENUE EAST,1,1,0,0,1,3, ,0,0,1,0,0,0,2,4,2,16
,2020-30512,39.74015,-104.9023,1/4/2020 20:01,20:01:00,10,0,0,COLFAX AVENUE EAST & QUINCE STREET NORTH,1,3,0,0,1,5, ,0,30,0,0,0,0,0,2,2,14