id,drcog_id,latitude,longitude,crashtime,time,crashtype,numbkilled,numbinjurd,drcoglocat,rdconditin,lightngcon,roadcntgrd,weatherco,location,roaddescrp,schoolzone,constrzone,splimit,bikeinv,pedinv,sctrinv,motoinv,svrty,rdsystem,ttlvehcls,hcf
,2020-30513,39.74016,-104.90114,1/8/2020 9:46,9:46:00,3,0,1,COLFAX AVENUE EAST & ROSLYN STREET NORTH,1,1,0,0,1,1, ,0,,0,0,0,0,1,2,2,13
,2020-30514,39.74016,-104.89999,2/10/2020 13:05,13:05:00,6,0,0,ROSEMARY STREET NORTH & COLFAX AVENUE EAST,10,1,0,0,1,4, ,0,25,0,0,0,0,0,4,2,1
,2020-30515,39.74016,-104.89999,4/20/2020 7:20,7:20:00,2,0,1,ROSEMARY STREET NORTH & COLFAX AVENUE EAST,11,1,0,0,1,1, ,0,0,1,0,0,0,1,2,2,16
,2020-30516,39.73966,-104.89612,1/17/2020 13:00,13:00:00,15,0,0,COLFAX AVENUE EAST & TAMARAC STREET NORTH,1,1,0,0,1,4, ,0,35,0,0,0,0,0,2,2,3
,2020-30517,39.74016,-104.89525,3/12/2020 21:21,21:21:00,1,0,1,COLFAX AVENUE EAST & TAMARAC STREET NORTH,1,3,0,0,1,1, ,0,35,0,0,0,1,3,2,2,13
,2020-30518,39.74015,-104.89403,6/12/2020 21:45,21:45:00,10,0,1,COLFAX AVENUE EAST & ULSTER STREET NORTH,1,3,0,0,1,2, ,0,35,0,0,0,0,1,2,2,13
,2020-30519,39.74015,-104.89403,5/6/2020 14:02,14:02:00,6,0,0,COLFAX AVENUE EAST & ULSTER STREET NORTH,1,1,0,0,1,3, ,0,35,0,0,0,0,0,2,2,7
,2020-30520,39.74016,-104.89288,2/10/2020 19:47,19:47:00,12,0,0,COLFAX AVENUE 8100 EAST & UINTA STREET NORTH,9,3,0,2,1,4, ,0,35,0,0,0,0,0,2,2,1
,2020-30521,39.74016,-104.89286,2/10/2020 19:29,19:29:00,12,0,0,COLFAX AVENUE EAST & UINTA STREET NORTH,4,3,0,2,1,3, ,0,35,0,0,0,0,0,2,3,7
,2020-30522,39.74016,-104.89286,6/5/2020 6:50,6:50:00,12,0,0,COLFAX AVENUE EAST & UINTA STREET NORTH,1,1,0,0,1,1, ,0,35,0,0,0,0,0,2,2,7
,2020-30523,39.74,-104.8927,3/13/2020 14:02,14:02:00,6,0,0,COLFAX AVENUE EAST & UINTA STREET NORTH,1,1,0,0,1,4, ,0,35,0,0,0,0,0,4,2,9
,2020-30524,39.74016,-104.89168,1/15/2020 9:50,9:50:00,3,0,0,COLFAX AVENUE EAST & VALENTIA STREET NORTH,1,1,0,0,1,1, ,0,35,0,0,0,0,0,2,2,13
,2020-30525,39.74016,-104.88937,1/25/2020 8:47,8:47:00,3,0,1,COLFAX AVENUE EAST & WABASH STREET NORTH,1,1,0,0,1,1, ,0,25,0,0,0,0,1,4,2,13
,2020-30526,39.74015,-104.8858,1/2/2020 17:30,17:30:00,3,0,0,COLFAX AVENUE EAST & XENIA STREET NORTH,1,1,0,0,1,1, ,0,,0,0,0,0,0,2,2,13
,2020-30529,39.74016,-104.88465,1/25/2020 6:17,6:17:00,3,0,0,COLFAX AVENUE EAST & YOSEMITE STREET NORTH,1,3,0,0,1,3, ,0,35,0,0,0,0,0,4,2,13
,2020-30530,39.74016,-104.88465,5/17/2020 22:42,22:42:00,3,0,1,COLFAX AVENUE EAST & YOSEMITE STREET NORTH,1,3,0,0,1,1, ,0,,0,0,0,0,1,4,2,13
,2020-30975,39.77401,-104.84703,5/29/2020 17:41,17:41:00,12,0,1,I70 & PEORIA STREET NORTH,1,1,0,0,1,4, ,0,55,0,0,0,1,1,2,2,7
,2020-30978,39.68489489,-104.9510043,2/14/2020 9:03,9:03:00,15,0,0,I25 NORTH OFF RAMP MERGE POINT & I70,1,1,1,0,1,14, ,0,55,0,0,0,0,0,1,3,13
,2020-31167,39.7794,-104.97915,2/22/2020 23:03,23:03:00,1,0,0,I70 EASTBOUND RAMPS & WASHINGTON STREET NORTH,1,3,0,0,1,1, ,0,35,0,0,0,0,0,4,2,13
,2020-31384,39.78368,-105.05324,2/3/2020 9:57,9:57:00,5,0,1,I70 & SHERIDAN BOULEVARD NORTH,4,1,1,2,2,4, ,0,55,0,0,0,0,0,1,1,13
,2020-31385,39.78353,-105.05324,4/12/2020 7:16,7:16:00,9,0,0,I70 & SHERIDAN BOULEVARD NORTH,7,1,1,2,2,4, ,0,55,0,0,0,0,0,1,1,13
,2020-31386,39.78353,-105.05324,5/21/2020 13:26,13:26:00,15,0,0,I70 & SHERIDAN BOULEVARD NORTH,1,1,0,0,1,4, ,0,,0,0,0,0,0,1,2,13
,2020-31387,39.78368,-105.05324,5/14/2020 20:59,20:59:00,5,0,0,I70 & SHERIDAN BOULEVARD NORTH,1,4,1,0,3,4, ,0,,0,0,0,0,0,1,1,13
,2020-31388,39.78368,-105.05324,2/3/2020 8:24,8:24:00,12,0,0,I70 & SHERIDAN BOULEVARD NORTH,4,1,1,2,1,4, ,0,65,0,0,0,0,0,1,2,7
,2020-31389,39.78353,-105.05324,2/11/2020 11:45,11:45:00,15,0,0,I70 EAST ON RAMP EXIT GORE POINT & SHERIDAN B NORTH,11,1,1,0,1,14, ,0,55,0,0,0,0,0,1,2,13
,2020-31390,39.78353,-105.05324,2/3/2020 21:05,21:05:00,5,0,0,I70 & SHERIDAN BOULEVARD NORTH,7,3,1,2,3,4, ,0,65,0,0,0,0,0,1,1,7
,2020-31391,39.78346313,-105.0112169,4/8/2020 5:25,5:25:00,15,0,1,I70 & MM 272,1,3,0,0,1,4, ,0,65,0,0,0,0,1,1,2,13
,2020-31392,39.78364,-105.04394,4/27/2020 20:20,20:20:00,15,0,0,I70 & TENNYSON STREET NORTH,1,3,0,0,1,4, ,0,65,0,0,0,0,0,1,2,5
,2020-31393,39.78368,-105.05324,2/26/2020 14:05,14:05:00,15,0,1,I70 WB & SHERIDAN BOULEVARD NORTH,1,1,1,0,1,4, ,0,65,0,0,0,0,1,1,2,1
,2020-31394,39.78345,-105.03458,3/29/2020 17:44,17:44:00,12,0,0,I70 & LOWELL BOULEVARD NORTH,1,1,0,0,1,4, ,0,60,0,0,0,0,0,1,2,1
,2020-31395,39.78345,-105.03458,3/1/2020 9:35,9:35:00,12,0,0,I70 & LOWELL BOULEVARD NORTH,1,1,0,0,1,4, ,0,65,0,0,0,0,0,1,2,1
,2020-31396,39.78347653,-105.0345979,1/7/2020 18:27,18:27:00,3,0,1,I70 WB OFF RAMP & LOWELL BOULEVARD NORTH,1,3,1,0,1,1, ,0,45,0,0,0,0,0,1,2,8
,2020-31397,39.78423,-105.02519,5/1/2020 11:26,11:26:00,5,0,0,I70 & FEDERAL BOULEVARD NORTH,1,1,0,0,1,4, ,0,65,0,0,0,0,0,1,2,13
,2020-31398,39.78347653,-105.0345979,2/11/2020 8:04,8:04:00,15,0,0,I70 EASTBOUND ON RAMP & LOWELL B NORTH,7,1,0,0,1,4, ,0,55,0,0,0,0,0,1,3,3
,2020-31399,39.78433153,-105.0250894,3/3/2020 8:55,8:55:00,5,0,0,I70 EASTBOUND EXIT GORE POINT TO & FEDERAL BOULEVARD,1,1,0,0,1,4, ,0,55,0,0,0,0,0,1,2,1
,2020-31400,39.78423,-105.02519,6/23/2020 17:09,17:09:00,12,0,0,I70 EASTBOUND OFF RAMP & FEDERAL BOULEVARD NORTH,1,1,1,0,1,14, ,0,65,0,0,0,0,0,1,2,7
,2020-31401,39.78423,-105.02519,1/31/2020 8:25,8:25:00,12,0,3,I70 EASTBOUND OFF RAMP TO & FEDERAL BOULEVARD NORTH,1,1,1,0,1,14, ,0,45,0,0,0,0,1,1,3,13
,2020-31402,39.78433153,-105.0250894,3/13/2020 10:08,10:08:00,12,0,0,I70 EASTBOUND OFF RAMP TO & FEDERAL BOULEVARD,11,1,1,2,1,14, ,0,35,0,0,0,0,0,1,2,13
,2020-31403,39.78423,-105.02519,1/14/2020 6:57,6:57:00,12,0,0,I70 & FEDERAL BOULEVARD NORTH,1,1,1,0,1,4, ,0,65,0,0,0,0,0,1,2,13
,2020-31404,39.78423,-105.02519,1/17/2020 10:05,10:05:00,15,0,0,I70 & FEDERAL BOULEVARD NORTH,1,1,1,0,1,4, ,0,,0,0,0,0,0,1,2,13
,2020-31405,39.78433153,-105.0250894,6/11/2020 22:25,22:25:00,12,0,1,I70 WB OFF RAMP & FEDERAL BOULEVARD NORTH,1,3,1,0,1,14, ,0,55,0,0,0,0,1,1,2,13
,2020-31406,39.78439,-105.02519,3/19/2020 8:56,8:56:00,12,0,0,I70 & MM 272.50,11,1,0,2,1,4, ,0,55,0,0,0,0,0,1,2,1
,2020-31407,39.78312553,-105.0064414,1/28/2020 17:24,17:24:00,12,0,0,I70 & PECOS STREET NORTH,1,4,0,0,1,4, ,0,55,0,0,0,0,0,1,2,13
,2020-31408,39.78324253,-105.0064504,3/8/2020 22:49,22:49:00,5,0,0,I70 EASTBOUND OFF RAMP TO & PECOS STREET NORTH,11,3,1,1,2,14, ,0,55,0,0,0,0,0,1,1,13
,2020-31409,39.78312553,-105.0064414,1/14/2020 8:19,8:19:00,12,0,0,I70 & PECOS STREET,1,1,1,0,1,4, ,0,65,0,0,0,0,0,1,2,13
,2020-31410,39.78312553,-105.0064414,1/14/2020 8:35,8:35:00,12,0,0,I70 & PECOS STREET NORTH,1,1,1,0,1,4, ,0,55,0,0,0,0,0,1,2,13
,2020-31411,39.78312553,-105.0064414,1/21/2020 6:50,6:50:00,12,0,0,I70 & PECOS STREET NORTH,1,1,0,0,1,4, ,0,55,0,0,0,0,0,1,2,3
,2020-31412,39.78312553,-105.0064414,1/24/2020 12:49,12:49:00,5,0,0,I70 & PECOS STREET NORTH,1,5,0,0,3,4, ,0,55,0,0,0,0,0,1,1,3
,2020-31413,39.78312553,-105.0064414,2/17/2020 16:42,16:42:00,15,0,0,I70 & PECOS STREET NORTH,1,1,0,0,1,4, ,0,45,0,0,0,0,0,1,2,13
,2020-31414,39.78312553,-105.0064414,2/22/2020 10:10,10:10:00,5,0,0,I70 EAST & PECOS STREET NORTH,1,1,0,0,3,4, ,0,55,0,0,0,0,0,1,1,3
,2020-31415,39.78312553,-105.0064414,2/28/2020 4:47,4:47:00,12,0,0,I70 & PECOS STREET NORTH,1,3,0,0,1,4, ,0,,0,0,0,0,0,1,2,13
,2020-31416,39.78312553,-105.0064414,3/4/2020 7:24,7:24:00,12,0,0,I70 & PECOS STREET NORTH,1,1,0,0,1,4, ,0,55,0,0,0,0,0,1,2,13
,2020-31417,39.78312553,-105.0064414,6/17/2020 14:29,14:29:00,5,0,0,I70 & PECOS STREET NORTH,1,1,1,0,1,4, ,0,55,0,0,0,0,0,1,2,13
,2020-31418,39.78324253,-105.0064504,5/23/2020 21:34,21:34:00,12,0,1,I70 WB OFF RAMP & PECOS STREET NORTH,1,3,0,0,1,14, ,0,,0,0,0,0,1,1,2,13
,2020-31419,39.78391303,-105.0062389,1/14/2020 8:02,8:02:00,3,0,0,PECOS STREET NORTH & 48TH AVENUE WEST,1,1,0,0,1,6, ,0,20,0,0,0,0,0,4,2,3
,2020-31420,39.78391303,-105.0062389,2/13/2020 18:46,18:46:00,5,0,0,PECOS STREET NORTH & 48TH AVENUE WEST,11,3,0,0,2,6, ,0,35,0,0,0,0,0,1,1,5
,2020-31421,39.78391303,-105.0062389,2/21/2020 17:44,17:44:00,8,0,0,48TH AVENUE W/I70 WB ON RAMP & PECOS STREET NORTH,1,2,0,0,1,6, ,0,15,0,0,0,0,0,4,2,1
,2020-31422,39.78324253,-105.0064504,3/4/2020 6:55,6:55:00,3,0,0,I70 WB OFF RAMP & PECOS STREET NORTH,1,1,0,0,1,6, ,0,25,0,0,0,0,0,1,2,13
,2020-31423,39.78324253,-105.0064504,6/11/2020 11:59,11:59:00,3,0,1,I70 WB OFF RAMP & PECOS STREET NORTH,1,1,1,0,1,6, ,0,35,0,0,0,0,0,1,2,13
,2020-31424,39.78324253,-105.0064504,2/7/2020 17:27,17:27:00,15,0,0,PECOS STREET NORTH & I70 EASTBOUND RAMPS,7,3,0,2,1,6, ,0,35,0,0,0,0,0,4,2,7
,2020-31425,39.78324253,-105.0064504,3/12/2020 5:45,5:45:00,5,0,0,PECOS STREET NORTH & I70 EASTBOUND RAMPS,1,3,0,0,3,6, ,0,20,0,0,0,0,0,4,2,1
,2020-31426,39.78312553,-105.0064414,6/1/2020 18:30,18:30:00,15,0,2,I70 & PECOS STREET NORTH,1,1,0,0,1,4, ,0,55,0,0,0,0,1,1,2,13
,2020-31427,39.78324253,-105.0064504,5/9/2020 13:40,13:40:00,12,0,0,I70 EASTBOUND ON RAMP & PECOS STREET NORTH,1,1,0,0,1,14, ,0,20,0,0,0,0,0,4,2,13
,2020-31428,39.78312553,-105.0064414,1/28/2020 23:52,23:52:00,5,0,1,I70 & PECOS STREET NORTH,1,3,0,0,1,4, ,0,55,0,0,0,0,2,1,1,13
,2020-31429,39.78324253,-105.0064504,2/21/2020 6:35,6:35:00,5,0,0,I70 WEST OFF RAMP SPLIT POINT & PECOS STREET NORTH,1,2,0,0,3,14, ,0,25,0,0,0,0,0,1,1,13
,2020-31430,39.78312553,-105.0064414,1/6/2020 7:26,7:26:00,12,0,0,I70 & PECOS STREET NORTH,1,1,1,0,1,4, ,0,55,0,0,0,0,0,1,3,13
,2020-31431,39.7794,-104.97915,2/11/2020 15:28,15:28:00,12,0,0,I70 EAST & WASHINGTON STREET NORTH,1,1,0,0,1,4, ,0,65,0,0,0,0,0,1,2,7
,2020-31432,39.75120256,-104.9781188,1/13/2020 9:57,9:57:00,12,0,0,I70 & MM 273.25,1,1,0,0,1,4, ,0,65,0,0,0,0,0,1,2,13
,2020-31433,39.78324253,-105.0064504,1/12/2020 2:44,2:44:00,5,0,0,I70 EASTBOUND EXIT GORE POINT TO & PECOS STREET NORTH,1,3,0,0,3,4, ,0,55,0,0,0,0,0,1,1,2
,2020-31434,39.7794,-104.97916,2/10/2020 17:00,17:00:00,15,0,0,I70 EAST & WASHINGTON STREET NORTH,1,3,0,0,1,4, ,0,55,0,0,0,0,0,1,2,1
,2020-31435,39.78004,-104.98919,2/27/2020 7:25,7:25:00,15,0,0,I70 EASTBOUND EXIT GORE POINT TO & I25 NORTHBOUND,1,1,0,0,1,4, ,0,65,0,0,0,0,0,1,2,1
,2020-31436,39.78312553,-105.0064414,2/8/2020 7:41,7:41:00,12,0,0,I70 & PECOS STREET NORTH,11,1,1,0,1,4, ,0,65,0,0,0,0,0,1,2,13
,2020-31437,39.78006553,-104.9895709,2/20/2020 21:50,21:50:00,15,0,1,I70 EAST & I25 SOUTH ON RAMP SPLIT,1,3,0,0,1,4, ,0,65,0,0,0,0,0,1,2,5
,2020-31438,39.78006553,-104.9895709,2/11/2020 19:00,19:00:00,5,0,0,I70 EAST & I25 SOUTH ON RAMP SPLIT POINT,11,3,1,0,3,4, ,0,45,0,0,0,0,0,1,2,8
,2020-31439,39.78011,-104.9895,1/12/2020 16:40,16:40:00,12,0,0,I70 EASTBOUND OFF RAMP TO & I25 EXIT GORE POINT,1,1,1,0,1,14, ,0,,0,0,0,0,0,1,3,13
,2020-31440,39.78011,-104.98956,1/27/2020 8:16,8:16:00,12,0,0,I70 EASTBOUND OFF RAMP ENTRANCE GORE POINT TO & I25 SOUTHBOUND,1,1,1,0,1,14, ,0,65,0,0,0,0,0,1,2,3
,2020-31441,39.78011,-104.98956,2/8/2020 7:17,7:17:00,5,0,1,I70 EASTBOUND OFF RAMP ENTRANCE GORE POINT TO & I25 SOUTHBOUND,7,1,1,0,2,14, ,0,55,0,0,0,0,1,1,1,13
,2020-31442,39.78011,-104.98956,4/26/2020 0:44,0:44:00,15,0,0,I70 EASTBOUND OFF RAMP EXIT GORE POINT TO & I25 SOUTHBOUND,1,3,1,0,1,14, ,0,55,0,0,0,0,0,1,2,1
,2020-31443,39.78004,-104.98919,2/3/2020 7:18,7:18:00,5,0,0,I70 EASTBOUND OFF RAMP LOOP ENTRANCE GORE POINT TO & I25 NORTHBOUND,4,1,1,1,3,14, ,0,45,0,0,0,0,0,1,1,13
,2020-31444,39.78011,-104.98956,2/19/2020 22:41,22:41:00,5,0,0,I70 EAST & I25 SOUTH ON RAMP SPLIT POINT,4,3,0,0,3,4, ,0,65,0,0,0,0,0,1,1,7
,2020-31445,39.78002953,-104.9894089,2/20/2020 21:51,21:51:00,15,0,1,I70 EAST & I25,1,3,0,0,1,4, ,0,55,0,0,0,0,1,1,2,13
,2020-31446,39.78022753,-104.9894179,6/10/2020 11:46,11:46:00,12,0,0,I70 EASTBOUND OFF RAMP & I25 RAMP J SPLIT,1,1,0,0,1,14, ,0,45,0,0,0,0,0,2,2,8
,2020-31447,39.78014,-104.96709,6/7/2020 3:11,3:11:00,12,0,0,I70 & MM 274,1,3,1,0,1,4, ,0,,0,0,0,0,0,1,2,13
,2020-31448,39.78000253,-104.9891794,2/27/2020 7:38,7:38:00,15,0,0,I70 & EASTBOUND OFF RAMP TO I25 SOUTHBOUND,1,1,1,0,1,14, ,0,55,0,0,0,0,0,1,2,3
,2020-31449,39.78011,-104.98956,5/22/2020 7:47,7:47:00,15,0,1,I70 & I25,1,1,1,0,1,14, ,0,45,0,0,0,0,1,1,2,13
,2020-31450,39.78011,-104.9895,1/13/2020 7:23,7:23:00,15,0,0,I70 EASTBOUND OFF RAMP & I25,1,2,1,0,1,14, ,0,55,0,0,0,0,0,1,2,7
,2020-31451,39.78011,-104.98956,1/16/2020 13:53,13:53:00,12,0,0,I70 EASTBOUND OFF RAMP & I25,1,1,0,0,1,14, ,0,45,0,0,0,0,0,1,2,3
,2020-31452,39.78004,-104.9891,1/9/2020 7:03,7:03:00,12,0,0,I70 & I25,1,1,0,0,1,4, ,0,65,0,0,0,0,0,1,2,13
,2020-31453,39.78004,-104.98919,2/27/2020 9:05,9:05:00,12,0,1,I70 EASTBOUND & I25 NORTHBOUND,1,1,0,0,1,4, ,0,55,0,0,0,0,1,1,2,13
,2020-31454,39.78011,-104.98956,4/3/2020 7:00,7:00:00,12,0,0,I70 & I25,4,1,1,0,1,4, ,0,35,0,0,0,0,0,1,2,13
,2020-31455,39.78002953,-104.9894089,4/3/2020 7:10,7:10:00,15,0,0,I70 & I25,4,1,0,0,1,4, ,0,55,0,0,0,0,0,1,3,13
,2020-31456,39.78004,-104.98919,2/7/2020 23:50,23:50:00,5,0,1,I70 EASTBOUND OFF RAMP LOOP TO & I25 NORTHBOUND,7,3,1,0,3,14, ,0,45,0,0,0,0,1,1,1,14
,2020-31457,39.78027,-104.98956,3/3/2020 8:00,8:00:00,15,0,0,I70 WB OFF RAMP LOOP ENTRANCE GORE POINT TO & I25 SOUTHBOUND,1,1,1,0,1,14, ,0,55,0,0,0,0,0,1,2,13
,2020-31458,39.78021,-104.98919,4/16/2020 19:03,19:03:00,5,0,1,I70 WB ON RAMP LOOP FROM & I25 NORTHBOUND OFF RAMP,4,2,1,2,3,14, ,0,45,0,0,0,0,1,1,1,14
,2020-31459,39.78027,-104.98956,5/11/2020 1:24,1:24:00,5,0,0,I70 WB OFF RAMP SPLIT TO & I25 SOUTHBOUND,1,3,1,0,2,14, ,0,,0,0,0,0,0,1,1,13
,2020-31460,39.78004,-104.98919,1/31/2020 7:40,7:40:00,12,0,0,I70 EASTBOUND ON RAMP SPLIT FROM & I25 NORTHBOUND,1,1,1,0,1,14, ,0,65,0,0,0,0,0,1,2,13
,2020-31461,39.77968,-104.97916,2/11/2020 8:35,8:35:00,12,0,1,I70 EAST & WASHINGTON STREET NORTH,4,1,1,0,1,4, ,0,55,0,0,0,0,1,1,3,13
,2020-31462,39.77947153,-104.9792794,1/26/2020 1:43,1:43:00,5,0,1,I70 & WASHINGTON STREET NORTH,1,3,0,0,3,4, ,0,,0,0,0,0,0,1,1,13
,2020-31463,39.7794,-104.97915,3/4/2020 7:43,7:43:00,12,0,0,I70 & WASHINGTON STREET NORTH EXIT GORE POINT,1,1,0,0,1,4, ,0,55,0,0,0,0,0,1,2,13
,2020-31464,39.7794,-104.97915,2/3/2020 23:50,23:50:00,12,0,0,I70 & WASHINGTON STREET NORTH,4,3,0,2,1,4, ,0,55,0,0,0,0,0,1,2,13
,2020-31465,39.77967,-104.9791,1/9/2020 18:26,18:26:00,15,0,0,I70 WB ON RAMP & WASHINGTON STREET NORTH,1,4,1,0,1,14, ,0,65,0,0,0,0,0,1,2,1
,2020-31466,39.7794,-104.97915,1/15/2020 9:11,9:11:00,15,0,0,I70 EASTBOUND OFF RAMP TO & WASHINGTON STREET NORTH,1,1,1,0,1,14, ,0,45,0,0,0,0,0,1,2,13
,2020-31467,39.77966052,-104.9792614,2/8/2020 10:53,10:53:00,6,0,0,I70 EASTBOUND OFF RAMP TO & WASHINGTON STREET NORTH,11,1,0,0,1,14, ,0,25,0,0,0,0,0,4,2,14
,2020-31468,39.76273,-104.97916,5/13/2020 3:06,3:06:00,15,0,0,I70 EASTBOUND OFF SLIP RAMP & WASHINGTON STREET NORTH,1,3,1,0,1,14, ,0,,0,0,0,0,0,1,2,13
,2020-31469,39.77939,-104.9791,1/7/2020 8:20,8:20:00,12,0,0,I70 & WASHINGTON STREET NORTH,1,1,1,0,1,4, ,0,65,0,0,0,0,0,1,2,13
,2020-31470,39.77968,-104.97916,1/14/2020 7:59,7:59:00,12,0,0,I70 & WASHINGTON STREET NORTH,1,1,0,0,1,4, ,0,65,0,0,0,0,0,1,2,3
,2020-31471,39.7794,-104.97916,1/18/2020 23:53,23:53:00,12,0,1,I70 & WASHINGTON STREET NORTH,1,3,0,0,1,4, ,0,65,0,0,0,0,0,1,2,5
,2020-31472,39.77968,-104.97916,5/20/2020 14:23,14:23:00,5,0,0,I70 & WASHINGTON STREET NORTH,1,1,1,0,2,4, ,0,55,0,0,0,0,0,1,1,1
,2020-31473,39.7794,-104.97915,6/3/2020 8:31,8:31:00,15,0,0,I70 & WASHINGTON STREET NORTH,1,1,0,0,1,4, ,0,55,0,0,0,0,0,1,2,13
,2020-31474,39.77967,-104.9791,1/13/2020 15:19,15:19:00,1,0,0,WASHINGTON STREET NORTH & I70 WB ON RAMP,1,1,1,0,1,1, ,0,35,0,0,0,0,0,4,2,13
,2020-31475,39.77968,-104.97916,1/22/2020 5:55,5:55:00,12,0,0,I70 & WASHINGTON STREET NORTH,1,2,0,0,1,3, ,0,35,0,0,0,0,0,1,2,13
,2020-31476,39.77875,-104.97922,2/17/2020 5:49,5:49:00,3,0,0,WASHINGTON STREET NORTH & I70 WEST OFF RAMP,1,3,0,0,1,1, ,0,30,0,0,0,0,0,4,2,13
,2020-31477,39.77968,-104.97916,4/21/2020 11:52,11:52:00,1,0,1,WASHINGTON STREET NORTH & I70 WB RAMPS,1,1,0,0,1,1, ,0,30,0,0,0,0,1,4,2,7
,2020-31478,39.77966052,-104.9792614,6/16/2020 12:30,12:30:00,12,0,0,I70 WB OFF RAMP & WASHINGTON STREET NORTH,1,1,1,0,1,1, ,0,40,0,0,0,0,0,1,2,13
,2020-31479,39.77968,-104.97916,6/26/2020 19:12,19:12:00,1,0,0,WASHINGTON STREET NORTH & I70 WB ON RAMP,11,1,0,1,1,1, ,0,35,0,0,0,0,0,1,2,1
,2020-31480,39.7794,-104.97915,2/21/2020 16:02,16:02:00,3,0,0,WASHINGTON STREET NORTH & I70 EAST OFF RAMP,1,1,0,0,1,1, ,0,35,0,0,0,0,0,4,3,13
,2020-31481,39.77968,-104.97916,2/25/2020 8:06,8:06:00,15,0,0,WASHINGTON STREET NORTH & I70 WB,1,1,0,0,1,1, ,0,35,0,0,0,0,0,4,2,13
,2020-31482,39.77966052,-104.9792614,3/6/2020 11:44,11:44:00,15,0,0,WASHINGTON STREET NORTH & I70 EASTBOUND ON RAMP,1,1,0,0,1,1, ,0,35,0,0,0,0,0,4,2,13
,2020-31483,39.7794,-104.97915,3/23/2020 12:13,12:13:00,1,0,1,WASHINGTON STREET NORTH & I70 EASTBOUND ON RAMP,1,1,1,0,1,1, ,0,35,0,0,0,0,1,4,3,13
,2020-31484,39.7794,-104.97915,2/27/2020 9:29,9:29:00,12,0,1,I70 & WASHINGTON STREET NORTH,1,1,0,0,1,4, ,0,65,0,0,0,0,1,1,2,1
,2020-31485,39.77966052,-104.9792614,1/7/2020 14:11,14:11:00,12,0,1,I70 WB OFF SLIP RAMP & WASHINGTON STREET NORTH,1,1,1,0,1,14, ,0,35,0,0,0,0,1,1,2,13
,2020-31486,39.7794,-104.97915,2/3/2020 22:44,22:44:00,15,0,0,I70 & WASHINGTON STREET NORTH,10,3,0,2,1,4, ,0,65,0,0,0,0,0,1,2,13
,2020-31487,39.77947153,-104.9792794,1/9/2020 20:46,20:46:00,15,0,0,I70 & WASHINGTON STREET EASTBOUND ENTRANCE GORE POINT,1,1,0,1,1,4, ,0,,0,0,0,0,0,1,2,13
,2020-31488,39.77968,-104.97916,2/24/2020 10:50,10:50:00,12,0,0,I70 & WASHINGTON STREET NORTH WB EXIT GORE POINT,1,1,0,0,1,4, ,0,55,0,0,0,0,0,1,2,3
,2020-31489,39.77988,-104.9671,1/4/2020 16:16,16:16:00,12,0,0,I70 & BRIGHTON BOULEVARD NORTH EXIT GORE POINT,1,2,0,0,1,4, ,0,55,0,0,0,0,0,1,2,13
,2020-31490,39.77988,-104.96717,6/9/2020 23:19,23:19:00,5,0,0,I70 & BRIGHTON BOULEVARD NORTH EXIT GORE POINT,1,3,0,0,3,4, ,0,60,0,0,0,0,0,1,1,2
,2020-31491,39.78014,-104.96709,5/6/2020 1:16,1:16:00,9,0,1,I70 & BRIGHTON BOULEVARD NORTH,1,3,0,0,3,4, ,0,55,0,0,0,0,1,1,1,7
,2020-31492,39.77988,-104.96717,4/28/2020 21:01,21:01:00,5,0,0,I70 & BRIGHTON BOULEVARD NORTH,1,3,1,0,3,4, ,0,,0,0,0,0,0,1,1,5
,2020-31493,39.77988,-104.96717,4/13/2020 9:50,9:50:00,15,0,0,I70 & BRIGHTON BOULEVARD NORTH,9,1,0,0,1,4, ,0,65,0,0,0,0,0,1,3,7
,2020-31494,39.77988,-104.96717,4/28/2020 21:01,21:01:00,5,0,0,BRIGHTON BOULEVARD NORTH & I70,1,3,1,0,3,4, ,0,,0,0,0,0,0,1,1,5
,2020-31495,39.77988,-104.9671,1/8/2020 6:50,6:50:00,15,0,0,I70 & BRIGHTON BOULEVARD NORTH,1,2,0,0,1,4, ,0,,0,0,0,0,0,1,2,13
,2020-31496,39.77988,-104.96717,1/23/2020 10:00,10:00:00,15,0,0,I70 & BRIGHTON BOULEVARD NORTH,1,1,0,0,1,4, ,0,55,0,0,0,0,0,1,2,3
,2020-31497,39.77988,-104.96717,1/27/2020 5:40,5:40:00,15,0,0,I70 & BRIGHTON BOULEVARD NORTH,1,3,0,0,1,4, ,0,55,0,0,0,0,0,1,2,13
,2020-31498,39.78039255,-104.9669254,2/2/2020 7:00,7:00:00,15,0,0,I70 & BRIGHTON BOULEVARD NORTH,1,1,0,0,1,4, ,0,55,0,0,0,0,0,1,2,13
,2020-31499,39.77988,-104.96717,2/5/2020 8:25,8:25:00,15,0,0,I70 EAST & BRIGHTON B NORTH,1,1,0,0,1,4, ,0,55,0,0,0,0,0,1,2,13
,2020-31500,39.77988,-104.96717,2/13/2020 6:07,6:07:00,15,0,0,I70 EAST & BRIGHTON B NORTH,9,2,0,0,1,4, ,0,55,0,0,0,0,0,1,2,13