id,drcog_id,latitude,longitude,crashtime,time,crashtype,numbkilled,numbinjurd,drcoglocat,rdconditin,lightngcon,roadcntgrd,weatherco,location,roaddescrp,schoolzone,constrzone,splimit,bikeinv,pedinv,sctrinv,motoinv,svrty,rdsystem,ttlvehcls,hcf
,2020-31501,39.77988,-104.96717,2/14/2020 7:35,7:35:00,15,0,0,I70 EAST & BRIGHTON B NORTH,2,1,0,0,1,4, ,0,65,0,0,0,0,0,1,2,8
,2020-31502,39.77988,-104.96717,2/14/2020 22:38,22:38:00,12,0,0,I70 EAST & BRIGHTON B NORTH,11,3,0,0,1,4, ,0,40,0,0,0,0,0,4,2,13
,2020-31503,39.77988,-104.96717,2/25/2020 12:55,12:55:00,15,0,0,I70 EASTBOUND & BRIGHTON BOULEVARD NORTH,1,1,0,0,1,4, ,0,55,0,0,0,0,0,1,2,1
,2020-31504,39.78014,-104.96709,2/25/2020 15:26,15:26:00,12,0,1,I70 & BRIGHTON BOULEVARD NORTH,1,1,0,0,1,4, ,0,65,0,0,0,0,1,1,3,3
,2020-31505,39.77988,-104.96717,2/26/2020 7:02,7:02:00,12,0,0,I70 EASTBOUND & BRIGHTON BOULEVARD NORTH,1,1,0,0,1,4, ,0,65,0,0,0,0,0,1,2,13
,2020-31506,39.78039255,-104.9669254,3/2/2020 19:15,19:15:00,12,0,0,I70 & BRIGHTON BOULEVARD,1,3,0,0,1,4, ,0,55,0,0,0,0,0,1,2,1
,2020-31507,39.78014,-104.96709,3/8/2020 15:44,15:44:00,5,0,0,I70 & BRIGHTON BOULEVARD NORTH,1,1,0,0,1,4, ,0,65,0,0,0,0,0,1,1,3
,2020-31508,39.78039255,-104.9669254,5/12/2020 22:11,22:11:00,12,0,0,I70 & BRIGHTON BOULEVARD NORTH,1,3,0,0,1,4, ,0,,0,0,0,0,0,1,4,13
,2020-31509,39.77988,-104.96717,6/3/2020 1:03,1:03:00,15,0,1,I70 & BRIGHTON BOULEVARD NORTH,1,3,0,0,1,4, ,0,,0,0,0,0,2,1,2,13
,2020-31510,39.77988,-104.96717,6/22/2020 8:05,8:05:00,12,0,1,I70 & BRIGHTON BOULEVARD NORTH,1,1,0,0,1,4, ,0,65,0,0,0,0,1,1,2,13
,2020-31511,39.78014,-104.96709,3/5/2020 21:25,21:25:00,12,0,0,I70 & BRIGHTON BOULEVARD NORTH,1,3,0,0,1,4, ,0,,0,0,0,0,0,1,2,13
,2020-31512,39.78039255,-104.9669254,3/17/2020 16:30,16:30:00,15,0,0,I70 & BRIGHTON BOULEVARD NORTH,1,1,0,0,1,4, ,1,65,0,0,0,0,0,1,2,13
,2020-31513,39.78065446,-104.9634392,2/11/2020 10:20,10:20:00,15,0,0,I70 EAST & RACE STREET NORTH,11,1,0,0,1,4, ,0,55,0,0,0,0,0,1,2,13
,2020-31514,39.77988,-104.96717,3/13/2020 16:20,16:20:00,12,0,0,I70 & BRIGHTON BOULEVARD NORTH,1,1,0,0,1,4, ,0,55,0,0,0,0,0,1,2,1
,2020-31515,39.78039255,-104.9669254,1/18/2020 20:02,20:02:00,12,0,0,I70 & BRIGHTON BOULEVARD EASTBOUND ENTRANCE GORE POINT,1,3,0,0,1,4, ,0,65,0,0,0,0,0,1,2,3
,2020-31516,39.78014,-104.96709,5/27/2020 22:52,22:52:00,6,0,0,I70 & BRIGHTON BOULEVARD NORTH EXIT GORE POINT,1,3,0,0,1,4, ,0,,0,0,0,0,0,1,2,13
,2020-31517,39.78,-104.95933,3/6/2020 10:40,10:40:00,15,0,0,I70 & YORK STREET NORTH EASTBOUND EXIT GORE POINT,1,1,0,0,1,4, ,0,55,0,0,0,0,0,1,2,13
,2020-31518,39.78,-104.95933,6/24/2020 7:51,7:51:00,15,0,0,I70 EASTBOUND OFF RAMP & YORK STREET NORTH EXIT GORE POINT,1,1,0,0,1,4, ,0,65,0,0,0,0,0,1,2,14
,2020-31519,39.78014,-104.96709,3/25/2020 7:10,7:10:00,5,0,1,I70 & BRIGHTON BOULEVARD NORTH,1,1,0,0,3,4, ,1,65,0,0,0,1,2,1,1,7
,2020-31520,39.78001152,-104.9592904,1/25/2020 7:40,7:40:00,12,0,0,I70 & YORK STREET,1,1,0,0,1,4, ,0,55,0,0,0,0,0,2,2,14
,2020-31521,39.78,-104.95933,2/5/2020 8:45,8:45:00,15,0,0,I70 EAST & YORK STREET NORTH,1,1,0,0,1,4, ,0,65,0,0,0,0,0,1,2,13
,2020-31522,39.78,-104.95933,4/24/2020 7:40,7:40:00,12,0,0,I70 EASTBOUND OFF RAMP TO & YORK STREET NORTH,1,1,1,0,1,14, ,0,35,0,0,0,0,0,1,2,8
,2020-31523,39.78,-104.95933,1/28/2020 6:35,6:35:00,15,0,0,I70 & YORK STREET NORTH,1,1,0,0,1,4, ,0,35,0,0,0,0,0,1,2,1
,2020-31524,39.78,-104.95933,2/19/2020 6:28,6:28:00,12,0,0,I70 EAST & YORK STREET NORTH,1,2,0,0,1,4, ,0,65,0,0,0,0,0,1,2,13
,2020-31525,39.78,-104.95933,3/6/2020 6:22,6:22:00,12,0,0,I70 & YORK STREET NORTH,1,1,0,0,1,4, ,0,65,0,0,0,0,0,1,2,13
,2020-31526,39.78013,-104.95932,3/9/2020 9:39,9:39:00,15,0,0,I70 & YORK STREET NORTH,1,1,1,0,1,4, ,0,65,0,0,0,0,0,1,2,13
,2020-31527,39.78013,-104.95824,2/13/2020 13:28,13:28:00,12,0,0,I70 & JOSEPHINE STREET NORTH,1,1,0,0,1,4, ,0,55,0,0,0,0,0,1,2,13
,2020-31528,39.78009,-104.94051,5/26/2020 16:28,16:28:00,12,0,1,I70 & COLORADO BOULEVARD NORTH,1,1,0,0,1,4, ,1,65,0,0,0,0,0,1,3,1
,2020-31529,39.78050652,-104.9497999,4/16/2020 11:14,11:14:00,12,0,0,I70 EASTBOUND EXIT GORE POINT TO & STEELE STREET NORTH,8,1,0,2,1,4, ,0,65,0,0,0,0,0,1,3,14
,2020-31530,39.78011,-104.94981,2/12/2020 7:31,7:31:00,15,0,0,I70 WEST ON RAMP & STEELE STREET NORTH,1,1,0,0,1,14, ,1,55,0,0,0,0,0,1,2,13
,2020-31531,39.77996,-104.9498,1/9/2020 14:38,14:38:00,15,0,1,I70 EASTBOUND & STEELE STREET NORTH EXIT GORE POINT,1,1,0,0,1,4, ,0,,0,0,0,0,2,1,2,13
,2020-31532,39.78014,-104.96709,1/14/2020 21:39,21:39:00,15,0,0,I70 WB ENTRANCE GORE POINT FROM & STEELE STREET,1,4,0,0,1,4, ,0,65,0,0,0,0,0,1,2,13
,2020-31533,39.78011,-104.94981,3/5/2020 14:25,14:25:00,15,0,0,I70 & MM 276,1,1,0,0,1,4, ,0,55,0,0,0,0,0,1,2,1
,2020-31534,39.78,-104.95933,6/6/2020 3:36,3:36:00,15,0,1,I70 & MM 276,1,3,0,0,1,4, ,0,,0,0,0,0,1,1,2,13
,2020-31535,39.78062352,-104.9497999,2/13/2020 5:09,5:09:00,15,0,0,I70 EAST & VASQUEZ B NORTH,4,3,0,0,1,4, ,0,65,0,0,0,0,0,1,2,14
,2020-31536,39.77995,-104.94067,1/28/2020 13:45,13:45:00,15,0,0,I70 & COLORADO BOULEVARD NORTH,1,1,0,0,1,4, ,0,65,0,0,0,0,0,1,3,13
,2020-31537,39.78011,-104.94981,2/11/2020 11:03,11:03:00,12,0,3,I70 & HIGHWAY 6 / STEELE STREET NORTH,4,1,0,0,1,4, ,1,65,0,0,0,0,0,1,2,1
,2020-31538,39.78062352,-104.9497999,2/5/2020 22:56,22:56:00,15,0,0,I70 & HIGHWAY 6 / STEELE STREET NORTH,1,3,0,0,1,4, ,1,65,0,0,0,0,0,1,2,13
,2020-31539,39.78062352,-104.9497999,2/13/2020 5:40,5:40:00,5,0,1,I70 EAST & VASQUEZ B NORTH,4,3,0,2,2,4, ,0,65,0,0,0,0,1,1,1,13
,2020-31540,39.78012,-104.95297,3/5/2020 14:20,14:20:00,12,0,1,I70 & VASQUEZ BOULEVARD NORTH,1,1,0,0,1,4, ,0,65,0,0,0,0,0,1,2,1
,2020-31541,39.78011,-104.94981,4/2/2020 19:32,19:32:00,15,0,0,I70 & STEELE STREET NORTH,9,1,0,2,1,4, ,0,55,0,0,0,0,0,1,2,14
,2020-31542,39.77997,-104.94981,3/3/2020 13:38,13:38:00,12,0,0,I70 & STEELE STREET NORTH,1,1,0,0,1,4, ,0,65,0,0,0,0,0,1,3,13
,2020-31543,39.77893,-104.94979,4/3/2020 8:00,8:00:00,5,0,0,I70 EASTBOUND ON RAMP FROM & STEELE STREET NORTH,4,1,1,0,2,14, ,0,55,0,0,0,0,0,2,2,14
,2020-31544,39.77995752,-104.9410699,3/4/2020 11:33,11:33:00,12,0,2,I70 & COLORADO BOULEVARD NORTH,1,1,0,0,1,4, ,1,55,0,0,0,0,1,1,3,7
,2020-31545,39.78012,-104.95297,3/6/2020 7:05,7:05:00,15,0,0,I70 WB EXIT GORE POINT TO & VASQUEZ BOULEVARD NORTH / STEELE STREET / HIGHWAY 6,1,1,0,0,1,4, ,0,55,0,0,0,0,0,1,2,13
,2020-31546,39.78012,-104.95297,6/23/2020 8:35,8:35:00,12,0,1,I70 WB & VASQUEZ BOULEVARD NORTH EXIT GORE POINT,1,1,0,0,1,4, ,0,55,0,0,0,0,1,1,4,7
,2020-31547,39.77995,-104.94051,6/4/2020 7:50,7:50:00,12,0,0,I70 & COLORADO BOULEVARD EXIT GORE POINT,1,1,0,0,1,4, ,0,55,0,0,0,0,0,1,2,10
,2020-31548,39.78009,-104.94295,2/5/2020 9:43,9:43:00,12,0,0,I70 & JACKSON STREET NORTH,1,1,0,0,1,4, ,0,65,0,0,0,0,0,1,2,7
,2020-31549,39.77995,-104.94067,6/2/2020 9:14,9:14:00,12,0,0,I70EB OFF RAMP & COLORADO BOULEVARD NORTH,1,1,1,0,1,14, ,0,,0,0,0,0,0,1,2,13
,2020-31550,39.77995,-104.94067,1/30/2020 19:26,19:26:00,15,0,0,I70 EAST & COLORADO B NORTH,11,3,0,2,1,4, ,1,55,0,0,0,0,0,1,2,13
,2020-31551,39.78009,-104.94051,2/25/2020 6:50,6:50:00,12,0,0,I70 WB & COLORADO BOULEVARD NORTH,1,1,0,0,1,4, ,0,55,0,0,0,0,0,1,3,13
,2020-31552,39.78009,-104.94051,3/8/2020 15:01,15:01:00,12,0,0,I70 & COLORADO BOULEVARD NORTH,1,1,0,0,1,4, ,1,55,0,0,0,0,0,1,2,14
,2020-31553,39.78009,-104.94051,3/10/2020 11:21,11:21:00,12,0,0,I70 & COLORADO BOULEVARD NORTH,1,1,0,0,1,4, ,0,,0,0,0,0,0,1,2,13
,2020-31554,39.77995752,-104.9410699,1/15/2020 18:00,18:00:00,12,0,0,I70 & COLORADO BOULEVARD NORTH,1,3,1,0,1,4, ,0,65,0,0,0,0,0,1,2,13
,2020-31555,39.78009,-104.94051,1/16/2020 14:41,14:41:00,12,0,0,I70 & COLORADO BOULEVARD NORTH,1,1,0,0,1,4, ,0,65,0,0,0,0,0,1,3,13
,2020-31556,39.77995,-104.94051,1/28/2020 7:40,7:40:00,15,0,0,I70 & COLORADO BOULEVARD NORTH,1,1,0,0,1,4, ,0,55,0,0,0,0,0,1,3,13
,2020-31557,39.78009,-104.94067,2/2/2020 13:45,13:45:00,12,0,0,I70 EAST & COLORADO B NORTH,1,1,1,0,1,4, ,0,30,0,0,0,0,0,1,2,13
,2020-31558,39.78009,-104.94051,2/14/2020 11:22,11:22:00,12,0,0,I70 EAST & COLORADO B NORTH,1,1,0,0,1,4, ,0,55,0,0,0,0,0,1,2,13
,2020-31559,39.78009,-104.94051,2/17/2020 16:35,16:35:00,12,0,0,I70 EAST & COLORADO B NORTH,1,1,0,0,1,4, ,0,65,0,0,0,0,0,1,2,13
,2020-31560,39.78009,-104.94051,2/28/2020 10:26,10:26:00,12,0,0,I70 EAST & COLORADO B NORTH,1,1,0,0,1,4, ,0,65,0,0,0,0,0,1,3,13
,2020-31561,39.77995752,-104.9410699,5/27/2020 12:53,12:53:00,12,0,0,I70 & COLORADO BOULEVARD NORTH,1,1,0,0,1,4, ,0,,0,0,0,0,0,1,2,13
,2020-31562,39.78009,-104.94067,5/29/2020 6:57,6:57:00,12,0,0,I70 & COLORADO BOULEVARD NORTH,1,1,0,0,1,4, ,0,65,0,0,0,0,0,1,2,7
,2020-31563,39.68642747,-104.9405794,2/26/2020 8:47,8:47:00,12,0,0,I70 WB ON RAMP LOOP FROM & HIGHWAY 2 NORTHBOUND,1,1,1,0,1,14, ,0,35,0,0,0,0,0,1,2,13
,2020-31564,39.78009,-104.94051,6/23/2020 7:05,7:05:00,15,0,2,I70 & COLORADO BOULEVARD NORTH,1,1,0,0,1,4, ,0,55,0,0,0,0,2,1,2,7
,2020-31565,39.78009,-104.94051,1/25/2020 3:19,3:19:00,10,0,1,I70 & COLORADO BOULEVARD WB ENTRANCE GORE POINT,1,3,0,0,1,4, ,0,65,0,0,0,0,2,1,2,5
,2020-31566,39.78009,-104.94051,6/12/2020 13:00,13:00:00,12,0,0,I70 & COLORADO BOULEVARD NORTH,1,1,0,0,1,4, ,1,,0,0,0,0,0,1,3,13
,2020-31567,39.76342,-104.94051,6/26/2020 11:58,11:58:00,12,0,2,I70 & COLORADO BOULEVARD NORTH,1,1,0,0,1,4, ,1,65,0,0,0,0,0,1,4,1
,2020-31568,39.78009,-104.94051,5/13/2020 5:50,5:50:00,12,0,0,I70 WB & COLORADO BOULEVARD EXIT GORE POINT,1,1,0,0,1,4, ,0,60,0,0,0,0,0,1,4,1
,2020-31569,39.78009,-104.94051,3/21/2020 5:33,5:33:00,15,0,0,I70 WB EXIT GORE POINT TO & COLORADO BOULEVARD NORTH,11,3,0,4,1,4, ,0,55,0,0,0,0,0,1,3,5
,2020-31570,39.77995752,-104.9410699,2/21/2020 16:20,16:20:00,15,0,0,I70 EAST & COLORADO B NORTH,1,1,0,0,1,4, ,0,65,0,0,0,0,0,1,2,13
,2020-31572,39.78015,-104.93165,6/24/2020 6:45,6:45:00,12,0,0,I70 & DAHLIA STREET NORTH,1,1,0,0,1,4, ,0,55,0,0,0,0,0,1,2,1
,2020-31573,39.78015,-104.93165,1/8/2020 22:11,22:11:00,15,0,0,I70 & DAHLIA STREET NORTH,1,4,0,0,1,4, ,1,65,0,0,0,0,0,1,2,1
,2020-31574,39.78015,-104.93165,1/17/2020 10:58,10:58:00,12,0,0,I70 & DAHLIA STREET NORTH,1,1,0,0,1,4, ,0,55,0,0,0,0,0,1,2,13
,2020-31575,39.78002,-104.93166,4/20/2020 0:00,0:00:00,5,0,0,I70 & DAHLIA STREET NORTH,1,3,0,0,3,4, ,1,75,0,0,0,0,0,1,1,13
,2020-31576,39.78001,-104.9316,1/3/2020 17:29,17:29:00,12,0,0,I70 & DAHLIA STREET NORTH,1,3,0,0,1,4, ,0,55,0,0,0,0,0,1,2,1
,2020-31577,39.78002,-104.93166,2/1/2020 2:24,2:24:00,15,0,1,I70 & DAHLIA STREET NORTH,1,3,0,0,1,4, ,0,,0,0,0,0,0,1,2,3
,2020-31578,39.78015,-104.93165,3/5/2020 12:09,12:09:00,12,0,0,I70 & DAHLIA STREET NORTH,1,1,0,0,1,4, ,1,65,0,0,0,0,0,1,2,13
,2020-31579,39.78345,-105.03458,2/11/2020 6:09,6:09:00,5,0,0,I70 EAST & LOWELL B NORTH,7,2,1,0,2,4, ,0,65,0,0,0,0,0,1,2,13
,2020-31580,39.7784,-104.9128,1/5/2020 14:30,14:30:00,15,0,0,I70 & MM 277,1,1,1,0,1,4, ,0,65,0,0,0,0,0,1,3,13
,2020-31581,39.77899642,-104.9269286,2/14/2020 3:37,3:37:00,12,0,0,I70 EAST & FOREST STREET NORTH,11,4,0,0,1,4, ,0,60,0,0,0,0,0,1,2,14
,2020-31582,39.77899642,-104.9269286,4/26/2020 12:40,12:40:00,15,0,1,I70 & FOREST STREET NORTH,1,1,0,0,1,4, ,1,65,0,0,0,0,1,1,3,13
,2020-31583,39.77899642,-104.9269286,1/14/2020 9:54,9:54:00,12,0,0,I70 & FOREST STREET,1,1,0,0,1,4, ,0,55,0,0,0,0,0,1,3,13
,2020-31584,39.77877048,-104.9257712,5/2/2020 19:51,19:51:00,5,0,2,I70 & GLENCOE STREET NORTH,11,2,0,1,2,4, ,0,55,0,0,0,0,1,1,1,5
,2020-31585,39.78002,-104.93166,6/23/2020 16:29,16:29:00,12,0,2,I70 & DAHLIA STREET NORTH,1,1,0,0,1,4, ,0,55,0,0,0,0,1,1,2,7
,2020-31586,39.77855517,-104.9246519,1/7/2020 9:39,9:39:00,12,0,0,I70 & GRAPE STREET NORTH,1,1,0,0,1,4, ,1,65,0,0,0,0,0,1,2,13
,2020-31587,39.77832,-104.92229,1/18/2020 2:23,2:23:00,12,0,0,I70 & HOLLY STREET NORTH,1,3,0,0,1,4, ,1,55,0,0,0,0,0,1,2,13
,2020-31588,39.77831952,-104.9222914,3/3/2020 11:58,11:58:00,12,0,0,I70 & HOLLY STREET NORTH,1,1,0,0,1,4, ,0,55,0,0,0,0,0,1,3,1
,2020-31589,39.77846,-104.9223,4/5/2020 14:14,14:14:00,12,0,0,I70 & HOLLY STREET NORTH,1,1,0,0,1,4, ,1,55,0,0,0,0,0,1,2,1
,2020-31590,39.77832,-104.92229,2/17/2020 2:17,2:17:00,12,0,0,I70 & HOLLY STREET NORTH,1,3,0,0,1,4, ,0,55,0,0,0,0,0,1,2,1
,2020-31591,39.77831952,-104.9222914,1/26/2020 21:39,21:39:00,15,0,0,I70 & HOLLY STREET,1,3,0,0,1,4, ,0,55,0,0,0,0,0,1,2,3
,2020-31592,39.77846352,-104.9200594,2/13/2020 16:25,16:25:00,15,0,0,I70 EAST & IVY STREET NORTH,1,1,0,0,1,4, ,0,65,0,0,0,0,0,1,2,13
,2020-31593,39.77846352,-104.9200594,3/5/2020 8:18,8:18:00,12,0,1,I70 & IVY STREET NORTH,1,1,0,0,1,4, ,0,55,0,0,0,0,1,1,5,10
,2020-31594,39.77846352,-104.9200594,6/15/2020 6:50,6:50:00,12,0,0,I70 & IVY STREET NORTH,1,1,0,0,1,4, ,1,55,0,0,0,0,0,1,2,7
,2020-31595,39.77846352,-104.9200594,5/23/2020 5:52,5:52:00,5,0,1,I70 & IVY STREET NORTH,1,2,0,0,2,4, ,0,55,0,0,0,0,2,1,1,5
,2020-31596,39.78250325,-104.8763343,4/6/2020 6:47,6:47:00,15,0,1,I70 & NORTHFIELD BOULEVARD NORTH / QUEBEC STREET,1,1,0,0,1,4, ,1,55,0,0,0,0,1,1,4,7
,2020-31597,39.78015,-104.93165,1/24/2020 13:30,13:30:00,15,0,0,I70 & MM 277.90,1,1,1,0,1,4, ,0,55,0,0,0,0,0,1,2,1
,2020-31598,39.77828,-104.91288,3/12/2020 15:59,15:59:00,6,0,0,I70 & MONACO STREET NORTH,1,1,0,0,1,4, ,1,65,0,0,0,0,0,1,2,3
,2020-31599,39.77841,-104.91288,4/29/2020 2:45,2:45:00,5,0,1,I70 & MONACO STREET NORTH,1,3,0,0,1,4, ,0,55,0,0,0,0,1,1,1,13
,2020-31600,39.77841,-104.91288,3/3/2020 13:38,13:38:00,12,0,0,I70 & MONACO STREET NORTH,1,1,0,0,1,4, ,1,65,0,0,0,0,0,1,2,3
,2020-31601,39.77828,-104.91288,1/19/2020 17:22,17:22:00,12,0,0,I70 & MONACO STREET NORTH,1,3,0,0,1,4, ,1,,0,0,0,0,0,1,2,13
,2020-31602,39.77828,-104.91288,1/21/2020 14:43,14:43:00,15,0,0,I70 & MONACO STREET NORTH,1,1,0,0,1,4, ,0,55,0,0,0,0,0,1,2,1
,2020-31603,39.77828,-104.91288,2/9/2020 19:02,19:02:00,5,0,2,I70 EAST & MONACO STREET PARKWAY NORTH,4,4,2,0,2,4, ,0,55,0,0,0,0,1,1,1,14
,2020-31604,39.77828,-104.91288,2/18/2020 13:24,13:24:00,12,0,0,I70 EAST & MONACO STREET PARKWAY NORTH,1,1,0,0,1,4, ,0,55,0,0,0,0,0,1,2,7
,2020-31605,39.77828,-104.91288,3/7/2020 19:10,19:10:00,12,0,0,I70 & MONACO STREET NORTH,1,3,0,0,1,4, ,0,65,0,0,0,0,0,1,2,13
,2020-31606,39.77841,-104.91288,3/10/2020 22:22,22:22:00,15,0,0,I70 & MONACO STREET NORTH,1,4,0,0,1,4, ,0,40,0,0,0,0,0,1,2,13
,2020-31607,39.77828,-104.91288,4/14/2020 17:19,17:19:00,12,0,4,I70 & MONACO STREET NORTH,1,1,0,0,1,4, ,1,55,0,0,0,0,1,1,4,3
,2020-31608,39.78384453,-104.8999958,3/7/2020 18:46,18:46:00,12,0,1,I70 & NORTHFIELD QUEBEC NORTH,1,4,0,0,1,4, ,0,55,0,0,0,0,1,1,2,13
,2020-31609,39.78346313,-105.0112169,1/11/2020 22:51,22:51:00,5,0,0,I70 & MM 278,1,3,0,0,3,4, ,0,55,0,0,0,0,0,1,1,5
,2020-31610,39.77813952,-104.9082289,2/12/2020 4:50,4:50:00,15,0,1,I70 6800 EAST & ONEIDA STREET NORTH,9,3,0,2,1,4, ,0,65,0,0,0,0,2,1,3,13
,2020-31611,39.77856252,-104.9034184,4/27/2020 8:33,8:33:00,15,0,0,I70 EASTBOUND EXIT GORE POINT TO & QUEBEC STREET NORTH,1,1,0,0,1,4, ,0,65,0,0,0,0,0,1,2,1
,2020-31612,39.77856252,-104.9034184,2/2/2020 19:30,19:30:00,5,0,0,I70 WB ENTRANCE GORE POINT FROM & QUEBEC STREET NORTH,1,3,0,0,3,4, ,0,65,0,0,0,0,0,4,1,5
,2020-31613,39.77856252,-104.9034184,2/2/2020 19:30,19:30:00,12,0,1,I70 WB ENTRANCE GORE POINT FROM & QUEBEC STREET NORTH,1,3,0,0,1,4, ,0,55,0,0,0,0,0,1,4,14
,2020-31614,39.7783,-104.90343,2/21/2020 8:28,8:28:00,12,0,0,I70 EASTBOUND EXIT RAMP GORE POINT & NORTHFIELD QUEBEC STREET NORTH,1,1,0,0,1,4, ,0,65,0,0,0,0,0,1,2,14
,2020-31615,39.77856252,-104.9034184,2/21/2020 6:56,6:56:00,5,0,0,I70 EASTBOUND EXIT RAMP GORE POINT & QUEBEC STREET NORTH,1,1,0,0,2,4, ,0,55,0,0,0,0,0,1,1,2
,2020-31616,39.74000353,-104.9920099,3/10/2020 23:42,23:42:00,12,0,0,I70 WB ON RAMP ENTRANCE GORE POINT FROM & NORTHFIELD BOULEVARD NORTH / QUEBEC STREET,1,3,0,0,1,14, ,0,40,0,0,0,0,0,1,2,13
,2020-31617,39.77856252,-104.9034184,1/23/2020 17:23,17:23:00,12,0,0,I70 EASTBOUND OFF RAMP TO & QUEBEC STREET NORTH,1,2,0,0,1,14, ,0,65,0,0,0,0,0,1,2,1
,2020-31618,39.78384453,-104.8999958,1/11/2020 16:00,16:00:00,12,0,0,I70 & NORTHFIELD QUEBEC STREET NORTH,1,3,0,0,1,4, ,0,55,0,0,0,0,0,1,4,13
,2020-31619,39.77829252,-104.9034319,6/20/2020 1:08,1:08:00,12,0,3,I70 & QUEBEC STREET NORTH,1,3,0,0,1,4, ,0,,0,0,0,0,1,1,3,1
,2020-31620,39.77856252,-104.9034184,2/25/2020 10:25,10:25:00,12,0,0,I70 EASTBOUND OFF RAMP SPLIT POINT  & QUEBEC STREET SOUTHBOUND,1,1,1,6,1,14, ,0,55,0,0,0,0,0,1,2,1
,2020-31621,39.7783,-104.90357,1/11/2020 23:20,23:20:00,12,0,2,I70 & NORTHFIELD QUEBEC STREET,1,3,0,0,1,4, ,0,55,0,0,0,0,1,1,2,13
,2020-31622,39.77842,-104.90357,4/3/2020 12:07,12:07:00,5,0,0,I70 & NORTHFIELD BOULEVARD NORTH / QUEBEC STREET,1,1,0,0,3,4, ,0,65,0,0,0,0,0,1,3,3
,2020-31623,39.78307152,-104.9009119,6/28/2020 4:52,4:52:00,5,0,0,I270 & NORTHFIELD QUEBEC STREET NORTH,1,3,0,0,3,4, ,0,65,0,0,0,0,0,1,1,5
,2020-31624,39.7783,-104.90343,5/30/2020 15:38,15:38:00,12,0,0,I70 & NORTHFIELD QUEBEC STREET NORTH,1,1,0,0,1,4, ,0,65,0,0,0,0,0,1,3,13
,2020-31625,39.78384453,-104.8999958,1/10/2020 5:50,5:50:00,12,0,1,I70 WB ON RAMP & NORTHFIELD QUEBEC STREET NORTH,1,3,1,0,1,14, ,0,35,0,0,0,0,1,1,2,13
,2020-31626,39.77829252,-104.9034319,1/14/2020 9:25,9:25:00,12,0,0,I70 & QUEBEC STREET NORTH,1,1,0,0,1,4, ,0,65,0,0,0,0,0,1,2,13
,2020-31627,39.7783,-104.90343,1/26/2020 15:34,15:34:00,12,0,2,I70 & NORTHFIELD QUEBEC STREET NORTH,1,1,0,0,1,4, ,0,55,0,0,0,0,2,1,2,13
,2020-31628,39.77829252,-104.9034319,2/28/2020 13:38,13:38:00,12,0,0,I70 & QUEBEC STREET NORTH,1,1,0,0,1,4, ,1,55,0,0,0,0,0,1,3,13
,2020-31629,39.78384453,-104.8999958,5/20/2020 11:29,11:29:00,12,0,0,I70 & NORTHFIELD QUEBEC STREET NORTH,1,1,0,0,1,4, ,0,55,0,0,0,0,0,1,2,3
,2020-31630,39.77851595,-104.9035022,5/23/2020 7:16,7:16:00,12,0,1,I70 & NORTHFIELD QUEBEC STREET NORTH,1,1,0,0,1,4, ,0,55,0,0,0,0,3,1,3,3
,2020-31631,39.77842,-104.90357,6/6/2020 6:50,6:50:00,5,0,0,I70 & NORTHFIELD QUEBEC STREET NORTH,1,1,0,1,2,4, ,0,,0,0,0,0,0,1,1,13
,2020-31632,39.77829252,-104.9034319,1/2/2020 11:15,11:15:00,15,0,0,I70 & QUEBEC STREET NORTH,1,1,0,0,1,4, ,1,65,0,0,0,0,0,1,2,13
,2020-31633,39.77856252,-104.9034184,6/26/2020 17:30,17:30:00,12,0,0,I70 EASTBOUND ON RAMP & QUEBEC STREET NORTH,11,1,0,1,1,14, ,0,,0,0,0,0,0,1,2,13
,2020-31634,39.7742,-104.847,1/4/2020 10:23,10:23:00,5,0,1,I70 WB OFF RAMP & PEORIA STREET NORTH EXIT GORE POINT,1,1,0,0,2,14, ,1,45,0,0,0,0,3,1,1,3
,2020-31635,39.77856252,-104.9034184,2/8/2020 4:01,4:01:00,5,0,0,I70 WB EXIT GORE POINT TO & QUEBEC STREET NORTH,6,3,1,0,3,4, ,0,65,0,0,0,0,0,1,1,3
,2020-31636,39.74000353,-104.9920099,3/2/2020 6:36,6:36:00,12,0,0,I70 & NORTHFIELD QUEB NORTH WB EXIT GORE POINT,4,1,0,2,1,4, ,0,65,0,0,0,0,0,1,2,7
,2020-31637,39.74000353,-104.9920099,4/1/2020 13:58,13:58:00,12,0,0,I70 WB OFF RAMP EXIT GORE POINT & NORTHFIELD BOULEVARD NORTH / QUEBEC STREET,1,1,0,0,1,14, ,0,65,0,0,0,0,0,1,2,1
,2020-31638,39.77842,-104.90357,5/21/2020 12:19,12:19:00,15,0,0,I70 WB OFF RAMP & NORTHFIELD QUEBEC STREET NORTH,1,1,0,0,1,14, ,0,,0,0,0,0,0,1,2,13
,2020-31639,39.7783,-104.90357,4/21/2020 6:00,6:00:00,15,0,0,I70 WB EXIT GORE POINT TO & NORTHFIELD BOULEVARD NORTH / QUEBEC STREET,1,3,0,0,1,4, ,0,35,0,0,0,0,0,2,2,13
,2020-31640,39.78311,-104.90094,3/9/2020 21:06,21:06:00,12,0,0,I70 EASTBOUND ENTRANCE GORE POINT FROM & QUEBEC STREET NORTH,1,3,1,0,1,4, ,0,65,0,0,0,0,0,1,4,7