id,drcog_id,latitude,longitude,crashtime,time,crashtype,numbkilled,numbinjurd,drcoglocat,rdconditin,lightngcon,roadcntgrd,weatherco,location,roaddescrp,schoolzone,constrzone,splimit,bikeinv,pedinv,sctrinv,motoinv,svrty,rdsystem,ttlvehcls,hcf
,2020-31641,39.77704,-104.88003,3/5/2020 10:29,10:29:00,5,0,1,I70 & I270,1,1,0,0,2,4, ,0,55,0,0,0,0,3,1,1,3
,2020-31642,39.7784,-104.89689,5/22/2020 16:09,16:09:00,12,0,0,I70 & I270 OVER PASS,1,1,0,0,1,4, ,0,55,0,0,0,0,0,1,2,3
,2020-31643,39.78346313,-105.0112169,3/11/2020 7:45,7:45:00,12,0,0,I70 & MM 279,1,1,0,0,1,4, ,0,65,0,0,0,0,0,1,2,13
,2020-31644,39.77841,-104.91288,6/4/2020 16:10,16:10:00,15,0,0,I70 & MONACO STREET NORTH,1,1,0,0,1,4, ,0,65,0,0,0,0,0,1,2,13
,2020-31645,39.77714,-104.88298,4/17/2020 15:27,15:27:00,12,0,1,I70 & CENTRAL PARK BOULEVARD NORTH,1,1,0,0,1,4, ,1,55,0,0,0,0,2,1,2,10
,2020-31646,39.74760703,-104.9837139,3/12/2020 8:44,8:44:00,12,0,0,I70 & MM 279.20,1,1,0,0,1,4, ,0,55,0,0,0,0,0,1,2,13
,2020-31647,39.77714,-104.88298,2/20/2020 21:10,21:10:00,15,0,1,I70 & CENTRAL PARK BOULEVARD NORTH,1,3,0,0,1,4, ,0,55,0,0,0,0,1,1,4,13
,2020-31648,39.77714,-104.88298,5/6/2020 22:01,22:01:00,12,0,0,I70 & CENTRAL PARK BOULEVARD NORTH,1,3,0,0,1,4, ,1,65,0,0,0,0,0,1,3,5
,2020-31649,39.77728,-104.88278,2/5/2020 13:02,13:02:00,12,0,0,I70 & CENTRAL PARK BOULEVARD NORTH,1,1,0,0,1,4, ,0,55,0,0,0,0,0,2,2,13
,2020-31650,39.77728,-104.88278,3/11/2020 7:54,7:54:00,12,0,0,I70 & CENTRAL PARK BOULEVARD NORTH,1,1,0,0,1,4, ,1,65,0,0,0,0,0,1,2,8
,2020-31651,39.77727,-104.8827,1/1/2020 1:50,1:50:00,12,0,1,I70 & CENTRAL PARK NORTH,1,3,0,0,1,4, ,0,,0,0,0,0,1,1,2,13
,2020-31652,39.77714,-104.88298,6/1/2020 23:15,23:15:00,12,0,0,I70 & CENTRAL PARK BOULEVARD NORTH,1,3,0,0,1,4, ,0,55,0,0,0,0,0,1,2,13
,2020-31653,39.77714,-104.88298,2/28/2020 15:26,15:26:00,15,0,0,I70 EASTBOUND & CENTRAL PARK BL NORTH,1,1,0,0,1,4, ,0,55,0,0,0,0,0,1,2,13
,2020-31654,39.77714,-104.88298,4/8/2020 20:15,20:15:00,12,0,0,I70 & CENTRAL PARK BOULEVARD NORTH,1,3,0,0,1,4, ,0,65,0,0,0,0,0,2,2,5
,2020-31655,39.77728,-104.88278,2/15/2020 11:42,11:42:00,12,0,0,I70 EAST & CENTRAL PARK B NORTH,1,1,0,0,1,4, ,0,65,0,0,0,0,0,1,2,3
,2020-31656,39.77728,-104.88278,2/22/2020 0:40,0:40:00,12,0,1,I70 EAST & CENTRAL PARK B NORTH,1,3,0,0,1,4, ,0,55,0,0,0,0,1,1,2,13
,2020-31657,39.77708652,-104.8829299,6/8/2020 22:20,22:20:00,12,0,0,I70 & CENTRAL PARK NORTH,1,3,0,0,1,4, ,0,55,0,0,0,0,0,1,2,13
,2020-31658,39.77728,-104.88278,1/15/2020 16:44,16:44:00,12,0,0,I70 & CENTRAL PARK BOULEVARD NORTH,1,2,1,0,1,4, ,0,55,0,0,0,0,0,1,2,7
,2020-31659,39.77708652,-104.8829299,2/6/2020 8:31,8:31:00,12,0,0,I70 & CENTRAL PARK BOULEVARD NORTH,1,1,0,0,1,4, ,0,55,0,0,0,0,0,1,2,3
,2020-31660,39.77714,-104.88298,2/28/2020 1:30,1:30:00,15,0,0,I70 EASTBOUND & CENTRAL PARK BL NORTH,1,3,0,0,1,4, ,0,55,0,0,0,0,0,1,2,4
,2020-31661,39.77714,-104.88298,6/14/2020 5:20,5:20:00,15,0,0,I70 & CENTRAL PARK BOULEVARD NORTH,1,2,0,0,1,4, ,0,65,0,0,0,0,0,1,2,5
,2020-31662,39.77728,-104.88278,1/24/2020 21:21,21:21:00,1,0,1,CENTRAL PARK BOULEVARD NORTH & I70 WB ON RAMP,1,3,0,0,1,1, ,0,40,0,0,0,0,0,4,2,13
,2020-31663,39.77732952,-104.8829389,2/15/2020 15:24,15:24:00,12,0,0,I70 EASTBOUND OFF RAMP & CENTRAL PARK B NORTH,1,1,0,0,1,3, ,0,40,0,0,0,0,0,1,2,13
,2020-31664,39.77712,-104.88279,4/22/2020 15:05,15:05:00,3,0,0,CENTRAL PARK BOULEVARD NORTH & I70 EASTBOUND OFF RAMP,1,1,0,0,1,1, ,0,35,0,0,0,0,0,4,2,13
,2020-31665,39.77619,-104.8828,1/11/2020 11:45,11:45:00,15,0,0,I70 EASTBOUND ON RAMP & CENTRAL PARK BOULEVARD NORTH,1,1,0,0,1,14, ,0,15,0,0,0,0,0,1,2,13
,2020-31666,39.77732952,-104.8829389,3/2/2020 16:21,16:21:00,12,0,0,I70 EASTBOUND ON RAMP & CENTRAL PARK BOULEVARD NORTH,1,1,0,0,1,14, ,0,40,0,0,0,0,0,1,2,3
,2020-31667,39.77708652,-104.8829299,6/10/2020 13:18,13:18:00,15,0,0,I70 & CENTRAL PARK NORTH,1,1,0,0,1,4, ,0,55,0,0,0,0,0,1,2,13
,2020-31668,39.77704,-104.88003,2/10/2020 18:15,18:15:00,12,0,0,I70 & I270 WB DIRECT CONNECT,9,3,0,2,1,4, ,0,35,0,0,0,0,0,1,2,13
,2020-31669,39.77714,-104.88298,2/1/2020 1:05,1:05:00,12,0,4,I70 EASTBOUND ON RAMP FROM & CENTRAL PARK BOULEVARD NORTH,1,3,1,0,1,14, ,0,45,0,0,0,0,1,1,2,3
,2020-31670,39.77729,-104.88297,3/22/2020 14:56,14:56:00,5,0,0,I70 & CENTRAL PARK BOULEVARD NORTH,11,1,0,0,1,4, ,1,65,0,0,0,0,0,1,1,14
,2020-31671,39.7784,-104.8968,1/2/2020 14:00,14:00:00,15,0,0,I70 & I270 WB DIR CONNECT,1,1,0,0,1,4, ,0,65,0,0,0,0,0,1,2,13
,2020-31672,39.77714,-104.88298,2/18/2020 14:30,14:30:00,15,0,0,I70 & CENTRAL PARK BOULEVARD NORTH,1,1,0,0,1,4, ,0,55,0,0,0,0,0,1,2,1
,2020-31673,39.77729,-104.88297,2/12/2020 7:10,7:10:00,15,0,0,I70 & CENTRAL PARK BOULEVARD NORTH,1,1,0,0,1,4, ,0,65,0,0,0,0,0,1,2,1
,2020-31674,39.77704,-104.88003,5/18/2020 16:45,16:45:00,15,0,0,I70 & I270 DIR CONNECT,1,1,0,0,1,4, ,0,,0,0,0,0,0,1,2,13
,2020-31675,39.77704,-104.88003,2/6/2020 15:58,15:58:00,12,0,0,I70 & MM 279.75,1,2,0,0,1,4, ,0,65,0,0,0,0,0,1,2,3
,2020-31676,39.77704,-104.88003,2/8/2020 13:50,13:50:00,15,0,0,I70 & MM 279.75,11,1,0,0,1,4, ,0,45,0,0,0,0,0,1,2,13
,2020-31677,39.77728,-104.88278,1/15/2020 6:08,6:08:00,12,0,0,I70 & CENTRAL PARK BOULEVARD NORTH,1,3,0,0,1,4, ,0,65,0,0,0,0,0,1,2,13
,2020-31678,39.77728,-104.88278,1/15/2020 6:08,6:08:00,12,0,0,I70 & CENTRAL PARK BOULEVARD NORTH,1,3,0,0,1,4, ,0,55,0,0,0,0,0,1,2,13
,2020-31679,39.77728,-104.88278,6/17/2020 7:54,7:54:00,12,0,1,I70 & CENTRAL PARK BL NORTH,1,1,0,0,1,4, ,0,55,0,0,0,0,1,1,2,13
,2020-31680,39.77708652,-104.8829299,1/6/2020 17:00,17:00:00,12,0,0,I70 & CENTRAL PARK BOULEVARD NORTH,1,2,0,0,1,4, ,0,55,0,0,0,0,0,1,3,1
,2020-31681,39.77728,-104.88278,4/17/2020 7:22,7:22:00,12,0,0,I70 & CENTRAL PARK BOULEVARD NORTH,2,1,0,0,1,4, ,0,65,0,0,0,0,0,1,2,7
,2020-31682,39.78346313,-105.0112169,1/10/2020 8:40,8:40:00,12,0,0,I70 & MM 280,1,1,0,0,1,4, ,0,65,0,0,0,0,0,1,2,13
,2020-31683,39.78346313,-105.0112169,1/15/2020 6:39,6:39:00,12,0,0,I70 & MM 280,1,2,0,0,1,4, ,0,65,0,0,0,0,0,1,2,13
,2020-31684,39.77583,-104.86574,2/8/2020 17:02,17:02:00,12,0,0,I70 WEST & HAVANA STREET NORTH,1,2,0,0,1,4, ,0,65,0,0,0,0,0,1,2,13
,2020-31685,39.77583,-104.86574,2/28/2020 14:47,14:47:00,12,0,0,I70 WB & HAVANA STREET NORTH,1,1,0,0,1,4, ,0,55,0,0,0,0,0,1,3,7
,2020-31686,39.77728,-104.88278,2/18/2020 19:28,19:28:00,15,0,0,I70 EAST & CENTRAL PARK B NORTH,1,3,0,0,1,4, ,0,55,0,0,0,0,0,1,2,14
,2020-31687,39.77728,-104.88278,2/22/2020 17:29,17:29:00,5,0,1,I70 WB OFF RAMP & CENTRAL PARK B NORTH,1,1,1,0,2,14, ,0,55,0,0,0,0,2,1,1,3
,2020-31688,39.77559252,-104.8659109,5/24/2020 17:20,17:20:00,15,0,1,I70 & HAVANA STREET NORTH,11,1,0,1,1,4, ,0,,0,0,0,0,1,1,2,13
,2020-31689,39.77583,-104.86574,3/20/2020 5:07,5:07:00,15,0,2,I70 & HAVANA STREET NORTH,4,3,1,2,1,4, ,0,65,0,0,0,0,1,1,2,13
,2020-31690,39.77559252,-104.8659109,2/4/2020 22:03,22:03:00,15,0,0,I70 & HAVANA STREET NORTH,4,3,0,0,1,4, ,0,,0,0,0,0,0,1,2,13
,2020-31691,39.77562,-104.86574,5/28/2020 22:56,22:56:00,12,0,0,I70 & HAVANA STREET NORTH,1,3,0,0,1,4, ,0,50,0,0,0,0,0,1,3,1
,2020-31692,39.77559252,-104.8659109,6/22/2020 22:56,22:56:00,12,0,0,I70 & HAVANA STREET NORTH,1,3,0,0,1,4, ,0,65,0,0,0,0,0,1,2,7
,2020-31693,39.77562,-104.86574,1/23/2020 23:25,23:25:00,12,0,0,I70 & HAVANA STREET NORTH,1,3,1,0,1,4, ,1,65,0,0,0,0,0,1,2,3
,2020-31694,39.77562,-104.86571,3/1/2020 9:39,9:39:00,15,0,1,I70 EASTBOUND & HAVANA STREET NORTH,1,1,1,0,1,4, ,0,55,0,0,0,0,0,1,2,5
,2020-31695,39.77680448,-104.8759931,2/28/2020 1:43,1:43:00,12,0,2,I70 & MM 280.40,1,3,1,0,1,4, ,1,55,0,0,0,0,3,2,2,5
,2020-31696,39.77583,-104.86574,6/23/2020 7:44,7:44:00,15,0,0,I70 & HAVANA STREET NORTH,1,1,0,0,1,4, ,0,55,0,0,0,0,0,1,2,13
,2020-31697,39.77583,-104.86574,6/24/2020 8:45,8:45:00,12,0,1,I70 & HAVANA STREET NORTH,1,1,1,0,1,4, ,0,55,0,0,0,0,2,1,2,13
,2020-31698,39.77583,-104.86574,2/9/2020 13:01,13:01:00,5,0,0,I70 EAST & HAVANA STREET NORTH,12,1,0,2,2,4, ,1,55,0,0,0,0,0,1,1,13
,2020-31699,39.77562,-104.86574,5/24/2020 17:46,17:46:00,5,0,0,I70 & HAVANA STREET NORTH,11,1,0,1,3,4, ,0,,0,0,0,0,0,1,1,13
,2020-31700,39.77562,-104.86574,5/24/2020 17:46,17:46:00,5,0,0,I70 & HAVANA STREET NORTH,11,1,0,1,3,4, ,0,65,0,0,0,0,0,1,1,1
,2020-31701,39.77559252,-104.8659109,1/14/2020 14:45,14:45:00,12,0,0,I70 & HAVANA STREET NORTH,1,1,0,0,1,4, ,0,55,0,0,0,0,0,1,3,13
,2020-31702,39.77562,-104.86574,2/11/2020 5:04,5:04:00,15,0,1,I70 EAST & HAVANA STREET NORTH,9,2,0,0,1,4, ,0,65,0,0,0,0,1,1,2,13
,2020-31703,39.77562,-104.8657,1/6/2020 2:40,2:40:00,12,0,0,I70 & HAVANA STREET NORTH,1,3,0,0,1,4, ,0,55,0,0,0,0,0,1,2,13
,2020-31704,39.77562,-104.86574,3/6/2020 22:00,22:00:00,15,0,0,I70 & HAVANA STREET NORTH,1,3,1,0,1,4, ,0,65,0,0,0,0,0,1,2,3
,2020-31705,39.77401,-104.84703,6/16/2020 19:57,19:57:00,5,0,3,I70 & PEORIA STREET NORTH,1,1,0,0,3,4, ,0,65,0,0,0,0,1,1,1,14
,2020-31706,39.77562,-104.8657,1/2/2020 5:30,5:30:00,5,0,0,I70 & HAVANA STREET NORTH,1,3,0,0,1,4, ,0,55,0,0,0,0,0,1,2,13
,2020-31707,39.77562,-104.8657,1/7/2020 8:45,8:45:00,15,0,0,I70 & HAVANA STREET NORTH,1,1,1,0,1,4, ,0,65,0,0,0,0,0,1,2,13
,2020-31708,39.77562,-104.8657,1/13/2020 11:00,11:00:00,5,0,0,I70 & HAVANA STREET NORTH,1,1,0,0,2,4, ,0,55,0,0,0,0,0,1,1,3
,2020-31709,39.77583,-104.86574,1/15/2020 7:28,7:28:00,15,0,0,I70 & HAVANA STREET NORTH,1,2,0,0,1,4, ,0,55,0,0,0,0,0,1,2,14
,2020-31710,39.77583,-104.86574,2/9/2020 19:53,19:53:00,15,0,0,I70 WEST & HAVANA STREET NORTH,4,4,0,0,1,4, ,0,55,0,0,0,0,0,4,2,13
,2020-31711,39.77562,-104.86574,2/21/2020 7:05,7:05:00,5,0,1,I70 EAST & HAVANA STREET NORTH,1,1,1,0,2,4, ,1,65,0,0,0,0,1,1,1,14
,2020-31712,39.77562,-104.86574,3/5/2020 6:06,6:06:00,15,0,0,I70 EASTBOUND & HAVANA STREET NORTH,1,1,0,0,1,4, ,0,65,0,0,0,0,0,1,2,13
,2020-31713,39.77583,-104.86574,3/9/2020 7:47,7:47:00,12,0,0,I70 & HAVANA STREET NORTH,1,1,1,0,1,4, ,0,55,0,0,0,0,0,1,3,13
,2020-31714,39.77583,-104.86574,4/6/2020 19:12,19:12:00,12,0,0,I70 & HAVANA STREET NORTH,1,1,0,0,1,4, ,0,55,0,0,0,0,0,1,2,3
,2020-31715,39.77583,-104.86574,4/30/2020 18:14,18:14:00,12,0,0,I70 & HAVANA STREET NORTH,11,1,0,0,1,4, ,0,65,0,0,0,0,0,1,2,3
,2020-31716,39.77583,-104.86574,5/14/2020 16:17,16:17:00,15,0,0,I70 & HAVAN STREET NORTH,1,1,0,0,1,4, ,0,,0,0,0,0,0,1,2,13
,2020-31717,39.77587152,-104.8659199,1/3/2020 7:11,7:11:00,12,0,0,HAVANA STREET NORTH & I70 WB RAMPS,1,1,0,0,1,3, ,0,30,0,0,0,0,0,4,2,13
,2020-31718,39.77583,-104.86574,3/1/2020 20:30,20:30:00,5,0,3,I70 & HAVANA STREET NORTH WB ENTRANCE GORE POINT,11,3,0,2,2,4, ,0,60,0,0,0,0,0,1,2,3
,2020-31719,39.77562,-104.86574,4/8/2020 20:05,20:05:00,5,0,1,I70 EASTBOUND OFF LOOP RAMP GORE POINT TO & HAVANA STREET NORTH,1,3,0,0,2,14, ,0,65,0,0,0,0,3,1,1,1
,2020-31720,39.77562,-104.86574,4/28/2020 5:53,5:53:00,9,0,2,I70 & HAVANA STREET NORTH,1,2,0,0,1,4, ,0,65,0,0,0,0,1,1,4,13
,2020-31721,39.77587152,-104.8659199,2/22/2020 11:36,11:36:00,12,0,0,I70 WEST & HAVANA STREET NORTH,1,1,0,0,1,4, ,0,65,0,0,0,0,0,1,3,1
,2020-31722,39.77583,-104.8657,1/9/2020 2:15,2:15:00,9,0,1,I70 & HAVANA STREET NORTH,1,3,0,0,2,4, ,0,65,0,0,0,0,1,1,1,14
,2020-31723,39.77583,-104.86574,3/6/2020 10:10,10:10:00,15,0,0,I70 EXIT LANE & HAVANA STREET NORTH WB EXIT GORE POINT,1,1,0,0,1,4, ,0,65,0,0,0,0,0,1,2,1
,2020-31724,39.77587152,-104.8659199,3/12/2020 14:54,14:54:00,12,0,1,I70 WB EXIT GORE POINT TO & HAVANA STREET NORTH,1,1,0,0,1,4, ,0,65,0,0,0,0,1,1,2,13
,2020-31725,39.77583,-104.86574,3/9/2020 17:02,17:02:00,12,0,0,I70 & HAVANA STREET NORTH,1,1,0,0,1,4, ,0,55,0,0,0,0,0,1,2,1
,2020-31726,39.77401,-104.84704,1/10/2020 15:32,15:32:00,15,0,0,I70 & PEORIA STREET NORTH,1,1,0,0,1,4, ,1,65,0,0,0,0,0,1,2,1
,2020-31727,39.77401,-104.84703,2/21/2020 14:45,14:45:00,12,0,0,I70 EAST & PEORIA STREET NORTH,1,1,0,0,1,4, ,0,55,0,0,0,0,0,1,2,13
,2020-31728,39.77421,-104.84704,4/11/2020 23:00,23:00:00,12,0,0,I70 & PEORIA STREET NORTH,1,3,0,0,1,4, ,0,70,0,0,0,0,0,1,2,14
,2020-31729,39.77401,-104.84703,6/3/2020 8:33,8:33:00,12,0,0,I70 & PEORIA STREET NORTH,1,1,0,0,1,4, ,0,65,0,0,0,0,0,1,2,3
,2020-31730,39.77562,-104.86574,3/22/2020 7:45,7:45:00,5,0,1,I70 & HAVANA STREET NORTH,1,1,0,0,2,4, ,0,55,0,0,0,0,0,1,2,3
,2020-31731,39.77421,-104.84704,2/19/2020 16:00,16:00:00,12,0,1,I70 WEST & PEORIA STREET NORTH,11,1,0,2,1,4, ,0,55,0,0,0,0,3,1,2,13
,2020-31732,39.77401,-104.84703,3/3/2020 6:47,6:47:00,15,0,0,I70 EASTBOUND EXIT GORE POINT TO & PEORIA STREET NORTH,1,1,0,0,1,4, ,0,55,0,0,0,0,0,1,2,13
,2020-31733,39.77401,-104.84703,2/11/2020 17:47,17:47:00,12,0,0,I70 EAST OFF RAMP & PEORIA STREET NORTH,11,3,1,0,1,14, ,0,25,0,0,0,0,0,1,2,3
,2020-31734,39.77401,-104.84703,1/15/2020 15:51,15:51:00,12,0,1,I70 & PEORIA STREET NORTH,1,1,1,0,1,4, ,0,55,0,0,0,0,2,1,2,1
,2020-31735,39.77401,-104.84703,1/21/2020 18:08,18:08:00,12,0,1,I70 & PEORIA STREET NORTH,1,4,0,0,1,4, ,0,55,0,0,0,0,1,2,3,13
,2020-31736,39.77401,-104.84703,1/27/2020 20:36,20:36:00,5,0,1,I70 EASTBOUND EXIT GORE POINT TO & PEORIA STREET NORTH,11,3,0,0,3,4, ,0,65,0,0,0,0,1,1,1,10
,2020-31737,39.77401,-104.84703,2/28/2020 20:20,20:20:00,12,0,0,I70 & EASTBOUND EXIT GORE POINT TO PEORIA STREET,1,4,1,0,1,4, ,0,55,0,0,0,0,0,1,2,13
,2020-31738,39.77583,-104.86574,6/12/2020 21:19,21:19:00,12,0,0,I70 & HAVANA STREET NORTH,1,3,1,0,1,4, ,0,65,0,0,0,0,0,1,2,8
,2020-31739,39.77401,-104.84703,1/3/2020 15:12,15:12:00,12,0,0,I70 EASTBOUND OFF RAMP & PEORIA STREET EXIT GORE POINT,1,1,0,0,1,14, ,0,45,0,0,0,0,0,1,2,13
,2020-31740,39.77393652,-104.8469389,5/4/2020 22:28,22:28:00,12,0,2,I70 & PEORIA STREET NORTH,1,3,0,0,1,4, ,0,35,0,0,0,0,1,2,2,5
,2020-31741,39.774,-104.847,1/9/2020 14:52,14:52:00,12,0,0,I70 & PEORIA STREET NORTH,1,1,0,0,1,4, ,0,65,0,0,0,0,0,1,2,1
,2020-31742,39.77421,-104.84704,6/17/2020 22:03,22:03:00,12,0,0,I70 & PEORIA STREET NORTH,1,3,0,0,1,4, ,1,,0,0,0,0,0,1,3,13
,2020-31743,39.77421,-104.84704,1/27/2020 17:31,17:31:00,12,0,1,I70 & PEORIA STREET NORTH,1,3,0,0,1,4, ,0,65,0,0,0,0,1,1,4,1
,2020-31744,39.77401,-104.84703,3/6/2020 15:50,15:50:00,12,0,1,I70 & PEORIA STREET NORTH,1,1,0,0,1,4, ,1,55,0,0,0,0,2,1,4,1
,2020-31745,39.77421,-104.84704,4/2/2020 19:27,19:27:00,15,0,2,I70 & PEORIA STREET NORTH,4,3,0,2,1,4, ,0,65,0,0,0,0,2,1,2,13
,2020-31746,39.77393652,-104.8469389,3/25/2020 17:25,17:25:00,12,0,0,I70 & PEORIA STREET NORTH,1,1,0,0,1,4, ,0,65,0,0,0,0,0,1,2,14
,2020-31747,39.77401,-104.84703,3/6/2020 18:46,18:46:00,12,0,0,I70 & PEORIA STREET NORTH,1,3,0,0,1,4, ,0,55,0,0,0,0,0,1,3,3
,2020-31748,39.77401,-104.84703,6/18/2020 15:55,15:55:00,12,0,1,PEORIA STREET NORTH & I70,1,1,0,0,1,4, ,0,65,0,0,0,0,0,1,3,14
,2020-31749,39.7742,-104.847,1/7/2020 8:43,8:43:00,15,0,0,I70 & PEORIA STREET NORTH,1,1,0,0,1,4, ,0,65,0,0,0,0,0,1,2,13
,2020-31750,39.77425152,-104.8471099,2/24/2020 7:53,7:53:00,12,0,0,I70 EASTBOUND OFF RAMP SLIP TO & PEORIA STREET NORTH,1,1,0,0,1,14, ,0,40,0,0,0,0,0,4,2,13
,2020-31751,39.77401,-104.84703,6/17/2020 17:45,17:45:00,12,0,0,I70 EASTBOUND OFF RAMP & PEORIA STREET NORTH,1,1,0,0,1,14, ,0,35,0,0,0,0,0,4,2,14
,2020-31752,39.7742,-104.847,1/2/2020 9:39,9:39:00,15,0,0,I70 & PEORIA STREET NORTH,1,1,0,0,1,4, ,0,,0,0,0,0,0,1,2,13
,2020-31753,39.774,-104.847,1/4/2020 11:39,11:39:00,12,0,0,I70 & PEORIA STREET NORTH,1,1,0,0,1,4, ,0,65,0,0,0,0,0,1,2,13
,2020-31754,39.7742,-104.847,1/5/2020 10:58,10:58:00,5,0,0,I70 & PEORIA STREET NORTH,1,1,1,0,1,4, ,0,55,0,0,0,0,0,1,2,13
,2020-31755,39.774,-104.847,1/5/2020 11:23,11:23:00,15,0,0,I70 & PEORIA STREET NORTH,1,1,0,0,1,4, ,0,65,0,0,0,0,0,1,2,1
,2020-31756,39.774,-104.847,1/7/2020 8:24,8:24:00,12,0,0,I70 & PEORIA STREET NORTH,1,1,0,0,1,4, ,0,55,0,0,0,0,0,1,2,13
,2020-31757,39.77421,-104.84704,2/5/2020 13:35,13:35:00,15,0,2,I70 & PEORIA STREET NORTH,1,1,0,0,1,4, ,0,65,0,0,0,0,3,1,2,1
,2020-31758,39.77421,-104.84704,2/14/2020 6:39,6:39:00,12,0,0,I70 WEST & PEORIA STREET NORTH,1,1,0,0,1,4, ,0,65,0,0,0,0,0,1,2,13
,2020-31759,39.77421,-104.84704,2/17/2020 6:36,6:36:00,12,0,0,I70 WEST & PEORIA STREET NORTH,1,1,0,0,1,4, ,0,55,0,0,0,0,0,1,3,13
,2020-31760,39.77421,-104.84704,2/28/2020 14:40,14:40:00,12,0,0,I70 & PEORIA STREET NORTH,1,1,0,0,1,4, ,0,55,0,0,0,0,0,1,3,13
,2020-31761,39.77421,-104.84704,3/5/2020 6:35,6:35:00,12,0,0,I70 & PEORIA STREET NORTH,1,1,0,0,1,4, ,0,55,0,0,0,0,0,1,3,13
,2020-31762,39.77421,-104.84704,3/5/2020 20:33,20:33:00,5,0,1,I70 WB EXIT GORE POINT TO & PEORIA STREET NORTH,1,3,0,0,1,4, ,0,55,0,0,0,0,2,1,1,13
,2020-31763,39.77421,-104.84704,4/29/2020 18:24,18:24:00,15,0,0,I70 & PEORIA STREET NORTH,1,1,0,0,1,4, ,0,65,0,0,0,0,0,1,2,13
,2020-31764,39.77401,-104.84703,5/9/2020 12:39,12:39:00,12,0,2,I70 & PEORIA STREET NORTH,1,1,0,0,1,4, ,0,55,0,0,0,0,2,1,3,1
,2020-31765,39.77401,-104.84704,5/16/2020 5:03,5:03:00,5,0,0,I70 & PEORIA STREET NORTH,11,3,1,1,3,4, ,0,55,0,0,0,0,0,1,1,1
,2020-31766,39.77393652,-104.8469389,5/29/2020 18:15,18:15:00,12,0,0,I70 & PEORIA STREET NORTH,1,1,0,0,1,4, ,0,70,0,0,0,0,0,1,2,13
,2020-31767,39.77393652,-104.8469389,6/4/2020 12:07,12:07:00,12,0,0,I70 & PEORIA STREET NORTH,1,1,0,0,1,4, ,0,55,0,0,0,0,0,2,3,14
,2020-31768,39.77401,-104.84703,1/18/2020 17:50,17:50:00,5,0,0,PEORIA STREET NORTH & I70,1,4,0,0,1,4, ,0,35,0,0,0,0,0,4,1,5
,2020-31769,39.77625,-104.84703,1/22/2020 11:42,11:42:00,12,0,0,PEORIA STREET 4300 NORTH & I70 WB RAMPS,1,1,0,0,1,4, ,0,35,0,0,0,0,0,4,2,3
,2020-31770,39.7742,-104.84704,6/28/2020 17:35,17:35:00,12,0,1,PEORIA STREET NORTH & I70,1,1,0,0,1,4, ,0,35,0,0,0,0,0,4,3,5
,2020-31771,39.77425152,-104.8471099,1/10/2020 6:44,6:44:00,15,0,0,I70 WB OFF RAMP & PEORIA STREET NORTH,1,2,0,0,1,1, ,0,35,0,0,0,0,0,4,2,13
,2020-31772,39.77421,-104.84704,2/14/2020 6:25,6:25:00,15,0,0,I70 WEST & PEORIA STREET NORTH,11,1,0,0,1,1, ,0,25,0,0,0,0,0,4,2,13
,2020-31773,39.77401,-104.84703,2/28/2020 17:28,17:28:00,15,0,0,PEORIA STREET NORTH & I70 EAST,1,2,0,0,1,3, ,0,35,0,0,0,0,0,4,2,13
,2020-31774,39.7742,-104.84704,3/1/2020 20:25,20:25:00,12,0,2,PEORIA STREET NORTH & I70 WB RAMPS,11,3,0,2,1,1, ,0,35,0,0,0,0,1,4,3,13
,2020-31775,39.77421,-104.84704,4/7/2020 15:25,15:25:00,10,0,1,PEORIA STREET NORTH & I70 WB OFF RAMP,1,1,0,0,1,1, ,0,45,0,0,0,0,1,1,2,13
,2020-31776,39.77401,-104.84704,4/28/2020 20:40,20:40:00,12,0,0,PEORIA STREET NORTH & I70 WB RAMPS,1,3,0,0,1,1, ,0,35,0,0,0,0,0,4,2,13
,2020-31777,39.77421,-104.84704,6/18/2020 22:00,22:00:00,5,0,0,I70 & PEORIA STREET NORTH,11,3,1,0,3,1, ,0,65,0,0,0,0,0,1,1,3
,2020-31778,39.77425152,-104.8471099,1/6/2020 8:14,8:14:00,12,0,0,PEORIA STREET NORTH & I70 EASTBOUND ON RAMP,1,1,0,0,1,1, ,0,35,0,0,0,0,0,4,2,13
,2020-31779,39.77425152,-104.8471099,1/10/2020 8:36,8:36:00,15,0,0,PEORIA STREET NORTH & I70 EASTBOUND OFF RAMP,1,1,0,0,1,1, ,0,35,0,0,0,0,0,1,2,14
,2020-31780,39.77401,-104.84703,2/14/2020 9:00,9:00:00,10,0,0,I70 EAST OFF RAMP & PEORIA STREET NORTH,1,1,0,0,1,1, ,0,35,0,0,0,0,0,1,2,8
,2020-31781,39.77401,-104.84703,2/28/2020 16:00,16:00:00,12,0,0,PEORIA STREET & I70 EASTBOUND RAMPS,1,1,0,0,1,1, ,0,35,0,0,0,0,0,4,2,13
,2020-31782,39.77401,-104.84703,3/1/2020 18:31,18:31:00,15,0,0,PEORIA STREET NORTH & I70 EASTBOUND OFF RAMP,6,3,0,2,1,1, ,0,35,0,0,0,0,0,4,2,13
,2020-31783,39.77421,-104.84704,1/13/2020 13:35,13:35:00,12,0,0,I70 & PEORIA STREET NORTH,1,1,0,0,1,4, ,1,65,0,0,0,0,0,1,2,7