id,drcog_id,latitude,longitude,crashtime,time,crashtype,numbkilled,numbinjurd,drcoglocat,rdconditin,lightngcon,roadcntgrd,weatherco,location,roaddescrp,schoolzone,constrzone,splimit,bikeinv,pedinv,sctrinv,motoinv,svrty,rdsystem,ttlvehcls,hcf
,2020-31784,39.77421,-104.84704,1/24/2020 6:03,6:03:00,12,0,0,I70 & PEORIA STREET NORTH,1,1,0,0,1,4, ,0,55,0,0,0,0,0,1,2,13
,2020-31785,39.7742,-104.847,1/3/2020 16:55,16:55:00,12,0,0,I70 WB OFF RAMP & PEORIA STREET NORTH,1,3,0,0,1,14, ,0,65,0,0,0,0,0,1,2,13
,2020-31786,39.7742,-104.84704,5/13/2020 21:48,21:48:00,12,0,1,I70 & PEORIA STREET NORTH,1,3,0,0,1,4, ,0,55,0,0,0,0,0,1,4,5
,2020-31787,39.77425152,-104.8471099,2/24/2020 15:23,15:23:00,5,0,0,I70 WB OFF RAMP & PEORIA STREET NORTH,1,1,0,0,1,4, ,1,55,0,0,0,0,0,1,1,7
,2020-31788,39.774,-104.847,1/9/2020 10:35,10:35:00,15,0,0,I70 & PEORIA STREET NORTH,1,1,1,0,1,4, ,1,55,0,0,0,0,0,4,2,7
,2020-31789,39.77625,-104.84703,2/20/2020 11:17,11:17:00,12,0,1,PEORIA STREET NORTH & I70,9,1,0,2,1,4, ,0,35,0,0,0,0,0,4,4,13
,2020-31790,39.77401,-104.84704,1/24/2020 2:10,2:10:00,12,0,2,I70 & PEORIA STREET NORTH,1,4,1,0,1,4, ,1,65,0,0,0,0,1,1,2,5
,2020-31791,39.77287,-104.83383,4/10/2020 15:51,15:51:00,5,0,0,I70 EASTBOUND EXIT GORE POINT TO & I225 SOUTHBOUND,1,1,0,0,2,4, ,1,55,0,0,0,0,0,1,1,3
,2020-31792,39.77401,-104.84703,1/29/2020 16:02,16:02:00,12,0,0,I70 & PEORIA STREET NORTH,1,1,0,0,1,4, ,0,55,0,0,0,0,0,1,2,1
,2020-31793,39.77393652,-104.8469389,3/12/2020 14:24,14:24:00,12,0,0,I70 & PEORIA STREET NORTH,1,1,0,0,1,4, ,0,55,0,0,0,0,0,1,2,14
,2020-31794,39.77421,-104.84704,4/22/2020 4:30,4:30:00,5,0,0,I70 WB OFF RAMP TO & PEORIA STREET NORTH,1,1,0,0,2,14, ,0,55,0,0,0,0,0,1,1,13
,2020-31795,39.77421,-104.84704,2/19/2020 19:15,19:15:00,15,0,0,I70 WEST EXIT RAMP GORE POINT & PEORIA STREET NORTH,9,3,0,2,1,4, ,0,45,0,0,0,0,0,1,2,7
,2020-31796,39.74000353,-104.9920099,3/6/2020 18:50,18:50:00,12,0,1,I70 WB ON RAMP LOOP ENTRANCE GORE POINT FROM & I225 NORTHBOUND,1,3,0,0,1,14, ,0,65,0,0,0,0,1,2,2,5
,2020-31797,39.74000353,-104.9920099,1/21/2020 20:43,20:43:00,12,0,0,I70 WB ON RAMP & I225 ENTRANCE GORE POINT,1,3,0,0,1,14, ,0,55,0,0,0,0,0,1,2,7
,2020-31798,39.77393652,-104.8469389,1/21/2020 20:22,20:22:00,15,0,0,I70 & PEORIA STREET NORTH,1,3,0,0,1,4, ,0,70,0,0,0,0,0,1,2,14
,2020-31799,39.77363839,-104.8369834,4/10/2020 20:57,20:57:00,5,0,3,I70 WB OFF RAMP SPLIT GORE POINT TO & PEORIA STREET NORTH,1,4,0,0,3,14, ,0,45,0,0,0,0,3,4,1,7
,2020-31800,39.78346313,-105.0112169,3/20/2020 19:38,19:38:00,5,0,0,I70 & MM 282,11,3,0,0,2,4, ,1,65,0,0,0,0,0,1,1,13
,2020-31801,39.77286,-104.8338,1/11/2020 17:14,17:14:00,12,0,0,I70 & I225 EXIT GORE POINT,1,3,0,0,1,4, ,0,65,0,0,0,0,0,4,2,13
,2020-31802,39.77421,-104.84704,1/24/2020 6:03,6:03:00,12,0,0,I70 WEST OFF RAMP & PEORIA STREET NORTH,1,1,0,0,1,14, ,0,55,0,0,0,0,0,1,2,13
,2020-31803,39.77287,-104.83383,4/17/2020 0:13,0:13:00,5,0,1,I70 EASTBOUND EXIT GORE POINT TO & I225 SOUTHBOUND,11,3,0,0,2,4, ,1,65,0,0,0,0,3,1,1,5
,2020-31804,39.74000353,-104.9920099,6/17/2020 8:30,8:30:00,15,0,0,I70 WB OFF RAMP TO PEORIA & I225 NORTHBOUND OFF RAMP,1,1,1,0,1,14, ,1,65,0,0,0,0,0,1,2,1
,2020-31805,39.78346313,-105.0112169,6/5/2020 0:00,0:00:00,15,0,0,I70 & MM 282,1,1,0,0,1,4, ,0,55,0,0,0,0,0,1,2,1
,2020-31806,39.71928524,-104.9839466,3/10/2020 7:29,7:29:00,5,0,0,I70 & MP 282.2,1,1,0,0,2,4, ,0,55,0,0,0,0,0,1,2,8
,2020-31807,39.74031252,-104.8252085,2/20/2020 9:46,9:46:00,15,0,0,I70 EASTBOUND OFF RAMP TO & I225,11,1,0,0,1,4, ,0,55,0,0,0,0,0,1,2,14
,2020-31808,39.77287,-104.83383,2/7/2020 7:42,7:42:00,5,0,0,I70 EAST & I225 SOUTH EXIT GORE POINT,9,1,1,2,2,14, ,0,55,0,0,0,0,0,1,1,8
,2020-31809,39.77287,-104.83383,2/6/2020 13:41,13:41:00,15,0,0,I70 EASTBOUND EXIT GORE POINT TO & I225 SOUTHBOUND,1,1,0,0,1,4, ,0,55,0,0,0,0,0,1,2,13
,2020-31810,39.77287,-104.83383,2/9/2020 2:38,2:38:00,5,0,1,I70 EASTBOUND EXIT GORE POINT TO & I225,1,3,0,0,2,4, ,0,55,0,0,0,0,0,1,1,5
,2020-31811,39.77287,-104.83383,3/17/2020 1:08,1:08:00,5,0,0,I70 EASTBOUND EXIT GORE POINT TO & I225 SOUTHBOUND,1,3,0,0,3,4, ,0,65,0,0,0,0,0,1,1,2
,2020-31812,39.77287,-104.83383,4/19/2020 2:21,2:21:00,5,0,1,I70 EASTBOUND EXIT GORE POINT TO & I225 SOUTHBOUND,1,3,0,0,3,4, ,0,65,0,0,0,0,1,1,1,5
,2020-31813,39.70931352,-104.81457,4/29/2020 9:46,9:46:00,15,0,1,I70 EASTBOUND OFF RAMP EXIT GORE POINT TO & I225 SOUTHBOUND,1,1,0,0,1,14, ,0,65,0,0,0,0,1,2,2,10
,2020-31814,39.70931352,-104.81457,5/6/2020 7:34,7:34:00,15,0,0,I70 EASTBOUND OFF RAMP EXIT GORE POINT TO & I225 SOUTHBOUND,1,1,0,0,1,14, ,0,55,0,0,0,0,0,1,2,13
,2020-31815,39.77287,-104.83383,2/13/2020 18:08,18:08:00,12,0,0,I70 EAST & I225,1,3,0,0,1,4, ,0,55,0,0,0,0,0,1,3,13
,2020-31817,39.74000353,-104.9920099,1/12/2020 22:13,22:13:00,15,0,0,I70 EASTBOUND & I225 SOUTHBOUND EXIT GORE POINT,1,3,0,0,1,4, ,0,,0,0,0,0,0,1,3,13
,2020-31818,39.77287,-104.83383,2/21/2020 13:00,13:00:00,5,0,0,I70 EAST & I225,1,1,0,0,2,4, ,1,55,0,0,0,0,0,1,1,3
,2020-31819,39.63657344,-104.8906106,6/21/2020 1:33,1:33:00,15,0,0,I70 & I225,1,3,1,0,1,4, ,1,65,0,0,0,0,0,1,2,13
,2020-31820,39.74023955,-104.8252271,2/11/2020 6:10,6:10:00,15,0,0,I70 EAST & I225 NORTH,7,2,0,2,1,4, ,0,55,0,0,0,0,0,1,2,7
,2020-31821,39.77287,-104.83383,2/11/2020 15:13,15:13:00,15,0,0,I70 EAST & I225,11,1,0,0,1,4, ,0,65,0,0,0,0,0,1,2,13
,2020-31822,39.74000353,-104.9920099,3/6/2020 18:50,18:50:00,12,0,1,I70 WB ON FLYOVER RAMP FROM & I225 NORTHBOUND,1,3,0,0,1,4, ,0,,0,0,0,0,1,2,2,13
,2020-31823,39.63657344,-104.8906106,2/20/2020 13:03,13:03:00,15,0,0,I70 WB ON RAMP & I225 NORTHBOUND FLYOVER,1,1,1,0,1,14, ,0,65,0,0,0,0,0,1,2,3
,2020-31824,39.63657344,-104.8906106,5/14/2020 1:19,1:19:00,12,0,0,I225 NORTHBOUND OFF RAMP TO & I70 WB,1,3,0,0,1,14, ,0,60,0,0,0,0,0,1,2,7
,2020-31825,39.72406664,-104.9846719,1/24/2020 2:17,2:17:00,5,0,1,I70 & MM 282.5,1,3,0,0,3,4, ,0,55,0,0,0,0,2,1,1,5
,2020-31826,39.77421,-104.84704,2/13/2020 14:58,14:58:00,12,0,0,I70 WEST & PEORIA STREET NORTH,1,1,0,0,1,4, ,0,65,0,0,0,0,0,1,2,13
,2020-31827,39.77421,-104.84704,2/13/2020 15:26,15:26:00,12,0,0,I70 WEST & PEORIA STREET NORTH,1,1,0,0,1,4, ,0,65,0,0,0,0,0,1,2,13
,2020-31828,39.74025522,-104.8294493,2/9/2020 0:02,0:02:00,12,0,0,I70 EAST & I225 SOUTH,11,3,0,2,1,4, ,0,55,0,0,0,0,0,1,3,8
,2020-31829,39.63657344,-104.8906106,3/3/2020 8:14,8:14:00,12,0,0,I70 & I225,1,1,0,0,1,4, ,0,55,0,0,0,0,0,1,3,13
,2020-31830,39.77273,-104.82999,2/12/2020 10:08,10:08:00,5,0,0,I70 WEST & I225,1,1,0,0,2,4, ,0,65,0,0,0,0,0,1,2,13
,2020-31835,39.78260803,-104.9985394,2/10/2020 7:09,7:09:00,15,0,0,I70 WEST & MM 283.00,1,1,0,0,1,4, ,0,55,0,0,0,0,0,1,2,13
,2020-31836,39.63657344,-104.8906106,6/20/2020 16:28,16:28:00,15,0,0,I70 & I225,1,1,0,0,1,4, ,0,65,0,0,0,0,0,1,2,1
,2020-32162,39.7872319,-105.0709598,7/7/2020 17:00,17:00:00,12,0,0,I76 & MM 1,1,1,0,0,1,4, ,0,65,0,0,0,0,0,1,2,4
,2020-32770,39.67085953,-104.8660505,2/13/2020 17:35,17:35:00,15,0,0,PARKER ROAD SOUTH EXIT RAMP GORE POINT & HAVANA AVENUE EAST,1,4,0,0,1,3, ,0,35,0,0,0,0,0,4,2,14
,2020-32774,39.67364,-104.8696,1/14/2020 18:00,18:00:00,12,0,0,PARKER ROAD & 2300 SOUTH,1,3,0,0,1,4, ,0,35,0,0,0,0,0,2,2,3
,2020-32775,39.67476,-104.87084,5/31/2020 19:45,19:45:00,12,0,1,PARKER ROAD SOUTH & ILIFF AVENUE EAST,1,1,0,0,1,3, ,0,45,0,0,0,0,1,2,2,3
,2020-32776,39.67475,-104.8708,1/9/2020 6:54,6:54:00,12,0,0,ILIFF AVENUE EAST & PARKER ROAD SOUTH,1,1,0,0,1,1, ,0,,0,0,0,0,0,4,2,13
,2020-32777,39.67476,-104.87084,1/16/2020 13:36,13:36:00,3,0,5,PARKER ROAD SOUTH & ILIFF AVENUE EAST,1,1,1,0,1,1, ,0,45,0,0,0,0,1,2,3,10
,2020-32779,39.67475653,-104.8708519,3/1/2020 2:54,2:54:00,8,0,0,ILIFF AVENUE 9700 EAST & PARKER ROAD SOUTH,1,3,0,0,1,3, ,0,,0,0,0,0,0,4,2,13
,2020-32801,39.69653,-104.8981,1/11/2020 14:33,14:33:00,1,0,0,PARKER ROAD SOUTH & MISSISSIPPI AVENUE EAST,1,1,0,0,1,1, ,0,45,0,0,0,0,0,2,2,3
,2020-32802,39.69654,-104.89816,1/25/2020 10:43,10:43:00,3,0,0,PARKER ROAD SOUTH & MISSISSIPPI AVENUE EAST,1,1,0,0,1,1, ,0,35,0,0,0,0,0,2,2,14
,2020-32803,39.69783,-104.90161,3/3/2020 7:45,7:45:00,12,0,0,PARKER ROAD SOUTH & 1000 SOUTH,1,1,0,0,1,4, ,0,35,0,0,0,0,0,4,2,13
,2020-32804,39.69853,-104.9035,1/13/2020 17:30,17:30:00,1,0,1,PARKER ROAD SOUTH & QUEBEC STREET SOUTH,1,3,1,0,1,2, ,0,30,0,0,0,0,1,2,2,13
,2020-32806,39.69854,-104.90354,6/23/2020 17:30,17:30:00,1,0,0,LEETSDALE DRIVE & QUEBEC STREET SOUTH,1,1,0,0,1,2, ,0,30,0,0,0,0,0,2,2,3
,2020-32807,39.69958,-104.90641,1/25/2020 12:33,12:33:00,12,0,0,LEETSDALE DRIVE & QUEBEC STREET NORTH,1,1,0,0,1,3, ,0,35,0,0,0,0,0,2,2,13
,2020-32808,39.69854,-104.90354,3/11/2020 13:04,13:04:00,12,0,1,LEETSDALE DRIVE & QUEBEC STREET SOUTH,1,1,0,0,1,4, ,0,40,0,0,0,0,0,2,2,1
,2020-32810,39.69883,-104.90436,2/26/2020 7:35,7:35:00,12,0,0,LEETSDALE DRIVE 7200  & QUEBEC STREET SOUTH,1,1,0,0,1,4, ,0,35,0,0,0,0,0,2,2,13
,2020-32811,39.69883,-104.90435,2/14/2020 16:43,16:43:00,12,0,0,LEETSDALE DRIVE 7200  & QUEBEC STREET SOUTH,1,2,0,0,1,3, ,0,45,0,0,0,0,0,2,2,2
,2020-32812,39.69883,-104.90436,1/17/2020 17:20,17:20:00,12,0,0,LEETSDALE DRIVE 7200  & QUEBEC STREET SOUTH,1,3,0,0,1,3, ,0,40,0,0,0,0,0,2,3,1
,2020-32813,39.70021,-104.9082,1/3/2020 16:50,16:50:00,1,0,1,LEETSDALE DRIVE & ONEIDA STREET SOUTH,1,2,0,0,1,1, ,0,45,0,0,0,0,1,2,2,13
,2020-32814,39.70022,-104.90822,2/1/2020 11:36,11:36:00,3,0,0,LEETSDALE DRIVE & ONEIDA STREET SOUTH,1,1,0,0,1,1, ,0,30,0,0,0,0,0,4,2,14
,2020-32815,39.70022,-104.90822,3/4/2020 18:15,18:15:00,12,0,0,LEETSDALE DRIVE & ONEIDA STREET SOUTH,1,3,0,0,1,3, ,0,35,0,0,0,0,0,2,2,3
,2020-32816,39.70022,-104.90822,3/30/2020 13:40,13:40:00,1,0,0,LEETSDALE DRIVE & ONEIDA STREET SOUTH,1,1,0,0,1,1, ,0,35,0,0,0,0,0,2,3,3
,2020-32817,39.70022,-104.90822,6/24/2020 11:36,11:36:00,12,0,2,LEETSDALE DRIVE & ONEIDA STREET SOUTH,1,1,0,0,1,1, ,0,30,0,0,0,0,2,2,3,13
,2020-32818,39.70019053,-104.9081704,4/6/2020 19:08,19:08:00,12,0,1,LEETSDALE DRIVE EAST & ONEIDA STREET SOUTH,1,2,0,0,1,4, ,0,35,0,0,0,0,0,4,2,13
,2020-32819,39.70061,-104.90942,2/17/2020 6:35,6:35:00,5,0,0,LEETSDALE DRIVE 6800  & ONEIDA STREET SOUTH,1,2,0,0,1,4, ,0,35,0,0,0,0,0,2,1,13
,2020-32820,39.70061,-104.90942,2/17/2020 7:00,7:00:00,5,0,0,LEETSDALE DRIVE 6800  & ONEIDA STREET SOUTH,1,2,0,0,1,4, ,0,35,0,0,0,0,0,2,1,13
,2020-32821,39.70071598,-104.9096679,1/21/2020 15:00,15:00:00,12,0,0,LEETSDALE DRIVE & 6800,1,1,0,0,1,4, ,0,30,0,0,0,0,0,2,2,3
,2020-32822,39.70245,-104.91225,1/28/2020 18:00,18:00:00,3,0,0,LEETSDALE DRIVE & MONACO STREET SOUTH,1,3,0,0,1,2, ,0,35,0,0,0,0,0,4,2,13
,2020-32823,39.7029,-104.91284,2/19/2020 11:19,11:19:00,12,0,0,LEETSDALE DRIVE & MONACO STREET PARKWAY SOUTH,11,1,0,2,1,3, ,0,35,0,0,0,0,0,2,3,3
,2020-32824,39.70245,-104.91225,2/26/2020 17:14,17:14:00,3,0,0,LEETSDALE DRIVE 6500  & MONACO STREET SOUTH,1,2,0,0,1,2, ,0,40,0,0,0,0,0,2,2,13
,2020-32825,39.7029,-104.91284,4/20/2020 23:00,23:00:00,12,0,0,LEETSDALE DRIVE & MONACO STREET SOUTH,1,3,0,0,1,1, ,0,40,0,0,0,0,0,4,2,13
,2020-32826,39.70386,-104.91471,5/12/2020 23:04,23:04:00,5,0,1,LEETSDALE DRIVE & EXPOSITION AVENUE EAST,1,3,0,0,3,1, ,0,35,0,0,0,0,3,2,1,13
,2020-32827,39.70651,-104.91983,2/7/2020 10:50,10:50:00,3,0,0,LEETSDALE DRIVE & JERSEY STREET SOUTH,9,1,1,2,1,1, ,0,25,0,0,0,0,0,2,2,1
,2020-32828,39.70683,-104.92071,1/10/2020 14:15,14:15:00,15,0,0,LEETSDALE DRIVE 5800  & JERSEY STREET SOUTH,1,1,0,0,1,4, ,0,35,0,0,0,0,0,4,2,5
,2020-32829,39.70742,-104.92286,1/31/2020 13:25,13:25:00,12,0,0,LEETSDALE DRIVE & HOLLY STREET NORTH,1,1,0,0,1,3, ,0,35,0,0,0,0,0,2,2,3
,2020-32830,39.70779,-104.92523,2/28/2020 13:48,13:48:00,1,0,1,LEETSDALE DRIVE 5300  & FOREST STREET SOUTH,1,1,0,0,1,2, ,0,35,0,0,0,0,1,4,2,13
,2020-32831,39.70811,-104.92698,4/29/2020 10:22,10:22:00,3,0,2,LEETSDALE DRIVE & FOREST STREET SOUTH,1,1,0,0,1,1, ,0,30,0,0,0,0,2,2,3,14
,2020-32834,39.70912,-104.93158,2/8/2020 21:52,21:52:00,3,0,0,LEETSDALE DRIVE & DAHLIA STREET SOUTH,11,3,0,0,1,1, ,0,35,0,0,0,0,0,4,3,1
,2020-32835,39.70912,-104.93158,3/4/2020 22:20,22:20:00,3,0,0,LEETSDALE DRIVE & DAHLIA STREET SOUTH,1,3,0,0,1,1, ,0,35,0,0,0,0,0,4,2,13
,2020-32836,39.70912,-104.93158,3/20/2020 13:12,13:12:00,1,0,3,LEETSDALE DRIVE & DAHLIA STREET SOUTH,11,1,0,0,1,1, ,0,30,0,0,0,0,1,2,2,13
,2020-32842,39.71133,-104.93657,1/20/2020 14:15,14:15:00,12,0,0,LEETSDALE DRIVE & ALAMEDA AVENUE EAST,1,1,0,0,1,1, ,0,30,0,0,0,0,0,2,2,3
,2020-32843,39.71133,-104.93656,2/16/2020 1:53,1:53:00,3,0,0,LEETSDALE DRIVE & ALAMEDA AVENUE EAST,1,3,1,0,1,3, ,0,35,0,0,0,0,0,4,2,1
,2020-33034,39.67573,-104.99426,4/15/2020 7:45,7:45:00,15,0,0,SANTA FE DRIVE SOUTH & EVANS AVENUE WEST,1,1,0,0,1,4, ,0,55,0,0,0,0,0,2,2,1
,2020-33035,39.67835,-104.99339,1/18/2020 15:49,15:49:00,12,0,0,EVANS AVENUE WEST & SANTA FE DRIVE RAMPS,1,1,1,0,1,4, ,0,35,0,0,0,0,0,4,2,13
,2020-33036,39.67845,-104.99336,4/13/2020 16:06,16:06:00,15,0,1,SANTA FE DRIVE SOUTH & EVANS AVENUE WEST,7,1,0,2,1,3, ,0,55,0,0,0,0,1,2,2,1
,2020-33037,39.67835,-104.99339,2/28/2020 19:00,19:00:00,15,0,0,SANTA FE DRIVE SOUTH & EVANS AVENUE WEST,1,3,0,0,1,4, ,0,55,0,0,0,0,0,2,2,13
,2020-33038,39.67835,-104.99339,4/1/2020 14:19,14:19:00,15,0,0,EVANS AVENUE WEST & HIGHWAY 85 SB/NB RAMPS,1,1,0,0,1,1, ,0,30,0,0,0,0,0,4,3,13
,2020-33039,39.67835,-104.99339,4/14/2020 10:20,10:20:00,12,0,0,HIGHWAY 85 SOUTHBOUND OFF RAMP TO & EVANS AVENUE WEST,1,1,1,0,1,14, ,0,25,0,0,0,0,0,2,2,13
,2020-33040,39.67113,-104.99519,2/12/2020 21:39,21:39:00,5,0,0,SANTA FE DRIVE 2500 SOUTH & EVANS D EAST,9,3,0,2,3,4, ,0,65,0,0,0,0,0,2,3,13
,2020-33041,39.68212,-104.9924,3/2/2020 16:15,16:15:00,15,0,0,SANTA FE DRIVE SOUTH & JEWELL AVENUE WEST,1,1,0,0,1,3, ,0,45,0,0,0,0,0,2,2,13
,2020-33042,39.67972,-104.99282,1/31/2020 22:47,22:47:00,12,0,0,SANTA FE DRIVE EXIT OFF RAMP & EVANS AVENUE EAST,1,3,0,0,1,14, ,0,45,0,0,0,0,0,2,3,14
,2020-33043,39.68236,-104.99236,3/19/2020 7:26,7:26:00,15,0,0,SANTA FE DRIVE SOUTH & IOWA AVENUE WEST,11,1,0,1,1,4, ,0,45,0,0,0,0,0,2,2,13
,2020-33044,39.68754554,-104.9921719,1/11/2020 17:20,17:20:00,12,0,0,IOWA AVENUE 900 WEST & SANTA FE DRIVE SOUTH,1,3,1,0,1,3, ,0,25,0,0,0,0,0,4,2,5
,2020-33045,39.68758,-104.99206,1/15/2020 11:31,11:31:00,3,0,0,SANTA FE DRIVE SOUTH & IOWA AVENUE WEST,1,1,0,0,1,1, ,0,55,0,0,0,0,0,2,2,3
,2020-33046,39.68758,-104.99206,1/16/2020 7:38,7:38:00,3,0,0,IOWA AVENUE WEST & SANTA FE DRIVE SOUTH,1,1,0,0,1,1, ,0,45,0,0,0,0,0,2,2,13
,2020-33047,39.68758,-104.99206,2/24/2020 19:00,19:00:00,12,0,0,SANTA FE DRIVE SOUTH & IOWA AVENUE WEST,1,3,0,0,1,1, ,0,35,0,0,0,0,0,2,2,3
,2020-33048,39.68758,-104.99206,5/19/2020 9:05,9:05:00,1,0,0,SANTA FE DRIVE SOUTH & IOWA AVENUE WEST,1,1,0,0,1,1, ,0,35,0,0,0,0,0,2,2,13
,2020-33049,39.68758,-104.99206,5/22/2020 7:58,7:58:00,3,0,0,SANTA FE DRIVE SOUTH & IOWA AVENUE WEST,1,1,0,0,1,1, ,0,45,0,0,0,0,0,2,2,3
,2020-33050,39.6894,-104.99218,1/31/2020 13:39,13:39:00,15,0,1,SANTA FE DRIVE SOUTH & FLORIDA AVENUE WEST,1,1,0,0,1,4, ,0,35,0,0,0,0,1,2,2,5
,2020-33051,39.6894,-104.9921,1/2/2020 12:03,12:03:00,12,0,0,SANTA FE DRIVE SOUTH & FLORIDA AVENUE WEST,1,1,0,0,1,1, ,0,45,0,0,0,0,0,2,2,13
,2020-33052,39.6894,-104.99218,5/12/2020 8:50,8:50:00,15,0,0,SANTA FE DRIVE SOUTH & FLORIDA AVENUE WEST,1,1,0,0,1,1, ,0,45,0,0,0,0,0,2,2,13
,2020-33053,39.69046,-104.99282,5/17/2020 13:44,13:44:00,12,0,1,SANTA FE DRIVE 1400 SOUTH & FLORIDA AVENUE WEST,1,1,0,0,1,4, ,0,45,0,0,0,1,0,2,2,3
,2020-33054,39.68894,-104.99801,5/31/2020 6:49,6:49:00,12,0,1,FLORIDA AVENUE 1000 WEST & SANTA FE DRIVE SOUTH,1,1,0,0,1,3, ,0,,0,0,0,0,1,4,2,13
,2020-33055,39.6894,-104.99218,6/10/2020 2:57,2:57:00,5,0,0,SANTA FE DRIVE SOUTH & FLORIDA AVENUE WEST,1,3,0,0,3,1, ,0,45,0,0,0,0,0,2,1,13
,2020-33056,39.6894,-104.99218,6/10/2020 8:10,8:10:00,12,0,1,SANTA FE DRIVE SOUTH & FLORIDA AVENUE WEST,1,1,0,0,1,3, ,0,50,0,0,0,0,1,2,2,13
,2020-33057,39.69046,-104.99282,6/8/2020 14:32,14:32:00,11,0,1,SANTA FE DRIVE 1400 SOUTH & FLORIDA AVENUE WEST,1,1,0,0,1,4, ,0,0,0,1,0,0,2,4,2,16
,2020-33058,39.6894,-104.99218,2/18/2020 0:13,0:13:00,15,0,0,SANTA FE DRIVE SOUTH & FLORIDA AVENUE WEST,9,3,0,2,1,4, ,0,45,0,0,0,0,0,2,2,13
,2020-33059,39.69101,-104.99222,2/28/2020 19:41,19:41:00,8,0,0,SANTA FE DRIVE 1400 SOUTH & FLORIDA AVENUE WEST,1,3,0,0,1,4, ,0,45,0,0,0,0,0,2,2,5
,2020-33060,39.69302,-104.9925,3/18/2020 9:45,9:45:00,15,0,0,SANTA FE DRIVE SOUTH & LOUISIANA AVENUE WEST,1,1,0,0,1,1, ,0,45,0,0,0,0,0,2,2,1
,2020-33061,39.69666,-104.99294,5/14/2020 5:08,5:08:00,3,0,1,MISSISSIPPI AVENUE WEST & PLATTE RIVER DRIVE SOUTH,1,2,0,0,1,1, ,0,35,0,0,0,0,2,2,2,1
,2020-33062,39.69212,-104.99241,1/15/2020 16:30,16:30:00,12,0,0,SANTA FE DRIVE & 1300 SOUTH,1,1,0,0,1,4, ,0,40,0,0,0,0,0,2,2,3
,2020-33063,39.69392,-104.99249,6/14/2020 6:06,6:06:00,5,0,1,SANTA FE DRIVE 1200 SOUTH & LOUISIANA AVENUE WEST,1,1,0,0,2,4, ,0,45,0,0,0,0,0,2,1,2
,2020-33064,39.69392,-104.99249,2/5/2020 11:50,11:50:00,15,0,0,SANTA FE DRIVE SOUTH & MISSISSIPPI AVENUE WEST,11,1,1,0,1,4, ,0,45,0,0,0,0,0,2,2,3
,2020-33065,39.69392,-104.99249,1/30/2020 17:12,17:12:00,12,0,0,SANTA FE DRIVE SOUTH & ARIZONA AVENUE EAST,11,3,0,2,1,4, ,0,45,0,0,0,0,0,2,2,2
,2020-33066,39.69666,-104.99188,6/5/2020 23:07,23:07:00,15,0,0,SANTA FE DRIVE SOUTH & MISSISSIPPI AVENUE WEST,1,3,0,0,1,4, ,0,45,0,0,0,0,0,2,2,13
,2020-33067,39.69666,-104.9929,1/3/2020 14:02,14:02:00,15,0,0,PLATTE RIVER DRIVE SOUTH & MISSISSIPPI AVENUE WEST,1,1,0,0,1,1, ,0,40,0,0,0,0,0,4,2,3
,2020-33068,39.69666254,-104.9919019,1/6/2020 1:38,1:38:00,5,0,0,SANTE FE DRIVE SOUTH & MISSISSIPPI AVENUE WEST,1,3,0,0,3,3, ,0,45,0,0,0,0,0,2,1,5
,2020-33069,39.69666,-104.9918,1/8/2020 15:15,15:15:00,12,0,0,SANTA FE DRIVE SOUTH & MISSISSIPPI AVENUE WEST,1,1,0,0,1,1, ,0,35,0,0,0,0,0,2,2,14
,2020-33070,39.69666,-104.99188,1/17/2020 8:30,8:30:00,15,0,0,SANTA FE DRIVE SOUTH & MISSISSIPPI AVENUE WEST,1,1,0,0,1,1, ,0,40,0,0,0,0,0,4,2,13
,2020-33071,39.69666,-104.99294,1/31/2020 12:30,12:30:00,5,0,0,PLATTE RIVER DRIVE SOUTH & MISSISSIPPI AVENUE WEST,1,1,0,0,1,1, ,0,40,0,0,0,0,0,2,2,13
,2020-33072,39.69666,-104.99271,3/22/2020 9:14,9:14:00,12,0,0,MISSISSIPPI AVENUE WEST & SANTA FE DRIVE SOUTH,1,1,0,0,1,1, ,0,30,0,0,0,0,0,4,2,13
,2020-33073,39.69666,-104.99294,4/11/2020 0:43,0:43:00,3,0,0,PLATTE RIVER DRIVE SOUTH & MISSISSIPPI AVENUE WEST,1,3,0,0,1,1, ,0,35,0,0,0,0,0,4,2,3
,2020-33074,39.69666,-104.99188,4/16/2020 8:24,8:24:00,3,0,1,SANTA FE DRIVE SOUTH & MISSISSIPPI AVENUE WEST,11,1,0,2,1,1, ,0,40,0,0,0,0,1,2,2,13
,2020-33075,39.69666,-104.99294,4/18/2020 18:53,18:53:00,3,0,0,PLATTE RIVER DRIVE SOUTH & MISSISSIPPI AVENUE WEST,1,2,0,0,1,1, ,0,35,0,0,0,0,0,2,2,5
,2020-33076,39.69666,-104.99188,4/26/2020 7:26,7:26:00,3,0,0,MISSISSIPPI AVENUE WEST & SANTA FE DRIVE SOUTH,1,1,0,0,1,1, ,0,45,0,0,0,0,0,2,2,13
,2020-33077,39.69666,-104.99188,5/15/2020 2:07,2:07:00,5,0,0,SANTA FE DRIVE SOUTH & MISSISSIPPI AVENUE WEST,1,3,0,0,2,1, ,0,,0,0,0,0,0,2,1,13
,2020-33078,39.69666,-104.99294,5/19/2020 14:34,14:34:00,12,0,0,PLATTE RIVER DRIVE SOUTH HELP & MISSISSIPPI AVENUE WEST,1,1,0,0,1,3, ,0,40,0,0,0,0,0,2,2,3
,2020-33079,39.69666,-104.99188,5/21/2020 20:42,20:42:00,15,0,0,SANTA FE DRIVE SOUTH & MISSISSIPPI AVENUE WEST,1,3,0,0,1,1, ,0,,0,0,0,0,0,4,2,13