id,drcog_id,latitude,longitude,crashtime,time,crashtype,numbkilled,numbinjurd,drcoglocat,rdconditin,lightngcon,roadcntgrd,weatherco,location,roaddescrp,schoolzone,constrzone,splimit,bikeinv,pedinv,sctrinv,motoinv,svrty,rdsystem,ttlvehcls,hcf
,2020-33080,39.69666254,-104.9929504,3/10/2020 13:55,13:55:00,15,0,0,PLATTE RIVER DRIVE SOUTH & MISSISSIPPI AVENUE WEST,1,1,0,0,1,3, ,0,35,0,0,0,0,0,4,2,13
,2020-33081,39.69869,-104.99174,1/9/2020 5:46,5:46:00,15,0,0,SANTA FE DRIVE 1000 SOUTH & MISSISSIPPI AVENUE WEST,1,3,0,0,1,4, ,0,45,0,0,0,0,0,2,2,1
,2020-33082,39.69666254,-104.9919019,2/15/2020 21:44,21:44:00,5,0,0,SANTA FE DRIVE SOUTH & MISSISSIPPI AVENUE WEST,1,3,0,0,3,3, ,0,45,0,0,0,0,0,2,1,5
,2020-33083,39.68496,-104.99207,2/20/2020 7:42,7:42:00,15,0,0,PLATTE RIVER DRIVE 1000 SOUTH & MISSISSIPPI AVENUE WEST,4,1,0,0,1,4, ,0,45,0,0,0,0,0,2,2,13
,2020-33084,39.69869,-104.99174,2/24/2020 13:29,13:29:00,15,0,0,SANTA FE DRIVE SOUTH & MISSISSIPPI AVENUE WEST,1,1,0,0,1,4, ,0,30,0,0,0,0,0,2,2,13
,2020-33085,39.69757,-104.99271,5/15/2020 14:08,14:08:00,15,0,0,PLATTE RIVER DRIVE & 900 SOUTH,1,1,0,0,1,4, ,0,,0,0,0,0,0,2,2,13
,2020-33086,39.70538,-104.99668,2/7/2020 7:14,7:14:00,14,0,0,SANTA FE DRIVE 500 SOUTH & CENTER AVENUE WEST,9,1,0,2,6,3, ,0,35,0,0,0,0,0,2,2,1
,2020-33087,39.70678,-104.9967,2/1/2020 7:30,7:30:00,12,0,1,KALAMATH STREET SOUTH  & I25 SOUTH ON RAMP,1,1,0,0,1,1, ,0,35,0,0,0,0,1,4,3,14
,2020-33088,39.70643,-104.99679,2/12/2020 11:02,11:02:00,12,0,0,KALAMATH STREET SOUTH  & I25 SOUTH ON RAMP,1,1,0,0,1,1, ,0,45,0,0,0,0,0,4,3,1
,2020-33089,39.70666,-104.9966,1/24/2020 15:57,15:57:00,12,0,1,SANTA FE DRIVE SOUTH  & I25 NORTHBOUND OFF RAMP,1,1,0,0,1,1, ,0,45,0,0,0,0,1,2,2,13
,2020-33090,39.70643,-104.99679,2/3/2020 1:13,1:13:00,5,0,0,KALAMATH STREET SOUTH  & I25,1,4,0,0,3,4, ,0,55,0,0,0,0,0,4,1,13
,2020-33091,39.70643,-104.9968,2/20/2020 18:59,18:59:00,15,0,0,HIGHWAY 85 / KALAMATH STREET SOUTH & I25 SOUTHBOUND ON RAMP,1,3,0,1,1,1, ,0,35,0,0,0,0,0,4,2,13
,2020-33092,39.7059,-104.996,1/11/2020 15:54,15:54:00,8,0,1,SANTA FE DRIVE 500 SOUTH & I25 NORTHBOUND RAMP OFF COLLECTOR,1,1,0,0,6,4, ,0,45,0,0,0,0,1,4,2,3
,2020-33093,39.70902,-104.99599,6/15/2020 10:05,10:05:00,10,0,0,SANTA FE DRIVE & 400 SOUTH SANTA FE DRIVE,1,1,0,0,1,2, ,0,35,0,0,0,0,0,2,2,7
,2020-33094,39.7092,-104.99611,2/5/2020 9:35,9:35:00,1,0,0,SANTA FE DRIVE 400 SOUTH & SANTA FE DRIVE EAST FRONTAGE ROAD,1,1,0,0,1,1, ,0,45,0,0,0,0,0,4,2,1
,2020-33327,39.73801,-105.02515,1/20/2020 16:40,16:40:00,12,0,0,FEDERAL BOULEVARD NORTH & 14TH AVENUE WEST,1,1,0,0,1,4, ,0,35,0,0,0,0,0,2,2,13
,2020-33328,39.73801,-105.02515,2/22/2020 10:55,10:55:00,3,0,0,FEDERAL BOULEVARD NORTH & 14TH AVENUE WEST,1,1,1,0,1,1, ,0,,0,0,0,0,0,2,2,13
,2020-33329,39.73801,-105.02515,3/25/2020 10:11,10:11:00,1,0,0,FEDERAL BOULEVARD NORTH & HOWARD PLACE WEST,1,1,1,0,1,1, ,0,35,0,0,0,0,0,2,2,13
,2020-33330,39.73892,-105.0251,4/29/2020 12:21,12:21:00,5,0,0,FEDERAL BOULEVARD NORTH & 14TH AVENUE / HOWARD PLACE WEST,1,1,1,0,3,1, ,0,30,0,0,0,0,0,4,1,5
,2020-33331,39.73801,-105.02515,6/16/2020 16:46,16:46:00,12,0,0,FEDERAL BOULEVARD NORTH & 14TH AVENUE WEST,1,1,0,0,1,1, ,0,25,0,0,0,0,0,4,2,5
,2020-33332,39.73735,-105.02508,2/27/2020 15:08,15:08:00,5,0,0,FEDERAL BOULEVARD & 1300 NORTH,1,1,1,0,2,4, ,0,35,0,0,0,0,0,2,1,13
,2020-33333,39.73209,-105.02516,2/11/2020 14:22,14:22:00,12,0,0,FEDERAL B NORTH & 10TH AVENUE WEST,11,1,1,0,1,1, ,0,35,0,0,0,0,0,2,2,13
,2020-33334,39.73299,-105.02516,5/31/2020 22:28,22:28:00,10,0,0,FEDERAL BOULEVARD NORTH & 10TH AVENUE WEST,1,3,0,0,1,4, ,0,,0,0,0,0,0,2,2,13
,2020-33335,39.72936,-105.02516,2/1/2020 14:00,14:00:00,12,0,0,FEDERAL B NORTH & EIGHTH AVENUE WEST,1,1,0,1,1,4, ,0,35,0,0,0,0,0,2,2,13
,2020-33336,39.72932,-105.02516,1/16/2020 17:46,17:46:00,3,0,0,FEDERAL BOULEVARD NORTH & EIGHTH AVENUE WEST,1,3,0,0,1,1, ,0,30,0,0,0,0,0,4,2,13
,2020-33337,39.72932,-105.02516,4/10/2020 17:35,17:35:00,3,0,0,FEDERAL BOULEVARD NORTH & EIGHTH AVENUE WEST,1,1,0,0,1,1, ,0,30,0,0,0,0,0,4,3,5
,2020-33338,39.72751,-105.02514,2/28/2020 20:55,20:55:00,12,0,0,FEDERAL BOULEVARD NORTH & SEVENTH AVENUE WEST,1,3,0,0,1,3, ,0,35,0,0,0,0,0,2,2,14
,2020-33339,39.72559,-105.0251,1/5/2020 13:57,13:57:00,3,0,0,SIXTH AVENUE WB OFF RAMP & FEDERAL BOULEVARD NORTH,1,1,0,0,1,3, ,0,40,0,0,0,0,0,2,2,14
,2020-33340,39.72559,-105.0251,1/9/2020 11:38,11:38:00,3,0,1,SIXTH AVENUE WB OFF RAMP & FEDERAL BOULEVARD NORTH,1,1,1,0,1,1, ,0,35,0,0,0,0,1,2,2,13
,2020-33341,39.72559,-105.02514,3/20/2020 14:13,14:13:00,1,0,0,FEDERAL BOULEVARD NORTH & HIGHWAY 6 WB ON RAMP,1,1,1,2,1,1, ,0,35,0,0,0,0,0,2,2,13
,2020-33342,39.72559,-105.02514,1/31/2020 20:20,20:20:00,3,0,0,FEDERAL BOULEVARD NORTH & SIXTH AVENUE WEST,1,3,0,0,1,1, ,0,40,0,0,0,0,0,2,2,3
,2020-33343,39.72559,-105.02514,3/20/2020 17:00,17:00:00,1,0,1,FEDERAL BOULEVARD NORTH & HIGHWAY 6 WB ON RAMP,1,1,0,0,1,1, ,0,35,0,0,0,0,0,2,2,13
,2020-33344,39.72559,-105.02514,6/21/2020 17:46,17:46:00,12,0,0,FEDERAL BOULEVARD NORTH & SIXTH AVENUE WEST,1,1,0,0,1,4, ,0,,0,0,0,0,0,2,2,13
,2020-33345,39.72559,-105.02514,4/5/2020 12:06,12:06:00,3,0,6,FEDERAL BOULEVARD NORTH & HIGHWAY 6 EASTBOUND OFF RAMP,1,1,0,0,1,1, ,0,30,0,0,0,0,2,2,4,13
,2020-33346,39.72514,-105.02503,5/18/2020 0:03,0:03:00,5,0,0,FEDERAL BOULEVARD NORTH & SIXTH AVENUE EASTBOUND RAMP,1,3,0,0,2,1, ,0,,0,0,0,0,0,2,1,13
,2020-33347,39.72343,-105.02513,2/27/2020 11:35,11:35:00,12,0,0,FEDERAL BOULEVARD 500 NORTH & SIXTH AVENUE EASTBOUND ON RAMP & FIFTH AVENUE,1,1,0,0,1,4, ,0,30,0,0,0,0,0,2,2,13
,2020-33348,39.72343,-105.02513,2/10/2020 16:05,16:05:00,12,0,0,FEDERAL BOULEVARD NORTH & FIFTH AVENUE WEST,9,1,0,0,1,3, ,0,65,0,0,0,0,0,2,2,13
,2020-33349,39.72363,-105.02519,2/28/2020 13:34,13:34:00,5,0,0,FEDERAL BOULEVARD 400 NORTH & FIFTH AVENUE WEST,1,1,1,0,3,4, ,0,45,0,0,0,0,0,2,1,10
,2020-33350,39.72343,-105.02513,5/4/2020 15:50,15:50:00,12,0,0,FEDERAL BOULEVARD NORTH & FIFTH AVENUE,1,1,0,0,1,1, ,0,35,0,0,0,0,0,2,2,3
,2020-33351,39.78559153,-105.0251884,5/31/2020 15:52,15:52:00,15,0,1,FEDERAL BOULEVARD & 500 NORTH FEDERAL BOULEVARD,1,1,0,0,1,4, ,0,35,0,0,0,1,1,4,2,8
,2020-33352,39.72343,-105.02513,6/26/2020 9:25,9:25:00,12,0,0,FEDERAL BOULEVARD 500 NORTH & SIXTH AVENUE WEST,1,1,0,0,1,4, ,0,35,0,0,0,0,0,2,2,13
,2020-33353,39.72363,-105.02519,3/18/2020 14:43,14:43:00,15,0,0,FEDERAL BOULEVARD NORTH & FOURTH AVENUE WEST,1,1,0,0,1,4, ,0,35,0,0,0,0,0,2,2,13
,2020-33354,39.72362,-105.0251,1/7/2020 13:10,13:10:00,15,0,0,FEDERAL BOULEVARD 400 NORTH & FOURTH AVENUE WEST,1,1,0,0,1,4, ,0,35,0,0,0,0,0,2,2,1
,2020-33355,39.7085,-105.02509,4/3/2020 17:25,17:25:00,12,0,0,FEDERAL BOULEVARD SOUTH & FOURTH AVENUE WEST,1,1,1,0,1,3, ,0,30,0,0,0,0,0,2,2,13
,2020-33356,39.72290654,-105.0252199,5/26/2020 15:58,15:58:00,5,0,1,FEDERAL BOULEVARD NORTH & FOURTH AVENUE WEST,1,1,0,0,2,3, ,0,35,0,0,0,1,3,2,1,7
,2020-33357,39.72047,-105.02469,1/18/2020 22:34,22:34:00,10,0,0,FEDERAL BOULEVARD 200 NORTH & THIRD AVENUE WEST,1,3,0,0,1,3, ,0,40,0,0,0,0,0,2,3,13
,2020-33358,39.72037,-105.0251,6/1/2020 17:35,17:35:00,12,0,0,FEDERAL BOULEVARD & 200 NORTH FEDERAL BOULEVARD,1,1,1,0,1,3, ,0,40,0,0,0,0,0,2,4,13
,2020-33359,39.72027,-105.0251,1/16/2020 18:11,18:11:00,3,0,0,SECOND AVENUE  & FEDERAL BOULEVARD NORTH,1,3,0,0,1,3, ,0,,0,0,0,0,0,4,2,13
,2020-33360,39.72027,-105.0251,5/31/2020 21:30,21:30:00,15,0,0,FEDERAL BOULEVARD NORTH & SECOND AVENUE WEST,1,3,0,0,1,1, ,0,35,0,0,0,0,0,2,2,3
,2020-33361,39.72027,-105.0251,6/25/2020 12:06,12:06:00,3,0,0,FEDERAL BOULEVARD NORTH & SECOND AVENUE WEST,1,1,0,0,1,1, ,0,,0,0,0,0,0,2,2,13
,2020-33362,39.72027,-105.0251,1/28/2020 15:12,15:12:00,15,0,0,FEDERAL BOULEVARD NORTH & SECOND AVENUE,1,1,0,0,1,4, ,0,35,0,0,0,0,0,2,2,14
,2020-33363,39.71936,-105.0251,5/17/2020 21:41,21:41:00,12,0,1,FEDERAL BOULEVARD 100 NORTH & FIRST AVENUE WEST,1,1,0,0,1,4, ,0,35,0,0,0,0,1,2,2,3
,2020-33364,39.71875,-105.02527,3/28/2020 4:51,4:51:00,5,0,0,FEDERAL BOULEVARD & 125 NORTH FEDERAL BOULEVARD,1,3,0,0,3,4, ,0,,0,0,0,0,0,4,3,14
,2020-33365,39.71845,-105.02511,1/15/2020 13:40,13:40:00,1,0,2,FEDERAL BOULEVARD NORTH & FIRST AVENUE,1,1,0,0,1,1, ,0,35,0,0,0,0,0,2,2,1
,2020-33366,39.71815454,-105.0251884,2/26/2020 8:50,8:50:00,3,0,0,FEDERAL BOULEVARD NORTH & FIRST AVENUE WEST,1,1,0,0,1,1, ,0,35,0,0,0,0,0,4,2,7
,2020-33367,39.71936,-105.0251,5/1/2020 20:30,20:30:00,1,0,0,FEDERAL BOULEVARD NORTH & FIRST AVENUE,1,3,0,0,1,4, ,0,35,0,0,0,0,0,2,2,13
,2020-33368,39.71664,-105.02508,6/3/2020 18:09,18:09:00,12,0,0,FEDERAL BOULEVARD NORTH & ELLSWORTH AVENUE WEST,1,1,1,0,1,4, ,0,35,0,0,0,0,0,2,2,3
,2020-33369,39.71639,-105.02548,4/17/2020 22:29,22:29:00,1,0,0,FEDERAL BOULEVARD SOUTH & ELLSWORTH AVENUE,1,3,0,0,1,4, ,0,35,0,0,0,0,0,2,2,13
,2020-33370,39.71573,-105.02509,1/29/2020 20:04,20:04:00,12,0,0,FEDERAL BOULEVARD SOUTH & ARCHER PLACE WEST,11,3,0,2,1,3, ,0,40,0,0,0,0,0,2,2,3
,2020-33371,39.7143,-105.02509,3/2/2020 6:28,6:28:00,12,0,0,FEDERAL BOULEVARD SOUTH & BAYAUD AVENUE,4,1,1,2,1,4, ,0,35,0,0,0,0,0,2,2,13
,2020-33372,39.7143,-105.02509,3/2/2020 6:28,6:28:00,12,0,0,FEDERAL BOULEVARD SOUTH & BAYAUD AVENUE,4,1,1,2,1,4, ,0,35,0,0,0,0,0,2,2,13
,2020-33373,39.7143,-105.02509,3/2/2020 6:28,6:28:00,12,0,0,FEDERAL BOULEVARD 100 SOUTH & BAYAUD AVENUE WEST,4,1,1,2,1,4, ,0,35,0,0,0,0,0,2,2,13
,2020-33374,39.7143,-105.02509,3/2/2020 6:28,6:28:00,15,0,0,FEDERAL BOULEVARD 100 SOUTH & BAYAUD AVENUE WEST,4,1,1,2,1,4, ,0,35,0,0,0,0,0,2,2,13
,2020-33375,39.71514,-105.02509,3/2/2020 6:28,6:28:00,12,0,0,FEDERAL BOULEVARD 100 SOUTH & BAYAUD AVENUE WEST,4,1,1,0,1,4, ,0,35,0,0,0,0,0,2,2,13
,2020-33376,39.7143,-105.02509,3/2/2020 6:28,6:28:00,12,0,0,FEDERAL BOULEVARD & 100 SOUTH,4,1,1,2,6,4, ,0,35,0,0,0,0,0,2,4,13
,2020-33377,39.71495954,-105.0252019,2/7/2020 18:18,18:18:00,12,0,0,FEDERAL BOULEVARD SOUTH & BAYAUD AVENUE,9,3,1,2,1,4, ,0,40,0,0,0,0,0,2,2,14
,2020-33378,39.7143,-105.02509,3/29/2020 0:27,0:27:00,5,0,0,FEDERAL BOULEVARD SOUTH & CEDAR AVENUE,1,3,1,0,3,4, ,0,40,0,0,0,0,0,2,1,3
,2020-33379,39.71029,-105.02509,3/16/2020 19:28,19:28:00,12,0,0,FEDERAL BOULEVARD SOUTH & ALAMEDA AVENUE WEST,1,3,0,0,1,4, ,0,35,0,0,0,0,0,2,2,3
,2020-33380,39.71189,-105.02509,5/17/2020 19:57,19:57:00,12,0,0,FEDERAL BOULEVARD 200 SOUTH & CEDAR AVENUE WEST,1,1,0,0,1,4, ,0,,0,0,0,0,0,2,2,13
,2020-33381,39.71299,-105.025,1/12/2020 14:12,14:12:00,15,0,0,FEDERAL BOULEVARD SOUTH & CEDAR AVENUE WEST,1,1,0,0,1,4, ,0,35,0,0,0,0,0,2,2,13
,2020-33382,39.71189,-105.02509,3/8/2020 13:15,13:15:00,12,0,1,FEDERAL BOULEVARD SOUTH & ALAMEDA AVENUE WEST,1,1,0,0,1,4, ,0,35,0,0,0,0,1,2,2,13
,2020-33383,39.71117,-105.02509,6/8/2020 18:02,18:02:00,12,0,0,FEDERAL BOULEVARD SOUTH & ALAMEDA AVENUE WEST,1,1,0,0,1,4, ,0,,0,0,0,0,0,4,2,13
,2020-33384,39.71189,-105.02509,6/26/2020 5:29,5:29:00,12,0,0,FEDERAL BOULEVARD 200  & ALAMEDA AVENUE WEST,1,1,0,0,1,4, ,0,35,0,0,0,0,0,2,3,13
,2020-33385,39.71189,-105.02509,1/14/2020 6:41,6:41:00,5,0,0,FEDERAL BOULEVARD 200 SOUTH & ALAMEDA AVENUE WEST,1,3,0,0,3,4, ,0,,0,0,0,0,0,2,1,13
,2020-33386,39.71118,-105.02509,5/29/2020 16:18,16:18:00,3,0,7,ALAMEDA AVENUE WEST & FEDERAL BOULEVARD SOUTH,1,1,0,0,1,1, ,0,40,0,0,0,0,1,2,2,3
,2020-33387,39.71189,-105.02509,3/1/2020 11:20,11:20:00,12,0,0,FEDERAL BOULEVARD 200 SOUTH & ALAMEDA AVENUE WEST,1,1,0,0,1,4, ,0,35,0,0,0,0,0,2,2,13
,2020-33388,39.71029,-105.02509,4/5/2020 18:37,18:37:00,12,0,0,FEDERAL BOULEVARD SOUTH & ALAMEDA AVENUE WEST,1,1,0,0,1,4, ,0,35,0,0,0,0,0,2,2,7
,2020-33389,39.71029,-105.025,1/6/2020 7:41,7:41:00,15,0,0,FEDERAL BOULEVARD 300 SOUTH & ALAMEDA AVENUE WEST,1,1,0,0,1,4, ,0,35,0,0,0,0,0,2,2,3
,2020-33390,39.71029,-105.02509,5/11/2020 13:06,13:06:00,15,0,0,FEDERAL BOULEVARD 300 SOUTH & ALAMEDA AVENUE WEST,1,1,1,0,1,4, ,0,,0,0,0,0,0,2,2,13
,2020-33391,39.71029,-105.02509,3/8/2020 14:55,14:55:00,12,0,0,FEDERAL BOULEVARD 300 SOUTH & ALAMEDA AVENUE WEST,1,1,1,0,1,4, ,0,35,0,0,0,0,0,2,2,3
,2020-33392,39.70941,-105.025,1/1/2020 15:58,15:58:00,3,0,2,DAKOTA AVENUE WEST & FEDERAL BOULEVARD SOUTH,1,1,0,0,1,1, ,0,25,0,0,0,0,2,4,2,3
,2020-33393,39.70941,-105.02509,3/8/2020 21:35,21:35:00,12,0,0,FEDERAL BOULEVARD SOUTH & DAKOTA AVENUE,11,3,0,1,1,1, ,0,35,0,0,0,0,0,4,2,7
,2020-33394,39.70941,-105.02509,1/25/2020 15:22,15:22:00,12,0,3,FEDERAL BOULEVARD SOUTH & DAKOTA AVENUE WEST,1,1,0,0,1,4, ,0,35,0,0,0,0,1,2,2,3
,2020-33395,39.70941,-105.02509,1/26/2020 17:26,17:26:00,12,0,0,FEDERAL BOULEVARD SOUTH & DAKOTA AVENUE,1,2,0,0,1,4, ,0,35,0,0,0,0,0,2,2,13
,2020-33396,39.70941,-105.02509,3/9/2020 13:46,13:46:00,15,0,0,FEDERAL BOULEVARD SOUTH & DAKOTA AVENUE,1,1,0,0,1,4, ,0,40,0,0,0,0,0,2,2,7
,2020-33397,39.7252,-105.02509,2/5/2020 17:09,17:09:00,3,0,0,FEDERAL BOULEVARD SOUTH & ALASKA PLACE WEST,1,1,0,0,1,1, ,0,25,0,0,0,0,0,4,2,3
,2020-33398,39.70853,-105.02509,2/6/2020 14:11,14:11:00,1,0,0,FEDERAL BOULEVARD SOUTH & ALASKA PLACE WEST,1,1,0,0,1,1, ,0,35,0,0,0,0,0,2,2,13
,2020-33399,39.70853,-105.02509,5/3/2020 17:41,17:41:00,12,0,1,FEDERAL BOULEVARD SOUTH & ALASKA PLACE WEST,1,1,0,0,1,3, ,0,30,0,0,0,0,1,2,3,1
,2020-33400,39.70759,-105.02509,2/5/2020 18:17,18:17:00,12,0,0,FEDERAL BOULEVARD SOUTH & VIRGINIA AVENUE,1,3,0,0,1,3, ,0,40,0,0,0,0,0,2,3,3
,2020-33401,39.70759,-105.02509,2/11/2020 14:53,14:53:00,12,0,0,FEDERAL B SOUTH & VIRGINIA AVENUE WEST,1,1,0,0,1,1, ,0,35,0,0,0,0,0,2,4,3
,2020-33402,39.70759,-105.02509,2/21/2020 19:31,19:31:00,12,0,2,FEDERAL B SOUTH & VIRGINIA AVENUE WEST,1,3,0,0,1,1, ,0,30,0,0,0,0,2,2,3,1
,2020-33403,39.70728,-105.02469,4/4/2020 13:50,13:50:00,15,0,1,FEDERAL BOULEVARD SOUTH & VIRGINIA AVENUE,1,1,0,0,1,3, ,0,35,0,0,0,1,1,2,2,14
,2020-33404,39.70569,-105.0251,1/27/2020 1:38,1:38:00,5,0,0,FEDERAL BOULEVARD SOUTH & CENTER AVENUE,1,4,0,0,1,1, ,0,40,0,0,0,0,0,2,1,13
,2020-33405,39.70569,-105.0251,1/27/2020 0:38,0:38:00,6,0,0,FEDERAL B SOUTH & CENTER AVENUE WEST,1,3,0,0,1,4, ,0,35,0,0,0,0,0,2,3,13
,2020-33406,39.70567154,-105.0250804,3/22/2020 20:43,20:43:00,3,0,0,FEDERAL BOULEVARD SOUTH & CENTER AVENUE WEST,1,3,0,0,1,2, ,0,40,0,0,0,0,0,2,2,13
,2020-33407,39.70217,-105.025,1/10/2020 15:35,15:35:00,12,0,0,FEDERAL BOULEVARD 700 SOUTH & EXPOSITION AVENUE,1,1,0,0,1,3, ,0,40,0,0,0,0,0,2,2,13
,2020-33408,39.70395,-105.02508,1/30/2020 16:49,16:49:00,3,0,0,FEDERAL BOULEVARD SOUTH & EXPOSITION AVENUE,11,1,1,0,1,1, ,0,40,0,0,0,0,0,2,2,3
,2020-33409,39.70532,-105.02469,3/9/2020 11:44,11:44:00,15,0,0,FEDERAL BOULEVARD SOUTH & EXPOSITION AVENUE,1,1,1,0,1,1, ,0,30,0,0,0,0,0,2,2,5
,2020-33410,39.70395,-105.02508,4/3/2020 15:19,15:19:00,1,0,1,FEDERAL BOULEVARD SOUTH & EXPOSITION AVENUE,1,1,1,0,1,1, ,0,30,0,0,0,0,2,2,2,13
,2020-33411,39.70394,-105.025,1/10/2020 16:18,16:18:00,12,0,0,FEDERAL BOULEVARD SOUTH & EXPOSITION AVENUE,1,1,1,0,1,3, ,0,,0,0,0,0,0,2,3,13
,2020-33412,39.70218,-105.02508,4/30/2020 12:31,12:31:00,12,0,0,FEDERAL BOULEVARD SOUTH & EXPOSITION AVENUE,1,1,1,0,1,3, ,0,30,0,0,0,0,0,2,2,13
,2020-33413,39.70218,-105.02508,3/7/2020 13:55,13:55:00,12,0,0,FEDERAL BOULEVARD 700 SOUTH & OHIO AVENUE WEST,1,1,1,0,1,4, ,0,35,0,0,0,0,0,2,4,3
,2020-33414,39.70124,-105.02508,3/20/2020 13:58,13:58:00,12,0,1,FEDERAL BOULEVARD SOUTH & ADA PLACE WEST,11,1,0,0,1,3, ,0,30,0,0,0,0,1,2,3,13
,2020-33415,39.70133,-105.02508,2/10/2020 15:30,15:30:00,1,0,0,FEDERAL B SOUTH & ADA PLACE WEST,1,1,0,0,1,1, ,0,40,0,0,0,0,0,2,2,13
,2020-33416,39.70124,-105.02508,1/31/2020 14:17,14:17:00,12,0,0,FEDERAL BOULEVARD SOUTH & KENTUCKY AVENUE WEST,1,1,0,0,1,2, ,0,30,0,0,0,0,0,2,2,13
,2020-33417,39.70040654,-105.0250804,3/5/2020 21:03,21:03:00,12,0,0,FEDERAL BOULEVARD SOUTH & KENTUCKY AVENUE WEST,1,3,0,0,1,3, ,0,35,0,0,0,0,0,2,2,13
,2020-33418,39.70124,-105.02508,2/12/2020 11:53,11:53:00,12,0,0,FEDERAL B SOUTH & KENTUCKY AVENUE WEST,1,1,0,0,1,4, ,0,40,0,0,0,0,0,2,2,13
,2020-33419,39.70041,-105.02508,2/28/2020 14:26,14:26:00,8,0,1,KENTUCKY AVENUE WEST & FEDERAL BOULEVARD SOUTH,1,1,0,0,1,3, ,0,25,0,0,0,0,1,2,2,7
,2020-33420,39.69923,-105.02508,5/25/2020 13:42,13:42:00,3,0,0,FEDERAL BOULEVARD SOUTH & FORD PLACE WEST,1,1,0,0,1,2, ,0,,0,0,0,0,0,2,2,7
,2020-33421,39.69859,-105.02508,1/15/2020 8:06,8:06:00,10,0,0,FEDERAL BOULEVARD SOUTH & TENNESSEE AVENUE WEST,1,1,0,0,1,2, ,0,40,0,0,0,0,0,2,2,13
,2020-33422,39.69851,-105.02464,5/7/2020 14:36,14:36:00,15,0,0,FEDERAL BOULEVARD 1000 SOUTH & MISSISSIPPI AVENUE WEST,1,1,0,0,1,4, ,0,30,0,0,0,0,0,2,2,8
,2020-33423,39.69766,-105.025,1/2/2020 16:59,16:59:00,1,0,0,FEDERAL BOULEVARD 1000 SOUTH & MISSISSIPPI AVENUE WEST,1,3,0,0,1,2, ,0,30,0,0,0,0,0,2,2,13
,2020-33424,39.69767,-105.02508,3/7/2020 19:06,19:06:00,8,0,0,FEDERAL BOULEVARD SOUTH & MISSISSIPPI AVENUE WEST,1,3,0,0,1,4, ,0,35,0,0,0,0,0,2,2,7
,2020-33425,39.69675,-105.02506,1/21/2020 14:36,14:36:00,15,0,0,FEDERAL BOULEVARD SOUTH & MISSISSIPPI AVENUE WEST,1,1,0,0,1,4, ,0,40,0,0,0,0,0,2,2,3
,2020-33426,39.69674354,-105.0250804,2/17/2020 17:58,17:58:00,12,0,0,FEDERAL BOULEVARD SOUTH & MISSISSIPPI AVENUE WEST,11,2,0,0,1,1, ,0,40,0,0,0,0,0,2,2,13
,2020-33427,39.69583,-105.02506,1/14/2020 9:20,9:20:00,15,0,0,FEDERAL BOULEVARD 1100 SOUTH & MISSISSIPPI AVENUE WEST,1,1,0,0,1,3, ,0,40,0,0,0,0,0,2,2,13
,2020-33428,39.69583,-105.02506,1/13/2020 12:35,12:35:00,3,0,1,FEDERAL BOULEVARD 1100 SOUTH & MISSISSIPPI AVENUE WEST,1,1,1,0,1,2, ,0,30,0,0,0,0,1,2,2,13
,2020-33429,39.69583,-105.02506,1/19/2020 9:32,9:32:00,12,0,0,FEDERAL BOULEVARD SOUTH & MISSISSIPPI AVENUE WEST,1,1,0,0,1,3, ,0,35,0,0,0,0,0,2,2,13
,2020-33430,39.69675,-105.02506,1/31/2020 11:24,11:24:00,15,0,0,FEDERAL BOULEVARD SOUTH & MISSISSIPPI AVENUE WEST,1,1,0,0,1,4, ,0,40,0,0,0,0,0,2,2,1
,2020-33431,39.69609,-105.0254,4/19/2020 15:40,15:40:00,12,0,0,FEDERAL BOULEVARD SOUTH & MISSISSIPPI AVENUE WEST,1,1,0,0,1,2, ,0,40,0,0,0,0,0,4,2,13
,2020-33432,39.69492,-105.02507,6/5/2020 12:21,12:21:00,1,0,0,FEDERAL BOULEVARD SOUTH & ARIZONA AVENUE WEST,1,1,0,0,1,1, ,0,40,0,0,0,0,0,2,2,14
,2020-33433,39.69492,-105.02507,1/28/2020 18:22,18:22:00,12,0,0,FEDERAL BOULEVARD SOUTH & ARIZONA AVENUE WEST,1,3,0,0,1,3, ,0,35,0,0,0,0,0,2,2,3
,2020-33434,39.69401,-105.025,1/4/2020 15:41,15:41:00,1,0,2,FEDERAL BOULEVARD 1200 SOUTH & ARIZONA AVENUE WEST,1,1,0,0,1,2, ,0,40,0,0,0,0,1,2,2,14
,2020-33435,39.6931,-105.025,1/12/2020 13:50,13:50:00,3,0,0,FEDERAL BOULEVARD SOUTH & LOUISIANA AVENUE WEST,1,1,0,0,1,2, ,0,40,0,0,0,0,0,2,2,3
,2020-33436,39.69245,-105.025,1/12/2020 19:41,19:41:00,12,0,1,FEDERAL BOULEVARD 1300 SOUTH & LOUISIANA AVENUE WEST,1,4,0,0,1,4, ,0,35,0,0,0,0,0,4,3,14
,2020-33437,39.69401,-105.02507,1/22/2020 1:09,1:09:00,12,0,2,FEDERAL BOULEVARD SOUTH & LOUISIANA AVENUE WEST,1,3,0,0,1,3, ,0,35,0,0,0,0,1,4,2,5
,2020-33438,39.69311,-105.02506,3/5/2020 15:26,15:26:00,12,0,1,FEDERAL BOULEVARD SOUTH & LOUISIANA AVENUE WEST,1,1,0,0,1,3, ,0,40,0,0,0,0,1,2,2,13
,2020-33439,39.69311,-105.02506,6/28/2020 12:57,12:57:00,12,0,0,FEDERAL BOULEVARD SOUTH & LOUISIANA AVENUE WEST,1,1,0,0,1,4, ,0,35,0,0,0,0,0,4,3,3
,2020-33440,39.69311,-105.02506,1/29/2020 15:10,15:10:00,1,0,0,LOUISIANA AVENUE WEST & FEDERAL BOULEVARD SOUTH,1,1,0,0,1,1, ,0,30,0,0,0,0,0,4,2,3