id,drcog_id,latitude,longitude,crashtime,time,crashtype,numbkilled,numbinjurd,drcoglocat,rdconditin,lightngcon,roadcntgrd,weatherco,location,roaddescrp,schoolzone,constrzone,splimit,bikeinv,pedinv,sctrinv,motoinv,svrty,rdsystem,ttlvehcls,hcf
,2020-33441,39.69311,-105.02506,1/29/2020 20:49,20:49:00,1,0,0,FEDERAL BOULEVARD SOUTH & LOUISIANA AVENUE WEST,11,3,0,2,1,1, ,0,40,0,0,0,0,0,2,2,8
,2020-33442,39.69311,-105.02506,2/21/2020 7:36,7:36:00,1,0,0,LOUISIANA AVENUE WEST & FEDERAL B SOUTH,1,1,0,0,1,1, ,0,30,0,0,0,0,0,4,2,7
,2020-33443,39.69311,-105.02506,5/24/2020 21:14,21:14:00,1,0,0,FEDERAL BOULEVARD SOUTH & LOUISIANA AVENUE WEST,1,3,0,0,1,1, ,0,35,0,0,0,0,0,2,2,1
,2020-33444,39.68949,-105.02506,6/4/2020 13:27,13:27:00,15,0,0,FEDERAL BOULEVARD SOUTH & FLORIDA AVENUE WEST,1,1,0,0,1,1, ,0,30,0,0,0,0,0,2,2,13
,2020-33445,39.69311,-105.02506,6/7/2020 19:17,19:17:00,3,0,0,FEDERAL BOULEVARD SOUTH & LOUISIANA AVENUE WEST,1,1,0,0,1,1, ,0,35,0,0,0,0,0,2,2,13
,2020-33446,39.69311,-105.02506,6/11/2020 10:51,10:51:00,3,0,1,FEDERAL BOULEVARD SOUTH & LOUISIANA AVENUE WEST,1,1,0,0,1,1, ,0,30,0,0,0,0,0,2,2,13
,2020-33447,39.69311,-105.02506,6/14/2020 23:20,23:20:00,11,0,1,FEDERAL BOULEVARD SOUTH & LOUISIANA AVENUE WEST,1,3,0,1,1,1, ,0,,0,1,0,0,1,2,2,13
,2020-33448,39.69311,-105.02506,6/19/2020 15:36,15:36:00,1,0,0,FEDERAL BOULEVARD SOUTH & LOUISIANA AVENUE WEST,1,1,0,0,1,1, ,0,40,0,0,0,0,0,2,2,3
,2020-33449,39.69245,-105.02506,4/30/2020 16:10,16:10:00,12,0,1,FEDERAL BOULEVARD SOUTH & LOUISIANA AVENUE WEST,1,1,0,0,1,4, ,0,40,0,0,0,0,2,2,2,14
,2020-33450,39.69401,-105.02507,2/27/2020 13:58,13:58:00,12,0,0,FEDERAL BOULEVARD 1200 SOUTH & LOUISIANA AVENUE WEST,1,1,0,0,1,4, ,0,30,0,0,0,0,0,2,2,13
,2020-33451,39.69245,-105.02506,2/10/2020 16:26,16:26:00,12,0,0,FEDERAL B 1300 SOUTH & LOUISIANA AVENUE WEST,11,1,0,2,1,4, ,0,25,0,0,0,0,0,2,2,13
,2020-33452,39.69245,-105.02506,3/13/2020 17:48,17:48:00,11,0,1,FEDERAL BOULEVARD SOUTH & ARKANSAS AVENUE,1,1,0,0,3,2, ,0,35,0,1,0,0,2,2,2,3
,2020-33453,39.69039,-105.02506,3/15/2020 13:38,13:38:00,15,0,1,FEDERAL BOULEVARD SOUTH & ARKANSAS AVENUE,1,1,0,0,1,4, ,0,35,0,0,0,1,2,2,2,13
,2020-33454,39.69039,-105.02506,2/4/2020 9:05,9:05:00,3,0,0,FEDERAL BOULEVARD SOUTH & FLORIDA AVENUE WEST,9,1,0,2,1,2, ,0,35,0,0,0,0,0,2,2,1
,2020-33455,39.68949,-105.02506,1/25/2020 11:40,11:40:00,1,0,3,FEDERAL BOULEVARD SOUTH & FLORIDA AVENUE WEST,1,1,0,0,1,1, ,0,35,0,0,0,0,1,2,2,13
,2020-33456,39.68949,-105.02506,2/4/2020 17:43,17:43:00,1,0,0,FEDERAL B SOUTH & FLORIDA AVENUE WEST,11,4,0,0,1,1, ,0,35,0,0,0,0,0,2,2,13
,2020-33457,39.68948054,-105.0250714,2/6/2020 18:47,18:47:00,1,0,0,FEDERAL B SOUTH & FLORIDA AVENUE WEST,9,3,1,2,1,1, ,0,35,0,0,0,0,0,2,2,13
,2020-33458,39.68949,-105.02506,2/19/2020 17:55,17:55:00,3,0,0,FLORIDA AVENUE WEST & FEDERAL B SOUTH,4,3,0,2,1,3, ,0,40,0,0,0,0,0,2,2,7
,2020-33459,39.69039,-105.02506,3/3/2020 14:02,14:02:00,12,0,0,FEDERAL BOULEVARD SOUTH & ARKANSAS AVENUE,1,1,0,0,1,2, ,0,35,0,0,0,0,0,2,2,3
,2020-33460,39.68949,-105.02506,3/7/2020 11:45,11:45:00,12,0,0,FLORIDA AVENUE WEST & FEDERAL BOULEVARD SOUTH,1,1,0,0,1,1, ,0,25,0,0,0,0,0,4,2,3
,2020-33461,39.69039,-105.02506,3/8/2020 21:23,21:23:00,15,0,0,FEDERAL BOULEVARD 1400 SOUTH & FLORIDA AVENUE WEST,11,3,0,1,1,4, ,0,40,0,0,0,0,0,2,2,3
,2020-33462,39.68949,-105.02506,3/12/2020 6:59,6:59:00,1,0,0,FEDERAL BOULEVARD SOUTH & FLORIDA AVENUE WEST,1,1,0,0,1,1, ,0,35,0,0,0,0,0,2,2,13
,2020-33463,39.68949,-105.02506,5/16/2020 17:53,17:53:00,6,0,0,FEDERAL BOULEVARD SOUTH & FLORIDA AVENUE WEST,1,1,0,0,1,4, ,0,40,0,0,0,0,0,2,2,13
,2020-33464,39.68949,-105.02506,5/21/2020 22:30,22:30:00,12,0,0,FEDERAL BOULEVARD SOUTH & FLORIDA AVENUE WEST,1,3,0,0,1,3, ,0,40,0,0,0,0,0,2,2,13
,2020-33465,39.68949,-105.02506,6/24/2020 15:00,15:00:00,15,0,0,FLORIDA AVENUE WEST & FEDERAL BOULEVARD SOUTH,1,1,0,0,1,3, ,0,40,0,0,0,0,0,2,2,3
,2020-33466,39.68948,-105.02506,2/8/2020 9:42,9:42:00,12,0,0,FEDERAL BOULEVARD SOUTH & FLORIDA AVENUE WEST,11,1,1,0,1,4, ,0,30,0,0,0,0,0,2,3,3
,2020-33467,39.69039,-105.02506,2/25/2020 7:15,7:15:00,12,0,0,FEDERAL BOULEVARD 1400 SOUTH & FLORIDA AVENUE WEST,1,1,0,0,1,2, ,0,10,0,0,0,0,0,2,2,1
,2020-33468,39.68858,-105.02506,3/31/2020 9:15,9:15:00,15,0,0,FEDERAL BOULEVARD SOUTH & FLORIDA AVENUE WEST,1,1,0,0,1,4, ,0,35,0,0,0,0,0,2,2,13
,2020-33469,39.68858,-105.02506,3/23/2020 15:20,15:20:00,3,0,0,FEDERAL BOULEVARD SOUTH & FLORIDA AVENUE WEST,1,1,0,0,1,2, ,0,40,0,0,0,0,0,2,2,13
,2020-33470,39.68768,-105.025,1/7/2020 15:20,15:20:00,12,0,0,FEDERAL BOULEVARD SOUTH & IOWA AVENUE WEST,1,1,1,0,1,4, ,0,40,0,0,0,0,0,2,2,3
,2020-33471,39.68858,-105.02506,3/4/2020 8:10,8:10:00,12,0,0,FEDERAL BOULEVARD SOUTH & IOWA AVENUE WEST,1,1,1,0,1,4, ,0,35,0,0,0,0,0,2,3,13
,2020-33472,39.68678,-105.02505,5/19/2020 22:40,22:40:00,12,0,2,FEDERAL BOULEVARD 1600 SOUTH & MEXICO AVENUE WEST,11,3,1,1,1,3, ,0,40,0,0,0,0,2,2,2,3
,2020-33473,39.68678,-105.02505,3/5/2020 11:00,11:00:00,12,0,0,FEDERAL BOULEVARD SOUTH & MEXICO AVENUE WEST,1,1,1,0,1,4, ,0,30,0,0,0,0,0,2,3,13
,2020-33474,39.68589,-105.02506,1/25/2020 16:18,16:18:00,12,0,0,FEDERAL BOULEVARD SOUTH & MEXICO AVENUE WEST,1,1,1,0,1,1, ,0,40,0,0,0,0,0,2,2,13
,2020-33475,39.68589,-105.02446,2/14/2020 15:13,15:13:00,6,0,1,MEXICO AVENUE WEST & FEDERAL B SOUTH,4,1,1,0,1,2, ,0,25,0,0,0,0,1,4,2,7
,2020-33476,39.68589,-105.02506,6/16/2020 13:25,13:25:00,12,0,0,FEDERAL BOULEVARD SOUTH & MEXICO AVENUE WEST,1,1,1,0,1,1, ,0,40,0,0,0,0,0,2,3,3
,2020-33477,39.68589,-105.02506,6/20/2020 16:40,16:40:00,12,0,0,FEDERAL BOULEVARD SOUTH & MEXICO AVENUE WEST,1,1,1,0,1,1, ,0,,0,0,0,0,0,2,3,13
,2020-33478,39.6922,-105.02498,4/26/2020 16:40,16:40:00,3,0,1,FEDERAL BOULEVARD 1300 SOUTH & ARKANSAS AVENUE WEST,1,1,0,0,1,2, ,0,35,0,0,0,1,1,2,2,1
,2020-33479,39.68317,-105.02495,5/15/2020 16:47,16:47:00,12,0,0,FEDERAL BOULEVARD 1800 SOUTH & JEWELL AVENUE WEST,1,1,1,0,1,4, ,0,,0,0,0,0,0,2,4,13
,2020-33480,39.68588,-105.02505,3/6/2020 13:48,13:48:00,12,0,1,FEDERAL BOULEVARD 1700 SOUTH & COLORADO AVENUE WEST,1,1,1,0,1,4, ,0,30,0,0,0,0,1,2,3,13
,2020-33481,39.68362,-105.02504,2/6/2020 21:00,21:00:00,12,0,0,FEDERAL B & 1900 SOUTH,9,3,0,2,1,4, ,0,35,0,0,0,0,0,4,2,13
,2020-33482,39.68362,-105.02504,4/15/2020 23:53,23:53:00,5,0,0,FEDERAL BOULEVARD SOUTH & COLORADO AVENUE,11,3,0,2,3,4, ,0,40,0,0,0,0,0,2,1,5
,2020-33483,39.68362,-105.02504,5/5/2020 13:10,13:10:00,12,0,0,FEDERAL BOULEVARD SOUTH & JEWELL AVENUE WEST,1,1,0,0,1,4, ,0,40,0,0,0,0,0,4,2,13
,2020-33484,39.68362,-105.02504,2/19/2020 7:56,7:56:00,12,0,0,FEDERAL B 1800 SOUTH & JEWELL AVENUE,11,1,1,2,1,4, ,0,35,0,0,0,0,0,2,2,13
,2020-33485,39.68227,-105.02504,1/24/2020 16:11,16:11:00,10,0,0,FEDERAL BOULEVARD SOUTH & JEWELL AVENUE WEST,1,1,0,0,1,1, ,0,40,0,0,0,0,0,2,2,13
,2020-33486,39.68227,-105.02504,4/9/2020 9:55,9:55:00,3,0,0,FEDERAL BOULEVARD SOUTH & JEWELL AVENUE WEST,1,1,0,0,1,1, ,0,40,0,0,0,0,0,2,2,13
,2020-33487,39.68227,-105.02504,4/26/2020 20:37,20:37:00,1,0,1,FEDERAL BOULEVARD SOUTH & JEWELL AVENUE WEST,1,1,0,0,1,1, ,0,35,0,0,0,0,2,2,2,1
,2020-33488,39.68227,-105.02504,5/2/2020 21:59,21:59:00,3,0,1,FEDERAL BOULEVARD SOUTH & JEWELL AVENUE WEST,11,3,0,0,1,1, ,0,40,0,0,0,0,0,2,2,5
,2020-33489,39.68227,-105.02504,5/24/2020 15:25,15:25:00,3,0,0,FEDERAL BOULEVARD SOUTH & JEWELL AVENUE WEST,11,1,0,1,1,1, ,0,40,0,0,0,0,0,4,2,3
,2020-33490,39.68227,-105.02504,3/2/2020 16:34,16:34:00,12,0,0,FEDERAL BOULEVARD SOUTH & 1900 SOUTH,1,1,0,0,1,4, ,0,35,0,0,0,0,0,4,3,13
,2020-33491,39.68139,-105.02503,2/5/2020 6:10,6:10:00,3,0,0,FEDERAL BOULEVARD SOUTH & JEWELL AVENUE WEST,1,4,0,0,1,2, ,0,35,0,0,0,0,0,2,2,1
,2020-33492,39.68225354,-105.0250219,3/29/2020 15:15,15:15:00,12,0,0,FEDERAL BOULEVARD SOUTH & JEWELL AVENUE WEST,1,1,0,0,1,2, ,0,35,0,0,0,0,0,2,2,3
,2020-33493,39.68139,-105.02503,1/25/2020 20:15,20:15:00,3,0,0,FEDERAL BOULEVARD SOUTH & JEWELL AVENUE WEST,1,3,0,0,1,2, ,0,35,0,0,0,0,0,2,2,7
,2020-33494,39.68051,-105.02503,3/3/2020 16:57,16:57:00,12,0,0,FEDERAL BOULEVARD SOUTH & ASBURY AVENUE WEST,1,1,0,0,1,4, ,0,40,0,0,0,0,0,2,2,3
,2020-33495,39.68051,-105.02503,6/21/2020 21:06,21:06:00,1,0,3,FEDERAL BOULEVARD SOUTH & ASBURY AVENUE WEST,1,3,0,0,1,1, ,0,35,0,0,0,0,3,2,3,5
,2020-33496,39.68039,-105.02475,3/22/2020 20:21,20:21:00,12,0,0,FEDERAL BOULEVARD SOUTH & ASBURY AVENUE WEST,1,3,0,0,1,3, ,0,45,0,0,0,0,0,2,2,7
,2020-33497,39.67957,-105.02504,2/21/2020 14:20,14:20:00,15,0,0,FEDERAL B 2000 SOUTH & EVANS AVENUE WEST,1,1,0,0,1,4, ,0,30,0,0,0,0,0,2,2,13
,2020-33498,39.67863,-105.025,1/1/2020 19:05,19:05:00,12,0,1,FEDERAL BOULEVARD SOUTH & EVANS AVENUE WEST,1,3,0,0,1,3, ,0,40,0,0,0,0,1,2,2,3
,2020-33499,39.67864,-105.02506,2/20/2020 8:42,8:42:00,3,0,0,EVANS AVENUE WEST & FEDERAL B SOUTH,4,1,0,0,1,2, ,0,30,0,0,0,0,0,4,2,7
,2020-33500,39.67864,-105.02506,2/20/2020 11:47,11:47:00,9,0,1,EVANS AVENUE WEST & FEDERAL B SOUTH,11,1,0,0,1,4, ,0,35,0,0,0,1,2,4,1,7
,2020-33501,39.67864,-105.02506,3/12/2020 16:23,16:23:00,12,0,0,EVANS AVENUE WEST & FEDERAL BOULEVARD SOUTH,1,1,0,0,1,1, ,0,30,0,0,0,0,0,4,3,3
,2020-33502,39.67864,-105.02506,3/18/2020 12:50,12:50:00,3,0,1,FEDERAL BOULEVARD SOUTH & EVANS AVENUE WEST,1,1,0,0,1,1, ,0,35,0,0,0,0,1,2,2,3
,2020-33503,39.6777,-105.02505,6/8/2020 6:53,6:53:00,12,0,0,FEDERAL BOULEVARD 2100 SOUTH & EVANS AVENUE WEST,1,1,0,0,1,4, ,0,35,0,0,0,0,0,2,2,13
,2020-33504,39.6777,-105.02505,6/22/2020 21:47,21:47:00,12,0,0,FEDERAL BOULEVARD 2100 SOUTH & EVANS AVENUE WEST,1,3,0,0,1,3, ,0,,0,0,0,0,0,4,2,13
,2020-33505,39.67864,-105.02506,2/28/2020 16:11,16:11:00,15,0,0,FEDERAL BOULEVARD SOUTH & EVANS AVENUE WEST,1,1,0,0,1,3, ,0,40,0,0,0,0,0,2,2,3
,2020-33506,39.6777,-105.02505,2/5/2020 6:53,6:53:00,12,0,0,FEDERAL BOULEVARD SOUTH & EVANS AVENUE EAST,4,1,0,0,1,4, ,0,35,0,0,0,0,0,2,2,13
,2020-33507,39.6777,-105.02496,4/26/2020 22:20,22:20:00,5,0,0,FEDERAL BOULEVARD SOUTH & WARREN AVENUE WEST,1,4,0,0,3,4, ,0,35,0,0,0,0,0,4,1,1
,2020-33508,39.67676,-105.025,1/8/2020 14:07,14:07:00,3,0,1,FEDERAL BOULEVARD SOUTH & WARREN AVENUE WEST,1,1,0,0,1,1, ,0,25,0,0,0,1,3,2,2,7
,2020-33509,39.67675454,-105.0250399,1/21/2020 18:31,18:31:00,3,0,0,FEDERAL BOULEVARD SOUTH & WARREN AVENUE WEST,1,3,0,0,1,1, ,0,10,0,0,0,0,0,2,2,1
,2020-33510,39.67677,-105.02504,2/12/2020 15:49,15:49:00,12,0,0,FEDERAL B SOUTH & WARREN AVENUE WEST,11,1,1,0,1,3, ,0,40,0,0,0,0,0,2,2,3
,2020-33511,39.67677,-105.02504,3/8/2020 14:30,14:30:00,3,0,0,FEDERAL BOULEVARD SOUTH & WARREN AVENUE WEST,1,1,0,0,1,1, ,0,40,0,0,0,0,0,4,2,3
,2020-33512,39.67677,-105.02504,3/8/2020 18:42,18:42:00,3,0,0,FEDERAL BOULEVARD SOUTH & WARREN AVENUE WEST,1,2,0,0,1,1, ,0,40,0,0,0,0,0,2,2,13
,2020-33513,39.67677,-105.02504,3/13/2020 8:36,8:36:00,3,0,0,FEDERAL BOULEVARD SOUTH & WARREN AVENUE WEST,11,1,0,2,1,1, ,0,25,0,0,0,0,0,2,2,13
,2020-33514,39.67677,-105.02504,4/6/2020 15:21,15:21:00,3,0,0,FEDERAL BOULEVARD SOUTH & WARREN AVENUE WEST,1,1,0,0,1,1, ,0,25,0,0,0,0,0,2,2,7
,2020-33515,39.67595,-105.02506,2/27/2020 12:55,12:55:00,12,0,0,FEDERAL BOULEVARD & ILIFF AVENUE WEST,1,1,1,0,1,4, ,0,30,0,0,0,0,0,2,2,13
,2020-33516,39.67513,-105.02507,3/19/2020 14:24,14:24:00,12,0,0,FEDERAL BOULEVARD SOUTH & ILIFF AVENUE,11,1,1,2,1,3, ,0,40,0,0,0,0,0,2,2,1
,2020-33517,39.67595,-105.02506,1/18/2020 21:37,21:37:00,12,0,0,FEDERAL BOULEVARD 2200 SOUTH & ILIFF AVENUE WEST,1,3,0,0,1,1, ,0,35,0,0,0,0,0,2,2,13
,2020-33518,39.67424,-105.02507,1/18/2020 12:38,12:38:00,12,0,0,FEDERAL BOULEVARD SOUTH & ILIFF AVENUE,1,1,0,0,1,4, ,0,40,0,0,0,0,0,2,2,13
,2020-33519,39.67475,-105.02476,2/5/2020 16:00,16:00:00,12,0,0,FEDERAL B SOUTH & ILIFF AVENUE WEST,1,1,0,0,1,1, ,0,30,0,0,0,0,0,2,2,5
,2020-33520,39.67006,-105.02472,2/10/2020 21:13,21:13:00,6,0,0,FEDERAL B SOUTH & VASSER AVENUE WEST,9,3,0,2,1,3, ,0,25,0,0,0,0,0,4,3,1
,2020-33521,39.6712,-105.02506,4/20/2020 14:37,14:37:00,1,0,0,FEDERAL BOULEVARD SOUTH & VASSAR AVENUE,1,1,0,0,1,1, ,0,30,0,0,0,0,0,2,2,13
,2020-33522,39.66772,-105.02511,5/5/2020 13:57,13:57:00,12,0,0,FEDERAL BOULEVARD SOUTH & YALE AVENUE,1,1,0,0,1,4, ,0,40,0,0,0,0,0,2,2,1
,2020-33523,39.66772,-105.02511,5/26/2020 13:31,13:31:00,1,0,0,FEDERAL BOULEVARD SOUTH & YALE AVENUE WEST,1,1,0,0,1,1, ,0,40,0,0,0,0,0,2,2,3
,2020-33524,39.66533,-105.02512,3/13/2020 16:33,16:33:00,3,0,0,FEDERAL BOULEVARD SOUTH & AMHERST AVENUE,1,1,0,0,1,1, ,0,30,0,0,0,0,0,4,2,13
,2020-33525,39.66533,-105.02512,4/28/2020 20:49,20:49:00,3,0,1,FEDERAL BOULEVARD SOUTH & AMHERST AVENUE,1,4,0,0,1,1, ,0,35,0,0,0,0,1,4,2,13
,2020-33526,39.66336,-105.02516,4/3/2020 7:30,7:30:00,12,0,0,FEDERAL BOULEVARD SOUTH & 2900 SOUTH,4,1,0,0,1,4, ,0,45,0,0,0,0,0,4,2,13
,2020-33527,39.66131,-105.02515,3/14/2020 20:41,20:41:00,5,0,1,FEDERAL BOULEVARD SOUTH & CORNELL AVENUE WEST,1,3,1,0,3,4, ,0,40,0,0,0,0,1,2,1,5
,2020-33528,39.65990985,-105.0251444,3/3/2020 9:00,9:00:00,6,0,0,FEDERAL BOULEVARD SOUTH & DARTMOUTH AVENUE WEST,1,1,1,0,1,4, ,0,40,0,0,0,0,0,2,2,9
,2020-33529,39.65990985,-105.0251444,3/3/2020 9:00,9:00:00,12,0,0,FEDERAL BOULEVARD 3100 SOUTH & DARTMOUTH AVENUE WEST,1,1,1,0,1,4, ,0,40,0,0,0,0,0,2,2,9
,2020-33618,39.62528,-104.91192,2/16/2020 14:41,14:41:00,12,0,0,MONACO STREET 5000 SOUTH & BELLEVIEW AVENUE EAST,1,1,0,0,1,3, ,0,35,0,0,0,0,0,4,2,13
,2020-33619,39.62417,-104.91182,3/12/2020 0:00,0:00:00,12,0,0,MONACO STREET SOUTH & BELLEVIEW AVENUE EAST,1,2,0,0,1,1, ,0,30,0,0,0,0,0,4,2,14
,2020-33627,39.62408,-104.90474,2/21/2020 14:30,14:30:00,6,0,0,BELLEVIEW AVENUE & 7000 EAST,1,1,0,0,1,2, ,0,,0,0,0,0,0,4,2,13
,2020-33647,39.62379,-104.90171,6/17/2020 10:10,10:10:00,12,0,1,BELLEVIEW AVENUE EAST & I25 SOUTHBOUND RAMPS,1,1,0,0,1,1, ,0,35,0,0,0,0,0,2,2,13
,2020-33848,39.72951,-105.05324,6/19/2020 21:45,21:45:00,15,0,2,SHERIDAN BOULEVARD NORTH & EIGHTH AVENUE WEST,1,3,0,0,1,4, ,0,30,0,0,0,1,1,2,2,13
,2020-33849,39.65216,-105.0532,1/8/2020 12:45,12:45:00,12,0,0,SHERIDAN BOULEVARD & HAMPDEN AVENUE EASTBOUND RAMPS,1,1,0,0,1,3, ,0,40,0,0,0,0,0,2,2,7
,2020-33850,39.71134,-105.05325,3/1/2020 18:30,18:30:00,11,0,1,SHERIDAN BOULEVARD SOUTH & ALAMEDA AVENUE WEST,11,3,0,2,1,4, ,0,0,0,1,0,0,3,4,2,16
,2020-33851,39.65179,-105.05309,4/14/2020 15:39,15:39:00,12,0,1,HAMPDEN AVENUE WEST  & SHERIDAN BOULEVARD SOUTH,1,1,1,0,1,1, ,0,30,0,0,0,0,1,4,2,1
,2020-33852,39.6586,-105.0532,1/1/2020 5:26,5:26:00,5,0,1,SHERIDAN BOULEVARD 2900 SOUTH & BATES AVENUE WEST,1,3,1,0,2,4, ,0,40,0,0,0,0,2,2,1,5
,2020-33853,39.65356,-105.05307,2/9/2020 10:53,10:53:00,12,0,1,SHERIDAN B 3500 SOUTH & HAMPDEN AVENUE WEST FRONTAGE ROAD,11,1,1,2,1,4, ,0,35,0,0,0,0,2,4,2,13
,2020-33854,39.65565,-105.05321,5/11/2020 9:21,9:21:00,12,0,0,SHERIDAN BOULEVARD 3100 SOUTH & HAMPDEN AVENUE WEST,1,1,0,0,1,4, ,0,35,0,0,0,0,0,2,2,13
,2020-33855,39.65358,-105.04546,1/27/2020 16:43,16:43:00,2,0,0,SHERIDAN BOULEVARD SOUTH & HIGHWAY 285 WB ON RAMP,1,1,0,0,1,1, ,0,0,1,0,0,0,0,2,2,16
,2020-33856,39.65335,-105.05321,2/7/2020 17:15,17:15:00,12,0,0,SHERIDAN B SOUTH & HAMPDEN AVENUE WEST EASTBOUND ON RAMP,9,3,1,2,1,1, ,0,35,0,0,0,0,0,2,2,3
,2020-33857,39.65335,-105.05321,5/7/2020 21:04,21:04:00,5,0,0,HAMPDEN AVENUE WB OFF RAMP & SHERIDAN BOULEVARD SOUTH,1,4,0,0,2,1, ,0,35,0,0,0,0,0,2,1,5
,2020-33858,39.65616255,-105.0532189,5/18/2020 15:55,15:55:00,12,0,1,SHERIDAN BOULEVARD 3100 SOUTH & DARTMOUTH AVENUE WEST,1,1,0,0,1,4, ,0,40,0,0,0,0,1,2,2,13
,2020-33859,39.65616,-105.05322,1/14/2020 7:50,7:50:00,15,0,0,SHERIDAN BOULEVARD SOUTH & DARTMOUTH AVENUE WEST,1,1,0,0,1,1, ,0,40,0,0,0,0,0,2,3,1
,2020-33860,39.65616,-105.05322,1/21/2020 18:00,18:00:00,1,0,0,DARTMOUTH AVENUE WEST & SHERIDAN BOULEVARD SOUTH,1,3,0,0,1,1, ,0,30,0,0,0,0,0,2,2,14
,2020-33861,39.65616,-105.05322,5/25/2020 19:26,19:26:00,15,0,0,SHERIDAN BOULEVARD SOUTH & DARTMOUTH AVENUE WEST,1,1,0,0,1,3, ,0,25,0,0,0,0,0,4,2,7
,2020-33862,39.65616,-105.05322,6/26/2020 11:05,11:05:00,3,0,0,SHERIDAN BOULEVARD SOUTH & DARTMOUTH AVENUE WEST,1,1,0,0,1,1, ,0,30,0,0,0,0,0,2,2,13
,2020-33863,39.65616,-105.05322,3/8/2020 14:04,14:04:00,15,0,0,SHERIDAN BOULEVARD SOUTH & DARTMOUTH AVENUE WEST,1,1,0,0,1,3, ,0,40,0,0,0,0,0,2,2,7
,2020-33864,39.77378514,-105.0532414,2/11/2020 8:00,8:00:00,3,0,0,SHERIDAN B & 3000 SOUTH,4,1,0,0,1,2, ,0,40,0,0,0,0,0,4,2,13
,2020-33865,39.66111,-105.05315,1/25/2020 16:05,16:05:00,11,0,1,SHERIDAN BOULEVARD SOUTH & BATES AVENUE WEST,1,1,1,0,1,4, ,0,0,0,1,0,0,2,2,2,16
,2020-33866,39.66407,-105.05325,2/15/2020 4:35,4:35:00,5,0,0,SHERIDAN B SOUTH & BATES AVENUE WEST,1,3,1,0,2,4, ,0,40,0,0,0,0,0,2,1,2
,2020-33869,39.66778,-105.05326,2/26/2020 21:27,21:27:00,12,0,0,YALE AVENUE WEST & SHERIDAN B SOUTH,1,3,0,0,1,1, ,0,30,0,0,0,0,0,4,2,3
,2020-33870,39.66777255,-105.0532504,4/14/2020 15:27,15:27:00,12,0,1,SHERIDAN BOULEVARD SOUTH & YALE AVENUE WEST,1,1,1,0,1,4, ,0,40,0,0,0,0,1,2,3,13
,2020-33871,39.67328,-105.05326,2/5/2020 17:20,17:20:00,3,0,0,SHERIDAN BOULEVARD SOUTH & VASSAR AVENUE WEST,1,1,0,0,1,1, ,0,40,0,0,0,0,0,2,2,13
,2020-33874,39.67432,-105.05328,3/4/2020 19:15,19:15:00,12,0,0,SHERIDAN BOULEVARD SOUTH & HARVARD AVENUE WEST,1,3,0,0,1,1, ,0,40,0,0,0,0,0,4,2,3
,2020-33875,39.67468,-105.05328,6/28/2020 1:56,1:56:00,5,0,0,SHERIDAN BOULEVARD 2400 SOUTH & WARREN AVENUE WEST,1,3,0,0,2,4, ,0,40,0,0,0,0,0,2,2,5
,2020-33876,39.67568,-105.05327,4/7/2020 23:02,23:02:00,10,0,0,SHERIDAN BOULEVARD SOUTH & WARREN AVENUE WEST,1,3,0,0,1,2, ,0,35,0,0,0,0,0,2,2,7
,2020-33877,39.67731,-105.05327,1/29/2020 8:00,8:00:00,12,0,0,SHERIDAN BOULEVARD SOUTH & HARVEY PLACE,1,1,0,0,1,3, ,0,40,0,0,0,0,0,2,3,3
,2020-33878,39.67731,-105.0532,1/12/2020 15:22,15:22:00,12,0,0,SHERIDAN BOULEVARD 2100 SOUTH & EVANS AVENUE WEST,1,1,0,0,1,4, ,0,35,0,0,0,0,0,2,2,13
,2020-33879,39.67916,-105.05326,3/20/2020 13:13,13:13:00,3,0,1,SHERIDAN BOULEVARD SOUTH & EVANS AVENUE WEST,1,1,0,0,1,1, ,0,35,0,0,0,0,2,2,2,3
,2020-33880,39.67916,-105.05326,5/20/2020 20:44,20:44:00,12,0,0,SHERIDAN BOULEVARD SOUTH & EVANS AVENUE WEST,1,3,0,0,1,3, ,0,40,0,0,0,0,0,4,2,13
,2020-33881,39.67916,-105.05326,2/21/2020 7:10,7:10:00,12,0,1,SHERIDAN BOULEVARD SOUTH & EVANS AVENUE WEST,1,1,0,0,1,3, ,0,40,0,0,0,0,1,2,2,1
,2020-33882,39.67916,-105.05326,2/26/2020 16:37,16:37:00,15,0,0,SHERIDAN BOULEVARD SOUTH & EVANS AVENUE WEST,1,1,0,0,1,3, ,0,35,0,0,0,0,0,2,2,3
,2020-33883,39.68072,-105.05323,2/5/2020 8:17,8:17:00,12,0,0,SHERIDAN BOULEVARD SOUTH & JEWELL AVENUE WEST,1,1,1,0,1,4, ,0,40,0,0,0,0,0,2,2,13
,2020-33887,39.68229,-105.0532,3/9/2020 18:23,18:23:00,12,0,1,SHERIDAN BOULEVARD SOUTH & JEWELL AVENUE WEST,1,1,1,0,1,1, ,0,40,0,0,0,0,3,2,2,3
,2020-33891,39.68438,-105.05319,1/4/2020 16:26,16:26:00,12,0,0,SHERIDAN BOULEVARD SOUTH & MEXICO AVENUE WEST,1,1,0,0,1,4, ,0,,0,0,0,0,0,2,2,13
,2020-33893,39.68596,-105.05319,6/12/2020 18:26,18:26:00,1,0,1,SHERIDAN BOULEVARD SOUTH & OREGON PLACE WEST,1,1,0,0,1,1, ,0,40,0,0,0,0,2,4,2,13
,2020-33896,39.68871,-105.05284,2/22/2020 18:29,18:29:00,1,0,0,SHERIDAN BOULEVARD SOUTH & FLORIDA AVENUE WEST,1,3,1,0,1,2, ,0,35,0,0,0,0,0,2,2,13
,2020-33897,39.68955,-105.0532,1/2/2020 7:10,7:10:00,1,0,1,SHERIDAN BOULEVARD SOUTH & FLORIDA AVENUE WEST,1,1,0,0,1,1, ,0,35,0,0,0,0,2,2,2,13