id,drcog_id,latitude,longitude,crashtime,time,crashtype,numbkilled,numbinjurd,drcoglocat,rdconditin,lightngcon,roadcntgrd,weatherco,location,roaddescrp,schoolzone,constrzone,splimit,bikeinv,pedinv,sctrinv,motoinv,svrty,rdsystem,ttlvehcls,hcf
,2020-33898,39.68954354,-105.0532504,3/20/2020 9:30,9:30:00,3,0,2,SHERIDAN BOULEVARD SOUTH & FLORIDA AVENUE WEST,12,1,0,0,1,1, ,0,40,0,0,0,0,2,2,2,3
,2020-33899,39.68954354,-105.0532504,4/6/2020 20:20,20:20:00,11,0,0,SHERIDAN BOULEVARD SOUTH & FLORIDA AVENUE WEST,1,3,1,0,1,1, ,0,0,0,1,0,0,0,2,2,16
,2020-33900,39.69046,-105.05323,2/14/2020 18:22,18:22:00,12,0,0,SHERIDAN B SOUTH & FLORIDA AVENUE WEST,1,3,0,0,1,4, ,0,35,0,0,0,0,0,2,2,13
,2020-33901,39.68954354,-105.0532504,2/12/2020 8:13,8:13:00,12,0,0,SHERIDAN B SOUTH & FLORIDA AVENUE WEST,1,1,0,0,1,4, ,0,35,0,0,0,0,0,2,2,13
,2020-33908,39.69499,-105.05322,1/15/2020 16:32,16:32:00,12,0,0,SHERIDAN BOULEVARD SOUTH & ARIZONA AVENUE WEST,1,1,0,0,1,4, ,0,35,0,0,0,0,0,2,3,3
,2020-33910,39.69499,-105.05322,6/25/2020 20:13,20:13:00,3,0,0,SHERIDAN BOULEVARD SOUTH & ARIZONA AVENUE WEST,1,1,0,0,1,1, ,0,35,0,0,0,0,0,2,2,7
,2020-33912,39.69687,-105.05323,1/20/2020 19:51,19:51:00,15,0,1,SHERIDAN BOULEVARD SOUTH & MISSISSIPPI AVENUE WEST,1,3,0,0,1,4, ,0,40,0,0,0,0,3,2,5,2
,2020-33915,39.69687,-105.05323,2/19/2020 17:35,17:35:00,12,0,0,MORRISON RD/MISSIPPI AVENUE & SHERIDAN B SOUTH,9,3,1,2,1,3, ,0,30,0,0,0,0,0,4,3,1
,2020-33920,39.70043,-105.05325,1/20/2020 15:51,15:51:00,15,0,0,SHERIDAN BOULEVARD SOUTH & KENTUCKY AVENUE WEST,1,1,0,0,1,3, ,0,30,0,0,0,0,0,4,2,8
,2020-33921,39.70043,-105.05325,5/13/2020 18:06,18:06:00,12,0,1,SHERIDAN BOULEVARD SOUTH & KENTUCKY AVENUE WEST,1,1,0,0,1,4, ,0,30,0,0,0,0,1,2,2,1
,2020-33922,39.70043,-105.05325,6/13/2020 20:45,20:45:00,11,0,1,SHERIDAN BOULEVARD SOUTH & KENTUCKY AVENUE WEST,1,4,0,0,1,1, ,0,0,0,1,0,0,1,2,2,16
,2020-33923,39.70327,-105.05324,2/9/2020 8:25,8:25:00,5,0,0,SHERIDAN BOULEVARD SOUTH & EXPOSITION AVENUE WEST,9,1,1,2,3,1, ,0,35,0,0,0,0,0,4,1,13
,2020-33924,39.70327,-105.05325,4/21/2020 15:19,15:19:00,10,0,0,EXPOSITION AVENUE WEST & SHERIDAN BOULEVARD SOUTH,1,1,1,0,1,1, ,0,25,0,0,0,0,0,2,2,9
,2020-33928,39.70581554,-105.0532414,1/18/2020 15:41,15:41:00,12,0,3,SHERIDAN BOULEVARD SOUTH & CUSTER PLACE,1,1,1,0,1,4, ,0,35,0,0,0,0,1,2,2,5
,2020-33929,39.70581,-105.05325,3/2/2020 17:15,17:15:00,9,0,1,SHERIDAN BOULEVARD SOUTH HELP & CUSTER PLACE WEST,1,1,1,0,1,1, ,0,40,0,0,0,1,0,4,1,13
,2020-33932,39.70770554,-105.0532504,6/22/2020 18:05,18:05:00,3,0,0,SHERIDAN BOULEVARD SOUTH & VIRGINIA AVENUE WEST,1,1,2,0,1,3, ,0,35,0,0,0,0,0,4,2,1
,2020-33933,39.70866,-105.05326,5/29/2020 16:45,16:45:00,12,0,0,400 SOUTH SHERIDAN BOULEVARD & WEST ALASKA PLACE,1,1,0,0,1,4, ,0,35,0,0,0,0,0,2,4,13
,2020-33934,39.70961,-105.05326,2/21/2020 18:16,18:16:00,1,0,0,SHERIDAN B SOUTH & DAKOTA AVENUE WEST,1,3,1,0,1,1, ,0,35,0,0,0,0,0,2,2,13
,2020-33935,39.70961,-105.05326,2/27/2020 21:40,21:40:00,11,0,1,SHERIDAN BOULEVARD SOUTH & DAKOTA AVENUE WEST,1,3,1,0,1,1, ,0,35,0,1,0,0,3,2,2,13
,2020-33936,39.70961,-105.05326,3/5/2020 7:06,7:06:00,1,0,0,SHERIDAN AVENUE SOUTH & DAKOTA AVENUE WEST,1,1,1,0,1,1, ,0,35,0,0,0,0,0,2,2,13
,2020-33937,39.71117,-105.05325,5/14/2020 14:52,14:52:00,12,0,0,SHERIDAN BOULEVARD 300 SOUTH & NEVADA PLACE WEST,1,1,1,0,1,4, ,0,30,0,0,0,0,0,2,2,13
,2020-33939,39.7103,-105.05326,1/20/2020 11:00,11:00:00,1,0,0,SHERIDAN BOULEVARD SOUTH & NEVADA PLACE WEST,1,1,0,0,1,1, ,0,35,0,0,0,0,0,2,2,1
,2020-33940,39.71117,-105.05325,4/6/2020 13:50,13:50:00,15,0,0,SHERIDAN BOULEVARD SOUTH & ALAMEDA AVENUE WEST,1,1,0,0,1,4, ,0,35,0,0,0,0,0,4,2,13
,2020-33941,39.71134,-105.05325,5/6/2020 15:10,15:10:00,12,0,0,SHERIDAN BOULEVARD SOUTH & 300 SOUTH / ALAMEDA AVENUE WEST,1,1,0,0,1,4, ,0,30,0,0,0,0,0,2,2,1
,2020-33942,39.71117,-105.05325,5/25/2020 17:03,17:03:00,12,0,1,SHERIDAN BOULEVARD 300 SOUTH & ALAMEDA AVENUE WEST,1,1,0,0,1,4, ,0,30,0,0,0,0,2,2,2,13
,2020-33950,39.71234,-105.05326,1/26/2020 10:54,10:54:00,12,0,0,SHERIDAN BOULEVARD SOUTH & CEDAR AVENUE WEST,1,1,0,0,1,3, ,0,35,0,0,0,0,0,2,2,13
,2020-33958,39.71333,-105.05327,4/9/2020 9:00,9:00:00,3,0,0,SHERIDAN BOULEVARD SOUTH & CEDAR AVENUE WEST,1,1,0,0,1,1, ,0,15,0,0,0,0,0,2,2,13
,2020-33963,39.71843,-105.05328,5/14/2020 21:00,21:00:00,15,0,0,SHERIDAN BOULEVARD NORTH & FIRST AVENUE WEST,1,3,0,0,1,4, ,0,35,0,0,0,0,0,2,2,13
,2020-33964,39.71753,-105.05319,2/26/2020 16:15,16:15:00,12,0,0,SHERIDAN BOULEVARD NORTH & FIRST AVENUE WEST,1,1,0,0,1,3, ,0,35,0,0,0,0,0,2,2,13
,2020-33968,39.71843,-105.05328,3/20/2020 18:55,18:55:00,1,0,0,SHERIDAN BOULEVARD NORTH & FIRST AVENUE WEST,1,3,0,0,1,1, ,0,45,0,0,0,0,0,2,3,14
,2020-33973,39.72041354,-105.0532594,1/14/2020 8:00,8:00:00,15,0,0,SHERIDAN BOULEVARD NORTH & SECOND AVENUE WEST,1,1,1,0,1,4, ,0,35,0,0,0,0,0,4,2,13
,2020-33974,39.72041,-105.05327,2/2/2020 12:40,12:40:00,12,0,0,SHERIDAN BOULEVARD NORTH & SECOND AVENUE WEST,1,1,0,0,1,1, ,0,30,0,0,0,0,0,2,2,3
,2020-33978,39.72107954,-105.0532504,4/25/2020 0:20,0:20:00,1,0,1,SHERIDAN BOULEVARD NORTH & THIRD AVENUE WEST,1,3,0,0,1,1, ,0,40,0,0,0,0,1,4,2,13
,2020-33979,39.72409454,-105.0532504,4/13/2020 17:30,17:30:00,12,0,0,SHERIDAN BOULEVARD NORTH & FIFTH AVENUE WEST,11,1,1,2,1,4, ,0,30,0,0,0,0,0,4,2,13
,2020-33980,39.72162,-105.05327,4/13/2020 7:15,7:15:00,12,0,0,SHERIDAN BOULEVARD NORTH & FIFTH AVENUE WEST,4,1,0,2,1,3, ,0,35,0,0,0,0,0,2,2,13
,2020-33981,39.7241,-105.05325,1/19/2020 12:50,12:50:00,12,0,0,SHERIDAN BOULEVARD NORTH & FIFTH AVENUE WEST,1,1,0,0,1,1, ,0,55,0,0,0,0,0,2,2,13
,2020-33987,39.72580454,-105.0531199,3/19/2020 17:58,17:58:00,3,0,0,SHERIDAN BOULEVARD & HIGHWAY 6 EASTBOUND RAMPS,11,1,1,2,1,1, ,0,45,0,0,0,0,0,2,2,3
,2020-33990,39.72566,-105.05326,2/6/2020 23:51,23:51:00,5,0,0,SHERIDAN BOULEVARD NORTH & HIGHWAY 6 EASTBOUND RAMPS,9,3,1,2,3,1, ,0,35,0,0,0,0,0,2,1,7
,2020-33991,39.72566,-105.05326,2/7/2020 16:22,16:22:00,1,0,0,SHERIDAN BOULEVARD NORTH & HIGHWAY 6 EASTBOUND ON RAMP,4,1,1,2,1,1, ,0,35,0,0,0,0,0,2,3,13
,2020-33992,39.72580454,-105.0531199,2/12/2020 8:15,8:15:00,12,0,1,SHERIDAN BOULEVARD NORTH & HIGHWAY 6 EASTBOUND ON RAMP,1,1,0,0,1,1, ,0,35,0,0,0,0,0,2,2,14
,2020-33993,39.72566,-105.05326,2/18/2020 16:11,16:11:00,12,0,0,SHERIDAN B NORTH & SIXTH AVENUE WEST,1,1,1,0,1,1, ,0,35,0,0,0,0,0,2,2,3
,2020-34000,39.72566,-105.05326,3/19/2020 11:27,11:27:00,12,0,0,SHERIDAN BOULEVARD NORTH & HIGHWAY 6 WB RAMPS,11,1,1,2,1,1, ,0,35,0,0,0,0,0,2,2,3
,2020-34005,39.72842,-105.05324,6/5/2020 13:53,13:53:00,12,0,1,SHERIDAN BOULEVARD & 700 NORTH,1,1,1,0,1,4, ,0,35,0,0,0,0,1,2,2,5
,2020-34006,39.72842,-105.05316,2/5/2020 12:25,12:25:00,1,0,0,SHERIDAN B NORTH & EIGHTH AVENUE WEST,1,1,1,0,1,2, ,0,35,0,0,0,0,0,2,3,13
,2020-34007,39.72956654,-105.0532279,3/31/2020 12:30,12:30:00,12,0,3,SHERIDAN BOULEVARD NORTH & EIGHTH AVENUE WEST,1,1,1,0,1,4, ,0,35,0,0,0,0,1,2,3,13
,2020-34008,39.73039,-105.0532,1/10/2020 6:53,6:53:00,15,0,0,SHERIDAN BOULEVARD 800 NORTH & NINTH AVENUE WEST,1,3,1,0,1,4, ,0,,0,0,0,0,0,2,2,13
,2020-34009,39.73128,-105.05325,3/10/2020 14:35,14:35:00,1,0,2,SHERIDAN BOULEVARD NORTH & NINTH AVENUE WEST,1,1,1,0,1,1, ,0,35,0,0,0,0,0,2,4,13
,2020-34014,39.71644,-105.05324,1/21/2020 6:37,6:37:00,12,0,0,SHERIDAN BOULEVARD NORTH & 10TH AVENUE WEST,1,3,0,0,1,1, ,0,35,0,0,0,0,0,2,2,3
,2020-34015,39.73311,-105.05324,4/19/2020 1:55,1:55:00,3,0,0,SHERIDAN BOULEVARD NORTH & 10TH AVENUE WEST,1,3,0,0,1,1, ,0,35,0,0,0,0,0,2,2,14
,2020-34017,39.73311,-105.05324,5/30/2020 23:10,23:10:00,1,0,0,SHERIDAN BOULEVARD NORTH & 10TH AVENUE WEST,1,3,0,0,1,1, ,0,35,0,0,0,0,0,2,2,2
,2020-34018,39.73310354,-105.0532279,7/10/2020 9:53,9:53:00,3,0,0,SHERIDAN BOULEVARD NORTH & 10TH AVENUE WEST,1,3,0,0,1,2, ,0,35,0,0,0,0,0,2,2,14
,2020-34019,39.73331,-105.05296,4/3/2020 8:14,8:14:00,8,0,0,SHERIDAN BOULEVARD NORTH & 10TH AVENUE WEST,4,1,0,0,1,4, ,0,35,0,0,0,0,0,2,2,13
,2020-34024,39.73849,-105.05322,2/20/2020 8:10,8:10:00,1,0,0,SHERIDAN B NORTH & 14TH AVENUE WEST,1,1,0,0,1,1, ,0,35,0,0,0,0,0,2,2,13
,2020-34025,39.73849,-105.05322,2/26/2020 18:19,18:19:00,15,0,1,SHERIDAN BOULEVARD NORTH & 14TH AVENUE WEST,1,3,0,0,1,3, ,0,35,0,0,0,0,0,2,2,13
,2020-34027,39.73849,-105.05322,5/16/2020 15:10,15:10:00,3,0,0,SHERIDAN BOULEVARD NORTH & 14TH AVENUE WEST,1,1,0,0,1,1, ,0,35,0,0,0,0,0,2,2,13
,2020-34031,39.73942,-105.05313,4/16/2020 13:34,13:34:00,12,0,0,SHERIDAN BOULEVARD NORTH & COLFAX AVENUE WEST,11,1,0,2,1,3, ,0,30,0,0,0,0,0,2,2,1
,2020-34032,39.74031254,-105.0531919,3/2/2020 8:30,8:30:00,12,0,0,SHERIDAN BOULEVARD & COLFAX AVENUE WEST,11,1,0,0,1,3, ,0,35,0,0,0,0,0,2,2,7
,2020-34034,39.74296,-105.05321,3/6/2020 11:22,11:22:00,15,0,0,SHERIDAN BOULEVARD 1600 NORTH & 16TH AVENUE WEST,1,1,1,0,1,4, ,0,30,0,0,0,0,0,2,2,13
,2020-34038,39.74269,-105.05321,4/25/2020 11:50,11:50:00,12,0,0,SHERIDAN BOULEVARD NORTH & ANNIE PLACE WEST,1,1,0,0,1,4, ,0,35,0,0,0,0,0,2,2,13
,2020-34039,39.74296,-105.05321,4/26/2020 13:20,13:20:00,12,0,0,SHERIDAN BOULEVARD NORTH & 17TH AVENUE WEST,1,1,1,0,1,4, ,0,35,0,0,0,0,0,2,3,13
,2020-34041,39.74398,-105.05321,1/27/2020 6:35,6:35:00,15,0,0,SHERIDAN BOULEVARD NORTH & 17TH AVENUE WEST,1,3,0,0,1,1, ,0,30,0,0,0,0,0,2,2,3
,2020-34046,39.74581,-105.05322,2/1/2020 11:30,11:30:00,15,0,1,SHERIDAN BOULEVARD NORTH & 1800 NORTH,1,1,0,0,1,4, ,0,35,0,0,0,1,2,2,2,13
,2020-34050,39.74762053,-105.0532279,4/19/2020 12:30,12:30:00,3,0,2,SHERIDAN BOULEVARD NORTH & 20TH AVENUE WEST,1,1,0,0,1,1, ,0,35,0,0,0,0,1,2,2,13
,2020-34051,39.74855,-105.05322,1/30/2020 14:19,14:19:00,12,0,0,SHERIDAN BOULEVARD NORTH & 20TH AVENUE WEST,1,1,1,0,1,4, ,0,35,0,0,0,0,0,2,2,13
,2020-34056,39.75214,-105.05324,3/17/2020 7:40,7:40:00,5,0,0,SHERIDAN BOULEVARD NORTH & 2400 NORTH,1,3,0,0,3,4, ,0,35,0,0,0,0,0,2,1,1
,2020-34057,39.75214,-105.05324,1/29/2020 15:48,15:48:00,15,0,0,SHERIDAN BOULEVARD NORTH & BYRON PLACE WEST / 25TH AVENUE,1,1,1,0,1,4, ,0,35,0,0,0,0,0,2,2,13
,2020-34060,39.75301153,-105.0532414,3/13/2020 12:35,12:35:00,12,0,0,SHERIDAN BOULEVARD NORTH & 25TH AVENUE WEST,1,1,1,0,1,1, ,0,35,0,0,0,0,0,2,2,5
,2020-34061,39.75485,-105.05324,5/20/2020 16:53,16:53:00,12,0,0,SHERIDAN BOULEVARD NORTH & 25TH AVENUE WEST,1,1,0,0,1,1, ,0,25,0,0,0,0,0,4,2,3
,2020-34062,39.75394,-105.05323,2/17/2020 7:52,7:52:00,12,0,0,SHERIDAN B NORTH & 25TH AVENUE W/BYRON P WEST,1,1,0,0,1,4, ,0,35,0,0,0,0,0,2,3,3
,2020-34064,39.75394,-105.05323,5/14/2020 23:07,23:07:00,3,0,0,SHERIDAN BOULEVARD 2500 NORTH & BYRON PLACE WEST / 25TH AVENUE WEST,1,3,0,0,1,2, ,0,,0,0,0,0,0,4,3,13
,2020-34065,39.75485,-105.05324,2/6/2020 16:39,16:39:00,12,0,0,SHERIDAN BOULEVARD NORTH & 26TH AVENUE WEST,1,1,0,0,1,3, ,0,35,0,0,0,0,0,2,2,13
,2020-34066,39.75484,-105.0532,1/8/2020 13:09,13:09:00,3,0,1,26TH AVENUE WEST & SHERIDAN BOULEVARD NORTH,1,1,0,0,1,1, ,0,30,0,0,0,0,0,2,2,13
,2020-34069,39.75485,-105.05324,4/10/2020 18:49,18:49:00,3,0,0,SHERIDAN BOULEVARD NORTH & 26TH AVENUE WEST,1,1,1,0,1,1, ,0,35,0,0,0,0,0,4,2,13
,2020-34070,39.75485,-105.05324,6/28/2020 7:22,7:22:00,3,0,1,26TH AVENUE & SHERIDAN BOULEVARD NORTH,1,1,0,0,1,1, ,0,35,0,0,0,1,1,2,2,13
,2020-34071,39.75485,-105.05324,6/7/2020 1:52,1:52:00,12,0,1,SHERIDAN BOULEVARD NORTH & 26TH AVENUE WEST,1,3,0,0,1,3, ,0,35,0,0,0,0,1,2,2,13
,2020-34073,39.7577,-105.05324,1/16/2020 12:46,12:46:00,12,0,0,SHERIDAN BOULEVARD 2800 NORTH & 29TH AVENUE WEST,1,1,1,0,1,4, ,0,35,0,0,0,0,0,2,2,13
,2020-34078,39.76526,-105.05324,5/22/2020 14:20,14:20:00,12,0,1,SHERIDAN BOULEVARD 3400 NORTH & 34TH AVENUE WEST,1,1,0,0,1,4, ,0,,0,0,0,0,1,2,2,13
,2020-34079,39.7657,-105.05324,5/9/2020 16:35,16:35:00,12,0,0,SHERIDAN BOULEVARD NORTH & 35TH AVENUE WEST,1,1,0,0,1,4, ,1,35,0,0,0,0,0,2,3,13
,2020-34080,39.76752,-105.05324,2/26/2020 8:09,8:09:00,12,0,0,SHERIDAN BOULEVARD NORTH & 37TH AVENUE WEST,1,1,0,0,1,4, ,0,35,0,0,0,0,0,2,2,13
,2020-34081,39.76932,-105.05324,1/29/2020 17:18,17:18:00,15,0,0,SHERIDAN BOULEVARD NORTH & 38TH AVENUE WEST,1,1,0,0,1,4, ,0,40,0,0,0,0,0,2,2,1
,2020-34082,39.76767,-105.05291,3/7/2020 18:40,18:40:00,15,0,0,SHERIDAN BOULEVARD NORTH & 38TH AVENUE WEST,1,3,0,0,1,4, ,0,35,0,0,0,0,0,2,2,8
,2020-34090,39.76932,-105.05324,1/30/2020 16:54,16:54:00,15,0,0,SHERIDAN BOULEVARD NORTH & 38TH AVENUE WEST,11,2,0,2,1,4, ,0,35,0,0,0,0,0,2,2,7
,2020-34094,39.78368,-105.05324,1/22/2020 18:14,18:14:00,12,0,0,SHERIDAN BOULEVARD NORTH & I70 WB OFF RAMP MERGE POINT,1,3,0,0,1,3, ,0,20,0,0,0,0,0,2,2,13
,2020-34098,39.77657,-105.05324,2/6/2020 22:17,22:17:00,3,0,0,SHERIDAN BOULEVARD NORTH & 44TH AVENUE WEST,9,3,0,2,1,1, ,0,35,0,0,0,0,0,2,2,13
,2020-34099,39.77747,-105.05316,3/18/2020 19:30,19:30:00,3,0,2,SHERIDAN BOULEVARD NORTH & 45TH AVENUE WEST,1,3,0,0,1,2, ,0,35,0,0,0,1,3,2,2,13
,2020-34100,39.78021,-105.05324,3/20/2020 21:50,21:50:00,12,0,1,SHERIDAN BOULEVARD NORTH & 46TH AVENUE WEST,1,3,0,0,1,1, ,0,35,0,0,0,0,1,2,2,5
,2020-34101,39.78565,-105.05325,2/7/2020 1:25,1:25:00,12,0,0,SHERIDAN BOULEVARD NORTH & 49TH AVENUE WEST,9,3,0,2,1,1, ,0,35,0,0,0,0,0,2,2,13
,2020-34103,39.78994,-105.05325,2/3/2020 10:33,10:33:00,5,0,0,SHERIDAN BOULEVARD NORTH & 52ND AVENUE WEST,4,1,1,2,2,4, ,0,35,0,0,0,0,0,2,1,13
,2020-34104,39.79106,-105.0532,1/10/2020 7:10,7:10:00,12,0,0,SHERIDAN BOULEVARD NORTH & 52ND AVENUE WEST,1,1,1,0,1,3, ,0,35,0,0,0,0,0,2,2,13
,2020-34105,39.78994,-105.05325,2/7/2020 10:02,10:02:00,12,0,0,SHERIDAN B 5100 NORTH & 52ND AVENUE WEST,4,1,1,2,1,4, ,0,35,0,0,0,0,0,4,2,13
,2020-34106,39.79106,-105.05325,2/6/2020 21:35,21:35:00,12,0,0,SHERIDAN B NORTH & 52ND AVENUE WEST,9,3,1,2,1,4, ,0,35,0,0,0,0,0,2,4,13
,2020-34107,39.78994,-105.05325,6/24/2020 16:32,16:32:00,5,0,0,SHERIDAN BOULEVARD 5100 NORTH & 52ND AVENUE WEST,1,1,1,0,3,4, ,0,35,0,0,0,0,0,2,1,2
,2020-34108,39.79106,-105.05325,2/25/2020 19:40,19:40:00,1,0,2,52ND AVENUE WEST & SHERIDAN BOULEVARD NORTH,1,3,0,0,1,1, ,0,30,0,0,0,0,1,4,2,13
,2020-34109,39.79106,-105.05325,3/20/2020 12:53,12:53:00,3,0,0,SHERIDAN BOULEVARD NORTH & 52ND AVENUE WEST,4,1,1,2,1,1, ,0,35,0,0,0,0,0,2,2,13
,2020-34111,39.79106,-105.05325,6/12/2020 17:48,17:48:00,12,0,0,52ND AVENUE WEST & SHERIDAN BOULEVARD NORTH,1,1,0,0,1,3, ,0,30,0,0,0,0,0,4,2,13
,2020-34490,39.61441,-105.0913,1/31/2020 21:42,21:42:00,1,0,0,WADSWORTH BOULEVARD SOUTH & CROSS DRIVE WEST,1,3,0,0,1,1, ,0,45,0,0,0,0,0,2,2,13
,2020-34491,39.61441,-105.0913,2/14/2020 13:26,13:26:00,15,0,0,CROSS DRIVE WEST & WADSWORTH BOULEVARD SOUTH,1,1,0,0,1,3, ,0,25,0,0,0,0,0,4,2,13
,2020-34493,39.61440256,-105.0914014,5/14/2020 17:10,17:10:00,3,0,1,HIGHWAY 121 & CROSS DRIVE WEST,1,1,1,0,1,1, ,0,45,0,0,0,0,1,2,3,8
,2020-34494,39.61441,-105.0913,6/11/2020 12:35,12:35:00,15,0,0,WADSWORTH BOULEVARD SOUTH & CROSS DRIVE WEST,1,1,0,0,1,4, ,1,45,0,0,0,0,0,2,2,3
,2020-34495,39.61440256,-105.0914014,7/11/2020 16:30,16:30:00,3,0,0,HIGHWAY 121 & CROSS DRIVE WEST,1,1,1,0,1,1, ,0,45,0,0,0,0,0,2,2,13
,2020-34496,39.61833,-105.09124,6/11/2020 15:45,15:45:00,3,0,0,WADSWORTH BOULEVARD 5400 SOUTH & CROSS DRIVE WEST,1,1,0,0,1,2, ,0,35,0,0,0,0,0,2,2,13
,2020-34497,39.61441,-105.0913,2/8/2020 11:58,11:58:00,12,0,0,WADSWORTH BOULEVARD SOUTH & CROSS DRIVE WEST,4,1,0,0,1,4, ,0,45,0,0,0,0,0,2,3,1
,2020-34498,39.61441,-105.0913,2/12/2020 18:52,18:52:00,1,0,0,WADSWORTH B SOUTH & CROSS D WEST,7,3,0,2,1,2, ,0,35,0,0,0,0,0,2,2,7
,2020-34499,39.61833,-105.09124,1/24/2020 18:13,18:13:00,3,0,0,WADSWORTH BOULEVARD 5400 SOUTH & CRESTLINE AVENUE 8500 WEST DRIVEWAY NOT IN COUNTY,1,3,0,0,1,2, ,0,45,0,0,0,0,0,2,2,13
,2020-34501,39.61833,-105.0912,1/2/2020 13:58,13:58:00,12,0,1,WADSWORTH BOULEVARD SOUTH & CRESTLINE AVENUE WEST,1,1,0,0,1,4, ,0,40,0,0,0,0,1,2,2,3
,2020-34502,39.61833,-105.09124,5/15/2020 17:35,17:35:00,3,0,1,WADSWORTH BOULEVARD 5600 SOUTH & CROSS DRIVE WEST,1,1,0,0,1,3, ,0,40,0,0,0,0,1,2,2,7
,2020-34503,39.61834,-105.09124,6/9/2020 13:36,13:36:00,1,0,0,WADSWORTH BOULEVARD SOUTH & CRESTLINE AVENUE WEST,1,1,0,0,1,3, ,0,45,0,0,0,0,0,2,2,3
,2020-34504,39.61834,-105.09124,6/10/2020 17:39,17:39:00,12,0,0,WADSWORTH BOULEVARD SOUTH & CRESTLINE AVENUE WEST,1,1,0,0,1,4, ,0,45,0,0,0,0,0,2,2,1
,2020-34505,39.61834,-105.09124,2/6/2020 11:26,11:26:00,12,0,0,WADSWORTH BOULEVARD SOUTH & CRESTLINE AVENUE WEST,1,1,0,0,1,4, ,0,45,0,0,0,0,0,2,3,4
,2020-34506,39.61833,-105.09124,2/10/2020 15:02,15:02:00,3,0,0,WADSWORTH B 5400 SOUTH & CRESTLINE AVENUE WEST,1,1,0,0,1,2, ,0,30,0,0,0,0,0,2,2,7
,2020-34507,39.61834,-105.09124,3/4/2020 16:56,16:56:00,1,0,0,WADSWORTH BOULEVARD SOUTH & CRESTLINE AVENUE WEST,1,1,0,0,1,3, ,0,35,0,0,0,0,0,2,2,3
,2020-34508,39.61636,-105.09105,3/9/2020 13:30,13:30:00,15,0,0,WADSWORTH BOULEVARD SOUTH & CRESTLINE AVENUE WEST,1,1,0,0,1,4, ,0,30,0,0,0,0,0,2,2,13
,2020-34509,39.61833,-105.09124,6/13/2020 10:27,10:27:00,12,0,0,WADSWORTH BOULEVARD 5400 SOUTH & CRESTLINE AVENUE WEST,1,1,0,0,1,4, ,0,45,0,0,0,0,0,2,3,13
,2020-34510,39.61823656,-105.0911089,2/5/2020 15:57,15:57:00,12,0,0,CRESTLINE AVENUE 7500 WEST & WADSWORTH BOULEVARD SOUTH,11,1,0,0,1,1, ,0,30,0,0,0,0,0,4,2,3
,2020-34511,39.61823656,-105.0911089,2/16/2020 12:41,12:41:00,12,0,0,WADSWORTH B SOUTH & CRESTLINE AVENUE WEST,1,1,3,0,1,1, ,0,35,0,0,0,0,0,4,2,3
,2020-34512,39.61834,-105.09124,3/23/2020 21:01,21:01:00,9,0,2,WADSWORTH BOULEVARD SOUTH & CRESTLINE AVENUE WEST,1,3,0,0,1,1, ,0,45,0,0,0,0,2,2,1,5
,2020-34515,39.61823656,-105.0911089,5/30/2020 11:42,11:42:00,12,0,0,WADSWORTH BOULEVARD SOUTH & CRESTLINE AVENUE WEST,1,1,0,0,1,3, ,0,45,0,0,0,0,0,4,3,14
,2020-34518,39.62414955,-105.0912799,1/9/2020 18:40,18:40:00,12,0,1,WADSWORTH BOULEVARD SOUTH & BELLEVIEW AVENUE WEST,1,3,0,0,1,4, ,0,45,0,0,0,0,1,2,4,5
,2020-34526,39.62414955,-105.0912799,1/17/2020 17:19,17:19:00,15,0,0,WADSWORTH BOULEVARD SOUTH & BELLEVIEW AVENUE WEST,1,3,0,0,1,4, ,0,40,0,0,0,0,0,2,2,3
,2020-34527,39.6337,-105.0832,1/6/2020 19:30,19:30:00,12,0,0,WADSWORTH WAY 4700 SOUTH & LAYTON AVENUE WEST,1,3,0,0,1,3, ,0,40,0,0,0,0,0,2,4,14
,2020-34528,39.63015,-105.08169,5/20/2020 9:39,9:39:00,2,0,1,LAYTON AVENUE WEST & WADSWORTH BOULEVARD SOUTH,1,1,0,0,1,1, ,0,,1,0,0,0,1,2,2,13
,2020-34529,39.63241,-105.08477,2/5/2020 12:52,12:52:00,1,0,0,WADSWORTH B SOUTH & TUFTS AVENUE WEST,1,1,0,0,1,1, ,0,45,0,0,0,0,0,2,2,3
,2020-34530,39.63512,-105.08179,1/24/2020 15:17,15:17:00,12,0,1,WADSWORTH BOULEVARD SOUTH & STANFORD AVENUE WEST,1,1,0,0,1,1, ,0,45,0,0,0,0,0,4,2,3
,2020-34531,39.63512,-105.08179,6/2/2020 11:35,11:35:00,3,0,1,WADSWORTH BOULEVARD SOUTH & STANFORD AVENUE WEST,1,1,1,0,1,1, ,0,45,0,0,0,0,1,2,2,3
,2020-34532,39.63696,-105.08161,1/4/2020 13:34,13:34:00,12,0,0,WADSWORTH BOULEVARD 4400 SOUTH & STANFORD AVENUE WEST,1,1,0,0,1,4, ,0,,0,0,0,0,0,2,2,13
,2020-34533,39.6353,-105.08236,4/22/2020 14:12,14:12:00,12,0,1,HIGHWAY 121 / WADSWORTH WAY SOUTH & STANFORD AVENUE WEST,1,1,1,0,1,3, ,0,40,0,0,0,0,2,2,3,3
,2020-34534,39.6353,-105.08236,2/20/2020 14:53,14:53:00,15,0,0,WADSWORTH B SOUTH & STANDFORD AVENUE WEST,1,1,1,0,1,4, ,0,40,0,0,0,0,0,2,2,13
,2020-34535,39.6353,-105.08236,5/4/2020 18:10,18:10:00,12,0,0,HIGHWAY 121 / WADSWORTH WAY SOUTH & STANFORD AVENUE WEST,1,1,1,0,1,4, ,0,45,0,0,0,0,0,2,2,7