id,drcog_id,latitude,longitude,crashtime,time,crashtype,numbkilled,numbinjurd,drcoglocat,rdconditin,lightngcon,roadcntgrd,weatherco,location,roaddescrp,schoolzone,constrzone,splimit,bikeinv,pedinv,sctrinv,motoinv,svrty,rdsystem,ttlvehcls,hcf
,2020-34586,39.66555,-105.08146,5/19/2020 13:11,13:11:00,12,0,1,WADSWORTH BOULEVARD SOUTH & AMHERST AVENUE WEST,1,1,0,0,1,4, ,0,45,0,0,0,0,1,2,2,3
,2020-34590,39.66554955,-105.0814519,6/3/2020 13:22,13:22:00,12,0,1,WADSWORTH BOULEVARD 2800 SOUTH & AMHERST AVENUE WEST,1,1,0,0,1,4, ,0,40,0,0,0,1,1,2,2,1
,2020-34591,39.66555,-105.08146,5/5/2020 11:29,11:29:00,12,0,0,WADSWORTH BOULEVARD SOUTH & AMHERST AVENUE WEST,1,1,0,0,1,4, ,0,45,0,0,0,0,0,4,3,13
,2020-34592,39.66741,-105.08072,5/18/2020 11:50,11:50:00,15,0,0,WADSWORTH BOULEVARD 2700 SOUTH & AMHERST AVENUE WEST,1,1,0,0,1,4, ,0,,0,0,0,0,0,4,2,13
,2020-34593,39.66665,-105.08146,6/23/2020 13:25,13:25:00,12,0,0,WADSWORTH BOULEVARD 2700 SOUTH & WEST YALE AVENUE,1,1,0,0,1,4, ,0,40,0,0,0,0,0,4,2,3
,2020-34597,39.66774,-105.08146,3/3/2020 19:06,19:06:00,12,0,0,WADSWORTH BOULEVARD SOUTH & YALE AVENUE WEST,1,3,1,0,1,4, ,0,40,0,0,0,0,0,2,2,3
,2020-34598,39.67011,-105.08135,6/3/2020 16:22,16:22:00,12,0,0,WADSWORTH BOULEVARD SOUTH & VASSAR AVENUE WEST,1,1,1,0,1,4, ,0,45,0,0,0,0,0,2,3,3
,2020-34599,39.66893,-105.08144,1/31/2020 18:49,18:49:00,5,0,0,WADSWORTH BOULEVARD SOUTH & VASSAR AVENUE WEST,1,4,1,0,1,4, ,0,40,0,0,0,0,0,2,1,13
,2020-35306,39.63324,-104.90633,3/17/2020 21:10,21:10:00,12,0,0,I225 & I25,1,3,0,0,1,4, ,0,60,0,0,0,0,0,1,3,13
,2020-35307,39.63324,-104.90633,5/20/2020 6:40,6:40:00,12,0,1,I225 & I25,1,1,0,0,1,14, ,0,65,0,0,0,0,1,1,2,13
,2020-35308,39.63282,-104.90641,2/22/2020 14:41,14:41:00,12,0,1,I225 SOUTHBOUND OFF RAMP SPLIT POINT & I25,1,1,0,0,1,4, ,0,60,0,0,0,1,3,1,3,14
,2020-35309,39.63324,-104.90633,1/18/2020 11:45,11:45:00,12,0,0,I225 SOUTHBOUND OFF RAMP TO & I25 NORTHBOUND,1,1,0,0,1,14, ,0,45,0,0,0,0,0,1,2,13
,2020-35310,39.63839,-104.91009,1/22/2020 15:13,15:13:00,12,0,1,I225 SOUTHBOUND OFF RAMP TO & I25 NORTHBOUND,1,1,0,0,1,14, ,0,45,0,0,0,0,3,1,3,3
,2020-35311,39.63428,-104.9071,1/15/2020 19:35,19:35:00,12,0,1,I225 NORTHBOUND ON RAMP & I25 SOUTHBOUND EXIT GORE POINT,1,3,0,0,1,14, ,0,65,0,0,0,0,2,1,3,13
,2020-35312,39.63428,-104.9071,3/12/2020 15:39,15:39:00,12,0,0,I225 NB/EB ON RAMP LOOP FROM & I25 SOUTHBOUND,1,1,1,0,1,14, ,0,65,0,0,0,0,0,1,3,3
,2020-35313,39.63324,-104.90633,3/5/2020 18:03,18:03:00,12,0,2,I225 & MM 0.10,1,3,0,0,1,4, ,0,55,0,0,0,0,1,1,3,1
,2020-35314,39.63324,-104.9063,1/7/2020 15:12,15:12:00,12,0,0,I225 SOUTHBOUND OFF RAMP TO NORTHBOUND & I25 NB/SB EXIT SPLIT,1,1,0,0,1,14, ,0,60,0,0,0,0,0,1,2,1
,2020-35315,39.63324,-104.90633,2/22/2020 11:00,11:00:00,12,0,1,I225 SOUTHBOUND OFF RAMP & I25 NORTH,1,1,0,0,1,14, ,0,50,0,0,0,0,1,1,3,13
,2020-35316,39.63324,-104.90633,2/21/2020 13:12,13:12:00,12,0,0,I225 NORTHBOUND OFF RAMP SPLIT POINT & I25 NORTH,1,1,0,0,1,14, ,0,55,0,0,0,0,0,1,2,3
,2020-35317,39.63324,-104.90633,2/21/2020 13:12,13:12:00,12,0,0,I225 NORTHBOUND OFF RAMP SPLIT POINT & I25 NORTH,1,1,0,0,1,14, ,0,55,0,0,0,0,0,1,2,3
,2020-35318,39.63324,-104.90633,2/21/2020 13:12,13:12:00,12,0,0,I225 NORTHBOUND OFF RAMP SPLIT POINT & I25 NORTH,1,1,0,0,1,14, ,0,55,0,0,0,0,0,1,2,3
,2020-35319,39.63324,-104.9063,1/11/2020 12:50,12:50:00,12,0,0,I225 SOUTHBOUND OFF RAMP TO NORTHBOUND & I25 NB/SB EXIT SPLIT,1,1,0,0,1,14, ,0,55,0,0,0,0,0,1,2,13
,2020-35320,39.63324,-104.9063,1/11/2020 14:18,14:18:00,12,0,0,I25 NORTHBOUND ON RAMP & I225 OFF RAMP SPLIT,1,1,0,0,1,14, ,0,55,0,0,0,0,0,1,2,13
,2020-35321,39.74000353,-104.9920099,1/16/2020 16:25,16:25:00,12,0,0,I225 SOUTHBOUND OFF RAMP TO NORTHBOUND & I25 NB/SB EXIT SPLIT,1,1,0,0,1,14, ,0,60,0,0,0,0,0,1,3,13
,2020-35322,39.63282,-104.90641,4/16/2020 12:53,12:53:00,5,0,0,I225 SOUTHBOUND/WESTBOUND OFF RAMP SPLIT TO & I25 SOUTHBOUND,9,1,0,2,3,14, ,0,55,0,0,0,0,0,1,1,3
,2020-35323,39.63324,-104.90633,1/17/2020 10:17,10:17:00,12,0,0,I225 & I25 ON RAMP SPLIT,1,1,0,0,1,4, ,0,65,0,0,0,0,0,1,2,13
,2020-35324,39.63324,-104.9063,1/12/2020 10:44,10:44:00,12,0,0,I225 & I25 ON RAMP SPLIT,1,1,0,0,1,4, ,0,65,0,0,0,0,0,1,2,13
,2020-35325,39.63324,-104.90633,1/17/2020 13:45,13:45:00,12,0,1,I225 & I25 ON RAMP SPLIT,1,1,0,0,1,4, ,0,65,0,0,0,0,1,1,2,13
,2020-35326,39.63324,-104.90633,1/18/2020 9:15,9:15:00,12,0,0,I225 & I25 ON RAMP SPLIT,1,1,0,0,1,4, ,0,60,0,0,0,0,0,1,2,13
,2020-35327,39.68489489,-104.9510043,1/23/2020 15:00,15:00:00,12,0,0,I225 EXIT GORE SPLIT TO & I25 NB/SB,1,1,0,0,1,4, ,0,55,0,0,0,0,0,1,4,13
,2020-35328,39.63414,-104.90674,1/23/2020 15:46,15:46:00,15,0,0,I225 & I25 ON RAMP SPLIT,1,1,0,0,1,4, ,0,,0,0,0,0,0,1,3,13
,2020-35329,39.63324,-104.90633,3/4/2020 7:32,7:32:00,12,0,0,I225 WB/SB GORE POINT SLIP TO & I25 NB/SB,1,1,0,0,1,4, ,0,55,0,0,0,0,0,1,2,13
,2020-35330,39.63396,-104.90592,3/8/2020 9:37,9:37:00,12,0,0,I225 SOUTHBOUND/WESTBOUND OFF RAMP SPLIT TO & I25 NB/SB,1,1,0,0,1,4, ,0,65,0,0,0,0,0,1,4,14
,2020-35331,39.63324,-104.90633,2/1/2020 15:45,15:45:00,15,0,0,I225 SOUTHBOUND OFF RAMP SPLIT POINT & I25 NORTH,12,1,0,0,1,14, ,0,65,0,0,0,0,0,1,2,13
,2020-35332,39.63282,-104.90641,2/26/2020 7:15,7:15:00,12,0,0,I225 SOUTHBOUND & I225 OFF RAMP SPLIT,1,1,0,0,1,4, ,0,55,0,0,0,0,0,1,2,1
,2020-35333,39.63324,-104.9063,1/10/2020 18:50,18:50:00,12,0,0,I225 & I25 RAMP SPLIT,1,3,0,0,1,4, ,0,55,0,0,0,0,0,1,3,3
,2020-35334,39.63657344,-104.8906106,1/19/2020 13:30,13:30:00,12,0,0,I225 & I25,1,1,0,0,1,4, ,0,55,0,0,0,0,0,1,2,7
,2020-35335,39.63548,-104.89372,4/11/2020 1:25,1:25:00,5,0,0,I225 & TAMARAC DRIVE SOUTH,1,3,1,0,3,4, ,0,60,0,0,0,0,0,1,1,13
,2020-35336,39.63575,-104.89353,1/28/2020 11:01,11:01:00,12,0,1,I225 & TAMARAC STREET SOUTH,1,1,0,0,1,4, ,0,,0,0,0,0,1,1,2,13
,2020-35337,39.63575,-104.89353,5/3/2020 22:43,22:43:00,12,0,1,I225 & TAMARAC DRIVE SOUTH,1,4,0,0,1,4, ,0,65,0,0,0,0,2,1,2,1
,2020-35338,39.63575,-104.89353,1/28/2020 10:30,10:30:00,12,0,0,I225 & TAMARAC STREET SOUTH,1,1,0,0,1,4, ,0,55,0,0,0,0,0,1,3,13
,2020-35339,39.63575,-104.89353,3/4/2020 9:01,9:01:00,12,0,0,I225 & TAMARAC STREET SOUTH,1,1,0,0,1,4, ,0,55,0,0,0,0,0,1,2,3
,2020-35340,39.63548,-104.89372,4/28/2020 10:05,10:05:00,15,0,0,I225 & TAMARAC DRIVE SOUTH,1,1,1,0,1,4, ,0,65,0,0,0,0,0,1,2,7
,2020-35341,39.63575,-104.89353,6/17/2020 6:25,6:25:00,12,0,2,TAMARAC STREET SOUTH & I225,1,1,0,0,1,4, ,0,65,0,0,0,0,1,1,3,13
,2020-35342,39.63547,-104.8937,1/2/2020 10:39,10:39:00,12,0,0,TAMARAC STREET SOUTH & I225 WB RAMPS,1,1,0,0,1,3, ,0,35,0,0,0,0,0,4,2,13
,2020-35343,39.63488,-104.89341,2/10/2020 19:14,19:14:00,3,0,0,I225 EASTBOUND OFF RAMP & TAMARAC STREET SOUTH,9,3,1,2,1,1, ,0,35,0,0,0,0,0,4,3,7
,2020-35344,39.63548,-104.89372,1/17/2020 8:27,8:27:00,12,0,0,I225 WB OFF SPLIT RAMP & TAMARAC STREET SOUTH,1,1,1,0,1,14, ,0,35,0,0,0,0,0,1,2,13
,2020-35345,39.63575,-104.8935,1/6/2020 18:25,18:25:00,12,0,1,I225 & TAMARAC STREET SOUTH,1,3,1,0,1,4, ,0,65,0,0,0,0,1,1,2,13
,2020-35346,39.63324,-104.90633,1/31/2020 18:42,18:42:00,15,0,0,I225 & MM 1,1,3,0,0,1,4, ,0,65,0,0,0,0,0,1,2,7
,2020-35347,39.63324,-104.90633,2/28/2020 12:50,12:50:00,12,0,0,I225 & MM 1,1,1,0,0,1,4, ,0,55,0,0,0,0,0,1,2,3
,2020-35348,39.63324,-104.90633,3/6/2020 12:12,12:12:00,12,0,0,I225 & MM 1,1,1,0,0,1,4, ,0,55,0,0,0,0,0,1,2,3
,2020-35349,39.63921554,-104.8851979,1/25/2020 23:30,23:30:00,12,0,0,I225 & YOSEMITE STREET SOUTH,1,3,0,0,1,4, ,0,65,0,0,0,0,0,1,2,5
,2020-35350,39.63324,-104.90633,3/3/2020 15:18,15:18:00,12,0,0,I225 & MM 1.1,1,1,0,0,1,4, ,0,55,0,0,0,0,0,1,4,3
,2020-35351,39.63958,-104.88511,2/8/2020 16:41,16:41:00,12,0,0,I225 SOUTHBOUND & YOSEMITE STREET SOUTH,1,1,0,0,1,4, ,0,65,0,0,0,0,0,1,3,13
,2020-35352,39.63923613,-104.885174,2/5/2020 22:53,22:53:00,12,0,0,I225 NORTHBOUND & YOSEMITE STREET SOUTH,4,4,0,2,1,4, ,0,55,0,0,0,0,0,2,2,13
,2020-35353,39.63931,-104.88512,2/12/2020 19:12,19:12:00,15,0,0,I225 NORTHBOUND & YOSEMITE STREET SOUTH,9,4,0,2,1,4, ,0,65,0,0,0,0,0,1,3,13
,2020-35354,39.6393,-104.8851,1/10/2020 17:25,17:25:00,12,0,0,I225 & YOSEMITE STREET SOUTH,1,3,0,0,1,4, ,0,55,0,0,0,0,0,1,2,13
,2020-35355,39.63931,-104.88512,3/2/2020 17:00,17:00:00,12,0,0,I225 & YOSEMITE STREET SOUTH,1,1,0,0,1,4, ,0,55,0,0,0,0,0,1,2,13
,2020-35356,39.64398,-104.8849,1/3/2020 14:14,14:14:00,3,0,0,YOSEMITE STREET 4000 SOUTH & I225 WB OFF RAMP,1,1,0,0,1,1, ,0,35,0,0,0,0,0,4,2,8
,2020-35357,39.63958,-104.88511,2/27/2020 12:58,12:58:00,3,0,0,YOSEMITE STREET SOUTH & I225 NORTHBOUND OFF RAMP,1,1,0,0,1,1, ,0,35,0,0,0,0,0,4,2,13
,2020-35358,39.63931,-104.88512,3/13/2020 19:38,19:38:00,12,0,0,YOSEMITE STREET SOUTH & I225 NB/EB RAMPS,1,3,0,0,1,1, ,0,35,0,0,0,0,0,4,2,1
,2020-35359,39.63931,-104.88512,3/18/2020 14:30,14:30:00,3,0,1,YOSEMITE STREET SOUTH & I225 NB/EB RAMPS,1,1,0,0,1,1, ,0,35,0,0,0,0,1,4,2,13
,2020-35360,39.63958,-104.88511,1/16/2020 11:48,11:48:00,12,0,2,I225 & YOSEMITE STREET SOUTH,1,1,0,0,1,4, ,0,55,0,0,0,0,1,1,2,3
,2020-35362,39.63958,-104.88511,2/8/2020 17:25,17:25:00,15,0,0,I225 & YOSEMITE STREET SOUTH,11,2,0,0,1,4, ,0,65,0,0,0,0,0,1,2,13
,2020-35365,39.63958,-104.88511,4/8/2020 23:40,23:40:00,5,0,0,I225 WB/SB EXIT GORR POINT TO & YOSEMITE STREET SOUTH,1,3,1,0,2,4, ,0,65,0,0,0,0,0,1,1,13
,2020-35366,39.6393,-104.88512,2/5/2020 22:53,22:53:00,12,0,3,I225 & YOSEMITE STREET SOUTH,1,3,0,0,1,4, ,0,65,0,0,0,0,3,1,2,1
,2020-35676,39.63657344,-104.8906106,6/17/2020 10:51,10:51:00,15,0,0,I225 & I70,1,1,1,0,1,14, ,0,55,0,0,0,0,0,1,2,3
,2020-35687,39.77988,-104.9671,1/10/2020 13:02,13:02:00,1,0,1,BRIGHTON BOULEVARD NORTH & I70 EASTBOUND RAMPS,1,1,0,0,1,1, ,0,30,0,0,0,0,1,4,2,1
,2020-35694,39.77962,-104.96703,4/20/2020 17:23,17:23:00,12,0,0,BRIGHTON BOULEVARD NORTH & I70 EASTBOUND RAMPS,1,1,0,0,1,4, ,0,30,0,0,0,0,0,4,2,14
,2020-35695,39.78014,-104.96709,5/20/2020 15:17,15:17:00,12,0,0,I70 WB ON RAMP & BRIGHTON BOULEVARD NORTH,1,1,0,0,1,1, ,0,45,0,0,0,0,0,1,3,3
,2020-35696,39.78083,-104.9668,2/14/2020 2:50,2:50:00,5,0,0,BRIGHTON B 4600 NORTH & 47TH AVENUE EAST,1,3,0,0,2,1, ,0,35,0,0,0,0,0,4,1,13
,2020-35782,39.7777865,-104.8961342,1/14/2020 6:06,6:06:00,12,0,0,I270 & MM 4,1,2,0,0,1,4, ,0,65,0,0,0,0,0,1,2,13
,2020-35785,39.78307152,-104.9009119,6/29/2020 15:01,15:01:00,12,0,0,I270 & NORTHFIELD QUEBEC STREET,1,1,0,0,1,4, ,0,65,0,0,0,0,0,1,2,13
,2020-35786,39.78306252,-104.9006419,3/2/2020 11:16,11:16:00,12,0,0,I270 WB ON RAMP & NORTHFIELD QUEBEC NORTH,1,1,0,0,1,14, ,0,65,0,0,0,0,0,2,2,13
,2020-35787,39.78307152,-104.9009119,5/14/2020 22:10,22:10:00,5,0,0,I270 & NORTHFIELD QUEBEC STREET SOUTHBOUND NORTH,1,3,1,0,3,4, ,0,55,0,0,0,0,0,1,1,5
,2020-35788,39.78307152,-104.9009119,5/1/2020 21:45,21:45:00,12,0,1,I270 & NORTHFIELD BOULEVARD NORTH / QUEBEC STREET,1,3,0,0,1,4, ,0,65,0,0,0,0,1,1,2,5
,2020-35789,39.75460627,-104.9033938,1/30/2020 6:44,6:44:00,12,0,1,I270 & QUEBEC STREET NORTH,1,1,0,0,1,4, ,0,55,0,0,0,0,1,1,3,13
,2020-35790,39.78306252,-104.9006419,2/4/2020 13:29,13:29:00,12,0,2,I270 WB ON RAMP & NORTHFIELD QUEBEC STREET,4,1,1,0,1,14, ,0,35,0,0,0,0,3,1,2,3
,2020-35791,39.75460627,-104.9033938,1/19/2020 7:01,7:01:00,5,0,0,I270 & QUEBEC STREET NORTH,1,2,0,0,2,4, ,0,65,0,0,0,0,0,2,1,2
,2020-35792,39.78306252,-104.9006419,2/27/2020 9:41,9:41:00,12,0,0,I270 WB & NORTHFIELD NORTH,1,1,0,0,1,4, ,0,55,0,0,0,0,0,1,2,3
,2020-35793,39.78307152,-104.9009119,2/5/2020 19:02,19:02:00,12,0,0,I270 & NORTHFIELD QUEBEC STREET,1,3,0,0,1,4, ,0,50,0,0,0,0,0,1,2,1
,2020-35794,39.78311,-104.90094,5/23/2020 16:04,16:04:00,12,0,0,I270 & NORTHFIELD QUEBEC STREET NORTH,1,1,0,0,1,4, ,0,65,0,0,0,0,0,2,3,13
,2020-35795,39.78311,-104.90094,1/20/2020 7:50,7:50:00,5,0,0,I270 EB/SB LOOP EXIT GORE POINT & NORTHFIELD QUEBEC STREET NORTH,1,1,0,0,2,14, ,0,,0,0,0,0,0,1,1,13
,2020-35796,39.77703,-104.88,1/3/2020 8:38,8:38:00,15,0,0,I270 WB/NB DIRECT CONNECT & MM 5,1,1,0,0,1,4, ,0,,0,0,0,0,0,1,2,13
,2020-35797,39.76880352,-104.8656299,1/26/2020 19:00,19:00:00,5,0,0,I270 EASTBOUND EXIT GORE POINT TO & CENTRAL PARK BOULEVARD NORTH,1,4,1,0,1,4, ,0,65,0,0,0,0,0,1,1,8
,2020-35798,39.77745,-104.88278,5/1/2020 16:40,16:40:00,12,0,3,I270 WB ON RAMP FROM & CENTRAL PARK BOULEVARD NORTH,1,1,1,0,1,14, ,0,55,0,0,0,0,2,1,2,3
,2020-35799,39.77745,-104.88278,1/29/2020 14:55,14:55:00,12,0,0,I270 & CENTRAL PARK BOULEVARD NORTH,1,1,0,0,1,4, ,0,60,0,0,0,0,0,2,2,13
,2020-35800,39.77704,-104.88003,2/17/2020 22:16,22:16:00,15,0,1,I270 WB DIRECT CONNECT & I70 WB EXIT GORE POINT,11,3,0,0,1,4, ,0,55,0,0,0,0,1,1,2,13
,2020-35801,39.77704,-104.88003,1/15/2020 6:22,6:22:00,12,0,0,I270 WB DIR CONNECT & I70,1,3,0,0,1,4, ,1,55,0,0,0,0,0,1,2,1
,2020-35802,39.77704,-104.88003,4/30/2020 5:38,5:38:00,12,0,1,I270 EASTBOUND EXIT GORE POINT TO & I70 EASTBOUND,1,2,0,0,1,4, ,0,65,0,0,0,0,1,1,2,13
,2020-35803,39.77704,-104.88003,5/24/2020 0:00,0:00:00,5,0,0,I270 DIR CONNECT & I70,1,4,0,0,3,4, ,0,65,0,0,0,0,0,1,1,13
,2020-35829,39.65308,-104.9184,1/6/2020 11:55,11:55:00,12,0,0,I25 SOUTHBOUND OFF SLIP RAMP & HAMPDEN AVENUE EAST,1,1,1,0,1,14, ,0,25,0,0,0,0,0,1,2,13
,2020-35938,39.65303,-105.06671,4/13/2020 18:50,18:50:00,5,0,0,HAMPDEN AVENUE WEST & KENDALL STREET SOUTH,9,1,0,2,2,4, ,0,65,0,0,0,0,0,2,1,14
,2020-35940,39.65335,-105.05321,3/19/2020 17:05,17:05:00,5,0,0,HAMPDEN AVENUE WEST & SHERIDAN BOULEVARD SOUTH,12,1,0,2,3,4, ,0,65,0,0,0,0,0,2,1,14
,2020-35941,39.65216,-105.05321,3/11/2020 2:25,2:25:00,5,0,0,HIGHWAY 285 EASTBOUND OFF LOOP SPLIT GORE POINT TO & HIGHWAY 95 NORTHBOUND,1,3,1,0,2,14, ,0,45,0,0,0,0,0,4,1,5
,2020-35942,39.65335,-105.05321,2/27/2020 14:08,14:08:00,5,0,0,HAMPDEN AVENUE WEST & OFF RAMP TO SHERIDAN BOULEVARD,1,1,1,0,2,14, ,0,55,0,0,0,0,0,2,1,1
,2020-35943,39.65318,-105.05309,2/12/2020 18:08,18:08:00,5,0,0,HAMPDEN AVENUE WEST & SHERIDAN BOULEVARD SOUTH,7,3,1,2,3,4, ,0,65,0,0,0,0,0,2,1,1
,2020-35944,39.65429,-105.03696,6/21/2020 10:09,10:09:00,5,0,0,HAMPDEN AVENUE 3800 WEST & LOWELL BOULEVARD SOUTH,1,1,0,0,1,4, ,0,55,0,0,0,0,0,2,2,13
,2020-35945,39.74000353,-104.9920099,3/11/2020 15:16,15:16:00,12,0,0,HAMPDEN AVENUE WEST & LOWELL BOULEVARD SOUTH,1,1,0,0,1,4, ,0,55,0,0,0,0,0,2,2,3
,2020-36064,39.65309,-104.9433,1/4/2020 18:15,18:15:00,15,0,0,HAMPDEN AVENUE 3700 EAST & COLORADO BOULEVARD,1,3,0,0,1,4, ,0,45,0,0,0,0,0,2,2,13
,2020-36080,39.65301,-104.94068,3/14/2020 19:22,19:22:00,12,0,0,HAMPDEN AVENUE EAST & COLORADO BOULEVARD SOUTH,1,3,0,0,1,4, ,0,45,0,0,0,0,0,2,2,1
,2020-36085,39.65301,-104.94068,1/20/2020 8:37,8:37:00,12,0,0,HAMPDEN AVENUE EAST & COLORADO BOULEVARD SOUTH,1,1,0,0,1,3, ,0,40,0,0,0,0,0,2,2,13
,2020-36086,39.65302,-104.93997,1/16/2020 12:01,12:01:00,15,0,0,HAMPDEN AVENUE 4100 EAST & COLORADO BOULEVARD SOUTH,1,1,1,0,1,4, ,0,45,0,0,0,0,0,2,2,13
,2020-36087,39.65302154,-104.9385904,1/25/2020 9:07,9:07:00,12,0,0,HAMPDEN AVENUE EAST & ASH STREET SOUTH,1,1,0,0,1,3, ,0,45,0,0,0,0,0,2,4,13
,2020-36088,39.65303,-104.9386,4/29/2020 8:46,8:46:00,12,0,1,HAMPDEN AVENUE EAST & ASH STREET SOUTH,1,1,0,0,1,1, ,0,40,0,0,0,0,2,2,2,3
,2020-36096,39.65304,-104.93169,1/28/2020 8:51,8:51:00,1,0,0,HAMPDEN AVENUE EAST & DAHLIA STREET SOUTH,1,1,0,0,1,1, ,0,40,0,0,0,0,0,4,2,13
,2020-36097,39.65304,-104.93169,3/6/2020 14:24,14:24:00,1,0,1,HAMPDEN AVENUE EAST & DAHLIA STREET SOUTH,1,1,0,0,1,1, ,0,40,0,0,0,0,0,2,2,14
,2020-36099,39.65303954,-104.9316604,5/15/2020 15:58,15:58:00,6,0,0,DAHLIA STREET SOUTH & HAMPDEN AVENUE WEST,1,1,0,0,1,1, ,0,25,0,0,0,0,0,4,2,13
,2020-36101,39.65305,-104.92667,2/21/2020 15:45,15:45:00,12,0,0,HAMPDEN AVENUE EAST & FOREST STREET SOUTH,1,1,1,0,1,1, ,0,35,0,0,0,0,0,2,2,15
,2020-36102,39.65306,-104.92615,2/26/2020 8:04,8:04:00,12,0,3,HAMPDEN AVENUE EAST & GLENCOE STREET,1,1,0,0,1,1, ,0,40,0,0,0,0,2,2,4,13
,2020-36103,39.65305,-104.92502,2/4/2020 21:49,21:49:00,10,0,0,HAMPDEN AVENUE EAST & GRAPE STREET SOUTH,1,4,0,0,1,1, ,0,45,0,0,0,0,0,2,3,5
,2020-36104,39.65306,-104.92421,1/14/2020 9:55,9:55:00,3,0,0,HUDSON WAY SOUTH & HAMPDEN AVENUE EAST,1,1,1,0,1,1, ,0,35,0,0,0,0,0,2,2,13
,2020-36105,39.65309,-104.92227,1/3/2020 20:43,20:43:00,12,0,1,HAMPDEN AVENUE EAST & HUDSON WAY SOUTH,1,3,0,0,1,3, ,0,40,0,0,0,0,0,2,2,1
,2020-36106,39.653,-104.92339,4/23/2020 7:58,7:58:00,12,0,0,HAMPDEN AVENUE EAST & HOLLY STREET SOUTH,1,1,1,0,1,4, ,0,40,0,0,0,0,0,2,2,1
,2020-36107,39.65308,-104.92281,2/3/2020 6:50,6:50:00,11,0,1,HAMPDEN AVENUE EAST & HOLLY STREET SOUTH,4,1,0,1,1,1, ,0,30,0,1,0,0,1,4,2,13
,2020-36108,39.65309,-104.92083,5/16/2020 11:27,11:27:00,12,0,1,HAMPDEN AVENUE & 5800 EAST HAMPDEN AVENUE,1,1,0,0,1,4, ,0,,0,0,0,0,1,4,2,13
,2020-36109,39.65321954,-104.9183404,5/4/2020 18:30,18:30:00,12,0,0,HAMPDEN AVENUE EAST & I25 SOUTHBOUND OFF RAMP SLIP,1,2,1,0,1,4, ,0,35,0,0,0,0,0,2,2,13
,2020-36110,39.65308,-104.91845,2/7/2020 8:19,8:19:00,12,0,0,HAMPDEN AVENUE EAST & I25 SOUTHBOUND ON RAMP,9,1,1,2,1,1, ,0,45,0,0,0,0,0,4,2,3
,2020-36111,39.65309,-104.92083,2/26/2020 13:53,13:53:00,3,0,0,HAMPDEN AVENUE 5800 EAST & I25 SOUTHBOUND OFF RAMP,1,1,0,0,1,1, ,0,45,0,0,0,0,0,2,2,13
,2020-36112,39.65308,-104.91845,3/11/2020 7:52,7:52:00,1,0,1,HAMPDEN AVENUE EAST & I25 SOUTHBOUND ON RAMP,1,2,1,0,1,1, ,0,35,0,0,0,0,2,2,2,13
,2020-36113,39.65308,-104.91845,3/24/2020 18:24,18:24:00,1,0,0,HAMPDEN AVENUE EAST & I25 SOUTHBOUND ON RAMP,1,1,0,0,1,1, ,0,45,0,0,0,0,0,4,2,14
,2020-36114,39.65308,-104.91845,5/6/2020 10:21,10:21:00,1,0,0,HAMPDEN AVENUE EAST & I25 SOUTHBOUND ON RAMP,1,1,0,0,1,1, ,0,,0,0,0,0,0,2,2,13
,2020-36115,39.65308,-104.9182,1/7/2020 17:13,17:13:00,1,0,0,HAMPDEN AVENUE EAST & I25 NORTHBOUND RAMPS,1,3,0,0,1,1, ,0,40,0,0,0,0,0,2,2,13
,2020-36116,39.65321954,-104.9183404,1/9/2020 22:10,22:10:00,5,0,0,HAMPDEN AVENUE EAST & I25 NORTHBOUND ON RAMP,11,3,0,1,3,1, ,0,40,0,0,0,0,0,2,1,13
,2020-36117,39.65308,-104.91826,1/14/2020 7:01,7:01:00,3,0,0,HAMPDEN AVENUE EAST & I25 NORTHBOUND RAMPS,1,1,0,0,1,1, ,0,40,0,0,0,0,0,2,2,13
,2020-36118,39.65308,-104.91826,2/5/2020 17:20,17:20:00,15,0,0,HAMPDEN AVENUE EAST & I25 NORTHBOUND OFF RAMP,11,2,0,0,1,1, ,0,30,0,0,0,0,0,4,2,13
,2020-36119,39.65308,-104.91845,3/20/2020 11:54,11:54:00,12,0,1,HAMPDEN AVENUE EAST & I25 NORTHBOUND RAMPS,11,1,0,0,1,1, ,0,40,0,0,0,0,1,2,2,13
,2020-36120,39.65308,-104.91845,3/22/2020 23:24,23:24:00,3,0,1,HAMPDEN AVENUE EAST & I25 NORTHBOUND OFF RAMP,1,3,0,0,1,1, ,0,35,0,0,0,0,0,2,2,5
,2020-36123,39.77442,-105.02529,6/2/2020 10:22,10:22:00,5,0,1,FEDERAL BOULEVARD 4100 NORTH & 42ND AVENUE WEST,1,1,1,0,3,4, ,0,35,0,0,0,0,2,2,1,13
,2020-36126,39.74036,-105.02522,1/16/2020 12:09,12:09:00,15,0,0,FEDERAL BOULEVARD NORTHBOUND ENTRANCE GORE POINT FROM & COLFAX AVENUE WEST,1,1,1,0,1,1, ,0,,0,0,0,0,0,2,2,13
,2020-36127,39.74273,-105.02522,1/27/2020 21:46,21:46:00,14,0,0,FEDERAL B NORTH & 16TH AVENUE WEST,1,3,0,0,6,1, ,0,35,0,0,0,0,0,2,2,14
,2020-36128,39.74395,-105.02522,3/7/2020 21:32,21:32:00,5,0,2,FEDERAL BOULEVARD NORTH & 17TH AVENUE WEST,1,3,0,0,3,4, ,0,40,0,0,0,0,1,2,1,13
,2020-36129,39.74395,-105.0252,1/3/2020 11:30,11:30:00,3,0,0,FEDERAL BOULEVARD NORTH & 17TH AVENUE WEST,1,1,1,0,1,1, ,0,35,0,0,0,0,0,2,2,13
,2020-36130,39.74396,-105.02522,3/17/2020 9:53,9:53:00,3,0,0,FEDERAL BOULEVARD NORTH & DICK CONNOR AVENUE WEST / 17TH AVENUE WEST,1,1,1,0,1,1, ,0,30,0,0,0,0,0,2,2,13