id,drcog_id,latitude,longitude,crashtime,time,crashtype,numbkilled,numbinjurd,drcoglocat,rdconditin,lightngcon,roadcntgrd,weatherco,location,roaddescrp,schoolzone,constrzone,splimit,bikeinv,pedinv,sctrinv,motoinv,svrty,rdsystem,ttlvehcls,hcf
,2020-36131,39.74398453,-105.0252289,6/29/2020 8:15,8:15:00,12,0,0,17TH STREET & FEDERAL BOULEVARD NORTH,1,1,0,0,1,1, ,0,40,0,0,0,0,0,2,2,13
,2020-36132,39.74336,-105.02522,1/16/2020 20:02,20:02:00,10,0,0,FEDERAL BOULEVARD 1700 NORTH & 18TH AVENUE WEST,1,3,0,0,1,4, ,0,35,0,0,0,0,0,4,2,13
,2020-36133,39.74516,-105.02521,1/16/2020 18:49,18:49:00,12,0,1,FEDERAL BOULEVARD NORTH & 18TH AVENUE WEST,1,3,0,0,1,1, ,0,35,0,0,0,0,3,2,3,5
,2020-36134,39.74783,-105.02514,3/2/2020 0:00,0:00:00,5,0,0,FEDERAL BOULEVARD NORTH & 20TH AVENUE WEST,9,3,0,2,3,4, ,0,35,0,0,0,0,0,2,1,5
,2020-36135,39.75000553,-105.0251389,1/1/2020 15:10,15:10:00,15,0,0,FEDERAL BOULEVARD NORTH & 22ND AVENUE WEST,1,1,0,0,1,4, ,0,35,0,0,0,0,0,2,2,13
,2020-36136,39.75121,-105.02523,4/11/2020 14:17,14:17:00,3,0,0,FEDERAL BOULEVARD NORTH & 23RD AVENUE WEST,1,1,1,0,1,1, ,0,30,0,0,0,0,0,4,2,9
,2020-36137,39.75145,-105.0252,1/3/2020 11:30,11:30:00,12,0,0,FEDERAL BOULEVARD 2300 NORTH & 23RD AVENUE WEST,1,1,1,0,1,2, ,0,35,0,0,0,0,0,2,2,3
,2020-36138,39.75444,-105.02522,2/24/2020 11:27,11:27:00,12,0,0,FEDERAL BOULEVARD NORTH & 2500,1,1,0,0,1,4, ,0,30,0,0,0,0,0,2,2,3
,2020-36139,39.75484,-105.02522,1/30/2020 14:02,14:02:00,12,0,0,FEDERAL BOULEVARD NORTH & 26TH AVENUE WEST,1,1,1,0,1,1, ,0,35,0,0,0,0,0,2,2,13
,2020-36140,39.75484,-105.02522,2/13/2020 6:15,6:15:00,3,0,0,26TH AVENUE WEST & FEDERAL B NORTH,4,3,0,0,1,2, ,0,30,0,0,0,0,0,4,2,13
,2020-36141,39.75602,-105.02515,1/29/2020 14:35,14:35:00,12,0,0,FEDERAL BOULEVARD NORTH & 27TH AVENUE WEST,1,1,0,0,1,4, ,0,30,0,0,0,0,0,2,2,13
,2020-36142,39.75816,-105.02523,6/21/2020 4:47,4:47:00,5,0,0,FEDERAL BOULEVARD NORTH & 2800 NORTH FEDERAL BOULEVARD,1,1,0,0,2,4, ,0,40,0,0,0,0,0,2,1,2
,2020-36143,39.75848,-105.02523,3/4/2020 14:07,14:07:00,12,0,0,FEDERAL BOULEVARD NORTH & 29TH AVENUE WEST,1,1,0,0,1,4, ,0,30,0,0,0,0,0,2,2,13
,2020-36144,39.75847,-105.0252,1/9/2020 15:31,15:31:00,1,0,1,FEDERAL BOULEVARD NORTH & 29TH AVENUE WEST,1,1,0,0,1,1, ,0,35,0,0,0,0,0,2,2,13
,2020-36145,39.75848,-105.02523,1/17/2020 16:36,16:36:00,12,0,0,29TH AVENUE WEST & FEDERAL BOULEVARD NORTH,1,1,0,0,1,3, ,0,35,0,0,0,0,0,4,2,2
,2020-36146,39.75848,-105.02523,3/4/2020 18:35,18:35:00,12,0,0,FEDERAL BOULEVARD NORTH & 29TH AVENUE WEST,1,2,0,0,1,4, ,0,40,0,0,0,0,0,2,2,13
,2020-36147,39.76026,-105.02524,2/7/2020 9:25,9:25:00,1,0,0,FEDERAL BOULEVARD NORTH & SPEER BOULEVARD NORTH,4,1,1,2,1,1, ,0,35,0,0,0,0,0,2,2,13
,2020-36148,39.76026,-105.02524,3/31/2020 10:54,10:54:00,15,0,1,FEDERAL BOULEVARD NORTH & SPEER BOULEVARD NORTH,1,1,0,0,1,4, ,0,40,0,0,0,0,3,4,3,7
,2020-36149,39.76144,-105.02523,6/23/2020 14:53,14:53:00,12,0,0,FEDERAL BOULEVARD 3100 NORTH & DOUGLAS PLACE WEST,1,1,1,0,1,4, ,0,35,0,0,0,0,0,2,2,13
,2020-36150,39.76144,-105.02523,3/17/2020 14:23,14:23:00,12,0,0,FEDERAL BOULEVARD NORTH & 32ND AVENUE WEST,1,1,1,0,1,4, ,0,35,0,0,0,0,0,2,2,13
,2020-36151,39.76261,-105.02524,2/22/2020 19:24,19:24:00,12,0,0,FEDERAL BOULEVARD 3200 NORTH & 32ND AVENUE WEST,1,3,0,0,1,4, ,0,35,0,0,0,0,0,2,2,13
,2020-36152,39.76261,-105.02524,6/5/2020 11:56,11:56:00,12,0,0,FEDERAL BOULEVARD 3200 NORTH & 33RD AVENUE WEST,1,1,1,0,1,4, ,0,,0,0,0,0,0,2,2,13
,2020-36153,39.7632,-105.02524,2/13/2020 9:00,9:00:00,12,0,0,FEDERAL B NORTH & HIGHLAND PARK P W/33RD AVENUE EAST,11,1,0,0,1,3, ,0,35,0,0,0,0,0,2,2,13
,2020-36154,39.76332,-105.02525,1/14/2020 17:54,17:54:00,12,0,1,FEDERAL BOULEVARD 3300 NORTH & 33RD AVENUE WEST,1,3,0,0,1,4, ,0,35,0,0,0,0,1,2,2,13
,2020-36155,39.76332,-105.02525,2/6/2020 18:11,18:11:00,12,0,0,FEDERAL BOULEVARD NORTH & 33RD AVENUE WEST,11,3,0,2,1,4, ,0,35,0,0,0,0,0,2,2,13
,2020-36156,39.76381,-105.02508,5/24/2020 20:10,20:10:00,12,0,4,FEDERAL BOULEVARD 3300 NORTH & 34TH AVENUE WEST,1,1,0,1,1,4, ,0,35,0,0,0,0,3,2,2,1
,2020-36157,39.76548,-105.0252,1/7/2020 8:29,8:29:00,12,0,0,FEDERAL BOULEVARD 3400 NORTH & 34TH AVENUE WEST,1,1,0,0,1,4, ,0,35,0,0,0,0,0,2,2,13
,2020-36158,39.76561,-105.0252,1/8/2020 11:39,11:39:00,12,0,0,FEDERAL BOULEVARD NORTH & 35TH AVENUE WEST,1,1,1,0,1,1, ,0,,0,0,0,0,0,2,2,13
,2020-36159,39.76576,-105.0252,1/9/2020 9:36,9:36:00,12,0,0,FEDERAL BOULEVARD 3500 NORTH & 35TH AVENUE WEST,1,1,0,0,1,4, ,0,35,0,0,0,0,0,2,2,13
,2020-36160,39.76835,-105.02525,4/17/2020 20:20,20:20:00,3,0,0,FEDERAL BOULEVARD NORTH & CLYDE PLACE WEST,1,3,0,0,1,1, ,0,25,0,0,0,0,0,4,2,13
,2020-36161,39.76929,-105.02524,5/17/2020 18:13,18:13:00,1,0,0,38TH AVENUE WEST & FEDERAL BOULEVARD NORTH,1,1,0,0,1,1, ,0,35,0,0,0,0,0,2,2,1
,2020-36162,39.76929,-105.02524,6/3/2020 17:50,17:50:00,1,0,0,FEDERAL BOULEVARD NORTH & 38TH AVENUE WEST,1,1,0,0,1,1, ,0,35,0,0,0,0,0,2,2,10
,2020-36163,39.77115,-105.02519,1/17/2020 16:17,16:17:00,12,0,1,FEDERAL BOULEVARD NORTH & 39TH AVENUE WEST,1,1,1,0,1,1, ,0,35,0,0,0,0,0,4,2,13
,2020-36164,39.77293,-105.02523,1/19/2020 16:28,16:28:00,9,0,0,FEDERAL BOULEVARD 400 NORTH & 41ST AVENUE WEST,1,2,0,0,1,4, ,0,,0,0,0,0,0,4,1,13
,2020-36165,39.77294,-105.02523,1/29/2020 16:44,16:44:00,1,0,4,FEDERAL BOULEVARD NORTH & 41ST AVENUE WEST,1,1,1,0,1,1, ,0,35,0,0,0,0,1,2,3,5
,2020-36166,39.77441,-105.0252,1/7/2020 7:58,7:58:00,12,0,0,FEDERAL BOULEVARD 4100 NORTH & 41ST AVENUE WEST,1,1,0,0,1,4, ,0,,0,0,0,0,0,2,2,13
,2020-36167,39.77471,-105.02529,3/2/2020 10:10,10:10:00,15,0,0,FEDERAL BOULEVARD NORTH & 42ND AVENUE,1,1,0,0,1,3, ,0,30,0,0,0,0,0,2,2,3
,2020-36168,39.77413,-105.02518,3/5/2020 7:40,7:40:00,12,0,0,FEDERAL BOULEVARD NORTH & 42ND AVENUE,1,1,0,0,1,3, ,0,35,0,0,0,0,0,2,2,13
,2020-36169,39.77815,-105.02516,2/18/2020 15:06,15:06:00,15,0,0,FEDERAL B 4400 NORTH & WEST 45TH AVENUE,1,1,0,0,1,4, ,0,35,0,0,0,0,0,2,2,13
,2020-36170,39.77844,-105.02515,2/4/2020 15:28,15:28:00,15,0,0,FEDERAL BOULEVARD NORTH & 45TH AVENUE,11,1,1,0,1,1, ,0,35,0,0,0,0,0,2,2,13
,2020-36171,39.77937,-105.02514,5/24/2020 9:57,9:57:00,9,0,0,FEDERAL BOULEVARD 4500 NORTH & 46TH AVENUE WEST,11,1,0,1,1,4, ,0,,0,0,0,0,0,2,2,13
,2020-36172,39.78026,-105.0251,1/8/2020 17:13,17:13:00,12,0,0,FEDERAL BOULEVARD NORTH & 46TH AVENUE WEST,1,3,0,0,1,3, ,0,35,0,0,0,0,0,2,2,13
,2020-36173,39.78026,-105.02519,3/10/2020 7:22,7:22:00,12,0,0,46TH AVENUE WEST & FEDERAL BOULEVARD NORTH,1,1,0,0,1,1, ,0,30,0,0,0,0,0,4,2,3
,2020-36174,39.78214,-105.02524,5/1/2020 14:00,14:00:00,5,0,0,FEDERAL BOULEVARD NORTH & 47TH AVENUE WEST,1,1,0,0,3,4, ,0,30,0,0,0,0,0,2,1,3
,2020-36175,39.78214,-105.02524,1/28/2020 17:36,17:36:00,12,0,0,FEDERAL BOULEVARD NORTH & 47TH AVENUE WEST,1,3,0,0,1,4, ,0,35,0,0,0,0,0,1,2,13
,2020-36176,39.78422,-105.0251,1/11/2020 11:33,11:33:00,1,0,0,FEDERAL BOULEVARD NORTH & I70 EASTBOUND ON RAMP,1,1,0,0,1,1, ,0,35,0,0,0,0,0,2,2,13
,2020-36177,39.78423,-105.02519,1/26/2020 17:18,17:18:00,1,0,0,FEDERAL B NORTH & I70 EAST ON RAMP,1,3,0,0,1,1, ,0,35,0,0,0,0,0,2,2,1
,2020-36178,39.78507,-105.02519,2/28/2020 20:02,20:02:00,1,0,1,FEDERAL BOULEVARD 4800 NORTH & I70 EASTBOUND ON RAMP,1,3,0,0,1,1, ,0,40,0,0,0,0,0,2,2,7
,2020-36179,39.78433153,-105.0250894,3/12/2020 16:42,16:42:00,3,0,0,FEDERAL BOULEVARD NORTH & I70 EASTBOUND OFF RAMP,1,1,0,0,1,1, ,0,40,0,0,0,0,0,2,2,2
,2020-36180,39.78423,-105.02519,3/15/2020 11:30,11:30:00,1,0,2,FEDERAL BOULEVARD NORTH & I70 EASTBOUND ON RAMP,1,1,0,0,1,1, ,0,35,0,0,0,0,1,2,2,13
,2020-36181,39.78423,-105.02519,4/18/2020 1:29,1:29:00,5,0,0,FEDERAL BOULEVARD NORTH & I70 EASTBOUND OFF RAMP,1,3,0,0,3,1, ,0,35,0,0,0,0,0,4,1,9
,2020-36182,39.78392,-105.02519,5/20/2020 7:15,7:15:00,3,0,1,FEDERAL BOULEVARD NORTH & I70 EASTBOUND ON RAMP,1,1,0,0,1,1, ,0,35,0,0,0,0,1,2,2,13
,2020-36183,39.78423,-105.02519,5/20/2020 14:41,14:41:00,1,0,4,FEDERAL BOULEVARD NORTH & I70 EASTBOUND ON RAMP,1,1,1,0,1,1, ,0,35,0,0,0,0,1,2,2,13
,2020-36184,39.78439,-105.02519,6/21/2020 18:00,18:00:00,1,0,0,FEDERAL BOULEVARD NORTH & I70,1,1,0,0,1,1, ,0,35,0,0,0,0,0,2,2,13
,2020-36185,39.78433153,-105.0250894,6/25/2020 20:52,20:52:00,3,0,0,FEDERAL BOULEVARD NORTH & I70 EASTBOUND OFF RAMP,1,2,0,0,1,1, ,0,25,0,0,0,0,0,2,2,2
,2020-36186,39.78346,-105.02519,3/13/2020 12:21,12:21:00,12,0,0,FEDERAL BOULEVARD NORTH & I70,11,1,0,0,1,4, ,0,30,0,0,0,0,0,2,2,13
,2020-36187,39.78419653,-105.0250894,4/21/2020 7:34,7:34:00,15,0,0,FEDERAL BOULEVARD NORTH & I70,1,1,0,0,1,4, ,0,40,0,0,0,0,0,2,2,3
,2020-36188,39.78439,-105.02519,5/4/2020 7:31,7:31:00,12,0,0,FEDERAL BOULEVARD NORTH & I70,1,1,0,0,1,4, ,0,35,0,0,0,0,0,2,2,13
,2020-36189,39.78423,-105.02519,1/22/2020 12:13,12:13:00,1,0,0,FEDERAL BOULEVARD NORTH & I70 WB ON RAMP,1,1,0,0,1,1, ,0,35,0,0,0,0,0,2,3,13
,2020-36190,39.78439,-105.02519,1/30/2020 11:45,11:45:00,1,0,0,FEDERAL BOULEVARD NORTH & I70 WB ON RAMP,1,1,0,0,1,1, ,0,,0,0,0,0,0,2,2,13
,2020-36191,39.78439,-105.02519,6/8/2020 10:55,10:55:00,3,0,0,FEDERAL BOULEVARD NORTH & I70 WB OFF RAMP,1,1,1,0,1,1, ,0,,0,0,0,0,0,2,2,13
,2020-36192,39.78433153,-105.0250894,6/24/2020 14:30,14:30:00,1,0,0,FEDERAL BOULEVARD NORTH & I70 WB ON RAMP,1,1,0,0,1,1, ,0,35,0,0,0,0,0,2,2,13
,2020-36193,39.78561,-105.02519,3/11/2020 15:14,15:14:00,5,0,0,FEDERAL BOULEVARD NORTH & 49TH AVENUE WEST,1,1,0,0,3,4, ,0,,0,0,0,0,0,2,1,13
,2020-36194,39.78561,-105.02519,2/17/2020 13:00,13:00:00,12,0,0,FEDERAL B NORTH & 49TH AVENUE WEST,1,1,0,0,1,1, ,0,35,0,0,0,0,0,2,2,1
,2020-36195,39.78654,-105.02521,2/24/2020 15:51,15:51:00,15,0,0,FEDERAL BOULEVARD NORTH & 4900,1,1,0,0,1,4, ,0,35,0,0,0,0,0,2,3,1
,2020-36196,39.78654,-105.02521,4/10/2020 15:59,15:59:00,12,0,0,FEDERAL BOULEVARD NORTH & 49TH AVENUE WEST,1,1,0,0,1,4, ,0,30,0,0,0,0,0,2,2,7
,2020-36197,39.78654,-105.02521,5/13/2020 21:03,21:03:00,3,0,0,FEDERAL BOULEVARD 4900 NORTH & 49TH AVENUE WEST,1,3,0,0,1,3, ,0,45,0,0,0,0,0,2,2,13
,2020-36198,39.78654,-105.02521,2/14/2020 15:05,15:05:00,15,0,0,FEDERAL B 4900 NORTH & 49TH AVENUE WEST,1,1,0,0,1,4, ,0,35,0,0,0,0,0,2,2,13
,2020-36199,39.78654,-105.02521,1/14/2020 15:47,15:47:00,12,0,0,FEDERAL BOULEVARD 4900 NORTH & 50TH AVENUE WEST,1,1,0,0,1,4, ,0,40,0,0,0,0,0,2,3,7
,2020-36200,39.78654,-105.02521,4/19/2020 10:47,10:47:00,1,0,0,FEDERAL BOULEVARD NORTH & 50TH AVENUE WEST,1,1,0,0,1,2, ,0,35,0,0,0,0,0,2,2,13
,2020-36201,39.78746,-105.02522,2/13/2020 16:50,16:50:00,3,0,0,FEDERAL B NORTH & 50TH AVENUE WEST,11,1,0,0,1,1, ,0,35,0,0,0,0,0,2,2,13
,2020-36202,39.79111,-105.02519,2/17/2020 12:01,12:01:00,1,0,4,50TH AVENUE WEST & FEDERAL B NORTH,1,1,1,0,1,1, ,0,30,0,0,0,0,2,2,2,13
,2020-36203,39.78924,-105.02518,2/24/2020 11:23,11:23:00,3,0,1,FEDERAL BOULEVARD NORTH & 51ST AVENUE WEST,1,1,1,0,1,1, ,0,35,0,0,0,0,1,2,2,13
,2020-36204,39.78746,-105.02522,5/31/2020 4:00,4:00:00,3,0,3,FEDERAL BOULEVARD NORTH & REGIS BOULEVARD WEST,1,3,1,0,1,1, ,0,35,0,0,0,0,1,2,2,5
,2020-36205,39.78773,-105.02479,2/12/2020 14:36,14:36:00,6,0,0,FEDERAL BOULEVARD & 50TH AVENUE WEST,1,1,1,0,1,4, ,0,35,0,0,0,0,0,2,2,1
,2020-36206,39.78924,-105.0251,1/9/2020 8:40,8:40:00,12,0,0,FEDERAL BOULEVARD NORTH & 51ST AVENUE WEST,1,1,0,0,1,1, ,0,35,0,0,0,0,0,2,3,1
,2020-36207,39.78924,-105.02518,6/23/2020 11:50,11:50:00,3,0,0,51ST AVENUE WEST & FEDERAL BOULEVARD NORTH,1,1,1,0,1,1, ,0,25,0,0,0,0,0,2,2,13
,2020-36208,39.79018,-105.02519,2/15/2020 20:05,20:05:00,3,0,0,FEDERAL B NORTH & 51ST AVENUE WEST,1,3,0,0,1,2, ,0,45,0,0,0,0,0,2,2,1
,2020-36209,39.78924,-105.02519,3/4/2020 7:51,7:51:00,8,0,2,FEDERAL BOULEVARD 5100 NORTH & 51ST AVENUE WEST,1,1,0,0,6,3, ,0,35,0,0,0,0,3,2,2,2
,2020-36210,39.79018,-105.02519,6/15/2020 11:50,11:50:00,12,0,1,FEDERAL BOULEVARD 5100 NORTH & 52ND AVENUE WEST,1,1,1,0,1,4, ,0,35,0,0,0,0,2,2,3,13
,2020-36211,39.7911,-105.0251,1/2/2020 16:28,16:28:00,1,0,0,FEDERAL BOULEVARD NORTH & 52ND AVENUE WEST,1,1,0,0,1,1, ,0,35,0,0,0,0,0,2,2,13
,2020-36463,39.73999,-104.95978,6/5/2020 22:29,22:29:00,1,0,2,COLFAX AVENUE EAST & YORK STREET NORTH,1,3,0,0,1,1, ,0,35,0,0,0,0,0,2,2,16
,2020-36466,39.74015,-104.94476,6/29/2020 7:50,7:50:00,15,0,0,COLFAX AVENUE 3600 EAST & MONROE STREET NORTH,1,1,0,0,1,4, ,0,25,0,0,0,0,0,2,2,16
,2020-36996,39.8338315,-104.746859,3/5/2020 7:40,7:40:00,9,0,0,E470 SOUTHBOUND & OFF LOOP RAMP TO PENA BOULEVARD,1,1,1,0,2,14, ,0,50,0,0,0,0,0,2,1,1
,2020-37009,39.74000353,-104.9920099,3/5/2020 4:05,4:05:00,9,0,0,E470 SOUTHBOUND OFF RAMP LOOP EXIT GORE POINT TO & PENA BOULEVARD,1,3,1,0,2,14, ,0,55,0,0,0,0,0,1,1,8
,2020-37010,39.8338315,-104.746859,2/16/2020 0:57,0:57:00,5,0,0,PENA B 7200  & E470,1,3,0,0,3,4, ,0,65,0,0,0,0,0,4,1,7
,2020-37011,39.83569277,-104.7467411,3/19/2020 11:15,11:15:00,9,0,1,E470 & MM 28,8,1,0,2,3,4, ,0,75,0,0,0,0,1,2,1,13
,2020-37012,39.85494417,-104.7469529,6/10/2020 7:52,7:52:00,5,0,0,E470 & PENA BOULEVARD,1,1,0,0,3,4, ,0,75,0,0,0,0,0,2,1,13
,2020-37057,39.78288251,-104.75549,5/14/2020 19:30,19:30:00,15,0,0,GREEN VALLEY RANCH BOULEVARD EAST & HIMALAYA ROAD,1,1,0,0,1,4, ,0,45,0,0,0,0,0,4,2,13
,2020-42363,39.74654053,-105.0075889,1/1/2020 0:13,0:13:00,5,0,1,AURARIA PARKWAY & NINTH STREET,1,3,0,0,3,4, ,0,,0,0,0,0,0,4,1,16
,2020-42364,39.77084051,-104.74271,1/1/2020 0:51,0:51:00,6,0,0,40TH AVENUE 20800 EAST & MALAYA STREET NORTH,4,3,0,0,1,4, ,0,25,0,0,0,0,0,4,2,5
,2020-42365,39.67015,-105.0175,1/1/2020 2:00,2:00:00,6,0,0,VASSAR AVENUE 2400 WEST & ZUNI STREET SOUTH,1,3,0,0,1,4, ,0,,0,0,0,0,0,4,2,13
,2020-42366,39.77505,-104.8098,1/1/2020 2:30,2:30:00,1,0,1,CHAMBERS ROAD NORTH & ANDREWS DRIVE EAST,1,3,0,0,1,1, ,0,,0,0,0,0,1,4,2,13
,2020-42367,39.68214,-104.9734,1/1/2020 5:54,5:54:00,6,0,0,JEWELL AVENUE EAST & DOWNING STREET SOUTH,4,4,0,0,1,4, ,0,,0,0,0,0,0,4,3,13
,2020-42368,39.83372408,-104.77165,1/1/2020 6:55,6:55:00,5,0,0,PENA B 19150 & TOWER ROAD NORTH,1,2,0,0,3,4, ,0,65,0,0,0,0,0,4,1,14
,2020-42369,39.72696,-104.9881,1/1/2020 11:10,11:10:00,15,0,0,SPEER BOULEVARD & 600 NORTH,1,1,0,0,1,4, ,0,30,0,0,0,0,0,4,2,13
,2020-42370,39.71836,-104.9127,1/1/2020 12:54,12:54:00,15,0,0,FIRST AVENUE EAST & MONACO STREET NORTH,11,1,0,0,1,1, ,0,25,0,0,0,0,0,4,2,14
,2020-42371,39.76016,-104.9361,1/1/2020 13:14,13:14:00,6,0,0,BIRCH STREET NORTH & 30TH AVENUE EAST,7,1,0,0,1,3, ,0,20,0,0,0,0,0,4,2,14
,2020-42372,39.69296,-104.934,1/1/2020 14:18,14:18:00,3,0,0,CHERRY STREET SOUTH & LOUISIANA AVENUE EAST,1,1,0,0,1,1, ,0,25,0,0,0,0,0,4,2,3
,2020-42373,39.67850954,-105.0017479,1/1/2020 15:29,15:29:00,15,0,0,EVANS AVENUE WEST & LIPAN STREET SOUTH,1,1,1,0,1,3, ,0,,0,0,0,0,0,4,2,13
,2020-42374,39.69508,-105.0398,1/1/2020 16:50,16:50:00,5,0,0,PERRY STREET & 1196 SOUTH,4,1,1,0,2,1, ,0,,0,0,0,0,0,4,1,13
,2020-42375,39.71381,-104.9745,1/1/2020 17:47,17:47:00,6,0,0,CORONA STREET 100 SOUTH & ELLSWORTH AVENUE EAST,1,3,0,0,1,4, ,0,,0,0,0,0,0,4,3,13
,2020-42376,39.73843,-104.981,1/1/2020 18:15,18:15:00,15,0,0,14TH AVENUE 400 EAST & LOGAN STREET NORTH,1,3,0,0,1,4, ,0,,0,0,0,0,0,4,2,13
,2020-42377,39.75185,-104.8899,1/1/2020 18:22,18:22:00,12,0,0,CENTRAL PARK 2200 NORTH & WABASH STREET NORTH,1,3,0,0,1,4, ,0,,0,0,0,0,0,4,2,13
,2020-42378,39.80551341,-104.7866401,1/1/2020 21:52,21:52:00,4,0,0,PENA B NORTH & 56TH AVENUE EAST,1,3,0,0,1,4, ,0,65,0,0,0,0,0,4,1,13
,2020-42379,39.74672,-104.9954,1/1/2020 22:15,22:15:00,6,0,1,CURTIS STREET 1500  & 15TH STREET,1,3,0,0,1,4, ,0,30,0,0,0,0,2,4,2,3
,2020-42380,39.7408,-104.961,1/2/2020 6:02,6:02:00,6,0,0,GAYLORD STREET & 1500 NORTH,1,4,0,0,1,4, ,0,25,0,0,0,0,0,4,2,13
,2020-42381,39.76763,-105.0344,1/2/2020 6:50,6:50:00,6,0,0,LOWELL BOULEVARD 3700 NORTH & 38TH AVENUE WEST,1,2,1,0,1,4, ,0,,0,0,0,0,0,4,2,13
,2020-42382,39.74374,-104.9128,1/2/2020 7:14,7:14:00,3,0,0,17TH AVENUE EAST & MONACO STREET NORTH,1,3,0,0,1,1, ,0,30,0,0,0,0,0,4,2,14
,2020-42383,39.76563,-105.0322,1/2/2020 7:40,7:40:00,8,0,0,35TH AVENUE WEST & JULIAN STREET NORTH,4,1,1,0,1,6, ,0,25,0,0,0,0,0,4,2,13
,2020-42384,39.7194,-104.9522,1/2/2020 7:57,7:57:00,3,0,0,MILWAUKEE STREET NORTH & SECOND AVENUE EAST,11,1,0,0,1,1, ,0,30,0,0,0,0,0,4,2,13
,2020-42385,39.76142,-104.9034,1/2/2020 8:59,8:59:00,3,0,1,MLK B EAST & QUEBEC STREET NORTH,1,1,0,0,1,1, ,0,30,0,0,0,0,1,4,2,13
,2020-42386,39.78950014,-104.77207,1/2/2020 10:32,10:32:00,12,0,0,TOWER ROAD NORTH & 51ST AVENUE EAST,1,1,0,0,1,3, ,0,,0,0,0,0,0,4,2,13
,2020-42387,39.69123554,-105.0051004,1/2/2020 11:27,11:27:00,5,0,0,ARKANSAS AVENUE 1400 WEST & OSAGE STREET SOUTH,4,1,0,0,3,4, ,0,,0,0,0,0,0,4,1,13
,2020-42388,39.74256253,-104.9116399,1/2/2020 11:37,11:37:00,5,0,1,MAGNOLIA STREET EAST & BATAVIA PLACE NORTH,4,1,0,0,2,3, ,0,25,0,0,0,0,2,4,1,16
,2020-42389,39.83324492,-104.6866107,1/2/2020 11:50,11:50:00,15,0,0,PENA BOULEVARD NORTH & 75TH AVENUE EAST,1,1,0,0,1,4, ,0,65,0,0,0,0,0,4,2,13
,2020-42390,39.66770954,-104.9816594,1/2/2020 12:00,12:00:00,5,0,0,YALE AVENUE & 9000 EAST,4,4,1,0,3,4, ,0,35,0,0,0,0,0,4,1,7
,2020-42391,39.71816,-105.02634,1/2/2020 12:02,12:02:00,12,0,1,FIRST AVENUE 3000 WEST & FEDERAL B NORTH,1,1,0,0,1,4, ,0,25,0,0,0,0,1,4,2,16
,2020-42392,39.78236,-104.8658,1/2/2020 12:15,12:15:00,12,0,0,47TH AVENUE EAST & HAVANA STREET NORTH,1,1,0,0,1,3, ,0,30,0,0,0,0,0,4,2,13
,2020-42393,39.68071,-105.0572,1/2/2020 12:35,12:35:00,1,0,0,DEPEW STREET 1900 SOUTH & JEWELL AVENUE WEST,11,1,0,0,1,3, ,0,25,0,0,0,0,0,4,2,13
,2020-42394,39.75106,-104.9828,1/2/2020 12:51,12:51:00,2,0,0,WELTON STREET & PARK AVENUE WEST,1,1,0,0,1,1, ,0,0,1,0,0,0,0,4,2,16
,2020-42395,39.70929,-104.9733,1/2/2020 13:15,13:15:00,12,0,0,DOWNING STREET SOUTH & DAKOTA AVENUE EAST,1,1,0,0,1,3, ,0,25,0,0,0,0,0,4,2,3
,2020-42396,39.75939,-104.9877,1/2/2020 13:54,13:54:00,11,0,0,BROADWAY STREET NORTH & BLAKE STREET,1,1,1,0,1,1, ,0,30,0,1,0,0,0,4,2,8
,2020-42397,39.72906,-104.9861,1/2/2020 14:18,14:18:00,15,0,0,EIGHTH AVENUE EAST & LINCOLN STREET NORTH,1,1,1,0,1,1, ,0,30,0,0,0,0,0,4,2,13
,2020-42398,39.76746,-104.90699,1/2/2020 16:20,16:20:00,3,0,0,36TH AVENUE EAST & OLIVE STREET NORTH,1,1,0,0,1,1, ,0,,0,0,0,0,0,4,2,13
,2020-42399,39.73684,-104.9127,1/2/2020 16:26,16:26:00,15,0,0,MONACO STREET NORTH & 13TH AVENUE EAST,1,3,0,0,1,4, ,0,35,0,0,0,0,0,4,2,1
,2020-42400,39.73922,-104.97874,1/2/2020 16:51,16:51:00,3,0,0,PEARL 1400  & WASHINGTON AVENUE NORTH,4,1,0,0,1,5, ,0,10,0,0,0,0,0,4,2,8
,2020-42401,39.79045151,-104.8097599,1/2/2020 16:54,16:54:00,1,0,0,53RD AVENUE EAST & CHAMBERS ROAD NORTH,1,1,0,0,1,1, ,0,25,0,0,0,0,0,4,2,13
,2020-42402,39.71131,-104.89292,1/2/2020 18:00,18:00:00,1,0,0,ALAMEDA AVENUE EAST & FAIRMOUNT DRIVE EAST,1,3,0,0,1,1, ,0,40,0,0,0,0,0,4,2,1
,2020-42403,39.72928,-104.9127,1/2/2020 18:19,18:19:00,3,0,1,MONACO STREET NORTH & EIGHTH AVENUE EAST,1,3,0,0,1,1, ,0,30,0,0,0,0,1,4,2,13
,2020-42404,39.7182,-104.9532,1/2/2020 19:00,19:00:00,15,0,0,FIRST AVENUE EAST & FILLMORE STREET NORTH,1,3,0,0,1,3, ,0,25,0,0,0,0,0,4,2,13
,2020-42405,39.73386,-104.99025,1/2/2020 19:31,19:31:00,11,0,1,11TH AVENUE WEST & BANNOCK STREET NORTH,1,3,0,0,1,1, ,0,30,0,1,0,0,3,4,2,8
,2020-42406,39.66599165,-104.9594013,1/2/2020 20:50,20:50:00,5,0,1,UNIVERSITY BOULEVARD & 2800 SOUTH,1,3,0,0,4,4, ,0,15,0,0,0,0,1,4,1,6