id,drcog_id,latitude,longitude,crashtime,time,crashtype,numbkilled,numbinjurd,drcoglocat,rdconditin,lightngcon,roadcntgrd,weatherco,location,roaddescrp,schoolzone,constrzone,splimit,bikeinv,pedinv,sctrinv,motoinv,svrty,rdsystem,ttlvehcls,hcf
,2020-42407,39.71936,-104.9856,1/2/2020 22:30,22:30:00,6,0,0,SECOND AVENUE 100 EAST & LINCOLN STREET NORTH,1,3,0,0,1,4, ,0,,0,0,0,0,0,4,2,13
,2020-42408,39.74008753,-105.0051994,1/3/2020 2:00,2:00:00,5,0,0,OSAGE STREET NORTH & COLFAX AVENUE WEST,1,3,0,0,2,4, ,0,25,0,0,0,0,0,4,1,3
,2020-42409,39.77204,-105.052,1/3/2020 4:30,4:30:00,6,0,0,ZENOBIA STREET & 3900 NORTH,11,5,0,0,1,4, ,0,,0,0,0,0,0,4,2,13
,2020-42410,39.77204,-105.052,1/3/2020 4:32,4:32:00,6,0,0,ZENOBIA STREET 3900 NORTH & 41ST AVENUE WEST,1,3,0,0,1,4, ,0,,0,0,0,0,0,4,2,13
,2020-42411,39.76442353,-105.0158194,1/3/2020 5:43,5:43:00,3,0,0,34TH AVENUE WEST & ZUNI STREET NORTH,1,3,0,0,1,1, ,0,25,0,0,0,0,0,4,2,13
,2020-42412,39.78526,-104.8825,1/3/2020 6:36,6:36:00,3,0,0,NORTHFIELD B EAST & CENTRAL PARK AVENUE,1,3,0,0,1,1, ,0,35,0,0,0,0,0,4,2,13
,2020-42413,39.73868352,-104.9034499,1/3/2020 9:52,9:52:00,12,0,0,QUEBEC STREET NORTH & 14TH AVENUE EAST,1,1,0,0,1,4, ,0,30,0,0,0,0,0,4,2,14
,2020-42414,39.71801,-104.9511,1/3/2020 11:59,11:59:00,12,0,0,FIRST AVENUE 3000 EAST & MILWAUKEE STREET NORTH,1,1,0,0,1,4, ,0,30,0,0,0,0,0,4,2,13
,2020-42415,39.71301,-105.02034,1/3/2020 12:31,12:31:00,3,0,0,CEDAR AVENUE WEST & CLAY STREET SOUTH,1,1,0,0,1,1, ,0,25,0,0,0,0,0,4,2,16
,2020-42416,39.7112,-104.9977,1/3/2020 12:43,12:43:00,15,0,0,ALAMEDA AVENUE 900 WEST & SANTA FE DRIVE SOUTH,1,1,0,0,1,4, ,0,35,0,0,0,0,0,4,2,13
,2020-42417,39.76627,-104.9736,1/3/2020 13:35,13:35:00,3,0,0,35TH STREET & LAWRENCE STREET,1,1,0,0,1,1, ,0,25,0,0,0,0,0,4,2,1
,2020-42418,39.71593,-104.9877,1/3/2020 13:40,13:40:00,5,0,0,BROADWAY STREET 21 SOUTH & ARCHER PLACE,9,1,0,0,3,7, ,0,10,0,0,0,0,0,4,1,1
,2020-42419,39.72562,-105.0324,1/3/2020 13:44,13:44:00,3,0,0,KNOX COURT NORTH & SIXTH AVENUE WEST,1,1,0,0,1,1, ,0,,0,0,0,0,0,4,2,13
,2020-42420,39.6986,-104.9874,1/3/2020 13:45,13:45:00,10,0,0,BROADWAY STREET SOUTH & TENNESSEE AVENUE EAST,1,1,0,0,1,1, ,0,30,0,0,0,0,0,4,2,5
,2020-42421,39.77283,-104.79911,1/3/2020 0:00,,12,0,0,40TH AVENUE 16100 EAST & KITTREDGE STREET NORTH,1,1,0,0,1,4, ,0,,0,0,0,0,0,4,2,13
,2020-42422,39.77283,-104.79911,1/3/2020 13:51,13:51:00,12,0,0,40TH AVENUE 16100 EAST & KITTREDGE STREET NORTH,1,1,0,0,1,4, ,0,40,0,0,0,0,0,4,2,16
,2020-42423,39.7656,-104.9257,1/3/2020 14:03,14:03:00,6,0,0,GLENCOE STREET 3500 NORTH & 36TH AVENUE EAST,1,1,0,0,1,4, ,0,25,0,0,0,0,0,4,3,3
,2020-42424,39.78687409,-104.9835499,1/3/2020 14:40,14:40:00,15,0,0,GRANT STREET & 1500 NORTH,1,1,0,0,1,4, ,0,30,0,0,0,0,0,4,2,13
,2020-42425,39.72586,-104.89879,1/3/2020 15:17,15:17:00,3,0,1,SIXTH AVENUE EAST & SYRACUSE STREET NORTH,1,1,0,0,1,1, ,0,,0,0,0,0,1,4,2,13
,2020-42426,39.67848,-104.9687,1/3/2020 15:45,15:45:00,3,0,0,EVANS AVENUE EAST & FRANKLIN STREET SOUTH,1,1,0,0,1,1, ,0,30,0,0,0,0,0,4,2,13
,2020-42427,39.75014,-104.99621,1/3/2020 16:00,16:00:00,15,0,0,LARIMER STREET & 17TH STREET,1,1,0,0,1,1, ,0,25,0,0,0,0,0,4,2,13
,2020-42428,39.77728,-104.8016,1/3/2020 16:43,16:43:00,10,0,0,KITTREDGE STREET 4600 NORTH & BOLLING DRIVE EAST,1,2,0,0,1,2, ,0,30,0,0,0,0,0,4,2,1
,2020-42429,39.75486,-105.0404,1/3/2020 17:13,17:13:00,3,0,0,QUITMAN STREET NORTH & 26TH AVENUE WEST,1,2,0,0,1,1, ,0,25,0,0,0,0,0,4,2,3
,2020-42430,39.78573,-104.88307,1/3/2020 18:37,18:37:00,5,0,0,CENTRAL PARK B NORTH & NORTHFIELD B EAST,1,3,0,0,2,1, ,0,,0,0,0,0,0,4,1,16
,2020-42431,39.72564,-104.9862,1/3/2020 18:45,18:45:00,12,0,0,SIXTH AVENUE EAST & LINCOLN STREET NORTH,1,3,0,0,1,3, ,0,30,0,0,0,0,0,4,2,3
,2020-42432,39.70728,-105.0416,1/3/2020 20:17,20:17:00,5,0,0,RALEIGH STREET 516 SOUTH & PRIVATE PROPERTY,2,4,0,0,3,4, ,0,25,0,0,0,0,0,4,1,9
,2020-42433,39.72824,-105.0383,1/3/2020 20:40,20:40:00,6,0,0,OSCEOLA STREET NORTH & SEVENTH AVENUE WEST,4,3,1,0,1,4, ,0,,0,0,0,0,0,4,3,13
,2020-42434,39.75713,-105.0342,1/3/2020 22:39,22:39:00,6,0,0,LOWELL BOULEVARD & 2730 NORTH,1,3,0,0,1,4, ,0,30,0,0,0,0,0,4,2,3
,2020-42435,39.68321,-104.9287,1/3/2020 23:14,23:14:00,6,0,0,FAIRFAX STREET & 1800 SOUTH,9,3,0,0,1,4, ,0,25,0,0,0,0,0,4,2,7
,2020-42436,39.75968,-104.9984,1/3/2020 23:30,23:30:00,11,0,1,INCA STREET & 2905 NORTH,1,4,0,0,1,4, ,0,,0,1,0,0,1,4,2,14
,2020-42437,39.75633253,-105.0158419,1/4/2020 0:56,0:56:00,12,0,1,SPEER B NORTH & ZUNI STREET NORTH,1,3,1,0,1,1, ,0,35,0,0,0,0,2,4,2,5
,2020-42438,39.7901,-104.8316,1/4/2020 3:08,3:08:00,5,0,0,51ST AVENUE EAST & WORCHESTER STREET NORTH,1,4,0,0,4,4, ,0,,0,0,0,0,0,4,1,16
,2020-42439,39.67850954,-105.0017479,1/4/2020 9:13,9:13:00,12,0,0,LIPAN STREET 2000 SOUTH & EVANS AVENUE WEST,1,1,0,0,1,4, ,0,30,0,0,0,0,0,4,2,8
,2020-42440,39.78632,-104.84705,1/4/2020 10:15,10:15:00,3,0,3,ANDREWS DRIVE EAST & PEORIA STREET NORTH,1,1,0,0,1,1, ,0,35,0,0,0,0,1,4,2,13
,2020-42441,39.67844654,-104.9222194,1/4/2020 10:34,10:34:00,12,0,0,HOLLY STREET 2000 SOUTH & EVANS AVENUE EAST,1,1,0,0,1,4, ,0,30,0,0,0,0,0,4,2,13
,2020-42442,39.77958,-104.8443,1/4/2020 11:30,11:30:00,10,0,0,46TH AVENUE 12100 EAST & PEORIA STREET NORTH,1,1,0,0,1,2, ,0,25,0,0,0,0,0,4,2,7
,2020-42443,39.75159,-104.9908,1/4/2020 12:08,12:08:00,3,0,0,20TH STREET & ARAPAHOE STREET,1,1,0,0,1,1, ,0,30,0,0,0,0,0,4,2,8
,2020-42444,39.76911,-104.9952,1/4/2020 12:15,12:15:00,12,0,0,38TH AVENUE WEST & FOX STREET NORTH,1,1,0,0,1,1, ,0,35,0,0,0,0,0,4,2,3
,2020-42445,39.75432553,-105.0065494,1/4/2020 15:30,15:30:00,1,0,0,LITTLE RAVEN STREET & 15TH STREET,1,1,0,0,1,1, ,0,30,0,0,0,0,0,4,2,13
,2020-42446,39.73411821,-105.0813749,1/4/2020 16:30,16:30:00,5,0,0,BROADWAY STREET 1000 NORTH & 11TH AVENUE EAST,1,1,0,0,3,5, ,0,15,0,0,0,0,0,4,1,13
,2020-42447,39.72568753,-105.0001594,1/4/2020 17:53,17:53:00,12,0,2,SIXTH AVENUE EAST  & KALAMATH STREET NORTH,1,3,0,0,1,4, ,0,35,0,0,0,0,1,2,3,13
,2020-42448,39.75841,-104.90346,1/4/2020 17:59,17:59:00,12,0,0,29TH AVENUE EAST & QUEBEC STREET NORTH,1,3,1,0,1,1, ,0,,0,0,0,0,0,4,2,13
,2020-42449,39.73898,-104.8902,1/4/2020 22:46,22:46:00,5,0,0,VERBENA STREET & 1412 NORTH,1,3,0,0,2,5, ,0,35,0,0,0,0,0,4,1,5
,2020-42450,39.7111,-104.9733,1/4/2020 23:05,23:05:00,3,0,0,DOWNING STREET SOUTH & ALAMEDA AVENUE EAST,1,4,0,0,1,1, ,0,35,0,0,0,0,0,4,2,13
,2020-42451,39.7467,-104.9832,1/5/2020 2:00,2:00:00,11,0,1,GRANT STREET & 1900 NORTH,1,3,0,0,1,4, ,0,25,0,1,0,0,2,4,2,13
,2020-42452,39.68208,-104.9034,1/5/2020 2:53,2:53:00,5,0,0,QUEBEC STREET SOUTH & JEWELL AVENUE EAST,1,3,0,0,3,3, ,0,35,0,0,0,0,0,4,1,2
,2020-42453,39.79101,-104.7961,1/5/2020 6:00,6:00:00,5,0,0,53RD AVENUE EAST & MEMPHIS STREET NORTH,1,2,0,0,2,4, ,0,,0,0,0,0,0,4,1,13
,2020-42454,39.68071,-105.051,1/5/2020 8:33,8:33:00,5,0,0,YATES STREET 1900 SOUTH & EVANS AVENUE WEST,1,1,0,0,3,4, ,0,,0,0,0,0,0,4,1,13
,2020-42455,39.73682,-104.9672,1/5/2020 9:54,9:54:00,3,0,0,13TH AVENUE EAST & GILPIN SOUTH NORTH,1,1,0,0,1,3, ,0,25,0,0,0,0,0,4,2,8
,2020-42456,39.71110753,-104.9733799,1/5/2020 11:03,11:03:00,3,0,1,DOWNING STREET 200 SOUTH & ALAMEDA AVENUE EAST,1,1,0,0,1,2, ,0,25,0,0,0,0,2,4,2,13
,2020-42457,39.78371,-104.7674,1/5/2020 11:30,11:30:00,12,0,0,GREEN VALLEY RANCH B 18500 EAST & TOWER ROAD NORTH,1,1,0,0,1,2, ,0,35,0,0,0,0,0,4,2,14
,2020-42458,39.72928,-104.9127,1/5/2020 11:37,11:37:00,15,0,0,EIGHTH AVENUE EAST & MONACO STREET NORTH,1,1,0,0,1,3, ,0,30,0,0,0,0,0,4,2,7
,2020-42459,39.79838951,-104.7873005,1/5/2020 11:38,11:38:00,12,0,2,PENA BOULEVARD & 56TH AVENUE EAST,1,1,1,0,1,14, ,0,35,0,0,0,0,0,4,2,3
,2020-42460,39.68756,-104.9862,1/5/2020 13:26,13:26:00,6,0,0,LINCOLN STREET SOUTH & IOWA AVENUE EAST,1,1,0,0,1,4, ,0,,0,0,0,0,0,4,2,13
,2020-42461,39.72909,-104.9874,1/5/2020 14:55,14:55:00,15,0,0,EIGHTH AVENUE 00 EAST & BROADWAY STREET NORTH,1,1,1,0,1,4, ,0,30,0,0,0,0,0,4,2,13
,2020-42462,39.83346,-104.6929,1/5/2020 15:35,15:35:00,1,0,0,JACKSON GAP STREET NORTH & PENA B,1,1,0,0,1,1, ,0,35,0,0,0,0,0,4,2,8
,2020-42463,39.67862,-105.02753,1/5/2020 16:20,16:20:00,12,0,0,EVANS AVENUE WEST & HAZEL COURT SOUTH,1,1,0,0,1,1, ,0,30,0,0,0,0,0,4,2,3
,2020-42464,39.74893453,-105.0012394,1/5/2020 17:00,17:00:00,12,0,0,14TH STREET & BLAKE STREET,1,3,0,0,1,1, ,0,35,0,0,0,0,0,4,2,16
,2020-42465,39.78195,-104.9602,1/5/2020 17:57,17:57:00,6,0,0,47TH AVENUE EAST & CLAUDE COURT NORTH,1,3,0,0,1,1, ,0,30,0,0,0,0,0,4,2,13
,2020-42466,39.74084,-104.9787,1/5/2020 18:18,18:18:00,6,0,0,WASHINGTON STREET 1500 NORTH & COLFAX AVENUE EAST,1,3,0,0,1,4, ,0,30,0,0,0,0,0,4,2,5
,2020-42467,39.75411,-104.9928,1/5/2020 19:08,19:08:00,12,0,0,MARKET STREET 2000  & 20TH STREET,1,3,0,0,1,4, ,0,25,0,0,0,0,0,4,2,4
,2020-42468,39.68951654,-105.0203509,1/5/2020 20:52,20:52:00,3,0,0,FLORIDA AVENUE WEST & CLAY STREET SOUTH,1,3,0,0,1,1, ,0,25,0,0,0,0,0,4,2,4
,2020-42469,39.69067,-105.02009,1/5/2020 22:05,22:05:00,6,0,0,CLAY STREET 1400 SOUTH & FLORIDA AVENUE WEST,1,4,1,0,1,4, ,0,,0,0,0,0,0,4,2,13
,2020-42470,39.72907,-104.9823,1/5/2020 23:06,23:06:00,6,0,0,EIGHTH AVENUE EAST & LOGAN STREET NORTH,1,3,0,0,1,4, ,0,30,0,0,0,0,0,4,4,13
,2020-42471,39.65118,-104.88119,1/5/2020 23:10,23:10:00,8,0,2,JEFFERSON AVENUE EAST & BEELER STREET SOUTH,1,4,0,0,1,4, ,0,25,0,0,0,0,1,4,5,5
,2020-42472,39.71476153,-104.9899579,1/6/2020 3:44,3:44:00,6,0,0,BANNOCK STREET SOUTH & BAYAUD AVENUE EAST,1,4,0,0,1,4, ,0,25,0,0,0,0,0,4,3,13
,2020-42473,39.74327,-104.9829,1/6/2020 8:00,8:00:00,6,0,0,17TH AVENUE & 300 EAST,1,1,0,0,1,4, ,0,,0,0,0,0,0,4,2,13
,2020-42474,39.67863554,-105.0086509,1/6/2020 8:00,8:00:00,3,0,0,RARITAN STREET SOUTH & EVANS AVENUE WEST,1,1,1,0,1,1, ,0,35,0,0,0,0,0,4,2,13
,2020-42475,39.73416553,-104.9034499,1/6/2020 8:35,8:35:00,12,0,0,QUEBEC STREET NORTH & RICHTHOFEN PLACE EAST,1,1,1,0,1,1, ,0,30,0,0,0,0,0,4,2,3
,2020-42476,39.66765,-104.9687,1/6/2020 8:35,8:35:00,3,0,0,FRANKLIN STREET SOUTH & YALE AVENUE EAST,1,1,0,0,1,1, ,0,30,0,0,0,0,0,4,2,13
,2020-42477,39.72199,-104.9127,1/6/2020 9:27,9:27:00,3,0,0,FOURTH AVENUE EAST & MONACO STREET NORTH,1,1,0,0,1,1, ,0,30,0,0,0,0,0,4,2,3
,2020-42478,39.77786,-105.026,1/6/2020 9:43,9:43:00,6,0,0,45TH AVENUE 3000 WEST & FEDERAL BOULEVARD NORTH,1,1,0,0,1,5, ,0,,0,0,0,0,0,4,2,13
,2020-42479,39.77352,-104.75724,1/6/2020 10:00,10:00:00,5,0,0,41ST PLACE & 19499 EAST,1,1,0,0,2,4, ,0,20,0,0,0,0,0,4,1,14
,2020-42480,39.65051,-105.053,1/6/2020 10:30,10:30:00,3,0,0,KENYON AVENUE WEST & 5181 WEST,1,1,0,0,1,2, ,0,30,0,0,0,0,0,4,2,13
,2020-42481,39.68737,-104.9313,1/6/2020 11:23,11:23:00,6,0,0,DAHLIA STREET 1600 SOUTH & IOWA AVENUE EAST,1,5,0,0,1,4, ,0,25,0,0,0,0,0,4,2,13
,2020-42482,39.72913,-104.9495,1/6/2020 12:15,12:15:00,3,0,1,STEELE STREET NORTH & EIGHTH AVENUE EAST,1,1,0,0,1,1, ,0,30,0,0,0,0,1,4,2,3
,2020-42483,39.75241,-105.0236,1/6/2020 12:30,12:30:00,3,0,0,24TH AVENUE WEST & ELIOT STREET NORTH,1,1,1,0,1,1, ,0,25,0,0,0,0,0,4,2,2
,2020-42484,39.73647,-104.9383,1/6/2020 13:35,13:35:00,3,0,1,13TH AVENUE EAST & ASH STREET NORTH,1,1,0,0,1,1, ,0,25,0,0,0,0,1,4,2,8
,2020-42485,39.76435,-104.9795,1/6/2020 14:00,14:00:00,15,0,0,WALNUT STREET & 3131,1,1,0,0,1,4, ,0,30,0,0,0,0,0,4,2,3
,2020-42486,39.77283,-104.8016,1/6/2020 14:06,14:06:00,12,0,0,40TH AVENUE EAST & NORTH KITTREDGE STREET,1,1,0,0,1,1, ,0,40,0,0,0,0,0,4,2,1
,2020-42487,39.74878,-104.9944,1/6/2020 14:37,14:37:00,15,0,0,17TH STREET & ARAPAHOE STREET,1,1,0,0,1,1, ,0,30,0,0,0,0,0,4,2,13
,2020-42488,39.76017,-104.9282,1/6/2020 14:40,14:40:00,15,0,0,FAIRFAX STREET NORTH & 30TH AVENUE EAST,1,1,0,0,1,1, ,0,25,0,0,0,0,0,4,2,7
,2020-42489,39.72909,-104.9874,1/6/2020 14:44,14:44:00,10,0,0,EIGHTH AVENUE EAST & BROADWAY STREET NORTH,1,1,0,0,1,1, ,0,25,0,0,0,0,0,4,2,13
,2020-42490,39.75823,-104.9647,1/6/2020 14:45,14:45:00,6,0,0,HIGH STREET NORTH & 29TH AVENUE EAST,1,1,0,0,1,1, ,0,25,0,0,0,0,0,4,2,7
,2020-42491,39.74327,-104.9835,1/6/2020 14:54,14:54:00,10,0,2,17TH AVENUE 200 EAST & GRANT STREET NORTH,1,1,0,0,1,2, ,0,30,0,0,0,0,1,4,2,13
,2020-42492,39.74488,-104.9861,1/6/2020 15:00,15:00:00,3,0,0,18TH AVENUE EAST & LINCOLN STREET NORTH,1,1,1,0,1,1, ,0,30,0,0,0,0,0,4,2,13
,2020-42493,39.68214,-104.9734,1/6/2020 15:30,15:30:00,3,0,0,DOWNING STREET SOUTH & JEWELL AVENUE EAST,1,1,0,0,1,1, ,0,25,0,0,0,0,0,4,2,3
,2020-42494,39.74476,-104.9597,1/6/2020 16:40,16:40:00,12,0,0,YORK STREET NORTH & 18TH AVENUE EAST,1,2,0,0,1,3, ,0,,0,0,0,0,0,4,2,13
,2020-42495,39.75472,-104.91282,1/6/2020 17:15,17:15:00,15,0,0,26TH AVENUE EAST & MONACO STREET NORTH,1,2,0,0,1,1, ,0,25,0,0,0,0,0,4,2,1
,2020-42496,39.77363,-104.9763,1/6/2020 17:34,17:34:00,1,0,1,38TH STREET & DELGANY STREET,1,2,1,0,1,1, ,0,30,0,0,0,0,1,4,2,13
,2020-42497,39.66758,-104.92371,1/6/2020 17:51,17:51:00,3,0,1,YALE AVENUE EAST & HUDSON STREET SOUTH,1,1,0,0,1,1, ,0,35,0,0,0,0,1,4,2,13
,2020-42498,39.73687453,-105.0001684,1/6/2020 18:12,18:12:00,12,0,1,13TH AVENUE WEST & KALAMATH STREET NORTH,1,3,0,0,1,3, ,0,35,0,0,0,0,1,4,2,13
,2020-42499,39.70929,-104.9733,1/6/2020 18:15,18:15:00,3,0,2,DOWNING STREET SOUTH & DAKOTA AVENUE EAST,1,3,1,0,1,1, ,0,25,0,0,0,0,2,4,3,13
,2020-42500,39.73333,-104.9864,1/7/2020 0:00,0:00:00,5,0,0,LINCOLN STREET & 1065 NORTH,11,3,0,0,3,2, ,0,,0,0,0,0,0,4,1,13
,2020-42501,39.73515,-104.9787,1/7/2020 2:17,2:17:00,6,0,0,12TH AVENUE EAST & WASHINGTON STREET NORTH,1,3,0,0,1,4, ,0,30,0,0,0,0,0,4,4,5
,2020-42502,39.76746,-104.9034,1/7/2020 5:40,5:40:00,3,0,0,QUEBEC STREET NORTH & 36TH AVENUE EAST,1,1,0,0,1,1, ,0,25,0,0,0,0,0,4,2,8
,2020-42503,39.83222485,-104.7469031,1/7/2020 6:15,6:15:00,12,0,3,PENA BOULEVARD INBOUND 7200  & E470,1,2,0,0,1,4, ,0,65,0,0,0,0,0,4,4,14
,2020-42504,39.7291,-104.9418,1/7/2020 6:28,6:28:00,5,0,0,EIGHTH AVENUE 3900 EAST & HARRISON STREET NORTH,1,2,0,0,3,4, ,0,30,0,0,0,0,0,4,1,2
,2020-42505,39.78184,-104.9786,1/7/2020 6:47,6:47:00,1,0,1,WASHINGTON STREET NORTH & 47TH AVENUE EAST,1,1,0,0,1,1, ,0,30,0,0,0,0,0,4,2,3
,2020-42506,39.75633253,-105.0158419,1/7/2020 7:25,7:25:00,12,0,0,SPEER B NORTH & ZUNI STREET NORTH,1,1,1,0,1,4, ,0,35,0,0,0,0,0,4,2,13
,2020-42507,39.7289,-104.9975,1/7/2020 7:57,7:57:00,12,0,0,EIGHTH AVENUE & 800 WEST,1,1,0,0,1,4, ,0,35,0,0,0,0,0,4,3,3
,2020-42508,39.65533,-104.9158,1/7/2020 8:19,8:19:00,12,0,0,HOLLY PLACE SOUTH & LOCUST STREET SOUTH,1,1,0,0,1,3, ,0,25,0,0,0,0,0,4,2,16
,2020-42509,39.73727,-104.8928,1/7/2020 8:23,8:23:00,3,0,0,UINTA STREET NORTH & 13TH AVENUE EAST,1,1,0,0,1,3, ,0,25,0,0,0,0,0,4,2,14
,2020-42510,39.72253,-104.9921,1/7/2020 8:45,8:45:00,3,0,0,CHEROKEE STREET NORTH & FOURTH AVENUE WEST,1,1,0,0,1,1, ,0,25,0,0,0,0,0,4,2,3
,2020-42511,39.7287,-104.9034,1/7/2020 10:26,10:26:00,12,0,0,QUEBEC STREET NORTH & SEVERNE PLACE EAST,1,1,0,0,1,1, ,0,30,0,0,0,0,0,4,2,3
,2020-42512,39.78526626,-104.7674021,1/7/2020 10:29,10:29:00,3,0,0,48TH PLACE EAST & ANDES COURT NORTH,1,1,0,0,1,1, ,0,25,0,0,0,0,0,4,2,14
,2020-42513,39.71349,-104.9982,1/7/2020 11:30,11:30:00,10,0,0,SANTA FE DRIVE SOUTH  & CEDAR AVENUE WEST,1,1,0,0,1,1, ,0,35,0,0,0,0,0,4,2,13
,2020-42514,39.75198553,-104.9781319,1/7/2020 12:12,12:12:00,3,0,0,24TH STREET EAST & WASHINGTON AVENUE NORTH,1,1,0,0,1,1, ,0,25,0,0,0,0,0,4,2,13
,2020-42515,39.77385,-105.0462,1/7/2020 14:00,14:00:00,6,0,0,VRAIN STREET & 4100 NORTH,1,1,0,0,1,4, ,0,25,0,0,0,0,0,4,2,3
,2020-42516,39.76199,-104.9684,1/7/2020 14:10,14:10:00,15,0,1,MLK B EAST & FRANKLIN STREET NORTH,1,1,0,0,1,4, ,0,30,0,0,0,0,1,4,2,13
,2020-42517,39.79839,-104.9033,1/7/2020 17:27,17:27:00,12,0,0,QUEBEC STREET NORTH & 56TH AVENUE EAST,1,3,0,0,1,4, ,0,45,0,0,0,0,0,4,5,14
,2020-42518,39.72928,-104.9034,1/7/2020 17:50,17:50:00,11,0,2,EIGHTH AVENUE EAST & QUEBEC STREET NORTH,1,3,0,0,1,1, ,0,35,0,1,0,0,2,4,3,1
,2020-42519,39.77292,-104.8658,1/7/2020 18:06,18:06:00,1,0,0,40TH AVENUE EAST & HAVANA STREET NORTH,1,3,0,0,1,1, ,0,40,0,0,0,0,0,4,2,13
,2020-42520,39.7495,-104.88683,1/7/2020 19:22,19:22:00,3,0,2,21ST AVENUE EAST & CENTRAL PARK B NORTH,1,3,0,0,1,1, ,0,25,0,0,0,0,3,4,2,1
,2020-42521,39.78548,-104.96651,1/7/2020 21:25,21:25:00,5,0,0,BRIGHTON BOULEVARD & 4910 NORTH,1,3,0,0,2,4, ,0,35,0,0,0,0,0,2,1,1
,2020-42522,39.75623,-105.0346,1/7/2020 21:52,21:52:00,6,0,0,LOWELL BOULEVARD & 2600 NORTH,1,3,0,0,1,4, ,0,25,0,0,0,0,0,4,2,10
,2020-42523,39.7703,-104.9719,1/7/2020 22:13,22:13:00,1,0,2,38TH STREET & WALNUT STREET,1,3,0,0,1,1, ,0,30,0,0,0,0,1,4,2,13
,2020-42524,39.79833125,-104.7857467,1/8/2020 4:35,4:35:00,15,0,0,56TH AVENUE 18000 EAST & TOWER ROAD NORTH,1,3,0,0,1,4, ,0,40,0,0,0,0,0,4,2,4
,2020-42525,39.74106,-104.9034,1/8/2020 7:00,7:00:00,12,0,0,QUEBEC STREET 1500 NORTH & 16TH AVENUE EAST,1,3,0,0,1,3, ,0,30,0,0,0,0,0,4,2,3
,2020-42526,39.73845,-104.9976,1/8/2020 7:20,7:20:00,15,0,0,SPEER BOULEVARD NORTH & 14TH AVENUE WEST,1,1,0,0,1,3, ,0,35,0,0,0,0,0,4,3,1
,2020-42527,39.71291,-104.9792,1/8/2020 7:30,7:30:00,3,0,0,CEDAR AVENUE 700 EAST & CLARKSON STREET SOUTH,1,1,1,0,1,5, ,0,25,0,0,0,0,0,4,2,13
,2020-42528,39.73378,-104.98581,1/8/2020 9:03,9:03:00,15,0,0,11TH AVENUE 100 EAST & BROADWAY STREET NORTH,1,1,0,0,1,4, ,0,25,0,0,0,0,0,4,2,14
,2020-42529,39.76804153,-105.0143614,1/8/2020 9:05,9:05:00,12,0,0,37TH AVENUE WEST & WYNDOT STREET NORTH,1,1,1,0,1,3, ,0,25,0,0,0,0,0,4,2,13
,2020-42530,39.72728,-104.9836,1/8/2020 10:05,10:05:00,10,0,0,SEVENTH AVENUE EAST & GRANT STREET NORTH,1,1,0,0,1,1, ,0,,0,0,0,0,0,4,2,13
,2020-42531,39.67845,-104.9352,1/8/2020 10:49,10:49:00,1,0,0,EVANS AVENUE EAST & CLERMONT STREET SOUTH,1,1,0,0,1,1, ,0,35,0,0,0,0,0,4,2,14
,2020-42532,39.62413,-104.9088,1/8/2020 11:11,11:11:00,3,0,0,BELLEVIEW AVENUE EAST & NIAGARA STREET SOUTH,1,1,0,0,1,1, ,0,40,0,0,0,0,0,4,2,13
,2020-42533,39.75689,-104.94618,1/8/2020 11:28,11:28:00,3,0,0,28TH AVENUE EAST & MONROE STREET NORTH,1,1,0,0,1,5, ,0,25,0,0,0,0,0,4,2,14
,2020-42534,39.78378,-104.9429,1/8/2020 12:00,12:00:00,6,0,0,JACKSON STREET NORTH & 48TH AVENUE EAST,1,1,0,0,1,4, ,0,,0,0,0,0,0,4,2,13
,2020-42535,39.77533153,-105.0064279,1/8/2020 12:15,12:15:00,6,0,0,43RD AVENUE 1600 WEST & PECOS STREET NORTH,1,1,0,0,5,7, ,0,,0,0,0,0,0,3,2,13
,2020-42536,39.78380952,-104.9128819,1/8/2020 13:15,13:15:00,5,0,0,48TH AVENUE EAST & MONACO STREET NORTH,1,1,0,0,2,4, ,0,35,0,0,0,0,0,4,1,3
,2020-42537,39.74967,-104.9968,1/8/2020 13:24,13:24:00,15,0,0,LARIMER STREET 1600  & 16TH STREET,1,1,0,0,1,4, ,0,25,0,0,0,0,0,4,2,14
,2020-42538,39.74379,-104.8987,1/8/2020 14:07,14:07:00,3,0,0,17TH AVENUE EAST & SYRACUSE STREET NORTH,1,1,0,0,1,1, ,0,30,0,0,0,0,0,4,2,3
,2020-42539,39.64098,-104.885,1/8/2020 15:14,15:14:00,12,0,0,YOSEMITE STREET 4000 SOUTH & OXFORD DRIVE EAST,1,1,0,0,1,3, ,0,35,0,0,0,0,0,4,3,3
,2020-42540,39.75481,-104.9901,1/8/2020 15:56,15:56:00,3,0,1,22ND STREET & LARIMER STREET,1,1,0,0,1,1, ,0,30,0,0,0,0,0,4,2,14
,2020-42541,39.74827,-104.8851,1/8/2020 15:56,15:56:00,12,0,0,CENTRAL PARK 2000 NORTH & MONTVIEW B,1,1,0,0,1,4, ,0,30,0,0,0,0,0,4,2,13
,2020-42542,39.76571953,-104.9948314,1/8/2020 16:12,16:12:00,12,0,2,PARK AVENUE WEST & GLOBEVILLE ROAD NORTH,1,1,0,0,1,1, ,0,35,0,0,0,0,1,4,2,13
,2020-42543,39.73837,-104.9541,1/8/2020 16:30,16:30:00,6,0,0,DETROIT STREET NORTH & 14TH AVENUE EAST,1,1,0,0,1,4, ,0,,0,0,0,0,0,4,2,13