id,drcog_id,latitude,longitude,crashtime,time,crashtype,numbkilled,numbinjurd,drcoglocat,rdconditin,lightngcon,roadcntgrd,weatherco,location,roaddescrp,schoolzone,constrzone,splimit,bikeinv,pedinv,sctrinv,motoinv,svrty,rdsystem,ttlvehcls,hcf
,2020-42544,39.83346,-104.6929,1/8/2020 17:22,17:22:00,1,0,1,JACKSON GAP STREET NORTH & PENA B,1,3,0,0,1,1, ,0,35,0,0,0,0,1,4,2,8
,2020-42545,39.67933,-104.9593,1/8/2020 17:35,17:35:00,3,0,0,UNIVERSITY BOULEVARD 2000 SOUTH & EVANS AVENUE EAST,1,3,0,0,1,2, ,0,35,0,0,0,0,0,4,2,1
,2020-42546,39.74091,-104.9697,1/8/2020 17:44,17:44:00,3,0,1,HUMBOLDT STREET NORTH & PARK AVENUE,1,3,0,0,1,1, ,0,30,0,0,0,0,1,4,2,8
,2020-42547,39.71941,-104.94981,1/8/2020 18:00,18:00:00,6,0,0,SECOND AVENUE 3200 EAST & STEELE STREET SOUTH,1,4,0,0,1,4, ,0,,0,0,0,0,0,4,2,13
,2020-42548,39.71814,-105.0409,1/8/2020 18:23,18:23:00,6,0,0,QUITMAN STREET NORTH & FIRST AVENUE WEST,1,3,1,0,1,4, ,0,25,0,0,0,0,0,4,2,3
,2020-42549,39.71228,-104.9976,1/8/2020 18:30,18:30:00,3,0,0,SANTA FE DRIVE SOUTH & BYERS PLACE WEST,1,3,0,0,1,3, ,0,35,0,0,0,0,0,4,3,3
,2020-42550,39.76202,-105.0174,1/8/2020 18:45,18:45:00,6,0,0,ALCOTT STREET 3200 NORTH & 32ND AVENUE WEST,1,3,0,0,1,4, ,0,,0,0,0,0,0,4,2,13
,2020-42551,39.73681,-104.9585,1/8/2020 19:53,19:53:00,12,0,1,JOSEPHINE STREET NORTH & 13TH AVENUE EAST,1,3,0,0,1,3, ,0,30,0,0,0,0,1,4,2,8
,2020-42552,39.67842,-104.9593,1/8/2020 20:25,20:25:00,12,0,0,UNIVERSITY B SOUTH & EVANS AVENUE EAST,1,3,0,0,1,2, ,0,35,0,0,0,0,0,4,2,13
,2020-42553,39.65445,-104.86981,1/8/2020 20:30,20:30:00,6,0,0,GALENA STREET SOUTH & HAMPDEN AVENUE EAST,1,5,0,0,1,4, ,0,25,0,0,0,0,0,4,2,13
,2020-42554,39.71294,-104.9827,1/8/2020 21:04,21:04:00,12,0,0,CEDAR AVENUE EAST & LOGAN STREET SOUTH,1,3,0,0,1,1, ,0,30,0,0,0,0,0,4,3,13
,2020-42555,39.7829,-104.7554,1/8/2020 23:21,23:21:00,3,0,1,HIMALAYA ROAD NORTH & GREEN VALLEY RANCH B EAST,1,3,0,0,1,1, ,0,35,0,0,0,0,1,4,2,7
,2020-42556,39.79408751,-104.8303204,1/9/2020 0:00,0:00:00,6,0,0,MAXWELL PLACE WEST & XANADU STREET NORTH,1,1,0,0,1,4, ,0,25,0,0,0,0,0,4,2,14
,2020-42557,39.66049,-105.0216,1/9/2020 1:20,1:20:00,12,0,0,DARTMOUTH AVENUE 2700 WEST & CLAY STREET SOUTH,1,3,1,0,1,4, ,0,,0,0,0,0,0,4,3,16
,2020-42558,39.67664,-104.9286,1/9/2020 1:47,1:47:00,6,0,0,WARREN AVENUE 5100 EAST & GRAPE STREET SOUTH,1,3,0,0,1,4, ,0,30,0,0,0,0,0,4,4,1
,2020-42559,39.79411,-104.83034,1/9/2020 6:44,6:44:00,6,0,0,MAXWELL PLACE EAST & XADAU STREET NORTH,1,1,0,0,1,4, ,0,25,0,0,0,0,0,4,2,14
,2020-42560,39.74640553,-105.0014284,1/9/2020 6:56,6:56:00,3,0,0,LARIMER STREET & SPEER B NORTH,1,3,0,0,1,1, ,0,30,0,0,0,0,0,4,2,13
,2020-42561,39.75951,-104.97333,1/9/2020 7:00,7:00:00,6,0,0,30TH AVENUE EAST & DOWNING STREET NORTH,1,1,1,0,1,3, ,0,,0,0,0,0,0,4,2,13
,2020-42562,39.75696,-104.9499,1/9/2020 7:21,7:21:00,2,0,1,28TH AVENUE EAST & STEELE STREET NORTH,1,3,0,0,1,1, ,0,25,1,0,0,0,2,4,2,13
,2020-42563,39.77050753,-105.0064189,1/9/2020 8:15,8:15:00,3,0,0,39TH AVENUE & PECOS STREET NORTH,1,1,0,0,1,1, ,0,25,0,0,0,0,0,4,2,13
,2020-42564,39.75121,-105.0236,1/9/2020 8:42,8:42:00,10,0,0,23RD AVENUE & 105 WEST,1,1,0,0,1,1, ,0,30,0,0,0,0,0,4,2,13
,2020-42565,39.75119,-104.9879,1/9/2020 9:02,9:02:00,15,0,0,CHAMPA STREET 2100  & BROADWAY STREET NORTH,1,1,0,0,1,5, ,0,25,0,0,0,0,0,4,2,14
,2020-42566,39.7226,-104.9826,1/9/2020 9:31,9:31:00,15,0,0,SPEER BOULEVARD EAST & LOGAN STREET NORTH,1,1,0,0,1,3, ,0,30,0,0,0,0,0,4,2,13
,2020-42567,39.71149,-104.9425,1/9/2020 9:52,9:52:00,3,0,0,JACKSON STREET SOUTH & ALAMEDA AVENUE EAST,1,1,0,0,1,1, ,0,30,0,0,0,0,0,4,2,13
,2020-42568,39.78364,-104.7913,1/9/2020 10:50,10:50:00,12,0,1,GREEN VALLEY RANCH BOULEVARD EAST & PENA BOULEVARD OUTBOUND,1,1,0,0,1,14, ,0,40,0,0,0,0,1,4,2,13
,2020-42569,39.72557,-104.974,1/9/2020 10:53,10:53:00,3,0,3,SIXTH AVENUE EAST & CORONA STREET NORTH,1,1,0,0,1,1, ,0,30,0,0,0,0,1,4,2,3
,2020-42570,39.75179,-104.9801,1/9/2020 11:00,11:00:00,6,0,0,GLENARM PLACE & 2400,1,1,0,0,1,4, ,0,25,0,0,0,0,0,4,2,13
,2020-42571,39.72533,-104.9125,1/9/2020 11:09,11:09:00,3,0,0,SIXTH AVENUE EAST & MONACO STREET NORTH,1,1,0,0,1,1, ,0,30,0,0,0,0,0,4,2,14
,2020-42572,39.74706,-104.9897,1/9/2020 11:16,11:16:00,6,0,0,CALIFORNIA STREET & 18TH STREET,1,1,0,0,1,4, ,0,25,0,0,0,0,0,4,2,14
,2020-42573,39.73918,-104.961,1/9/2020 11:40,11:40:00,3,0,0,GAYLOARD STREET 1400 NORTH & COLFAX AVENUE EAST,1,1,0,0,1,2, ,0,25,0,0,0,0,0,4,2,13
,2020-42574,39.67846,-104.9652,1/9/2020 12:02,12:02:00,12,0,0,HIGH STREET SOUTH & EVANS AVENUE EAST,1,1,0,0,1,1, ,0,25,0,0,0,0,0,4,2,13
,2020-42575,39.71833,-104.9739,1/9/2020 12:42,12:42:00,3,0,0,SPEER B EAST & CORONA STREET NORTH,1,1,0,0,1,1, ,0,30,0,0,0,0,0,4,3,13
,2020-42576,39.74638,-104.9889,1/9/2020 13:03,13:03:00,15,0,0,WELTON STREET & 18TH STREET,1,1,0,0,1,4, ,0,30,0,0,0,0,0,4,2,13
,2020-42577,39.73514,-104.9781,1/9/2020 13:45,13:45:00,3,0,1,12TH AVENUE & 700 EAST,1,1,0,0,1,5, ,0,15,0,0,0,0,1,4,2,13
,2020-42578,39.73999,-104.96101,1/9/2020 13:56,13:56:00,6,0,0,GAYLORD STREET NORTH & COLFAX AVENUE EAST,1,1,0,0,1,4, ,0,,0,0,0,0,0,4,2,13
,2020-42579,39.74611,-104.9909,1/9/2020 14:00,14:00:00,15,0,0,17TH STREET & CALIFORNIA STREET,1,1,0,0,1,4, ,0,30,0,0,0,0,0,4,2,13
,2020-42580,39.74167,-104.981,1/9/2020 14:20,14:20:00,3,0,0,16TH AVENUE EAST & PENNSYLVANIA STREET NORTH,1,1,0,0,1,1, ,0,25,0,0,0,0,0,4,2,14
,2020-42581,39.67579,-104.9734,1/9/2020 15:01,15:01:00,12,0,0,DOWNING STREET 2200 SOUTH & ILIFF AVENUE EAST,1,1,1,0,1,3, ,0,30,0,0,0,0,0,4,2,3
,2020-42582,39.72568753,-105.0001594,1/9/2020 15:30,15:30:00,5,0,0,SIXTH AVENUE WEST & KALAMATH STREET NORTH,1,1,1,0,1,4, ,0,65,0,0,0,0,0,4,2,13
,2020-42583,39.71246,-104.8928,1/9/2020 16:12,16:12:00,12,0,0,FAIRMOUNT DRIVE 8100 EAST & CEDAR PLACE EAST,1,1,0,0,1,1, ,0,25,0,0,0,0,0,4,2,13
,2020-42584,39.71828,-104.95922,1/9/2020 16:22,16:22:00,15,0,0,UNIVERSITY BOULEVARD NORTH & FIRST AVENUE EAST,1,1,0,0,1,4, ,0,35,0,0,0,0,0,4,3,1
,2020-42585,39.74483,-104.9874,1/9/2020 16:26,16:26:00,15,0,0,BROADWAY STREET NORTH & TREMONT PLACE,1,1,0,0,1,3, ,0,30,0,0,0,0,0,4,2,13
,2020-42586,39.74798,-104.9885,1/9/2020 16:43,16:43:00,6,0,0,19TH STREET & CALIFORNIA STREET,1,3,0,0,1,3, ,0,25,0,0,0,0,0,4,2,8
,2020-42587,39.72254,-104.98749,1/9/2020 16:58,16:58:00,3,0,1,FOURTH AVENUE EAST & BROADWAY STREET NORTH,1,3,0,0,1,1, ,0,25,0,0,0,0,1,4,2,1
,2020-42588,39.71115,-105.0227,1/9/2020 17:11,17:11:00,3,0,1,DECATUR STREET SOUTH & ALAMEDA AVENUE WEST,1,3,1,0,1,3, ,0,25,0,0,0,0,1,4,2,3
,2020-42589,39.71023,-104.9966,1/9/2020 17:59,17:59:00,12,0,0,SANTA FE DRIVE 300 SOUTH & ALAMEDA AVENUE WEST,1,3,0,0,1,4, ,0,45,0,0,0,0,0,4,2,2
,2020-42590,39.757,-104.9873,1/9/2020 18:19,18:19:00,3,0,0,BROADWAY STREET NORTH & LARIMER STREET,1,2,0,0,1,1, ,0,30,0,0,0,0,0,4,2,8
,2020-42591,39.7289,-104.99861,1/9/2020 19:00,19:00:00,3,0,2,EIGHTH AVENUE WEST & SANTA FE DRIVE NORTH,1,3,0,0,1,1, ,0,25,0,0,0,0,1,4,3,3
,2020-42592,39.76199,-104.95975,1/9/2020 20:04,20:04:00,5,0,0,YORK STREET NORTH & MLK B EAST,1,3,0,0,3,4, ,0,,0,0,0,0,0,4,1,16
,2020-42593,39.69597,-105.01839,1/9/2020 21:30,21:30:00,6,0,0,MOSIER PLACE WEST & BRYANT STREET SOUTH,1,3,0,0,1,4, ,0,25,0,0,0,0,0,4,2,1
,2020-42594,39.7685,-104.86579,1/9/2020 22:00,22:00:00,12,0,0,HAVANA STREET NORTH & SMITH ROAD EAST,1,3,0,0,1,1, ,0,35,0,0,0,0,0,4,2,13
,2020-42595,39.77114,-105.044,1/9/2020 23:38,23:38:00,6,0,0,39TH AVENUE 4400 WEST & UTICA STREET NORTH,1,3,0,0,1,4, ,0,25,0,0,0,0,0,4,4,5
,2020-42596,39.75082,-104.997,1/10/2020 0:10,0:10:00,3,0,1,17TH STREET & MARKET STREET,1,3,0,0,1,1, ,0,35,0,0,0,0,1,4,2,7
,2020-42597,39.64111147,-104.9016194,1/10/2020 6:58,6:58:00,6,0,0,PRINCETON AVENUE 7400 EAST & QUINCE STREET SOUTH,1,4,0,0,1,4, ,0,,0,0,0,0,0,4,4,13
,2020-42598,39.79838,-104.7781,1/10/2020 7:40,7:40:00,12,0,0,56TH AVENUE 17000 EAST & TOWER ROAD NORTH,1,1,0,0,1,4, ,0,40,0,0,0,0,0,4,3,13
,2020-42599,39.6459,-104.885,1/10/2020 7:50,7:50:00,3,0,0,MANSFIELD AVENUE EAST & YOSEMITE STREET SOUTH,1,1,0,0,1,1, ,0,35,0,0,0,0,0,4,2,13
,2020-42600,39.74259,-104.9124,1/10/2020 7:56,7:56:00,12,0,0,MONACO STREET NORTH & BATAVIA PLACE EAST,1,1,0,0,1,4, ,0,25,0,0,0,0,0,4,2,14
,2020-42601,39.73562,-104.9034,1/10/2020 8:26,8:26:00,3,0,0,QUEBEC STREET NORTH & 12TH AVENUE EAST,1,1,0,0,1,1, ,0,25,0,0,0,0,0,4,2,14
,2020-42602,39.74843953,-105.0033589,1/10/2020 8:34,8:34:00,15,0,0,SPEER B NORTH & AURARIA PARKWAY,1,1,0,0,1,4, ,0,35,0,0,0,0,0,4,2,13
,2020-42603,39.76015,-104.8869,1/10/2020 8:45,8:45:00,5,0,0,MLK BOULEVARD 8800 EAST & XENIA STREET,1,1,0,0,2,4, ,0,35,0,0,0,0,0,4,1,14
,2020-42604,39.76197,-104.9049,1/10/2020 8:56,8:56:00,15,0,0,MLK BOULEVARD 7200 EAST & QUEBEC STREET NORTH,1,1,0,0,1,4, ,0,,0,0,0,0,0,4,2,13
,2020-42605,39.75146,-104.9979,1/10/2020 10:53,10:53:00,15,0,0,17TH STREET & BLAKE STREET,1,1,0,0,1,4, ,0,25,0,0,0,0,0,4,2,14
,2020-42606,39.7644,-104.9866,1/10/2020 11:00,11:00:00,1,0,0,29TH STREET & BRIGHTON B NORTH,1,1,0,0,1,1, ,0,25,0,0,0,0,0,4,2,13
,2020-42607,39.74000353,-104.9920099,1/10/2020 11:23,11:23:00,5,0,0,ELSWORH AVENUE EAST & BROADWAY STREET SOUTH,1,1,0,0,2,4, ,0,,0,0,0,0,0,4,1,13
,2020-42608,39.69748,-104.9593,1/10/2020 11:55,11:55:00,12,0,1,UNIVERSITY BL 1000 SOUTH & MISSISSIPPI AVENUE EAST,1,1,0,0,1,4, ,0,30,0,0,0,0,1,4,3,8
,2020-42609,39.74272,-105.0428,1/10/2020 12:04,12:04:00,15,0,0,STUART STREET 1500 NORTH & 16TH AVENUE WEST,1,1,0,0,1,4, ,0,25,0,0,0,0,0,4,2,13
,2020-42610,39.71082854,-105.0050194,1/10/2020 12:15,12:15:00,12,0,0,ALAMEDA AVENUE 1300 WEST & MARIPOSA STREET NORTH,1,1,0,0,1,4, ,0,30,0,0,0,0,0,2,2,3
,2020-42611,39.76757,-105.0428,1/10/2020 12:36,12:36:00,6,0,0,37TH AVENUE 4300 WEST & TENNYSON STREET NORTH,1,1,0,0,1,2, ,0,25,0,0,0,0,0,4,2,13
,2020-42612,39.74446153,-105.0000289,1/10/2020 12:59,12:59:00,12,0,1,SPEER B NORTH & ARAPAHOE STREET,1,1,0,0,1,1, ,0,30,0,0,0,0,0,4,2,14
,2020-42613,39.77048953,-105.0017614,1/10/2020 13:19,13:19:00,12,0,0,39TH AVENUE 1100 WEST & LIPAN STREET NORTH,1,1,1,0,1,5, ,0,25,0,0,0,0,0,4,2,13
,2020-42614,39.6948,-104.9874,1/10/2020 13:45,13:45:00,15,0,0,BROADWAY STREET SOUTH & ARIZONA AVENUE WEST,1,1,0,0,1,1, ,0,30,0,0,0,0,0,4,2,13
,2020-42615,39.74381,-104.9547,1/10/2020 14:50,14:50:00,3,0,0,17TH AVENUE EAST & DETROIT STREET NORTH,1,1,0,0,1,1, ,0,25,0,0,0,0,0,4,2,1
,2020-42616,39.78391303,-105.0062389,1/10/2020 14:55,14:55:00,1,0,0,48TH AVENUE WEST & PECOS STREET NORTH,1,1,0,0,1,1, ,0,15,0,0,0,0,0,4,2,8
,2020-42617,39.72825,-105.0394,1/10/2020 15:05,15:05:00,3,0,0,SEVENTH AVENUE WEST & PERRY STREET NORTH,1,1,0,0,1,1, ,0,30,0,0,0,0,0,4,2,13
,2020-42618,39.78184,-104.9786,1/10/2020 15:06,15:06:00,12,0,0,WASHINGTON STREET NORTH & 47TH AVENUE EAST,1,1,0,0,1,3, ,0,30,0,0,0,0,0,4,2,8
,2020-42619,39.76954,-105.0346,1/10/2020 15:24,15:24:00,3,0,0,38TH AVENUE WEST & LOWELL BOULEVARD NORTH,1,1,0,0,1,1, ,0,35,0,0,0,0,0,4,2,13
,2020-42620,39.79667,-104.9032,1/10/2020 15:34,15:34:00,12,0,0,QUEBEC STREET 5300 NORTH & 53RD PLACE EAST,1,1,0,0,1,4, ,0,40,0,0,0,0,0,4,2,3
,2020-42621,39.65976,-105.0672,1/10/2020 15:35,15:35:00,12,0,0,DARTMOUTH AVENUE WEST & LAMAR STREET SOUTH,1,1,0,0,1,1, ,0,,0,0,0,0,0,4,2,13
,2020-42622,39.72028,-104.9035,1/10/2020 15:37,15:37:00,12,0,0,SECOND AVENUE EAST & QUEBEC STREET NORTH,1,1,0,0,1,3, ,0,20,0,0,0,0,0,4,2,13
,2020-42623,39.67843,-104.9395,1/10/2020 16:01,16:01:00,1,0,0,EVANS AVENUE EAST & ALBION STREET SOUTH,1,1,0,0,1,1, ,0,35,0,0,0,0,0,4,2,1
,2020-42624,39.74015,-104.8905,1/10/2020 16:01,16:01:00,6,0,0,VERBENA STREET NORTH & COLFAX AVENUE EAST,1,2,0,0,1,4, ,0,25,0,0,0,0,0,4,2,3
,2020-42625,39.7983,-104.7721,1/10/2020 16:02,16:02:00,12,0,0,TOWER ROAD NORTH & 56TH AVENUE EAST,1,1,1,0,1,3, ,0,45,0,0,0,0,0,4,2,13
,2020-42626,39.72932353,-105.0139789,1/10/2020 16:15,16:15:00,12,0,0,EIGHTH AVENUE WEST & WYANDOT STREET NORTH,1,1,0,0,1,4, ,0,,0,0,0,0,0,4,2,13
,2020-42627,39.79823,-104.8471,1/10/2020 17:42,17:42:00,12,0,1,56TH AVENUE EAST & PEORIA STREET NORTH,1,3,0,0,1,4, ,0,40,0,0,0,0,0,4,3,13
,2020-42628,39.72731653,-105.0002089,1/10/2020 17:47,17:47:00,12,0,1,KALAMATH STREET NORTH & SEVENTH AVENUE WEST,1,3,0,0,1,4, ,0,35,0,0,0,0,1,4,2,1
,2020-42629,39.74519953,-105.0095689,1/10/2020 18:18,18:18:00,12,0,0,AURARIA PARKWAY & SEVENTH STREET,1,3,0,0,1,4, ,0,45,0,0,0,0,0,4,2,3
,2020-42630,39.76746,-104.9034,1/10/2020 18:47,18:47:00,1,0,0,36TH AVENUE EAST & QUEBEC STREET NORTH,14,3,0,0,1,1, ,0,30,0,0,0,0,0,4,2,13
,2020-42631,39.68278,-104.9594,1/10/2020 19:01,19:01:00,12,0,0,UNIVERSITY B SOUTH & BUCHTEL B EAST,1,3,0,0,1,3, ,0,35,0,0,0,0,0,4,2,7
,2020-42632,39.76360251,-105.0127707,1/10/2020 19:45,19:45:00,6,0,0,VALLEJO STREET 3300 NORTH & 33RD AVENUE WEST,1,5,0,0,1,4, ,0,,0,0,0,0,0,4,2,13
,2020-42633,39.78625109,-104.791086,1/10/2020 20:40,20:40:00,15,0,1,PENA BOULEVARD & MM 8,1,3,0,0,1,4, ,0,,0,0,0,0,0,4,3,13
,2020-42634,39.72931,-105.0182,1/10/2020 21:24,21:24:00,5,0,0,EIGHTH AVENUE 2400 WEST & ZUNI STREET NORTH,1,3,0,0,3,4, ,0,35,0,0,0,0,0,4,1,13
,2020-42635,39.73203253,-104.9873884,1/10/2020 22:22,22:22:00,6,0,0,10TH AVENUE EAST & BROADWAY STREET NORTH,1,3,0,0,1,4, ,0,30,0,0,0,0,0,4,2,14
,2020-42636,39.76201153,-105.0158284,1/10/2020 23:30,23:30:00,11,0,1,ZUNI STREET NORTH & 32ND AVENUE WEST,1,3,1,0,1,1, ,0,,0,1,0,0,2,4,2,13
,2020-42637,39.75857,-104.90905,1/11/2020 1:09,1:09:00,6,0,0,NEWPORT STREET 2900 NORTH & 29TH AVENUE EAST,1,3,0,0,1,4, ,0,30,0,0,0,0,0,4,2,13
,2020-42638,39.77173153,-105.0017704,1/11/2020 2:09,2:09:00,6,0,0,40TH AVENUE 1300 WEST & LIPAN STREET NORTH,1,3,0,0,1,4, ,0,,0,0,0,0,0,4,2,13
,2020-42639,39.73173,-104.9919,1/11/2020 2:31,2:31:00,3,0,0,SPEER BOULEVARD NORTH & CHEROKEE STREET NORTH,1,3,0,0,1,1, ,0,,0,0,0,0,0,4,2,5
,2020-42640,39.69108,-105.0294,1/11/2020 3:05,3:05:00,6,0,2,IRVING STREET SOUTH & FLORIDA AVENUE WEST,1,3,0,0,1,4, ,0,25,0,0,0,0,3,4,3,5
,2020-42641,39.76508,-104.9499,1/11/2020 3:37,3:37:00,6,0,0,STEELE STREET & 3400 NORTH,1,3,0,0,1,4, ,0,25,0,0,0,0,0,4,3,3
,2020-42642,39.762124,-105.0096008,1/11/2020 8:00,8:00:00,6,0,0,SHOSHONE 3200 NORTH & 32ND AVENUE WEST,1,1,0,0,1,4, ,0,,0,0,0,0,0,4,3,16
,2020-42643,39.78237,-104.8583,1/11/2020 10:25,10:25:00,3,0,0,47TH AVENUE 11100 EAST & KINGSTON STREET NORTH,1,1,1,0,1,2, ,0,35,0,0,0,0,0,4,2,13
,2020-42644,39.74893453,-105.0012394,1/11/2020 10:29,10:29:00,15,0,0,14TH STREET & BLAKE STREET,1,1,0,0,1,3, ,0,25,0,0,0,0,0,4,2,13
,2020-42645,39.63137,-105.0898,1/11/2020 10:45,10:45:00,3,0,0,BALSAM WEST SOUTH & UNION AVENUE WEST,1,1,0,0,1,1, ,0,35,0,0,0,0,0,4,2,3
,2020-42646,39.69663,-104.98743,1/11/2020 11:00,11:00:00,15,0,0,BROADWAY STREET SOUTH & MISSISSIPPI AVENUE EAST,1,1,0,0,1,1, ,0,30,0,0,0,0,0,4,2,13
,2020-42647,39.71023,-104.9966,1/11/2020 11:13,11:13:00,12,0,0,SANTA FE DRIVE 300 SOUTH & ALAMEDA AVENUE WEST,1,1,0,0,1,4, ,0,35,0,0,0,0,0,4,2,13
,2020-42648,39.74697,-104.9873,1/11/2020 11:39,11:39:00,15,0,0,19TH STREET & BROADWAY STREET NORTH,1,1,0,0,1,3, ,0,40,0,0,0,0,0,4,2,13
,2020-42649,39.76732,-104.8924,1/11/2020 12:00,12:00:00,3,0,0,36TH AVENUE EAST & UINTA STREET NORTH,1,1,0,0,1,1, ,0,35,0,0,0,0,0,4,3,13
,2020-42650,39.76928353,-105.0017479,1/11/2020 0:00,,15,0,0,38TH AVENUE WEST & LIPAN STREET NORTH,1,1,0,0,1,3, ,0,30,0,0,0,0,0,4,2,13
,2020-42651,39.7426,-104.90346,1/11/2020 14:21,14:21:00,12,0,0,QUEBEC STREET NORTH & BATAVIA PLACE EAST,1,1,0,0,1,4, ,0,30,0,0,0,0,0,4,3,13
,2020-42652,39.65311,-104.9058,1/11/2020 19:11,19:11:00,12,0,0,HAMPDEN AVENUE 7100 EAST & POPLAR STREET SOUTH,1,3,0,0,1,4, ,0,40,0,0,0,0,0,4,2,13
,2020-42653,39.67864,-105.0227,1/11/2020 20:10,20:10:00,15,0,0,EVANS AVENUE 2900 WEST & FEDERAL BOULEVARD SOUTH,1,3,0,0,1,4, ,0,,0,0,0,0,0,4,2,13
,2020-42654,39.74754,-104.981,1/11/2020 20:55,20:55:00,5,0,0,20TH AVENUE EAST & PENNSYLVANIA NORTH,1,3,0,0,3,4, ,0,25,0,0,0,0,0,4,1,1
,2020-42655,39.75499594,-105.002077,1/11/2020 21:00,21:00:00,5,0,0,CHESTNUT PLACE & 1681,1,4,0,0,2,4, ,0,15,0,0,0,0,0,4,1,14
,2020-42656,39.74519953,-105.0095689,1/11/2020 21:29,21:29:00,12,0,0,AURARIA PARKWAY & SEVENTH STREET,1,3,0,0,1,4, ,0,35,0,0,0,0,0,4,3,13
,2020-42657,39.77921,-104.9522,1/11/2020 21:42,21:42:00,5,0,0,MILWAUKEE STREET & 4515 NORTH,1,3,0,0,2,5, ,0,,0,0,0,0,0,4,1,5
,2020-42658,39.71867,-104.8929,1/11/2020 22:00,22:00:00,5,0,0,LOWRY BOULEVARD EAST & SYRACUSE COURT NORTH,1,3,0,0,2,4, ,0,35,0,0,0,0,0,4,1,5
,2020-42659,39.74618,-104.9798,1/11/2020 23:57,23:57:00,10,0,0,19TH AVENUE EAST & PEARL STREET NORTH,1,3,0,0,1,1, ,0,,0,0,0,0,0,4,2,14
,2020-42660,39.67183,-104.8705,1/12/2020 1:15,1:15:00,3,0,2,HARVARD AVENUE & 9700,1,3,0,0,1,2, ,0,25,0,0,0,0,1,4,2,1
,2020-42661,39.75840253,-105.0158689,1/12/2020 2:15,2:15:00,3,0,2,29TH AVENUE WEST & ZUNI STREET NORTH,1,3,1,0,1,1, ,0,35,0,0,0,0,0,4,4,13
,2020-42662,39.69673,-105.0437,1/12/2020 2:51,2:51:00,6,0,0,MISSISSIPPI AVENUE 4300 WEST & TENNYSON STREET SOUTH,1,3,0,0,1,4, ,0,,0,0,0,0,0,4,5,13
,2020-42663,39.69304,-105.02677,1/12/2020 2:56,2:56:00,12,0,0,LOUISIANA 3000 WEST & FEDERAL B SOUTH,14,3,0,0,1,4, ,0,,0,0,0,0,0,4,2,16
,2020-42664,39.76287,-104.9293,1/12/2020 4:34,4:34:00,5,0,0,THRILL PLACE EAST & ELM STREET NORTH,1,4,0,0,2,1, ,0,,0,0,0,0,0,4,1,2
,2020-42665,39.73664,-105.0486,1/12/2020 5:18,5:18:00,12,0,0,WOLFF STREET NORTH & 13TH AVENUE WEST,1,3,1,0,1,3, ,0,,0,0,0,0,0,4,4,16
,2020-42666,39.73858,-104.91926,1/12/2020 7:30,7:30:00,6,0,0,JERSEY STREET NORTH & 1400 NORTH,1,1,0,0,1,4, ,0,25,0,0,0,0,0,4,2,5
,2020-42668,39.73685,-104.969,1/12/2020 8:45,8:45:00,6,0,0,13TH AVENUE 1500 EAST & HUMBOLDT NORTH,1,1,0,0,1,4, ,0,30,0,0,0,0,0,4,4,13
,2020-42669,39.76377,-104.90788,1/12/2020 9:05,9:05:00,6,0,0,33RD AVENUE EAST & 6900,1,1,0,0,1,4, ,0,25,0,0,0,0,0,4,2,3
,2020-42670,39.66767,-104.9723,1/12/2020 9:08,9:08:00,3,0,0,MARION STREET SOUTH & YALE AVENUE EAST,1,1,1,0,1,1, ,0,25,0,0,0,0,0,4,2,13
,2020-42671,39.67114,-104.9708,1/12/2020 10:36,10:36:00,6,0,0,LAFAYETTE STREET SOUTH & HARVARD AVENUE EAST,1,3,0,0,1,4, ,0,25,0,0,0,0,0,4,3,13
,2020-42672,39.75228,-104.9916,1/12/2020 11:30,11:30:00,15,0,0,20TH STREET & LAWRENCE STREET,1,1,0,0,1,1, ,0,30,0,0,0,0,0,4,2,8
,2020-42673,39.76084,-104.97378,1/12/2020 13:30,13:30:00,12,0,0,STOUT STREET & 32ND STREET,1,1,0,0,1,1, ,0,,0,0,0,0,0,4,2,13
,2020-42674,39.75647,-104.9282,1/12/2020 13:30,13:30:00,12,0,0,28TH AVENUE EAST & FAIRFAX STREET NORTH,1,1,0,0,1,5, ,0,30,0,0,0,0,0,4,2,13
,2020-42675,39.76073,-104.9585,1/12/2020 13:30,13:30:00,9,0,0,31ST AVENUE EAST & JOSEPHINE STREET NORTH,1,1,0,0,1,1, ,0,25,0,0,0,0,0,4,1,10
,2020-42676,39.61833,-105.0912,1/12/2020 15:14,15:14:00,3,0,0,CRESTLINE AVENUE WEST & WADSWORTH BOULEVARD SOUTH,1,1,0,0,1,3, ,0,35,0,0,0,0,0,4,2,1
,2020-42677,39.76746,-104.9034,1/12/2020 15:37,15:37:00,15,0,0,36TH AVENUE EAST & QUEBEC STREET NORTH,1,1,0,0,1,1, ,0,45,0,0,0,0,0,4,2,13
,2020-42678,39.72906,-104.9861,1/12/2020 16:28,16:28:00,12,0,0,EIGHTH AVENUE EAST & LINCOLN STREET NORTH,1,1,0,0,1,1, ,0,30,0,0,0,0,0,4,2,13
,2020-42679,39.75234553,-105.0075484,1/12/2020 17:46,17:46:00,15,0,0,ELITCH CIRCLE & SPEER BOULEVARD NORTH,1,3,0,0,1,4, ,0,20,0,0,0,0,0,4,2,8
,2020-42680,39.77318,-104.8098,1/12/2020 17:48,17:48:00,3,0,0,40TH AVENUE EAST & CHAMBERS ROAD NORTH,1,3,0,0,1,1, ,0,40,0,0,0,0,0,4,2,13