id,drcog_id,latitude,longitude,crashtime,time,crashtype,numbkilled,numbinjurd,drcoglocat,rdconditin,lightngcon,roadcntgrd,weatherco,location,roaddescrp,schoolzone,constrzone,splimit,bikeinv,pedinv,sctrinv,motoinv,svrty,rdsystem,ttlvehcls,hcf
,2020-42682,39.8333815,-104.771969,1/12/2020 22:01,22:01:00,12,0,0,TOWER ROAD NORTH & PENA B NORTH,1,3,0,0,1,3, ,0,45,0,0,0,0,0,4,2,14
,2020-42683,39.74321953,-104.9721379,1/12/2020 23:50,23:50:00,15,0,0,17TH AVENUE 1100 EAST & MARION STREET NORTH,1,3,0,0,1,4, ,0,,0,0,0,0,0,4,2,13
,2020-42684,39.78219292,-105.0064386,1/13/2020 0:16,0:16:00,5,0,0,PECOS STREET 4700 NORTH & 47TH AVENUE WEST,1,3,0,0,3,4, ,0,30,0,0,0,0,0,4,1,9
,2020-42685,39.70743536,-104.9422534,1/13/2020 6:42,6:42:00,12,0,0,CHERRY CREEK DRIVE 3900 SOUTH & COLORADO B SOUTH,1,2,0,0,1,4, ,0,30,0,0,0,0,0,4,2,13
,2020-42686,39.73022,-104.9775,1/13/2020 7:40,7:40:00,12,0,1,CLARKSON STREET 800 NORTH & EIGHTH AVENUE EAST,1,1,1,0,1,3, ,0,25,0,0,0,0,1,4,3,3
,2020-42687,39.71110753,-104.9792299,1/13/2020 7:45,7:45:00,12,0,0,WASHINGTON STREET SOUTH & ALAMEDA AVENUE EAST,1,1,0,0,1,3, ,0,,0,0,0,0,0,4,2,13
,2020-42688,39.74476,-104.9597,1/13/2020 7:54,7:54:00,1,0,0,YORK STREET 1800 NORTH & 18TH AVENUE EAST,1,2,0,0,1,4, ,0,30,0,0,0,0,0,4,2,1
,2020-42689,39.83812,-104.7154,1/13/2020 8:19,8:19:00,10,0,0,78TH AVENUE EAST & GUN CLUB ROAD NORTH,1,1,0,0,1,1, ,0,45,0,0,0,0,0,4,2,8
,2020-42690,39.7414,-104.9988,1/13/2020 8:30,8:30:00,15,0,0,SPEER B NORTH & STOUT STREET,1,1,0,0,1,4, ,0,35,0,0,0,0,0,4,2,13
,2020-42691,39.73386,-104.99165,1/13/2020 9:05,9:05:00,12,0,0,11TH AVENUE WEST & CHEROKEE STREET NORTH,1,1,0,0,1,3, ,0,,0,0,0,0,0,4,2,13
,2020-42692,39.67665,-104.90359,1/13/2020 10:45,10:45:00,12,0,0,QUEBEC STREET SOUTH & EVANS AVENUE EAST,1,1,0,0,1,3, ,0,35,0,0,0,0,0,4,2,13
,2020-42693,39.71653453,-104.9862679,1/13/2020 10:50,10:50:00,5,0,0,BROADWAY / LINCOLN ALLY NORTH & ELLSWORTH AVENUE EAST,1,1,0,0,1,5, ,0,15,0,0,0,0,0,4,1,8
,2020-42694,39.68738,-104.90354,1/13/2020 12:41,12:41:00,3,0,1,IOWA AVENUE EAST & QUEBEC STREET SOUTH,1,1,0,0,1,1, ,0,35,0,0,0,0,0,4,2,13
,2020-42695,39.83459716,-104.7471149,1/13/2020 12:46,12:46:00,15,0,0,PENA BOULEVARD OUTBO 7500  & E470 EXIT GORE POINT,1,1,0,0,1,4, ,0,65,0,0,0,0,0,4,2,8
,2020-42696,39.69819254,-105.0065809,1/13/2020 13:47,13:47:00,6,0,0,QUIVAS STREET 1000 SOUTH & TENNESSEE WEST,1,1,1,0,1,4, ,0,25,0,0,0,0,0,4,2,13
,2020-42697,39.77173153,-105.0064189,1/13/2020 14:34,14:34:00,3,0,0,PECOS STREET NORTH & 40TH AVENUE WEST,1,1,0,0,1,1, ,0,25,0,0,0,0,0,4,2,13
,2020-42698,39.7787,-104.86061,1/13/2020 14:48,14:48:00,12,0,0,45TH AVENUE & 11000 EAST,1,1,0,0,1,2, ,0,30,0,0,0,0,0,4,2,3
,2020-42699,39.67121,-104.95939,1/13/2020 15:00,15:00:00,12,0,0,UNIVERSITY BOULEVARD SOUTH & HARVARD AVENUE EAST,1,1,0,0,1,3, ,0,,0,0,0,0,0,4,2,13
,2020-42700,39.69476,-104.95003,1/13/2020 15:27,15:27:00,5,0,1,STEELE STREET 1200 SOUTH & ARIZONA AVENUE EAST,1,1,0,0,2,4, ,0,25,0,0,0,0,1,4,1,13
,2020-42701,39.7351,-104.9586,1/13/2020 15:30,15:30:00,12,0,0,JOSEPHINE STREET NORTH & 12TH AVENUE EAST,1,1,0,0,1,4, ,0,30,0,0,0,0,0,4,2,3
,2020-42702,39.72410353,-105.0001819,1/13/2020 15:45,15:45:00,1,0,1,KALAMATH STREET NORTH & FIFTH AVENUE WEST,1,1,0,0,1,1, ,0,30,0,0,0,0,1,4,2,13
,2020-42703,39.72564,-104.98744,1/13/2020 16:00,16:00:00,15,0,0,BROADWAY STREET NORTH & SIXTH AVENUE EAST,1,1,0,0,1,3, ,0,35,0,0,0,0,0,4,2,3
,2020-42704,39.75789,-104.8903,1/13/2020 16:06,16:06:00,3,0,0,29TH AVENUE EAST & CENTRAL PARK B NORTH,1,1,0,0,1,1, ,0,35,0,0,0,0,0,4,2,13
,2020-42705,39.76185,-104.9234,1/13/2020 16:15,16:15:00,12,0,0,MLK B EAST & HUDSON STREET NORTH,1,1,0,0,1,4, ,0,35,0,0,0,0,0,4,3,1
,2020-42706,39.72627,-105.03,1/13/2020 16:16,16:16:00,5,0,1,SIXTH AVENUE  & IRVING STREET NORTH,1,1,1,0,3,4, ,0,35,0,0,0,0,2,2,1,5
,2020-42707,39.76927453,-105.0135109,1/13/2020 16:45,16:45:00,12,0,0,38TH AVENUE WEST & VALLEJO STREET NORTH,1,1,0,0,1,4, ,0,35,0,0,0,0,0,4,2,7
,2020-42708,39.73833,-104.91616,1/13/2020 18:00,18:00:00,11,0,1,14TH AVENUE EAST & KRAMERIA STREET NORTH,1,3,0,0,3,1, ,0,,0,1,0,0,1,4,2,13
,2020-42709,39.70269,-104.98337,1/13/2020 19:20,19:20:00,6,0,0,GRANTLOGAN 700 SOUTH & OHIO AVENUE EAST,1,4,1,0,1,5, ,0,10,0,0,0,0,0,4,2,13
,2020-42710,39.75657,-104.99707,1/13/2020 19:32,19:32:00,5,0,0,WEWATTA STREET 2000  & 21ST STREET,1,3,0,0,2,4, ,0,30,0,0,0,0,0,4,1,5
,2020-42711,39.69259,-104.90359,1/13/2020 19:40,19:40:00,5,0,0,QUEBEC STREET SOUTH & LOUISIANA AVENUE EAST,1,3,0,0,2,2, ,0,35,0,0,0,0,0,4,1,4
,2020-42712,39.71828,-104.95922,1/13/2020 20:04,20:04:00,12,0,0,FIRST AVENUE EAST & UNIVERSITY B NORTH,1,3,0,0,1,3, ,0,35,0,0,0,0,0,4,2,13
,2020-42713,39.76936,-105.04401,1/13/2020 20:56,20:56:00,11,0,1,38TH AVENUE WEST & TENNYSON STREET NORTH,1,3,0,0,1,1, ,0,35,0,1,0,0,3,4,2,1
,2020-42714,39.77797,-104.76901,1/13/2020 23:18,23:18:00,12,0,0,45TH AVENUE EAST & ARGONNE STREET NORTH,1,4,0,0,1,4, ,0,25,0,0,0,0,0,4,2,7
,2020-42715,39.68039,-104.92619,1/13/2020 23:50,23:50:00,6,0,0,ASBURY AVENUE EAST & GLENCOE STREET SOUTH,1,4,0,0,1,4, ,0,25,0,0,0,0,0,4,2,13
,2020-42716,39.78364,-104.79048,1/14/2020 7:00,7:00:00,12,0,0,PENA B INBOUND & GREEN VALLEY RANCH B EAST,1,1,0,0,1,3, ,0,40,0,0,0,0,0,4,3,13
,2020-42717,39.67934,-104.95939,1/14/2020 7:16,7:16:00,12,0,0,UNIVERSITY 2000 SOUTH & EVANS AVENUE EAST,1,1,0,0,1,4, ,0,30,0,0,0,0,0,4,2,13
,2020-42718,39.71475,-104.98381,1/14/2020 7:50,7:50:00,3,0,0,BAYAUD AVENUE 300 EAST & LOGAN STREET SOUTH,1,1,0,0,1,5, ,0,15,0,0,0,0,0,4,2,7
,2020-42719,39.75962653,-105.0131284,1/14/2020 8:01,8:01:00,6,0,0,30TH AVENUE 2100 WEST & VALLEJO STREET NORTH,1,1,1,0,1,4, ,0,25,0,0,0,0,0,4,2,13
,2020-42720,39.74767453,-105.0023194,1/14/2020 8:12,8:12:00,10,0,0,SPEER BOULEVARD NORTH & MARKET STREET,1,1,0,0,1,1, ,0,,0,0,0,0,0,4,2,13
,2020-42721,39.70388054,-104.9851114,1/14/2020 8:45,8:45:00,3,0,0,LINCOLN STREET / SHERMAN AVENUE SOUTH & EXPOSITION AVENUE EAST,4,1,0,0,1,1, ,0,15,0,0,0,0,0,4,2,10
,2020-42722,39.67845554,-104.9579314,1/14/2020 8:50,8:50:00,3,0,0,UNIVERSITY / JOSEPHINE ALLY & EVANS AVENUE EAST,1,1,0,0,1,5, ,0,15,0,0,0,0,0,4,2,13
,2020-42723,39.63812,-104.91245,1/14/2020 9:10,9:10:00,15,0,0,MONACO STREET SOUTH & HAPPY CANYON ROAD EAST,1,1,0,0,1,4, ,0,30,0,0,0,0,0,4,2,13
,2020-42724,39.7321,-104.99865,1/14/2020 9:57,9:57:00,15,0,0,SANTA FE DRIVE NORTH & 10TH AVENUE WEST,1,1,0,0,1,3, ,0,30,0,0,0,0,0,4,2,3
,2020-42725,39.67847,-104.92162,1/14/2020 10:05,10:05:00,10,0,3,EVANS AVENUE 5600 EAST & HOLLY STREET SOUTH,1,1,0,0,1,2, ,0,30,0,0,0,0,1,4,2,5
,2020-42726,39.66046454,-104.9735104,1/14/2020 11:25,11:25:00,10,0,0,DOWNING STREET SOUTH & DARTMOUTH AVENUE EAST,1,1,0,0,1,1, ,0,35,0,0,0,0,0,4,2,1
,2020-42727,39.76944,-104.84476,1/14/2020 12:18,12:18:00,3,0,0,QUENTIN STREET 3800 NORTH & 39TH AVENUE EAST,1,1,0,0,1,1, ,0,25,0,0,0,0,0,4,2,7
,2020-42728,39.75616,-104.99191,1/14/2020 12:35,12:35:00,12,0,2,22ND STREET 1600  & BLAKE STREET,1,1,0,0,1,4, ,0,30,0,0,0,0,1,4,2,3
,2020-42729,39.72911,-104.95787,1/14/2020 13:00,13:00:00,12,0,0,EIGHTH AVENUE 2400 EAST & JOSEPHINE STREET NORTH,1,1,0,0,1,3, ,0,30,0,0,0,0,0,4,2,14
,2020-42730,39.78435,-104.84703,1/14/2020 13:40,13:40:00,15,0,0,PEORIA STREET 4700 NORTH & 47TH AVENUE EAST,1,1,0,0,1,1, ,0,35,0,0,0,0,0,4,2,13
,2020-42731,39.71117054,-105.0038899,1/14/2020 14:35,14:35:00,12,0,2,ALAMEDA AVENUE WEST & NAVAJO STREET SOUTH,1,1,0,0,1,4, ,0,35,0,0,0,0,2,4,2,3
,2020-42732,39.75639,-104.98739,1/14/2020 15:40,15:40:00,3,0,2,BROADWAY STREET NORTH & 24TH STREET,1,1,0,0,1,1, ,0,30,0,0,0,0,1,4,2,13
,2020-42733,39.77856,-104.88298,1/14/2020 16:24,16:24:00,3,0,0,CENTRAL PARK AVENUE 4600 NORTH & 46TH AVENUE EAST,1,1,0,0,1,1, ,0,30,0,0,0,0,0,4,2,3
,2020-42734,39.7073,-104.92226,1/14/2020 17:00,17:00:00,12,0,0,HOLLY STREET SOUTH & LEETSDALE DRIVE,1,1,3,0,1,1, ,0,30,0,0,0,0,0,4,2,16
,2020-42735,39.72454,-105.03946,1/14/2020 17:08,17:08:00,1,0,0,PERRY STREET NORTH & FIFTH AVENUE WEST,1,1,0,0,1,1, ,0,25,0,0,0,0,0,4,2,3
,2020-42736,39.74794,-104.98611,1/14/2020 17:12,17:12:00,3,0,0,LINCOLN STREET NORTH & 20TH STREET,1,3,1,0,1,1, ,0,30,0,0,0,0,0,4,2,1
,2020-42737,39.79846152,-104.8785379,1/14/2020 17:30,17:30:00,12,0,1,56TH AVENUE EAST & CHESTER WAY NORTH,1,2,2,0,1,4, ,0,40,0,0,0,0,2,4,3,2
,2020-42738,39.71474,-104.98269,1/14/2020 18:09,18:09:00,6,0,0,LOGAN STREET 100 SOUTH & ELLSWORTH AVENUE EAST,1,3,0,0,1,3, ,0,30,0,0,0,0,0,4,2,3
,2020-42739,39.69306254,-105.0015319,1/14/2020 18:29,18:29:00,6,0,0,LIPAN STREET 1200  & LOUISIANA AVENUE WEST,1,3,0,0,1,4, ,0,,0,0,0,0,0,4,2,13
,2020-42740,39.72098,-104.96074,1/14/2020 19:00,19:00:00,3,0,0,THIRD AVENUE EAST & GAYLORD STREET NORTH,1,3,0,0,1,1, ,0,25,0,0,0,0,0,4,2,3
,2020-42741,39.68208,-104.91289,1/14/2020 19:02,19:02:00,1,0,2,MONACO STREET 1900 SOUTH & JEWELL AVENUE EAST,1,3,0,0,1,1, ,0,35,0,0,0,0,1,4,2,1
,2020-42742,39.77817,-104.92656,1/14/2020 19:18,19:18:00,5,0,0,GLENCOE STREET NORTH & 4431 NORTH GLENCOE STREET,1,3,1,0,3,7, ,0,15,0,0,0,0,0,4,1,14
,2020-42743,39.73871,-104.89875,1/14/2020 19:40,19:40:00,3,0,2,14TH AVENUE EAST & SYRACUSE STREET NORTH,1,3,0,0,1,1, ,0,30,0,0,0,0,1,4,2,13
,2020-42744,39.73485,-105.03207,1/14/2020 19:43,19:43:00,12,0,0,KNOX COURT NORTH & 12TH AVENUE WEST,1,3,0,0,1,3, ,0,30,0,0,0,0,0,4,2,13
,2020-42745,39.72093352,-104.9034406,1/14/2020 20:07,20:07:00,12,0,0,QUEBEC STREET & 200 NORTH,1,3,0,0,1,7, ,0,10,0,0,0,0,0,4,2,13
,2020-42746,39.71163,-104.95917,1/14/2020 20:15,20:15:00,12,0,0,UNIVERSITY B 200 SOUTH & ALAMEDA AVENUE EAST,1,3,1,0,1,3, ,0,30,0,0,0,0,0,4,2,13
,2020-42747,39.78185,-104.97864,1/14/2020 21:20,21:20:00,3,0,0,47TH AVENUE EAST & WASHINGTON STREET NORTH,1,3,0,0,1,2, ,0,25,0,0,0,0,0,4,2,13
,2020-42748,39.73924,-104.95182,1/15/2020 0:00,0:00:00,6,0,0,MILWAUKEE SOUTH 1400 NORTH & COLFAX AVENUE WEST,1,3,0,0,1,4, ,0,25,0,0,0,0,0,4,2,13
,2020-42749,39.65824,-105.03309,1/15/2020 0:00,0:00:00,8,0,0,JULIAN WAY 3200 SOUTH & FLOYD AVENUE WEST,1,3,2,0,1,3, ,0,,0,0,0,0,0,4,2,13
,2020-42750,39.791,-104.81723,1/15/2020 0:03,0:03:00,6,0,1,DEEPHAVEN COURT NORTH & DURHAM COURT NORTH,1,4,0,0,1,1, ,0,,0,0,0,0,0,4,2,13
,2020-42751,39.74139713,-104.9775573,1/15/2020 2:44,2:44:00,6,0,0,CLARKSON STREET 1500 NORTH & 16TH AVENUE EAST,1,3,0,0,1,4, ,0,,0,0,0,0,0,4,2,13
,2020-42752,39.78579094,-105.0089302,1/15/2020 3:55,3:55:00,6,0,0,RARITAN STREET & 4895 NORTH,1,3,0,0,1,3, ,0,25,0,0,0,0,0,4,2,8
,2020-42753,39.75122,-105.03462,1/15/2020 6:45,6:45:00,3,0,0,23RD AVENUE WEST & LOWELL B NORTH,1,1,0,0,1,1, ,0,30,0,0,0,0,0,4,2,13
,2020-42754,39.76568,-104.99495,1/15/2020 6:55,6:55:00,15,0,0,PARK AVENUE WEST & GLOBEVILLE ROAD NORTH,1,1,0,0,1,1, ,0,35,0,0,0,0,0,4,2,7
,2020-42755,39.72028,-104.90354,1/15/2020 6:58,6:58:00,15,0,0,QUEBEC STREET NORTH & SECOND AVENUE EAST,1,2,0,0,1,4, ,0,30,0,0,0,0,0,4,2,13
,2020-42756,39.7426,-104.90346,1/15/2020 7:30,7:30:00,12,0,0,QUEBEC STREET NORTH & BATAVIA PLACE EAST,1,1,0,0,1,1, ,0,30,0,0,0,0,0,4,3,13
,2020-42757,39.71653,-104.98146,1/15/2020 7:42,7:42:00,3,0,0,ELLSWORTH AVENUE EAST & PENNSYLVANIA STREET NORTH,1,1,0,0,1,1, ,0,30,0,0,0,0,0,4,2,13
,2020-42758,39.74045,-104.99657,1/15/2020 7:47,7:47:00,12,0,0,WELTON STREET 1100  & 12TH STREET,1,1,0,0,1,4, ,0,,0,0,0,0,0,4,2,13
,2020-42759,39.74196,-104.99986,1/15/2020 7:55,7:55:00,15,0,0,SPEER B NORTH & KALAMATH STREET NORTH,1,1,0,0,1,4, ,0,35,0,0,0,0,0,4,2,13
,2020-42760,39.62815,-104.90696,1/15/2020 8:04,8:04:00,1,0,0,NEWPORT STREET SOUTH & UNION AVENUE EAST,1,1,1,0,1,1, ,0,25,0,0,0,0,0,4,2,3
,2020-42761,39.76806,-105.01742,1/15/2020 8:05,8:05:00,3,0,0,37TH AVENUE WEST & ALCOTT STREET NORTH,1,1,0,0,1,1, ,0,25,0,0,0,0,0,4,2,13
,2020-42762,39.69721,-105.05267,1/15/2020 8:05,8:05:00,12,0,0,MORRISON ROAD 5000  & TENNESSEE AVENUE WEST,11,1,1,0,1,3, ,0,35,0,0,0,0,0,4,2,3
,2020-42763,39.78456,-104.81959,1/15/2020 8:41,8:41:00,3,0,0,DILLON STREET NORTH & DULUTH COURT NORTH,1,1,0,0,1,1, ,0,25,0,0,0,0,0,4,2,7
,2020-42764,39.74851,-104.98443,1/15/2020 8:55,8:55:00,3,0,0,21ST STREET & GLENARM PLACE,1,1,0,0,1,1, ,0,25,0,0,0,0,0,4,2,14
,2020-42765,39.72893,-104.99056,1/15/2020 8:55,8:55:00,12,0,1,EIGHTH AVENUE WEST & SPEER B NORTH,1,1,0,0,1,3, ,0,35,0,0,0,0,1,4,2,13
,2020-42766,39.79460051,-104.7721895,1/15/2020 9:00,9:00:00,15,0,1,TOWER ROAD NORTH & 54TH AVENUE EAST,1,1,0,0,1,4, ,0,45,0,0,0,0,1,4,2,13
,2020-42767,39.74026,-104.98739,1/15/2020 9:15,9:15:00,12,0,0,BROADWAY STREET 1500 NORTH & 14TH AVENUE EAST,1,1,0,0,1,4, ,0,30,0,0,0,0,0,4,2,14
,2020-42768,39.65901,-105.03347,1/15/2020 11:00,11:00:00,5,0,0,FLOYD AVENUE & 3403 WEST,1,3,1,0,2,4, ,0,,0,0,0,0,0,4,1,13
,2020-42769,39.72012,-104.97755,1/15/2020 11:19,11:19:00,12,0,0,SPEER B EAST & CLARKSON STREET NORTH,1,1,0,0,1,3, ,0,30,0,0,0,0,0,4,2,3
,2020-42770,39.70935254,-105.0109684,1/15/2020 11:41,11:41:00,6,0,0,DAKOTA AVENUE WEST & TEJON STREET SOUTH,1,1,1,0,1,4, ,0,25,0,0,0,0,0,4,2,7
,2020-42771,39.74612,-104.99097,1/15/2020 11:54,11:54:00,6,0,0,17TH STREET & CALIFORNIA STREET,1,1,0,0,1,4, ,0,25,0,0,0,0,0,4,2,3
,2020-42772,39.76816,-104.97211,1/15/2020 11:55,11:55:00,12,0,0,37TH AVENUE 1300 EAST & MARION STREET NORTH,1,1,0,0,1,4, ,0,25,0,0,0,0,0,4,2,13
,2020-42773,39.71778,-104.9498,1/15/2020 12:24,12:24:00,15,0,0,STEELE STREET NORTH & FIRST AVENUE EAST,1,1,0,0,1,4, ,0,30,0,0,0,0,0,4,2,6
,2020-42774,39.75320053,-105.0025804,1/15/2020 12:38,12:38:00,15,0,0,WEWATTA STREET & 16TH STREET,1,1,0,0,1,1, ,0,30,0,0,0,0,0,4,2,8
,2020-42775,39.77508,-104.90337,1/15/2020 13:23,13:23:00,15,0,0,QUEBEC STREET 4000 NORTH & SMITH ROAD,1,1,1,0,1,4, ,0,40,0,0,0,0,0,4,2,8
,2020-42776,39.74577,-104.9709,1/15/2020 14:15,14:15:00,15,0,0,19TH AVENUE EAST & LAFAYETTE STREET NORTH,1,1,0,0,1,4, ,0,25,0,0,0,0,0,4,2,14
,2020-42777,39.75884352,-104.8658119,1/15/2020 14:35,14:35:00,3,0,3,MLK BOULEVARD EAST & HAVANA STREET,1,1,0,0,1,1, ,0,35,0,0,0,0,2,4,2,14
,2020-42778,39.77665989,-104.847018,1/15/2020 14:53,14:53:00,1,0,0,PEORIA STREET NORTH & 44TH AVENUE EAST,1,1,0,0,1,1, ,0,35,0,0,0,0,0,4,2,13
,2020-42779,39.77947,-104.95824,1/15/2020 15:00,15:00:00,10,0,0,JOSEPHINE STREET 4500 NORTH & 46TH AVENUE EAST,1,1,0,0,1,4, ,0,25,0,0,0,0,0,4,2,8
,2020-42780,39.75483,-105.02053,1/15/2020 15:30,15:30:00,6,0,0,26TH AVENUE WEST & CLAY STREET NORTH,1,1,0,0,1,4, ,0,25,0,0,0,0,0,4,2,13
,2020-42781,39.66775,-105.07869,1/15/2020 16:08,16:08:00,12,0,0,WEBSTER STREET SOUTH & YALE AVENUE WEST,1,1,1,0,1,3, ,0,25,0,0,0,0,0,4,2,3
,2020-42782,39.76215094,-104.8925485,1/15/2020 16:10,16:10:00,5,0,0,48TH STREET EAST & UINTA STREET NORTH,1,1,0,0,2,6, ,0,15,0,0,0,0,0,4,1,13
,2020-42783,39.83781839,-104.7717569,1/15/2020 16:15,16:15:00,12,0,0,PENA B IN 7750  & TOWER B,1,1,0,0,1,4, ,0,,0,0,0,0,0,4,3,7
,2020-42784,39.74749,-104.97696,1/15/2020 16:17,16:17:00,3,0,2,CLARKSON STREET NORTH & 20TH AVENUE EAST,1,1,0,0,1,1, ,0,30,0,0,0,0,1,4,2,8
,2020-42785,39.71298,-104.98633,1/15/2020 17:15,17:15:00,3,0,0,LINCOLN STREET SOUTH & CEDAR AVENUE EAST,1,3,0,0,1,1, ,0,30,0,0,0,0,0,4,2,13
,2020-42786,39.74894421,-104.9996027,1/15/2020 17:16,17:16:00,12,0,0,BLAKE STREET 1400  & 15TH STREET,1,2,0,0,1,4, ,0,25,0,0,0,0,0,4,2,13
,2020-42787,39.8333815,-104.771969,1/15/2020 17:57,17:57:00,3,0,0,TOWER ROAD NORTH & PENA BOULEVARD NORTH,1,3,0,0,1,2, ,0,45,0,0,0,0,0,4,3,13
,2020-42788,39.74744,-104.89756,1/15/2020 18:06,18:06:00,3,0,1,MONTVIEW B EAST & SPRUCE STREET NORTH,1,3,0,0,1,1, ,0,25,0,0,0,0,0,4,2,1
,2020-42789,39.70898,-104.87538,1/15/2020 19:00,19:00:00,12,0,0,ALAMEDA AVENUE EAST & DAYTON STREET SOUTH,1,3,0,0,1,3, ,0,30,0,0,0,0,0,4,3,16
,2020-42790,39.7182,-104.97323,1/15/2020 20:35,20:35:00,3,0,0,DOWNING STREET NORTH & FIRST AVENUE EAST,1,3,0,0,1,1, ,0,35,0,0,0,0,0,4,2,13
,2020-42791,39.74891,-104.98739,1/15/2020 20:47,20:47:00,12,0,0,20TH STREET 600  & WELTON STREET NORTH,1,3,0,0,1,4, ,0,30,0,0,0,0,0,4,2,3
,2020-42792,39.7983,-104.77209,1/15/2020 21:20,21:20:00,1,0,4,56TH AVENUE EAST & TOWER ROAD NORTH,1,3,0,0,1,1, ,0,45,0,0,0,0,3,4,2,1
,2020-42793,39.73528,-104.98423,1/15/2020 21:48,21:48:00,12,0,0,12TH AVENUE 200 EAST & GRANT STREET NORTH,1,3,0,0,1,4, ,0,30,0,0,0,0,0,4,2,5
,2020-42794,39.77971452,-104.9317099,1/15/2020 23:30,23:30:00,12,0,0,DAHLIA STREET NORTH & STAPLETON DRIVE,1,3,0,0,1,1, ,0,30,0,0,0,0,0,4,2,13
,2020-42795,39.64077,-105.05308,1/16/2020 2:55,2:55:00,5,0,1,SHERIDAN BOULEVARD 4200 SOUTH & QUINCY AVENUE WEST,1,3,0,0,3,4, ,0,35,0,0,0,0,1,4,1,13
,2020-42796,39.73129,-104.94399,1/16/2020 4:00,4:00:00,5,0,0,GARFIELD STREET 900 NORTH & 10TH STREET EAST,1,4,0,0,3,5, ,0,,0,0,0,0,0,4,1,13
,2020-42797,39.8380525,-104.715449,1/16/2020 5:18,5:18:00,14,0,0,78TH AVENUE EAST & GUN CLUB ROAD,1,3,0,0,1,3, ,0,45,0,0,0,0,0,4,2,13
,2020-42798,39.71483354,-105.0109819,1/16/2020 7:56,7:56:00,10,0,0,BAYAUD AVENUE 1500 WEST & TEJON STREET SOUTH,1,1,0,0,1,4, ,0,25,0,0,0,0,0,4,2,13
,2020-42799,39.75187753,-105.0008884,1/16/2020 8:17,8:17:00,11,0,1,WYNKOOP STREET & 16TH STREET,1,1,0,0,1,3, ,0,0,0,1,0,0,3,4,2,16
,2020-42800,39.72924,-104.93163,1/16/2020 10:20,10:20:00,12,0,0,EIGHTH AVENUE EAST & DAHLIA STREET NORTH,1,3,0,0,1,4, ,0,,0,0,0,0,0,4,2,16
,2020-42801,39.67846,-104.91281,1/16/2020 11:00,11:00:00,15,0,0,EVANS AVENUE EAST & MONACO STREET SOUTH,1,1,0,0,1,3, ,0,35,0,0,0,0,0,4,2,14
,2020-42802,39.67039,-104.97347,1/16/2020 11:24,11:24:00,15,0,0,DOWNING STREET 2500 SOUTH & HARVARD AVENUE EAST,1,1,0,0,1,4, ,0,30,0,0,0,0,0,4,2,13
,2020-42803,39.71828,-104.95922,1/16/2020 11:50,11:50:00,12,0,0,FIRST AVENUE EAST & UNIVERSITY BOULEVARD NORTH,1,1,0,0,1,3, ,0,,0,0,0,0,0,4,2,13
,2020-42804,39.74948,-104.97696,1/16/2020 12:03,12:03:00,6,0,0,CLARKSON STREET NORTH & 22ND AVENUE EAST,1,1,0,0,1,4, ,0,25,0,0,0,0,0,4,2,13
,2020-42805,39.74696,-104.97754,1/16/2020 12:17,12:17:00,3,0,0,PARK AVENUE WEST & CLARKSON STREET NORTH,1,1,0,0,1,1, ,0,30,0,0,0,0,0,4,2,14
,2020-42806,39.67672,-104.98344,1/16/2020 12:18,12:18:00,14,0,0,WARREN AVENUE 300 EAST & LOGAN STREET SOUTH,4,1,0,0,1,4, ,0,30,0,0,0,0,0,4,2,8
,2020-42807,39.68934,-104.93111,1/16/2020 12:21,12:21:00,12,0,0,FLORIDA AVENUE 4800 EAST & DAHLIA STREET SOUTH,1,1,0,0,1,4, ,0,25,0,0,0,0,0,4,2,13
,2020-42808,39.72207,-104.93273,1/16/2020 13:53,13:53:00,6,0,0,DEXTER STREET 300 NORTH & THIRD AVENUE EAST,1,1,0,0,1,4, ,0,,0,0,0,0,0,4,2,13
,2020-42809,39.71653,-104.97748,1/16/2020 14:08,14:08:00,6,0,0,ELLSWORTH AVENUE EAST & EMERSON STREET SOUTH,1,1,0,0,1,4, ,0,25,0,0,0,0,0,4,3,13
,2020-42811,39.70024,-104.9176,1/16/2020 14:50,14:50:00,3,0,0,KEARNEY STREET SOUTH & KENTUCKY AVENUE EAST,1,1,0,0,1,1, ,0,25,0,0,0,0,0,4,2,7
,2020-42812,39.76213,-105.03696,1/16/2020 16:00,16:00:00,3,0,0,NEWTON STREET NORTH & 32ND AVENUE WEST,1,1,1,0,1,1, ,0,25,0,0,0,0,0,4,2,13
,2020-42813,39.73404,-104.88801,1/16/2020 16:33,16:33:00,5,0,0,WILLOW STREET & 1144 NORTH,1,1,0,0,3,1, ,0,25,0,0,0,0,0,4,2,9
,2020-42814,39.62413,-104.88526,1/16/2020 16:34,16:34:00,5,0,1,BELLEVIEW AVENUE EAST & YOSEMITE STREET SOUTH,1,3,0,0,3,1, ,0,35,0,0,0,0,1,4,1,10
,2020-42815,39.71118,-104.9924,1/16/2020 16:38,16:38:00,12,0,0,ALAMEDA AVENUE WEST & CHEROKEE STREET SOUTH,1,2,0,0,1,3, ,0,35,0,0,0,0,0,4,3,1