id,drcog_id,latitude,longitude,crashtime,time,crashtype,numbkilled,numbinjurd,drcoglocat,rdconditin,lightngcon,roadcntgrd,weatherco,location,roaddescrp,schoolzone,constrzone,splimit,bikeinv,pedinv,sctrinv,motoinv,svrty,rdsystem,ttlvehcls,hcf
,2020-42816,39.71316,-104.99922,1/16/2020 17:11,17:11:00,12,0,0,KALAMATH STREET & 200 SOUTH,1,2,1,0,1,4, ,0,45,0,0,0,0,0,4,3,13
,2020-42817,39.74744,-104.89875,1/16/2020 17:14,17:14:00,1,0,0,SYRACUSE STREET NORTH & MONTEVIEW B EAST,1,3,0,0,1,1, ,0,30,0,0,0,0,0,4,2,1
,2020-42818,39.78239,-104.84701,1/16/2020 17:16,17:16:00,15,0,0,PEORIA STREET NORTH & ALBROOK DRIVE EAST,1,3,0,0,1,3, ,0,45,0,0,0,0,0,4,2,1
,2020-42819,39.74379,-104.89988,1/16/2020 17:20,17:20:00,3,0,0,ROSEMARY STREET NORTH & 17TH AVENUE EAST,1,3,0,0,1,1, ,0,25,0,0,0,0,0,4,2,7
,2020-42820,39.68221,-105.03626,1/16/2020 17:31,17:31:00,3,0,2,MEADE STREET SOUTH & JEWELL AVENUE WEST,1,3,0,0,1,1, ,0,30,0,0,0,0,2,4,6,14
,2020-42821,39.65312,-104.90303,1/16/2020 17:44,17:44:00,12,0,0,HAMPDEN AVENUE 7300 EAST & TAMARAC DRIVE SOUTH,1,3,0,0,1,4, ,0,40,0,0,0,0,0,4,3,3
,2020-42822,39.75405553,-105.0015094,1/16/2020 17:45,17:45:00,12,0,0,WEWATTA STREET & 17TH STREET,1,3,0,0,1,4, ,0,30,0,0,0,0,0,4,2,13
,2020-42823,39.68232554,-105.0156709,1/16/2020 18:08,18:08:00,3,0,0,ZUNI STREET SOUTH & JEWELL AVENUE WEST,1,3,0,0,1,1, ,0,30,0,0,0,0,0,4,2,8
,2020-42824,39.67212,-104.9593,1/16/2020 18:18,18:18:00,11,0,1,UNIVERSITY BOULEVARD SOUTH & WESLEY AVENUE EAST,1,1,0,0,1,4, ,0,0,0,1,0,0,3,4,2,16
,2020-42825,39.62809,-104.89114,1/16/2020 18:20,18:20:00,12,0,0,DTC B 4800 SOUTH & UNION AVENUE EAST,1,3,0,0,1,4, ,0,35,0,0,0,0,0,4,2,13
,2020-42826,39.75615,-104.89072,1/16/2020 18:45,18:45:00,3,0,1,CENTRAL PARK B NORTH & 28TH AVENUE EAST,1,3,0,0,1,1, ,0,30,0,0,0,0,1,4,2,13
,2020-42827,39.76191,-104.91262,1/16/2020 18:59,18:59:00,3,0,0,MONACO STREET NORTH & MLK B EAST,1,3,0,0,1,1, ,0,30,0,0,0,0,0,4,3,4
,2020-42828,39.74001,-104.97648,1/16/2020 20:48,20:48:00,6,0,0,EMERSON STREET NORTH & COLFAX AVENUE EAST,1,4,0,0,1,4, ,0,30,0,0,0,0,0,4,6,13
,2020-42829,39.76574,-104.95975,1/16/2020 23:25,23:25:00,1,0,2,YORK STREET NORTH & 35TH AVENUE EAST,1,3,0,0,1,1, ,0,35,0,0,0,0,1,4,2,13
,2020-42830,39.73639165,-105.0001492,1/16/2020 23:51,23:51:00,6,0,0,KALAMATH STREET 1200 NORTH & 12TH AVENUE WEST,1,3,0,0,1,4, ,0,30,0,0,0,0,0,4,2,5
,2020-42831,39.63927,-105.05331,1/17/2020 3:24,3:24:00,5,0,0,SHERIDAN BOULEVARD 4300 SOUTH & QUINCY AVENUE WEST,1,3,0,0,2,4, ,0,,0,0,0,0,0,4,1,13
,2020-42832,39.74484,-104.97339,1/17/2020 6:08,6:08:00,3,0,0,DOWNING STREET NORTH & 18TH AVENUE EAST,1,3,0,0,1,1, ,0,30,0,0,0,0,0,4,2,13
,2020-42833,39.73593,-104.92057,1/17/2020 7:30,7:30:00,12,0,0,IVY STREET & 1200 NORTH,1,1,0,0,1,4, ,0,25,0,0,0,0,0,4,2,7
,2020-42834,39.68569,-104.94182,1/17/2020 7:36,7:36:00,3,0,0,HARRISON STREET SOUTH & MEXICO AVENUE EAST,1,1,0,0,1,1, ,0,30,0,0,0,0,0,4,2,13
,2020-42835,39.77411653,-105.0112204,1/17/2020 7:50,7:50:00,3,0,0,42ND AVENUE WEST & TEJON STREET NORTH,1,1,0,0,1,1, ,0,25,0,0,0,0,0,4,2,13
,2020-42836,39.71478,-104.94617,1/17/2020 8:32,8:32:00,1,0,0,MADISON STREET 100 SOUTH & CEDAR AVENUE EAST,1,1,0,0,1,4, ,0,25,0,0,0,0,0,4,2,13
,2020-42837,39.76936,-105.0486,1/17/2020 8:35,8:35:00,11,0,1,38TH AVENUE WEST & WOLFF STREET NORTH,1,1,0,0,1,1, ,0,25,0,1,0,0,1,4,2,14
,2020-42838,39.7356,-104.88468,1/17/2020 8:50,8:50:00,3,0,0,YOSEMITE STREET 1100 NORTH & 11TH AVENUE EAST,1,1,0,0,1,2, ,0,35,0,0,0,0,0,4,2,13
,2020-42839,39.74164,-104.96476,1/17/2020 9:00,9:00:00,3,0,0,16TH AVENUE EAST & HIGH STREET NORTH,1,1,0,0,1,1, ,0,25,0,0,0,0,0,4,2,13
,2020-42840,39.74165,-104.96968,1/17/2020 9:06,9:06:00,3,0,1,HUMBOLDT STREET NORTH & 16TH AVENUE EAST,1,1,0,0,1,1, ,0,30,0,0,0,0,1,4,2,13
,2020-42841,39.83191956,-104.692874,1/17/2020 9:10,9:10:00,3,0,0,JACKSON GAP STREET NORTH & 75TH AVENUE EAST,1,1,0,0,1,1, ,0,45,0,0,0,0,0,4,2,14
,2020-42842,39.67130953,-104.8699294,1/17/2020 9:29,9:29:00,10,0,1,VASSAR DRIVE 9800 EAST & HARVARD AVENUE EAST,1,1,1,0,1,2, ,0,25,0,0,0,0,1,4,2,1
,2020-42843,39.72636,-104.96017,1/17/2020 9:55,9:55:00,12,0,1,YORK STREET 600 NORTH & SEVENTH AVENUE PARKWAY EAST,1,1,0,0,1,4, ,0,30,0,0,0,0,0,4,2,6
,2020-42844,39.76949017,-104.9734502,1/17/2020 11:18,11:18:00,12,0,0,DOWNING STREET NORTH & 3500 NORTH,1,1,0,0,1,4, ,0,30,0,0,0,0,0,4,2,7
,2020-42845,39.76439653,-105.0029314,1/17/2020 11:20,11:20:00,6,0,0,34TH AVENUE 1300 WEST & MARIPOSA STREET NORTH,1,1,1,0,1,5, ,0,20,0,0,0,0,0,4,2,13
,2020-42846,39.76936,-104.89964,1/17/2020 11:20,11:20:00,3,0,0,SYRACUSE STREET NORTH & 38TH AVENUE EAST,1,1,0,0,1,1, ,0,25,0,0,0,0,0,4,2,13
,2020-42847,39.76927453,-105.0111799,1/17/2020 11:28,11:28:00,6,0,0,38TH AVENUE 1900 WEST & TEJON STREET NORTH,1,1,0,0,1,4, ,0,30,0,0,0,0,0,4,2,13
,2020-42848,39.75278,-104.98741,1/17/2020 11:35,11:35:00,10,0,0,BROADWAY STREET NORTH & 22ND STREET,1,1,0,0,1,1, ,0,25,0,0,0,0,0,4,2,14
,2020-42849,39.75589,-104.98924,1/17/2020 11:35,11:35:00,12,0,0,PARK AVENUE WEST 1300  & MARKET STREET,1,1,0,0,1,4, ,0,35,0,0,0,0,0,4,2,13
,2020-42850,39.7194,-104.95463,1/17/2020 12:00,12:00:00,6,0,0,SECOND AVENUE EAST & DETROIT STREET NORTH,1,1,0,0,1,4, ,0,30,0,0,0,0,0,4,2,14
,2020-42851,39.72204254,-105.0141994,1/17/2020 12:03,12:03:00,6,0,0,FOURTH AVENUE WEST & WYANDOT STREET NORTH,1,1,0,0,1,1, ,0,,0,0,0,0,0,4,2,13
,2020-42852,39.74488,-104.98548,1/17/2020 12:15,12:15:00,15,0,0,18TH AVENUE 100 EAST & SHERMAN STREET NORTH,1,1,1,0,1,4, ,0,30,0,0,0,0,0,4,2,13
,2020-42853,39.75199,-104.97813,1/17/2020 13:25,13:25:00,3,0,1,24TH AVENUE EAST & WASHINGTON AVENUE NORTH,1,1,0,0,1,1, ,0,25,0,0,0,0,2,4,2,8
,2020-42854,39.77292,-104.86581,1/17/2020 15:02,15:02:00,12,0,0,40TH AVENUE EAST & HAVANA STREET NORTH,1,1,0,0,1,1, ,0,40,0,0,0,0,0,4,2,13
,2020-42855,39.73766,-104.98231,1/17/2020 15:07,15:07:00,15,0,0,LOGAN STREET 1300 NORTH & 14TH AVENUE EAST,1,1,0,0,1,4, ,0,30,0,0,0,0,0,4,2,14
,2020-42856,39.76514,-104.97211,1/17/2020 15:15,15:15:00,15,0,0,MARION STREET 3400 NORTH & BRUCE RANDOLPH AVENUE EAST,1,1,0,0,1,4, ,0,25,0,0,0,0,0,4,2,13
,2020-42857,39.74686,-104.98611,1/17/2020 15:33,15:33:00,12,0,0,LINCOLN STREET NORTH & 19TH AVENUE EAST,1,1,0,0,1,4, ,0,30,0,0,0,0,0,4,2,13
,2020-42858,39.66949,-104.99055,1/17/2020 16:29,16:29:00,8,0,0,VASSAR AVENUE WEST & CHEROKEE STREET SOUTH,1,2,0,0,1,4, ,1,25,0,0,0,0,0,4,3,1
,2020-42859,39.76751,-105.04314,1/17/2020 16:42,16:42:00,1,0,0,37TH AVENUE WEST & TENNYSON STREET NORTH,1,1,0,0,1,2, ,0,25,0,0,0,0,0,4,2,13
,2020-42860,39.73844,-104.99166,1/17/2020 17:55,17:55:00,10,0,0,14TH AVENUE WEST & CHEROKEE STREET NORTH,1,3,0,0,1,1, ,0,30,0,0,0,0,0,4,2,13
,2020-42861,39.77799,-104.77207,1/17/2020 18:00,18:00:00,3,0,1,TOWER ROAD NORTH & 45TH AVENUE EAST,1,3,0,0,1,1, ,0,35,0,0,0,0,1,4,2,8
,2020-42862,39.69674354,-105.0093709,1/17/2020 18:28,18:28:00,3,0,1,MISSISSIPPI AVENUE WEST & RARITAN STREET SOUTH,1,3,0,0,1,3, ,0,35,0,0,0,0,1,4,3,7
,2020-42863,39.71828,-104.95922,1/17/2020 18:36,18:36:00,15,0,1,FIRST AVENUE EAST & UNIVERSITY B NORTH,1,3,0,0,1,1, ,0,35,0,0,0,0,1,4,2,1
,2020-42864,39.68936,-104.92338,1/17/2020 20:00,20:00:00,12,0,0,FLORIDA AVENUE 5500 EAST & HOLLY STREET SOUTH,1,3,0,0,1,4, ,0,,0,0,0,0,0,4,2,13
,2020-42865,39.70952,-104.94605,1/17/2020 20:04,20:04:00,3,0,1,CHERRY CREEK DRIVE SOUTHEAST & GARFIELD STREET SOUTH,1,3,0,0,1,1, ,0,25,0,0,0,0,2,4,2,1
,2020-42866,39.72048,-104.97913,1/17/2020 20:18,20:18:00,3,0,2,SPEER B EAST & WASHINGTON AVENUE NORTH,1,3,0,0,1,1, ,0,30,0,0,0,0,1,4,2,13
,2020-42867,39.69843,-104.9804,1/18/2020 2:11,2:11:00,6,0,0,PEARL STREET SOUTH & TENNESSEE AVENUE EAST,1,4,0,0,1,4, ,0,25,0,0,0,0,0,4,2,3
,2020-42868,39.75775,-104.99858,1/18/2020 3:45,3:45:00,12,0,0,20TH STREET & CHESTNUT PLACE,1,3,0,0,1,1, ,0,,0,0,0,0,0,4,2,13
,2020-42869,39.77838,-105.04862,1/18/2020 11:00,11:00:00,6,0,0,45TH AVENUE & 4800 EAST,1,1,0,0,1,3, ,0,25,0,0,0,0,0,4,2,13
,2020-42870,39.71884,-104.95936,1/18/2020 11:09,11:09:00,12,0,0,UNIVERSITY B 100 NORTH & FIRST AVENUE EAST,1,1,0,0,1,4, ,0,30,0,0,0,0,0,4,2,13
,2020-42871,39.72911,-104.95903,1/18/2020 12:34,12:34:00,3,0,0,EIGHTH AVENUE EAST & JOSEPHINE STREET NORTH,1,1,0,0,1,1, ,0,30,0,0,0,0,0,4,2,8
,2020-42872,39.75229153,-105.0038584,1/18/2020 14:00,14:00:00,1,0,1,15TH STREET & DELGANY STREET,1,3,0,0,1,1, ,0,30,0,0,0,0,2,4,2,13
,2020-42873,39.68495,-105.02979,1/18/2020 14:25,14:25:00,3,0,1,IRVING STREET SOUTH & COLORADO AVENUE WEST,1,1,0,0,1,1, ,0,25,0,0,0,0,1,4,2,1
,2020-42874,39.73844,-104.98359,1/18/2020 14:58,14:58:00,3,0,0,14TH AVENUE EAST & GRANT STREET NORTH,1,1,0,0,1,1, ,0,30,0,0,0,0,0,4,2,13
,2020-42875,39.73045,-104.9874,1/18/2020 15:21,15:21:00,3,0,0,BROADWAY STREET NORTH & NINTH AVENUE EAST,1,1,0,0,1,1, ,0,30,0,0,0,0,0,4,3,9
,2020-42876,39.77639,-104.94753,1/18/2020 15:27,15:27:00,12,0,0,43RD AVENUE EAST & COOK STREET NORTH,1,1,0,0,1,4, ,0,25,0,0,0,0,0,4,2,3
,2020-42877,39.71114353,-104.9875819,1/18/2020 16:01,16:01:00,1,0,1,ALAMEDA AVENUE EAST & ALAMEDA AVENUE 4200 EAST,1,1,0,0,1,1, ,0,35,0,0,0,0,0,4,2,13
,2020-42878,39.72909,-104.9874,1/18/2020 17:30,17:30:00,10,0,0,EIGHTH AVENUE EAST & BROADWAY STREET NORTH,1,2,0,0,1,1, ,0,30,0,0,0,0,0,4,2,13
,2020-42879,39.75368,-104.99597,1/18/2020 18:40,18:40:00,15,0,0,19TH STREET 1500  & BLAKE STREET,1,3,0,0,1,4, ,0,25,0,0,0,0,0,4,2,16
,2020-42880,39.77797,-104.76731,1/18/2020 19:33,19:33:00,11,0,1,45TH AVENUE EAST & BISCAY STREET NORTH,1,3,0,0,1,1, ,0,0,0,1,0,0,2,4,2,16
,2020-42881,39.73849453,-105.0052579,1/18/2020 20:30,20:30:00,6,0,0,14TH AVENUE WEST & OSAGE STREET NORTH,1,3,0,0,1,4, ,0,,0,0,0,0,0,4,2,13
,2020-42882,39.70022,-104.93288,1/18/2020 21:53,21:53:00,6,0,0,DEXTER STREET SOUTH & KENTUCKY AVENUE EAST,1,3,0,0,1,4, ,0,25,0,0,0,0,0,4,2,3
,2020-42883,39.72133,-105.04329,1/18/2020 22:20,22:20:00,6,0,0,STUART STREET NORTH & THIRD AVENUE WEST,1,3,0,0,1,4, ,0,25,0,0,0,0,0,4,2,5
,2020-42884,39.71112,-104.98038,1/18/2020 22:27,22:27:00,1,0,0,PEARL STREET SOUTH & ALAMEDA AVENUE EAST,1,3,0,0,1,1, ,0,30,0,0,0,0,0,4,2,13
,2020-42885,39.72826,-105.03947,1/18/2020 23:00,23:00:00,5,0,0,SEVENTH AVENUE WEST & PEORIA STREET NORTH,1,3,0,0,2,4, ,0,25,0,0,0,0,0,4,1,5
,2020-42886,39.68209,-104.90348,1/18/2020 23:18,23:18:00,15,0,0,QUEBEC STREET SOUTH & JEWELL AVENUE EAST,1,4,0,0,1,1, ,0,35,0,0,0,0,0,4,2,1
,2020-42887,39.71117054,-105.0038899,1/18/2020 23:22,23:22:00,12,0,0,ALAMEDA AVENUE 1200 WEST & NAVAJO STREET SOUTH,1,3,0,0,1,4, ,0,30,0,0,0,0,0,4,2,13
,2020-42888,39.7113,-104.91286,1/18/2020 23:45,23:45:00,12,0,1,MONACO STREET SOUTH & ALAMEDA AVENUE EAST,1,3,0,0,1,1, ,0,35,0,0,0,0,1,4,2,16
,2020-42889,39.76929,-104.9622,1/19/2020 1:15,1:15:00,5,0,0,38TH AVENUE EAST & VINE STREET NORTH,1,3,0,0,1,4, ,0,25,0,0,0,0,0,4,1,13
,2020-42890,39.75808755,-105.0017059,1/19/2020 2:22,2:22:00,5,0,0,19TH STREET & 2000,1,3,0,0,4,4, ,0,25,0,0,0,0,0,4,1,5
,2020-42891,39.72255,-104.98623,1/19/2020 2:39,2:39:00,3,0,1,FOURTH AVENUE EAST & LINCOLN STREET NORTH,1,4,0,0,1,1, ,0,35,0,0,0,0,0,4,4,5
,2020-42892,39.79518,-104.74333,1/19/2020 3:41,3:41:00,5,0,1,MAXWELL PLACE EAST & MALAYA STREET NORTH,1,3,0,0,2,4, ,0,25,0,0,0,0,1,4,1,1
,2020-42893,39.73685,-104.98739,1/19/2020 4:29,4:29:00,12,0,0,13TH AVENUE WEST & BROADWAY STREET NORTH,1,3,0,0,1,1, ,0,,0,0,0,0,0,4,2,13
,2020-42894,39.7837,-104.77212,1/19/2020 7:04,7:04:00,12,0,1,TOWER ROAD NORTH & GREEN VALLEY RANCH B EAST,1,2,0,0,1,3, ,0,40,0,0,0,0,1,4,2,13
,2020-42895,39.67490954,-104.9840179,1/19/2020 9:15,9:15:00,6,0,0,GRANT STREET SOUTH & ILIFF AVENUE EAST,1,1,0,0,1,4, ,0,25,0,0,0,0,0,4,2,13
,2020-42896,39.79834,-104.85001,1/19/2020 10:21,10:21:00,10,0,0,56TH AVENUE EAST & OSWEGO STREET NORTH,1,1,0,0,1,1, ,0,45,0,0,0,0,0,4,2,3
,2020-42897,39.74067,-104.88994,1/19/2020 10:50,10:50:00,3,0,0,COLFAX AVENUE EAST  & 8400 EAST,4,1,0,0,1,5, ,0,15,0,0,0,0,0,4,2,3
,2020-42898,39.71828,-104.95922,1/19/2020 11:35,11:35:00,12,0,0,FIRST AVENUE EAST & UNIVERSITY B NORTH,1,1,0,0,1,1, ,0,30,0,0,0,0,0,4,2,13
,2020-42899,39.80456351,-104.8686019,1/19/2020 12:00,12:00:00,5,0,0,59TH PLACE EAST & GALENA STREET NORTH,1,1,0,0,1,4, ,0,35,0,0,0,0,0,4,1,7
,2020-42900,39.74653,-104.88465,1/19/2020 12:18,12:18:00,10,0,0,YOSEMITE STREET NORTH & 1900,1,1,0,0,1,4, ,0,30,0,0,0,0,0,4,2,3
,2020-42901,39.73685,-104.98739,1/19/2020 12:20,12:20:00,12,0,0,13TH AVENUE 000 EAST & BROADWAY STREET NORTH,1,1,1,0,1,3, ,0,30,0,0,0,0,0,4,2,13
,2020-42902,39.73686,-104.99572,1/19/2020 15:10,15:10:00,12,0,0,13TH AVENUE WEST & SPEER B NORTH,1,1,0,0,1,4, ,0,35,0,0,0,0,0,4,2,13
,2020-42903,39.69882,-104.90354,1/19/2020 16:19,16:19:00,3,0,0,QUEBEC STREET SOUTH & LEETSDALE DRIVE,1,1,1,0,1,2, ,0,35,0,0,0,0,0,4,2,13
,2020-42904,39.73466,-104.97215,1/19/2020 16:39,16:39:00,6,0,0,MARION STREET NORTH & 11TH AVENUE EAST,1,1,0,0,1,4, ,0,30,0,0,0,0,0,4,2,13
,2020-42905,39.71532,-104.95923,1/19/2020 19:05,19:05:00,3,0,0,UNIVERSITY BOULEVARD SOUTH & CHERRY CREEK DRIVE SOUTHEAST,1,3,0,0,1,1, ,0,35,0,0,0,0,0,4,2,8
,2020-42906,39.72907,-104.98615,1/19/2020 20:59,20:59:00,6,0,0,LINCOLN STREET NORTH & EIGHTH AVENUE EAST,1,3,0,0,1,4, ,0,30,0,0,0,0,0,4,3,14
,2020-42907,39.74946,-104.99533,1/19/2020 21:16,21:16:00,3,0,3,17TH STREET & LAWRENCE STREET,1,3,0,0,1,1, ,0,30,0,0,0,0,2,4,3,5
,2020-42908,39.6784,-104.92163,1/19/2020 22:00,22:00:00,15,0,0,EVANS AVENUE EAST & HOLLY STREET SOUTH,1,3,0,0,1,3, ,0,40,0,0,0,0,0,4,2,1
,2020-42909,39.78616,-104.95079,1/19/2020 23:28,23:28:00,6,0,0,STREET PAUL STREET NORTH & 49TH AVENUE EAST,1,3,0,0,1,4, ,0,25,0,0,0,0,0,4,2,1
,2020-42910,39.73455,-104.98359,1/20/2020 1:50,1:50:00,6,0,0,GRANT STREET 1100 NORTH & 11TH AVENUE EAST,1,3,0,0,1,4, ,0,25,0,0,0,0,0,4,3,5
,2020-42911,39.72751,-105.01928,1/20/2020 5:44,5:44:00,10,0,0,SEVENTH AVENUE 2600 WEST & CANOSA COURT NORTH,1,3,0,0,1,3, ,0,30,0,0,0,0,0,4,2,13
,2020-42912,39.71471,-104.9403,1/20/2020 6:14,6:14:00,15,0,0,LEETSDALE DRIVE & BAYAUD AVENUE EAST,1,2,0,0,1,1, ,0,30,0,0,0,0,0,4,2,13
,2020-42913,39.71657,-105.03247,1/20/2020 7:45,7:45:00,3,0,2,ELLSWORTH AVENUE WEST & KNOX COURT SOUTH,1,1,0,0,1,1, ,0,25,0,0,0,0,1,4,2,13
,2020-42914,39.7822,-104.87625,1/20/2020 7:52,7:52:00,5,0,1,NORTHFIELD BOULEVARD EAST & DALLAS STREET NORTH,1,1,0,0,2,4, ,0,40,0,0,0,0,1,4,2,1
,2020-42915,39.78343,-104.93162,1/20/2020 8:30,8:30:00,3,0,0,DAHLIA STREET NORTH & 48TH AVENUE EAST,1,1,0,0,1,1, ,0,35,0,0,0,0,0,4,2,1
,2020-42916,39.77109,-104.84704,1/20/2020 8:53,8:53:00,3,0,0,PEORIA STREET NORTH & 39TH AVENUE EAST,1,1,0,0,1,1, ,0,35,0,0,0,0,0,4,2,8
,2020-42917,39.73759,-104.95628,1/20/2020 10:44,10:44:00,12,0,0,ELIZABETH SOUTH 1300 NORTH & 14TH AVENUE EAST,1,1,0,0,1,4, ,0,25,0,0,0,0,0,4,2,16
,2020-42918,39.71660653,-105.0015184,1/20/2020 11:21,11:21:00,3,0,0,ELLSWORTH AVENUE WEST & LIPAN STREET NORTH,1,1,0,0,1,5, ,0,25,0,0,0,0,0,4,2,13
,2020-42919,39.66830354,-104.9407099,1/20/2020 12:29,12:29:00,15,0,0,YALE AVENUE EAST & COLORADO B SOUTH,1,1,0,0,1,4, ,0,35,0,0,0,0,0,4,2,13
,2020-42920,39.77291,-104.95415,1/20/2020 12:39,12:39:00,12,0,0,40TH AVENUE EAST & CLAYTON STREET NORTH,1,1,0,0,1,1, ,0,30,0,0,0,0,0,4,2,3
,2020-42921,39.71120654,-105.0109909,1/20/2020 13:41,13:41:00,12,0,0,TEJON STREET 200 SOUTH & ALAMEDA AVENUE WEST,1,1,1,0,1,4, ,0,25,0,0,0,0,0,4,2,13
,2020-42922,39.74851153,-105.0031204,1/20/2020 16:10,16:10:00,12,0,0,BLAKE STREET 1300  & SPEER BOULEVARD NORTH,1,2,0,0,1,3, ,0,,0,0,0,0,0,4,2,13
,2020-42923,39.64071,-104.90669,1/20/2020 17:15,17:15:00,12,0,0,PRINCETON AVENUE EAST & OLIVE STREET SOUTH,1,3,0,0,1,1, ,0,25,0,0,0,0,0,4,2,3
,2020-42924,39.75761,-104.85912,1/20/2020 18:00,18:00:00,14,0,0,HAVANA WAY NORTH & KINGSTON STREET NORTH,1,4,0,0,1,1, ,0,35,0,0,0,0,0,4,2,2
,2020-42925,39.75788053,-104.9917399,1/20/2020 18:56,18:56:00,15,0,0,PARK AVENUE WEST & WAZEE STREET,1,3,0,0,1,4, ,0,30,0,0,0,0,0,4,2,13
,2020-42926,39.77704,-104.95531,1/20/2020 19:00,19:00:00,6,0,0,THOMPSON COURT 4300 NORTH & 43RD AVENUE EAST,1,3,0,0,1,3, ,0,25,0,0,0,0,0,4,2,14
,2020-42927,39.75405553,-105.0015094,1/20/2020 20:48,20:48:00,2,0,1,17TH STREET & WEWATTA STREET,1,3,0,0,1,1, ,0,0,1,0,0,0,2,4,2,16
,2020-42928,39.67039,-104.98758,1/20/2020 21:10,21:10:00,6,0,1,BROADWAY STREET SOUTH & HARVARD AVENUE,1,3,0,0,1,4, ,0,30,0,0,0,0,2,4,3,3
,2020-42929,39.75313641,-105.0084494,1/21/2020 6:41,6:41:00,15,0,0,SPEER BOULEVARD NORTH & 1700,1,2,0,0,1,4, ,0,30,0,0,0,0,0,4,2,3
,2020-42930,39.72464,-104.9839,1/21/2020 7:25,7:25:00,5,0,0,SPEER B 295 EAST & GRANT STREET NORTH,1,1,0,0,3,4, ,0,,0,0,0,0,0,4,1,16
,2020-42931,39.73764,-104.9848,1/21/2020 10:16,10:16:00,6,0,0,SHERMAN STREET 1300 NORTH & 14TH AVENUE EAST,1,1,0,0,1,4, ,0,25,0,0,0,0,0,4,2,13
,2020-42932,39.62413,-104.90888,1/21/2020 11:52,11:52:00,12,0,0,BELLEVIEW AVENUE EAST & NIAGARA STREET SOUTH,1,1,1,0,1,3, ,0,40,0,0,0,0,0,4,2,13
,2020-42933,39.72733,-105.01834,1/21/2020 12:20,12:20:00,5,0,0,BRYANT STREET & 688 NORTH,1,1,0,0,3,5, ,0,,0,0,0,0,0,4,1,13
,2020-42934,39.78703,-104.89224,1/21/2020 12:20,12:20:00,3,0,0,49TH PLACE EAST & VALENTIA STREET NORTH,1,1,0,0,1,1, ,0,25,0,0,0,0,0,4,2,13
,2020-42935,39.76076053,-105.0158014,1/21/2020 12:20,12:20:00,11,0,1,31ST AVENUE WEST & ZUNI STREET NORTH,1,1,0,0,1,1, ,0,25,0,1,0,0,2,4,2,13
,2020-42936,39.7113,-104.91286,1/21/2020 13:15,13:15:00,12,0,0,ALAMEDA AVENUE EAST & MONACO STREET SOUTH,1,1,0,0,1,1, ,0,30,0,0,0,0,0,4,2,3
,2020-42937,39.7384,-104.96348,1/21/2020 13:20,13:20:00,3,0,0,RACE STREET NORTH & 14TH AVENUE EAST,1,1,0,0,1,1, ,0,25,0,0,0,0,0,4,2,7
,2020-42938,39.69674354,-105.0093709,1/21/2020 13:50,13:50:00,6,0,0,RARITAN STREET SOUTH & MISSISSIPPI AVENUE WEST,1,1,1,0,1,4, ,0,25,0,0,0,0,0,4,2,3
,2020-42939,39.69973,-105.02976,1/21/2020 14:01,14:01:00,12,0,5,IRVING STREET 900 SOUTH & KENTUCKY AVENUE WEST,1,1,0,0,1,4, ,0,25,0,0,0,0,1,4,2,3
,2020-42940,39.69337,-104.91289,1/21/2020 14:25,14:25:00,15,0,0,MONACO STREET SOUTH & CHERRY CREEK DRIVE SOUTHEAST,1,1,0,0,1,4, ,0,35,0,0,0,0,0,4,2,13
,2020-42941,39.76929,-105.02291,1/21/2020 14:37,14:37:00,3,0,0,ELIOT STREET NORTH & 38TH AVENUE WEST,1,1,1,0,1,1, ,0,25,0,0,0,0,0,4,2,13
,2020-42942,39.71833,-104.98144,1/21/2020 16:30,16:30:00,6,0,0,FIRST AVENUE EAST & PENNSYLVANIA STREET NORTH,1,1,0,0,1,3, ,0,25,0,0,0,0,0,4,2,13
,2020-42943,39.77273,-104.95942,1/21/2020 16:50,16:50:00,12,0,0,YORK STREET NORTH & 40TH AVENUE EAST,1,2,0,0,1,3, ,0,30,0,0,0,0,0,4,2,1
,2020-42944,39.74891,-104.9874,1/21/2020 16:56,16:56:00,15,0,0,20TH STREET & BROADWAY STREET NORTH,1,2,0,0,1,3, ,0,25,0,0,0,0,0,4,2,13
,2020-42945,39.74741352,-104.8810894,1/21/2020 17:15,17:15:00,12,0,2,MONTVIEW B EAST & BEELER STREET,1,2,0,0,1,4, ,0,30,0,0,0,0,1,4,4,14
,2020-42946,39.78739,-104.95078,1/21/2020 17:28,17:28:00,5,0,0,50TH AVENUE EAST & STREET PAUL STREET NORTH,1,2,0,0,2,1, ,0,30,0,0,0,0,0,4,1,9
,2020-42947,39.78341352,-104.9315884,1/21/2020 17:30,17:30:00,5,0,0,48TH AVENUE EAST & DAHLIA STREET SOUTH,1,1,1,0,1,1, ,0,,0,0,0,0,0,4,1,16
,2020-42948,39.73847,-105.03698,1/21/2020 17:57,17:57:00,6,0,0,14TH AVENUE WEST & NEWTON STREET NORTH,1,3,0,0,1,4, ,0,25,0,0,0,0,0,4,2,13
,2020-42949,39.67846,-104.91879,1/21/2020 18:00,18:00:00,15,0,0,EVANS AVENUE EAST & JASMINE STREET SOUTH,1,3,0,0,1,3, ,0,30,0,0,0,0,0,4,3,3