id,drcog_id,latitude,longitude,crashtime,time,crashtype,numbkilled,numbinjurd,drcoglocat,rdconditin,lightngcon,roadcntgrd,weatherco,location,roaddescrp,schoolzone,constrzone,splimit,bikeinv,pedinv,sctrinv,motoinv,svrty,rdsystem,ttlvehcls,hcf
,2020-42950,39.76017553,-105.0068689,1/21/2020 18:21,18:21:00,15,0,1,CENTRAL STREET & 18TH STREET,1,3,0,0,1,1, ,0,25,0,0,0,0,1,4,2,13
,2020-42951,39.63931,-104.89282,1/21/2020 18:30,18:30:00,11,0,1,TAMARAC DRIVE SOUTH & PRINCETON AVENUE EAST,1,4,1,0,1,1, ,0,30,0,1,0,0,1,4,2,13
,2020-42952,39.62411,-104.89464,1/21/2020 19:01,19:01:00,12,0,1,BELLEVIEW AVENUE 8100 EAST & ULSTER STREET SOUTH,1,3,0,0,1,4, ,0,35,0,0,0,0,1,4,3,13
,2020-42953,39.79838951,-104.7873005,1/21/2020 19:19,19:19:00,3,0,0,56TH AVENUE 16600 EAST & PENA BOULEVARD NORTH,1,3,0,0,1,1, ,0,45,0,0,0,0,0,4,2,8
,2020-42954,39.75644953,-105.0092989,1/21/2020 21:16,21:16:00,3,0,0,15TH STREET & PLATTE STREET,1,3,0,0,1,1, ,0,25,0,0,0,0,0,4,2,3
,2020-42955,39.7113,-104.91286,1/21/2020 21:25,21:25:00,3,0,2,MONACO STREET SOUTH & ALAMEDA AVENUE EAST,1,3,0,0,1,1, ,0,35,0,0,0,0,0,4,3,13
,2020-42956,39.73713,-104.91244,1/21/2020 22:02,22:02:00,15,0,0,13TH AVENUE EAST & MONACO STREET NORTH,1,3,0,0,1,1, ,0,35,0,0,0,0,0,4,2,13
,2020-42957,39.7286478,-105.0815185,1/22/2020 6:32,6:32:00,12,0,0,BROADWAY STREET 700 NORTH & SEVENTH AVENUE EAST,1,2,0,0,1,4, ,0,,0,0,0,0,0,4,2,13
,2020-42958,39.79704,-104.90341,1/22/2020 6:39,6:39:00,12,0,1,QUEBEC STREET 5400 NORTH & 54TH PLACE,1,2,0,0,1,4, ,0,35,0,0,0,0,2,4,3,3
,2020-42959,39.74486017,-104.9821436,1/22/2020 7:58,7:58:00,12,0,0,18TH AVENUE 300 EAST & LOGAN STREET NORTH,1,1,0,0,1,4, ,0,30,0,0,0,0,0,4,2,13
,2020-42960,39.74324,-104.97213,1/22/2020 7:59,7:59:00,10,0,0,17TH AVENUE EAST & MARION STREET NORTH,1,1,0,0,1,1, ,0,25,0,0,0,0,0,4,2,14
,2020-42961,39.70372,-104.98749,1/22/2020 8:26,8:26:00,15,0,0,BROADWAY STREET 700 SOUTH & EXPOSITION AVENUE EAST,1,1,0,0,1,4, ,0,30,0,0,0,0,0,4,2,13
,2020-42962,39.73833,-104.94289,1/22/2020 8:58,8:58:00,3,0,1,14TH AVENUE EAST & JACKSON STREET NORTH,1,1,0,0,1,1, ,0,25,0,0,0,0,1,4,2,7
,2020-42963,39.67484,-104.95938,1/22/2020 9:02,9:02:00,12,0,0,UNIVERSITY B SOUTH & ILIFF AVENUE EAST,1,1,1,0,1,4, ,0,30,0,0,0,0,0,4,2,13
,2020-42964,39.71941,-104.95101,1/22/2020 9:04,9:04:00,3,0,0,SECOND AVENUE EAST & STREET PAUL STREET NORTH,1,1,0,0,1,1, ,0,25,0,0,0,0,0,4,2,1
,2020-42965,39.76196652,-104.9034409,1/22/2020 9:33,9:33:00,15,0,0,QUEBEC STREET NORTH & MLK B,1,1,0,0,1,4, ,0,35,0,0,0,0,0,4,2,13
,2020-42966,39.76143,-104.90346,1/22/2020 9:33,9:33:00,3,0,0,MLK B EAST & QUEBEC STREET NORTH,1,1,0,0,1,1, ,0,35,0,0,0,0,0,4,2,13
,2020-42967,39.76404,-104.98895,1/22/2020 9:56,9:56:00,15,0,0,DELGANY STREET & 2797 DELGANY STREET,1,1,0,0,1,4, ,0,25,0,0,0,0,0,4,2,14
,2020-42968,39.67939,-104.96757,1/22/2020 10:22,10:22:00,6,0,0,GILPIN STREET SOUTH & ASBURY AVENUE EAST,1,1,0,0,1,4, ,0,25,0,0,0,0,0,4,2,13
,2020-42969,39.67847,-104.92227,1/22/2020 10:53,10:53:00,5,0,1,EVANS AVENUE EAST & HOLLY STREET SOUTH,1,1,0,0,3,1, ,0,30,0,0,0,0,2,4,1,10
,2020-42970,39.76323553,-105.0112204,1/22/2020 11:40,11:40:00,6,0,0,33RD AVENUE 1900 WEST & TEJON AVENUE,1,1,1,0,1,4, ,0,,0,0,0,0,0,4,2,13
,2020-42971,39.68666,-104.92839,1/22/2020 11:59,11:59:00,6,0,1,FAIRFAX STREET & 1600 SOUTH,1,1,0,0,1,4, ,0,25,0,0,0,0,3,4,2,5
,2020-42972,39.69337,-104.91289,1/22/2020 12:00,12:00:00,6,0,1,MONACO STREET 1200 SOUTH & ARIZONA AVENUE EAST,1,1,0,0,1,4, ,0,35,0,0,0,0,1,4,2,7
,2020-42973,39.74843953,-105.0033589,1/22/2020 12:07,12:07:00,1,0,0,SPEER B NORTH & AURARIA PARKWAY,1,1,1,0,1,1, ,0,35,0,0,0,0,0,4,2,13
,2020-42974,39.75161653,-105.0029809,1/22/2020 12:28,12:28:00,2,0,1,15TH STREET & WEWATTA STREET,1,1,0,0,1,1, ,0,25,1,0,0,0,1,4,2,14
,2020-42975,39.67721,-104.92227,1/22/2020 12:35,12:35:00,6,0,1,HOLLY STREET 2100 SOUTH & EVANS AVENUE EAST,1,1,0,0,1,4, ,0,30,0,0,0,0,3,4,2,5
,2020-42976,39.72662,-104.98743,1/22/2020 13:16,13:16:00,12,0,0,SPEER B NORTH & BROADWAY STREET NORTH,1,1,0,0,1,1, ,0,30,0,0,0,0,0,4,2,13
,2020-42977,39.68229,-105.05266,1/22/2020 13:17,13:17:00,15,0,0,JEWELL AVENUE 5100 WEST & SHERIDAN B SOUTH,1,1,0,0,1,4, ,0,30,0,0,0,0,0,4,2,13
,2020-42978,39.63871155,-105.0844219,1/22/2020 13:35,13:35:00,12,0,0,ZEPHYR STREET 4300 SOUTH & QUINCY AVENUE WEST,1,1,0,0,1,3, ,0,30,0,0,0,0,0,4,2,13
,2020-42979,39.76575553,-104.9683714,1/22/2020 14:07,14:07:00,3,0,0,35TH AVENUE & FRANKLIN STREET NORTH,1,1,0,0,1,1, ,0,25,0,0,0,0,0,4,2,7
,2020-42980,39.8380255,-104.7097205,1/22/2020 14:37,14:37:00,15,0,0,78TH AVENUE EAST & CALAWBA STREET NORTH,1,1,0,0,1,4, ,0,45,0,0,0,0,0,4,2,3
,2020-42981,39.73304,-105.04477,1/22/2020 14:47,14:47:00,2,0,1,10TH AVENUE WEST & TENNYSON STREET NORTH,1,1,1,0,1,5, ,0,30,1,0,0,0,1,4,2,13
,2020-42982,39.7384,-104.97302,1/22/2020 15:45,15:45:00,3,0,0,DOWNING STREET NORTH & 14TH AVENUE EAST,1,1,0,0,1,1, ,0,30,0,0,0,0,0,4,2,8
,2020-42983,39.74743,-104.91634,1/22/2020 16:05,16:05:00,3,0,0,KRAMERIA STREET NORTH & MONTEVIEW B EAST,1,1,0,0,1,1, ,0,25,0,0,0,0,0,4,2,1
,2020-42984,39.72891,-104.99861,1/22/2020 16:38,16:38:00,15,0,0,EIGHTH AVENUE WEST & SANTA FE DRIVE NORTH,1,1,0,0,1,3, ,0,35,0,0,0,0,0,4,2,13
,2020-42985,39.67846,-104.9252,1/22/2020 16:41,16:41:00,12,0,0,EVANS AVENUE EAST & GRAPE STREET SOUTH,1,2,0,0,1,3, ,0,35,0,0,0,0,0,4,3,8
,2020-42986,39.68822,-105.04426,1/22/2020 16:46,16:46:00,6,0,0,TENNYSON STREET SOUTH & IOWA AVENUE WEST,1,1,1,0,1,4, ,0,25,0,0,0,0,0,4,2,3
,2020-42987,39.65422754,-104.9073694,1/22/2020 17:15,17:15:00,6,0,0,GIRARD AVENUE EAST & OLEANDER STREET SOUTH,1,1,0,0,3,3, ,0,25,0,0,0,0,0,4,3,10
,2020-42988,39.76061,-104.90011,1/22/2020 17:53,17:53:00,1,0,0,ROSLYN STREET NORTH & MLK BOULEVARD EAST,1,3,0,0,1,1, ,0,35,0,0,0,0,0,4,2,13
,2020-42989,39.75840253,-105.0158689,1/22/2020 18:12,18:12:00,11,0,0,29TH AVENUE WEST & ZUNI STREET NORTH,1,3,0,0,1,1, ,0,35,0,1,0,0,0,4,3,7
,2020-42990,39.7093,-104.97338,1/22/2020 18:30,18:30:00,3,0,0,DOWNING STREET SOUTH & DAKOTA AVENUE EAST,1,3,0,0,1,1, ,0,25,0,0,0,0,0,4,2,3
,2020-42991,39.66772,-105.04175,1/22/2020 18:35,18:35:00,3,0,0,RALEIGH STREET SOUTH & YALE AVENUE WEST,1,3,1,0,1,1, ,0,25,0,0,0,0,0,4,2,3
,2020-42992,39.79834,-104.85001,1/22/2020 18:52,18:52:00,15,0,0,56TH AVENUE EAST & OSWEGO STREET NORTH,1,4,0,0,1,3, ,0,40,0,0,0,0,0,4,3,1
,2020-42993,39.76694,-104.95594,1/22/2020 18:55,18:55:00,3,0,0,ELIZABETH STREET NORTH & 36TH AVENUE EAST,1,3,0,0,1,1, ,0,25,0,0,0,0,0,4,2,1
,2020-42994,39.73829,-104.93385,1/22/2020 19:56,19:56:00,6,0,0,CHERRY STREET NORTH & 14TH AVENUE EAST,1,3,0,0,1,4, ,0,20,0,0,0,0,0,4,2,1
,2020-42995,39.73949,-104.89788,1/22/2020 21:37,21:37:00,6,0,0,SPRUCE STREET NORTH & 1447 NORTH SPRUCE STREET,1,4,0,0,1,4, ,0,20,0,0,0,0,0,4,2,13
,2020-42996,39.74846,-104.99404,1/22/2020 21:42,21:42:00,6,0,0,17TH STREET & CURTIS STREET,1,3,0,0,1,4, ,0,30,0,0,0,0,0,4,3,5
,2020-42997,39.63113,-105.09572,1/22/2020 21:45,21:45:00,5,0,0,TANFORAN DRIVE WEST & 8705 WEST TANFORAN DRIVE,1,3,0,0,3,4, ,0,20,0,0,0,0,0,4,1,14
,2020-42998,39.68666,-104.9863,1/22/2020 23:42,23:42:00,6,0,0,LINCOLN STREET 1600 SOUTH & IOWA AVENUE EAST,1,4,0,0,1,4, ,0,,0,0,0,0,0,4,2,13
,2020-42999,39.72887353,-105.0041014,1/23/2020 1:10,1:10:00,9,0,0,EIGHTH AVENUE WEST & NAVAJO STREET NORTH,1,3,2,0,1,4, ,0,,0,0,0,0,0,4,1,16
,2020-43000,39.83705883,-104.6929211,1/23/2020 5:15,5:15:00,12,0,1,JACKSON GAP 7700 NORTH & 78TH AVENUE EAST,1,3,0,0,1,4, ,0,35,0,0,0,0,1,4,2,13
,2020-43001,39.77109,-104.84704,1/23/2020 5:18,5:18:00,3,0,1,PEORIA STREET NORTH & 39TH AVENUE EAST,1,3,0,0,1,1, ,0,35,0,0,0,0,1,4,2,13
,2020-43002,39.83372403,-104.7716601,1/23/2020 6:15,6:15:00,12,0,1,PENA B 19150 & TOWER ROAD NORTH EXIT RAMP,1,3,0,0,1,4, ,0,45,0,0,0,0,1,4,2,14
,2020-43003,39.74000353,-104.9920099,1/23/2020 7:14,7:14:00,12,0,0,PENA B 8300 & LEVEL 5 DOOR 517 PARKING GARAGE,1,1,1,0,1,4, ,0,15,0,0,0,0,0,4,2,13
,2020-43004,39.75656,-104.92701,1/23/2020 7:50,7:50:00,6,0,0,28TH AVENUE EAST & FOREST STREET NORTH,1,1,0,0,1,4, ,0,15,0,0,0,0,0,4,2,13
,2020-43005,39.75603553,-105.0158419,1/23/2020 8:00,8:00:00,3,0,1,27TH AVENUE WEST & ZUNI STREET NORTH,1,1,1,0,1,1, ,0,25,0,0,0,0,1,4,2,13
,2020-43006,39.75597,-104.99044,1/23/2020 8:06,8:06:00,6,0,0,MARKET STREET 2200  & PARK AVENUE WEST,1,3,0,0,1,4, ,0,,0,0,0,0,0,4,2,13
,2020-43007,39.74481,-104.96598,1/23/2020 8:31,8:31:00,3,0,0,WILLIAMS STREET NORTH & 18TH AVENUE EAST,1,1,0,0,1,1, ,0,25,0,0,0,0,0,4,2,13
,2020-43008,39.74821,-104.961,1/23/2020 8:55,8:55:00,3,0,0,GAYLORD STREET NORTH & 21ST AVENUE EAST,1,1,0,0,1,1, ,0,25,0,0,0,0,0,4,2,14
,2020-43009,39.73844,-104.98359,1/23/2020 11:23,11:23:00,2,0,1,14TH AVENUE EAST & GRANT STREET NORTH,1,1,0,0,1,1, ,0,25,1,0,0,0,1,4,2,14
,2020-43010,39.73528,-104.98613,1/23/2020 13:05,13:05:00,11,0,1,12TH AVENUE EAST & LINCOLN STREET NORTH,1,1,0,0,1,1, ,0,35,0,1,0,0,3,4,2,13
,2020-43011,39.66534,-105.01686,1/23/2020 14:15,14:15:00,12,0,0,AMHERST AVENUE 2500 WEST & BRYANT STREET SOUTH,1,1,0,0,1,4, ,0,,0,0,0,0,0,4,2,16
,2020-43012,39.72727,-104.97994,1/23/2020 14:39,14:39:00,6,0,0,PEARL STREET NORTH & SEVENTH AVENUE EAST,1,1,0,0,1,3, ,0,25,0,0,0,0,0,4,2,13
,2020-43013,39.76699,-104.83533,1/23/2020 15:01,15:01:00,15,0,0,37TH AVENUE & 13000 EAST,1,1,0,0,1,4, ,0,25,0,0,0,0,0,4,2,13
,2020-43014,39.7414,-104.99884,1/23/2020 15:35,15:35:00,15,0,0,SPEER BOULEVARD NORTH & STOUT STREET,1,1,0,0,1,3, ,0,35,0,0,0,0,0,4,2,13
,2020-43015,39.7983,-104.80478,1/23/2020 15:38,15:38:00,10,0,0,56TH AVENUE 16000 EAST & PENA BOULEVARD,1,1,0,0,1,4, ,0,40,0,0,0,0,0,4,2,13
,2020-43016,39.7703,-104.97192,1/23/2020 15:38,15:38:00,12,0,0,38TH STREET & WALNUT STREET,1,1,1,0,1,3, ,0,30,0,0,0,0,0,4,2,1
,2020-43017,39.75103,-104.91239,1/23/2020 15:44,15:44:00,12,0,0,MONACO STREET NORTH & 23RD AVENUE EAST,1,1,0,0,1,1, ,0,,0,0,0,0,0,4,3,16
,2020-43018,39.76321,-105.0236,1/23/2020 16:07,16:07:00,3,0,0,33RD AVENUE WEST & ELIOT STREET NORTH,1,1,0,0,1,1, ,0,25,0,0,0,0,0,4,2,7
,2020-43019,39.67868954,-105.0156709,1/23/2020 16:47,16:47:00,3,0,0,EVANS AVENUE WEST & ZUNI STREET SOUTH,1,1,0,0,1,2, ,0,30,0,0,0,0,0,4,2,7
,2020-43020,39.68757,-104.9828,1/23/2020 17:19,17:19:00,1,0,0,IOWA AVENUE EAST & LOGAN STREET SOUTH,1,2,0,0,1,1, ,0,30,0,0,0,0,0,4,2,8
,2020-43021,39.75234553,-105.0075484,1/23/2020 17:31,17:31:00,12,0,0,SPEER B NORTH & ELITCH CIRCLE,1,3,0,0,1,1, ,0,35,0,0,0,0,0,4,4,3
,2020-43022,39.73368,-104.97759,1/23/2020 18:24,18:24:00,3,0,0,11TH AVENUE EAST & CLARKSON STREET NORTH,1,3,0,0,1,1, ,0,30,0,0,0,0,0,4,2,8
,2020-43023,39.75840253,-105.0158689,1/23/2020 20:32,20:32:00,3,0,2,ZUNI STREET NORTH & 29TH AVENUE WEST,1,3,1,0,1,1, ,0,35,0,0,0,0,1,4,2,1
,2020-43024,39.74985,-104.98614,1/23/2020 22:45,22:45:00,10,0,0,21ST STREET & CALIFORNIA STREET,1,3,0,0,1,1, ,0,30,0,0,0,0,0,4,2,14
,2020-43025,39.74739,-105.0272,1/23/2020 23:10,23:10:00,6,0,0,GROVE STREET NORTH & 1947 NORTH GROVE STREET,1,4,0,0,1,4, ,0,25,0,0,0,0,0,4,3,13
,2020-43026,39.75563,-104.86456,1/24/2020 5:36,5:36:00,6,0,0,IOLA STREET 2600 NORTH & 26TH AVENUE EAST,1,3,0,0,1,4, ,0,25,0,0,0,0,0,4,3,13
,2020-43027,39.77425152,-104.8471099,1/24/2020 6:19,6:19:00,15,0,1,PEORIA STREET NORTH & I70 EASTBOUND RAMPS,1,2,0,0,1,4, ,0,35,0,0,0,0,1,4,2,13
,2020-43028,39.77319,-104.80988,1/24/2020 6:28,6:28:00,15,0,0,CHAMBERS ROAD NORTH & 40TH AVENUE EAST,1,2,0,0,1,4, ,0,40,0,0,0,0,0,4,2,7
,2020-43029,39.74106,-104.94768,1/24/2020 7:50,7:50:00,6,0,0,COOK STREET NORTH & COLFAX AVENUE EAST,1,1,0,0,1,4, ,0,30,0,0,0,0,0,4,2,7
,2020-43030,39.7289,-104.99642,1/24/2020 8:44,8:44:00,15,0,1,EIGHTH AVENUE 700 WEST & INCA STREET NORTH,1,1,0,0,1,4, ,0,30,0,0,0,0,1,4,2,14
,2020-43031,39.75839,-104.90054,1/24/2020 8:50,8:50:00,10,0,0,ROSLYN STREET NORTH & 29TH PLACE EAST,1,1,0,0,1,6, ,0,25,0,0,0,0,0,4,2,13
,2020-43032,39.67847,-104.92869,1/24/2020 8:54,8:54:00,12,0,0,EVANS AVENUE EAST & DAHLIA STREET SOUTH,1,1,0,0,1,4, ,0,35,0,0,0,0,0,4,2,13
,2020-43033,39.77401,-104.84703,1/24/2020 9:47,9:47:00,15,0,0,PEORIA STREET NORTH & I70 EASTBOUND OFF RAMP,1,1,0,0,1,4, ,1,35,0,0,0,0,0,4,2,13
,2020-43034,39.73727,-104.89875,1/24/2020 10:00,10:00:00,3,0,0,SYRACUSE STREET NORTH & 13TH AVENUE EAST,1,1,1,0,1,1, ,0,30,0,0,0,0,0,4,3,3
,2020-43035,39.78379,-104.79797,1/24/2020 10:15,10:15:00,12,0,0,MEMPHIS STREET NORTH & GREEN VALLEY RANCH BOULEVARD EAST,1,1,0,0,1,2, ,0,40,0,0,0,0,0,4,2,13
,2020-43036,39.75576,-104.98896,1/24/2020 10:56,10:56:00,10,0,0,PARK AVENUE WEST & LARIMER STREET,1,1,0,0,1,1, ,0,30,0,0,0,0,0,4,2,13
,2020-43037,39.73684,-104.98362,1/24/2020 11:21,11:21:00,12,0,0,13TH AVENUE EAST & GRANT STREET NORTH,1,1,0,0,1,4, ,0,25,0,0,0,0,0,4,2,14
,2020-43038,39.75996,-104.98353,1/24/2020 11:30,11:30:00,6,0,0,LARIMER STREET 2700  & 27TH STREET,1,1,0,0,1,2, ,0,30,0,0,0,0,0,4,2,8
,2020-43039,39.67752,-104.95368,1/24/2020 11:30,11:30:00,6,0,0,FILLMORE STREET SOUTH & EVANS AVENUE EAST,1,1,0,0,1,4, ,0,25,0,0,0,0,0,4,2,13
,2020-43040,39.67845,-104.9385,1/24/2020 11:58,11:58:00,1,0,1,EVANS AVENUE EAST & ASH STREET SOUTH,1,1,0,0,1,1, ,0,35,0,0,0,0,1,4,2,13
,2020-43041,39.68931,-104.99659,1/24/2020 12:04,12:04:00,15,0,0,PLATTE RIVER DRIVE SOUTH & FLORIDA AVENUE WEST,1,1,0,0,1,1, ,1,40,0,0,0,0,0,4,2,13
,2020-43042,39.7383,-104.92343,1/24/2020 12:53,12:53:00,12,0,0,14TH AVENUE WEST & HUDSON STREET NORTH,1,1,0,0,1,5, ,0,30,0,0,0,0,0,4,2,3
,2020-43043,39.71163,-104.95917,1/24/2020 13:14,13:14:00,12,0,2,UNIVERSITY B 200 SOUTH & ALAMEDA AVENUE EAST,1,1,0,0,1,4, ,0,30,0,0,0,0,1,4,3,13
,2020-43044,39.71937,-104.9875,1/24/2020 13:33,13:33:00,12,0,0,BROADWAY STREET NORTH & SECOND AVENUE WEST,1,1,0,0,1,1, ,0,30,0,0,0,0,0,4,2,13
,2020-43045,39.78625109,-104.791086,1/24/2020 13:40,13:40:00,5,0,0,PENA BOULEVARD INBOUND 8300  & g,1,1,0,0,3,4, ,0,35,0,0,0,0,0,4,1,14
,2020-43046,39.77115,-105.04402,1/24/2020 14:09,14:09:00,6,0,0,39TH AVENUE WEST & TENNYSON STREET NORTH,1,1,1,0,1,4, ,0,25,0,0,0,0,0,4,2,13
,2020-43047,39.74395,-105.02996,1/24/2020 14:15,14:15:00,3,0,1,17TH AVENUE WEST & IRVING STREET NORTH,1,1,0,0,1,3, ,0,25,0,0,0,0,1,4,2,3
,2020-43048,39.71017,-104.9966,1/24/2020 14:28,14:28:00,12,0,0,SANTA FE DRIVE 300 SOUTH & ALAMEDA AVENUE WEST,1,1,0,0,1,4, ,0,30,0,0,0,0,0,4,2,13
,2020-43049,39.73764,-104.98361,1/24/2020 14:36,14:36:00,15,0,0,GRANT STREET & 1300 NORTH,1,1,0,0,1,4, ,0,30,0,0,0,0,0,4,2,13
,2020-43050,39.79831,-104.81108,1/24/2020 14:50,14:50:00,15,0,0,56TH AVENUE EAST & CHAMBERS ROAD NORTH / 15000 EAST,1,1,0,0,1,4, ,0,,0,0,0,0,0,4,2,13
,2020-43051,39.74404,-104.99192,1/24/2020 14:51,14:51:00,15,0,0,WELTON STREET & 1500,1,1,0,0,1,4, ,0,30,0,0,0,0,0,4,2,13
,2020-43052,39.75789,-104.89038,1/24/2020 15:06,15:06:00,15,0,0,CENTRAL PARK BOULEVARD NORTH & 29TH AVENUE EAST,1,1,0,0,1,4, ,0,35,0,0,0,0,0,4,2,13
,2020-43053,39.7911,-105.02395,1/24/2020 15:34,15:34:00,10,0,0,52ND AVENUE WEST & ELIOT STREET NORTH,1,1,0,0,1,3, ,0,30,0,0,0,0,0,4,2,7
,2020-43054,39.65432,-104.87385,1/24/2020 15:54,15:54:00,3,0,0,GIRARD AVENUE EAST & FLORENCE STREET SOUTH,1,1,0,0,1,2, ,0,10,0,0,0,0,0,4,2,1
,2020-43055,39.76927453,-105.0064414,1/24/2020 16:37,16:37:00,12,0,0,38TH AVENUE WEST & PECOS STREET NORTH,1,2,0,0,1,3, ,0,35,0,0,0,0,0,4,2,7
,2020-43056,39.68932,-104.94303,1/24/2020 17:00,17:00:00,3,0,0,JACKSON STREET SOUTH & FLORIDA AVENUE EAST,1,2,0,0,1,1, ,0,25,0,0,0,0,0,4,2,1
,2020-43057,39.71031,-105.02981,1/24/2020 17:40,17:40:00,1,0,0,IRVING STREET SOUTH & NEVADA PLACE WEST,1,3,0,0,1,1, ,0,25,0,0,0,0,0,4,2,3
,2020-43058,39.78589,-104.77094,1/24/2020 18:08,18:08:00,15,0,0,49TH AVENUE EAST & TOWER ROAD NORTH,1,3,0,0,1,3, ,0,25,0,0,0,0,0,4,2,13
,2020-43059,39.85052,-104.67965,1/24/2020 18:10,18:10:00,5,0,0,PENA BOULEVARD & 8496,1,3,0,0,1,7, ,0,25,0,0,0,0,0,4,1,1
,2020-43060,39.71121,-104.91113,1/24/2020 18:52,18:52:00,12,0,0,ALAMEDA AVENUE 6600 EAST & MONACO STREET SOUTH,1,3,0,0,1,3, ,0,35,0,0,0,0,0,4,2,13
,2020-43061,39.72019,-104.95705,1/24/2020 19:00,19:00:00,12,0,0,COLUMBINE STREET 200 NORTH & SECOND AVENUE EAST,1,3,0,0,1,4, ,0,25,0,0,0,0,0,4,2,13
,2020-43062,39.74893453,-105.0012394,1/24/2020 19:14,19:14:00,15,0,0,14TH COURT & BLAKE STREET,1,3,0,0,1,1, ,0,35,0,0,0,0,0,4,2,13
,2020-43063,39.73845,-104.99412,1/24/2020 20:20,20:20:00,6,0,0,14TH AVENUE 500 WEST & ELATI STREET NORTH,1,3,0,0,1,4, ,0,,0,0,0,0,0,4,2,13
,2020-43064,39.75987,-104.8902,1/24/2020 23:00,23:00:00,3,0,0,CENTRAL PARK B NORTH & MLK B EAST,1,3,0,0,1,1, ,0,35,0,0,0,0,0,4,2,13
,2020-43065,39.76441453,-105.0127684,1/25/2020 0:14,0:14:00,6,0,0,34TH AVENUE WEST & VALLEJO STREET NORTH,1,3,0,0,1,4, ,0,25,0,0,0,0,0,4,2,5
,2020-43066,39.78105,-104.79795,1/25/2020 3:56,3:56:00,5,0,0,ELK PLACE EAST & MEMPHIS STREET NORTH,1,3,0,0,2,4, ,1,30,0,0,0,0,0,4,1,2
,2020-43067,39.7306,-105.03622,1/25/2020 5:10,5:10:00,12,0,0,MEADE STREET NORTH & NINTH AVENUE WEST,1,3,0,0,1,4, ,0,,0,0,0,0,0,4,3,16
,2020-43068,39.782,-104.90174,1/25/2020 9:00,9:00:00,12,0,0,SAND CREEK ROAD NORTH & NORTHFIELD QUEBEC STREET NORTH,1,1,0,0,1,4, ,0,35,0,0,0,0,0,4,2,7
,2020-43069,39.74164,-104.97216,1/25/2020 9:51,9:51:00,2,0,1,MARION STREET NORTH & 16TH AVENUE EAST,1,1,0,0,1,1, ,0,30,1,0,0,0,2,4,2,13
,2020-43070,39.75373979,-105.0019155,1/25/2020 11:32,11:32:00,12,0,0,SPEER B NORTHBOUND & WEWATTA STREET,1,1,0,0,1,1, ,0,35,0,0,0,0,0,4,2,3
,2020-43071,39.78116,-104.92699,1/25/2020 13:04,13:04:00,3,0,1,47TH AVENUE EAST & FOREST STREET NORTH,1,1,0,0,1,1, ,0,30,0,0,0,0,1,4,2,13
,2020-43072,39.73515,-104.95744,1/25/2020 13:34,13:34:00,3,0,0,12TH AVENUE EAST & COLUMBINE STREET NORTH,1,1,0,0,1,5, ,0,25,0,0,0,0,0,4,2,13
,2020-43073,39.70388,-104.98749,1/25/2020 14:30,14:30:00,6,0,0,EXPOSITION AVENUE EAST & BROADWAY STREET SOUTH,1,1,0,0,1,4, ,0,25,0,0,0,0,0,4,2,13
,2020-43074,39.67846,-104.91738,1/25/2020 14:44,14:44:00,12,0,1,EVANS AVENUE 6000 EAST & JASMINE STREET SOUTH,1,1,0,0,1,3, ,0,40,0,0,0,0,1,4,2,13
,2020-43075,39.70777,-104.88654,1/25/2020 15:36,15:36:00,5,0,0,ALAMEDA AVENUE EAST  & XENIA STREET SOUTH,1,1,0,0,3,4, ,0,30,0,0,0,0,0,4,1,5
,2020-43076,39.76026,-105.02524,1/25/2020 16:40,16:40:00,15,0,0,SPEER B NORTH & FEDERAL B NORTH,1,1,1,0,1,4, ,0,35,0,0,0,0,0,4,2,13
,2020-43077,39.70519,-104.91727,1/25/2020 16:50,16:50:00,12,0,0,LEETSDALE DRIVE 6200  & EXPOSITION AVENUE EAST,1,1,0,0,1,1, ,0,35,0,0,0,0,0,4,3,13
,2020-43078,39.74733,-104.99983,1/25/2020 17:20,17:20:00,10,0,0,LARIMER STREET & 14TH STREET,11,1,0,0,1,1, ,0,25,0,0,0,1,0,4,2,8
,2020-43079,39.76534,-104.88584,1/25/2020 17:55,17:55:00,6,0,1,35TH AVENUE EAST & XAMTHIA STREET NORTH,1,3,0,0,1,4, ,0,25,0,0,0,0,1,4,3,5
,2020-43080,39.74767453,-105.0023194,1/25/2020 18:00,18:00:00,3,0,1,SPEER BOULEVARD NORTH & MARKET STREET,1,3,0,0,1,1, ,0,30,0,0,0,0,2,4,2,7
,2020-43081,39.74891,-104.9874,1/25/2020 18:12,18:12:00,15,0,0,BROADWAY STREET NORTH & 20TH STREET,1,3,0,0,1,4, ,0,30,0,0,0,0,0,4,2,8
,2020-43082,39.73713,-104.91244,1/25/2020 22:39,22:39:00,10,0,0,13TH AVENUE EAST & MONACO STREET NORTH,1,3,0,0,1,1, ,0,35,0,0,0,0,0,4,2,13
,2020-43083,39.78382753,-105.0111889,1/25/2020 22:46,22:46:00,5,0,0,TEJON STREET NORTH & 48TH AVENUE WEST,1,3,0,0,4,3, ,0,,0,0,0,0,0,4,1,16