id,drcog_id,latitude,longitude,crashtime,time,crashtype,numbkilled,numbinjurd,drcoglocat,rdconditin,lightngcon,roadcntgrd,weatherco,location,roaddescrp,schoolzone,constrzone,splimit,bikeinv,pedinv,sctrinv,motoinv,svrty,rdsystem,ttlvehcls,hcf
,2020-43084,39.75969,-104.98561,1/26/2020 1:23,1:23:00,8,0,0,WALNUT STREET & 26TH STREET,1,3,0,0,1,4, ,0,30,0,0,0,0,0,4,2,8
,2020-43085,39.74327,-104.98108,1/26/2020 1:55,1:55:00,3,0,2,17TH AVENUE EAST & PENNSYLVANIA STREET NORTH,1,3,0,0,1,1, ,0,30,0,0,0,0,0,4,2,13
,2020-43086,39.73798,-104.89396,1/26/2020 2:02,2:02:00,6,0,0,ULSTER STREET NORTH & 1300 NORTH,1,3,0,0,1,4, ,0,25,0,0,0,0,0,4,4,5
,2020-43087,39.73842,-104.97873,1/26/2020 2:05,2:05:00,15,0,0,14TH AVENUE EAST & CLARKSON STREET NORTH,1,3,0,0,1,1, ,0,20,0,0,0,0,0,4,2,13
,2020-43088,39.69668954,-105.0015184,1/26/2020 2:22,2:22:00,12,0,2,MISSISSIPPI 1100 WEST & LIPAN STREET SOUTH,1,3,0,0,1,4, ,0,35,0,0,0,0,1,4,2,5
,2020-43089,39.75342,-104.99199,1/26/2020 2:30,2:30:00,6,0,0,LARIMER STREET 2000  & 20TH STREET,1,3,0,0,1,4, ,0,,0,0,0,0,0,4,2,16
,2020-43090,39.75414,-104.9893,1/26/2020 2:40,2:40:00,5,0,0,22ND STREET & LAWRENCE STREET,1,3,0,0,3,1, ,0,30,0,0,0,0,0,4,1,16
,2020-43091,39.76213,-105.03344,1/26/2020 6:53,6:53:00,5,0,0,32ND AVENUE WEST & 3400 WEST,1,2,0,0,3,4, ,0,,0,0,0,0,0,4,1,13
,2020-43092,39.7821,-104.9529,1/26/2020 8:47,8:47:00,6,0,0,FILLMORE STREET NORTH & 48TH AVENUE EAST,1,1,0,0,1,4, ,0,25,0,0,0,0,0,4,2,13
,2020-43093,39.75488,-105.04402,1/26/2020 9:02,9:02:00,5,0,0,26TH AVENUE WEST & TENNYSON STREET NORTH,1,1,0,0,2,1, ,0,25,0,0,0,0,0,4,1,3
,2020-43094,39.67843,-104.95939,1/26/2020 9:44,9:44:00,12,0,0,UNIVERSITY BOULEVARD SOUTH & EVANS AVENUE EAST,1,3,0,0,1,4, ,0,35,0,0,0,0,0,4,2,13
,2020-43095,39.62504,-104.89945,1/26/2020 10:55,10:55:00,12,0,0,SYRACUSE STREET 5000 SOUTH & BELLVIEW AVENUE EAST,1,1,0,0,1,4, ,0,35,0,0,0,0,0,4,2,13
,2020-43096,39.78282852,-104.9560524,1/26/2020 11:05,11:05:00,3,0,0,ELIZABETH STREET & 1200,1,1,0,0,1,5, ,0,,0,0,0,0,0,4,2,13
,2020-43097,39.73684,-104.98362,1/26/2020 12:10,12:10:00,15,0,0,GRANT STREET 1300 NORTH & 13TH AVENUE EAST,1,1,0,0,1,4, ,0,30,0,0,0,0,0,4,2,13
,2020-43098,39.8073838,-104.7719574,1/26/2020 12:11,12:11:00,5,0,0,PENA B 6000  & TOWER ROAD NORTH,1,1,0,0,2,4, ,0,65,0,0,0,0,0,4,1,7
,2020-43099,39.75765553,-104.9986204,1/26/2020 12:50,12:50:00,12,0,0,20TH STREET 2000  & CHESTNUT PLACE,1,1,0,0,1,4, ,0,25,0,0,0,0,0,4,2,13
,2020-43100,39.63873774,-105.084455,1/26/2020 13:10,13:10:00,1,0,0,ZEOHYR STREET SOUTH & 4300 SOUTH,1,1,0,0,1,2, ,0,25,0,0,0,0,0,4,2,1
,2020-43101,39.76732,-104.89046,1/26/2020 14:00,14:00:00,5,0,1,CENTRAL PARK BOULEVARD NORTH & 36TH AVENUE EAST,1,1,0,0,2,1, ,0,35,0,0,0,0,1,4,1,13
,2020-43102,39.70009184,-105.0297699,1/26/2020 14:00,14:00:00,12,0,0,IRVING STREET 900 SOUTH & KENTUCKY AVENUE WEST,1,1,0,0,1,4, ,0,,0,0,0,0,0,4,2,16
,2020-43103,39.67476,-104.87084,1/26/2020 14:12,14:12:00,12,0,0,ILIFF AVENUE EAST & PARKER ROAD SOUTH,1,1,0,0,1,4, ,0,35,0,0,0,0,0,4,2,7
,2020-43104,39.77288,-104.94055,1/26/2020 14:26,14:26:00,15,0,0,40TH AVENUE EAST & COLORADO B NORTH,1,1,1,0,1,4, ,0,30,0,0,0,0,0,4,2,13
,2020-43105,39.73999,-104.95978,1/26/2020 14:45,14:45:00,10,0,0,YORK STREET NORTH & COLFAX AVENUE EAST,1,1,0,0,1,2, ,0,30,0,0,0,0,0,4,2,13
,2020-43106,39.75186,-104.98878,1/26/2020 15:19,15:19:00,3,0,1,21ST STREET & CURTIS STREET,1,1,0,0,1,1, ,0,30,0,0,0,0,0,4,2,5
,2020-43107,39.75185953,-104.9887519,1/26/2020 16:35,16:35:00,3,0,0,21ST STREET & CURTIS STREET,1,1,0,0,1,1, ,0,30,0,0,0,0,0,4,2,3
,2020-43108,39.75761,-104.96595,1/26/2020 16:38,16:38:00,5,0,0,WILLIAMS STREET NORTH & 2800 NORTH,1,1,0,0,3,4, ,0,25,0,0,0,0,0,4,1,5
,2020-43109,39.79838951,-104.7873005,1/26/2020 18:44,18:44:00,12,0,0,PENA BOULEVARD & 56TH AVENUE EAST,1,3,0,0,1,4, ,0,65,0,0,0,0,0,4,2,14
,2020-43110,39.78382753,-105.0111889,1/26/2020 21:58,21:58:00,6,0,0,48TH DRIVE WEST & TEJON STREET NORTH,1,3,0,0,1,4, ,0,30,0,0,0,0,0,4,2,3
,2020-43111,39.68948954,-105.0103789,1/26/2020 23:22,23:22:00,5,0,0,FLORIDA AVENUE WEST & SHOSHONE STREET SOUTH,1,3,0,0,2,3, ,0,35,0,0,0,0,0,4,1,5
,2020-43112,39.74896,-104.99951,1/27/2020 1:54,1:54:00,6,0,0,15TH STREET & MARKET STREET,1,3,0,0,1,4, ,0,30,0,0,0,0,0,4,2,5
,2020-43113,39.75051,-104.98739,1/27/2020 6:59,6:59:00,15,0,0,BROADWAY STREET 2000 NORTH & CURTIS STREET,1,3,0,0,1,4, ,0,30,0,0,0,0,0,4,2,13
,2020-43114,39.65118,-104.88482,1/27/2020 7:00,7:00:00,11,0,1,JEFFERSON AVENUE EAST & YOSEMITE STREET SOUTH,1,2,0,0,1,1, ,0,30,0,1,0,0,1,4,2,13
,2020-43115,39.72948,-105.05157,1/27/2020 7:12,7:12:00,6,0,0,EIGHTH AVENUE WEST & 5000 WEST,1,4,0,0,1,4, ,0,25,0,0,0,0,0,4,2,13
,2020-43116,39.71871,-104.96943,1/27/2020 7:23,7:23:00,5,0,0,HUMBOLDT STREET 1430 NORTH & ALLEY,1,2,0,7,3,5, ,0,25,0,0,0,0,0,4,1,13
,2020-43117,39.76596,-104.99486,1/27/2020 7:50,7:50:00,12,0,0,PARK AVENUE WEST 3400  & GLOBEVILLE ROAD,1,1,1,0,1,4, ,0,35,0,0,0,0,0,4,2,13
,2020-43118,39.72351,-104.88391,1/27/2020 8:00,8:00:00,10,0,0,YOSEMITE WAY NORTH & LOWRY BOULEVARD EAST,1,1,0,0,1,6, ,0,35,0,0,0,0,0,4,2,7
,2020-43119,39.70199,-104.98568,1/27/2020 8:21,8:21:00,6,0,0,OHIO AVENUE EAST & SHERMAN STREET SOUTH,1,1,0,0,1,4, ,0,25,0,0,0,0,0,4,2,13
,2020-43120,39.7455,-104.98741,1/27/2020 9:12,9:12:00,15,0,0,BROADWAY STREET 1800 NORTH & 18TH STREET,1,1,0,0,1,4, ,0,30,0,0,0,0,0,4,2,13
,2020-43121,39.74379,-104.95005,1/27/2020 9:40,9:40:00,15,0,0,17TH AVENUE EAST & STEEL STREET NORTH,1,1,0,0,1,4, ,0,30,0,0,0,0,0,4,2,8
,2020-43122,39.76927453,-105.0135109,1/27/2020 9:54,9:54:00,12,0,0,38TH AVENUE 2200 WEST & VALLEJO STREET NORTH,1,1,1,0,1,4, ,0,35,0,0,0,0,0,4,2,14
,2020-43123,39.74161,-104.95801,1/27/2020 11:00,11:00:00,3,0,0,16TH AVENUE EAST & JOSEPHINE STREET NORTH,1,1,0,0,1,2, ,0,25,0,0,0,0,0,4,2,7
,2020-43124,39.72566,-104.99047,1/27/2020 11:02,11:02:00,15,0,0,SIXTH AVENUE WEST & BANNOCK STREET NORTH,1,1,0,0,1,1, ,0,30,0,0,0,0,0,4,2,8
,2020-43125,39.75366,-104.99342,1/27/2020 12:11,12:11:00,1,0,0,20TH STREET & MARKET STREET,11,1,0,0,1,1, ,0,30,0,0,0,0,0,4,2,13
,2020-43126,39.68668,-104.98875,1/27/2020 12:33,12:33:00,14,0,0,ACOMA STREET SOUTH & IOWA AVENUE WEST,1,1,0,0,1,4, ,0,25,0,0,0,0,0,4,2,13
,2020-43127,39.78245,-104.85966,1/27/2020 13:10,13:10:00,12,0,1,47TH AVENUE 11000 EAST & KINGSTON STREET NORTH,1,1,0,0,1,2, ,0,35,0,0,0,0,1,4,2,13
,2020-43128,39.75789,-104.89038,1/27/2020 13:36,13:36:00,12,0,0,CENTRAL PARK B NORTH & 29TH AVENUE EAST,1,1,0,0,1,1, ,0,30,0,0,0,0,0,4,2,3
,2020-43129,39.73686,-104.97414,1/27/2020 14:00,14:00:00,12,0,1,13TH AVENUE 1100 EAST & CORONA STREET NORTH,1,1,0,0,1,3, ,0,30,0,0,0,0,1,4,3,13
,2020-43130,39.74094,-105.04163,1/27/2020 14:08,14:08:00,12,0,0,RALEIGH SOUTH 1500 NORTH & 16TH AVENUE WEST,1,1,1,0,1,4, ,0,,0,0,0,0,0,4,2,16
,2020-43131,39.78251,-104.86884,1/27/2020 14:10,14:10:00,3,0,0,GENEVA STREET NORTH & 47TH AVENUE EAST,1,1,0,0,1,1, ,0,30,0,0,0,0,0,4,2,13
,2020-43132,39.73687453,-105.0015679,1/27/2020 14:21,14:21:00,3,0,0,13TH AVENUE WEST & LIPAN STREET NORTH,1,1,0,0,1,1, ,0,25,0,0,0,0,0,4,4,5
,2020-43133,39.70385353,-104.9147089,1/27/2020 15:01,15:01:00,12,0,1,LEETSDALE DRIVE 6200  & EXPOSITION AVENUE SOUTH,1,1,0,0,1,3, ,0,35,0,0,0,0,1,4,2,13
,2020-43134,39.75079,-104.98492,1/27/2020 16:00,16:00:00,10,0,0,22ND STREET & CALIFORNIA STREET,1,1,0,0,1,1, ,0,30,0,0,0,0,0,4,2,8
,2020-43135,39.65407,-104.91293,1/27/2020 16:10,16:10:00,12,0,0,GIRARD AVENUE EAST & MONACO STREET SOUTH,1,1,0,0,1,3, ,0,35,0,0,0,0,0,4,2,13
,2020-43136,39.70897,-104.87539,1/27/2020 16:39,16:39:00,12,0,0,ALAMEDA AVENUE 9600  & DAYTON STREET SOUTH,1,1,0,0,1,4, ,0,40,0,0,0,0,0,4,2,13
,2020-43137,39.74446153,-105.0000289,1/27/2020 18:05,18:05:00,15,0,0,SPEER B NORTH & ARAPAHOE STREET,1,3,0,0,1,1, ,0,35,0,0,0,0,0,4,2,13
,2020-43138,39.73510153,-104.9128009,1/27/2020 18:25,18:25:00,3,0,0,MONACO STREET NORTH & 12TH AVENUE EAST,1,3,0,0,1,1, ,0,25,0,0,0,0,0,4,2,1
,2020-43139,39.78376,-104.8098,1/27/2020 19:58,19:58:00,2,0,1,CHAMBERS ROAD NORTH & GATEWAY AVENUE EAST,1,3,0,0,1,1, ,0,35,1,0,0,0,3,4,2,1
,2020-43140,39.73386,-104.99025,1/27/2020 20:20,20:20:00,1,0,0,BANNOCK STREET NORTH & 11TH AVENUE WEST,1,3,0,0,1,1, ,0,30,0,0,0,0,0,4,2,13
,2020-43141,39.65071,-105.05345,1/27/2020 20:20,20:20:00,14,0,0,KENYON AVENUE WEST & SHERIDAN BOULEVARD,1,3,0,0,1,4, ,0,10,0,0,0,0,0,2,2,14
,2020-43142,39.7029,-104.91284,1/27/2020 23:34,23:34:00,3,0,0,MONACO STREET SOUTH & LEETSDALE DRIVE,1,3,2,0,1,2, ,0,35,0,0,0,0,0,4,2,1
,2020-43143,39.75598,-104.9034,1/28/2020 2:00,2:00:00,5,0,0,QUEBEC STREET NORTH & 28TH AVENUE EAST,1,3,0,0,2,1, ,0,40,0,0,0,0,0,4,1,3
,2020-43144,39.69306254,-105.0015319,1/28/2020 6:05,6:05:00,6,0,0,LIPAN STREET SOUTH & LOUISIANA AVENUE WEST / 1300 SOUTH,1,3,0,0,1,4, ,0,25,0,0,0,0,0,4,2,14
,2020-43145,39.77466,-104.76979,1/28/2020 7:05,7:05:00,3,0,0,43RD AVENUE EAST & ANDES WAY NORTH,1,4,0,0,1,1, ,0,25,0,0,0,0,0,4,2,14
,2020-43146,39.6531,-104.90909,1/28/2020 7:26,7:26:00,12,0,0,HAMPDEN AVENUE EAST & ONEIDA WEST SOUTH,1,1,0,0,1,1, ,0,40,0,0,0,0,0,4,2,1
,2020-43147,39.77894,-104.82074,1/28/2020 7:34,7:34:00,1,0,0,46TH AVENUE EAST & DEARBORN STREET NORTH,1,1,0,0,1,1, ,0,25,0,0,0,0,0,4,2,14
,2020-43148,39.75186,-104.98878,1/28/2020 7:49,7:49:00,3,0,0,21ST STREET & CURTIS STREET,1,1,0,0,1,1, ,0,25,0,0,0,0,0,4,2,13
,2020-43149,39.65033,-105.04876,1/28/2020 7:50,7:50:00,12,0,0,KENYON AVENUE 4800 WEST & SHERIDAN B SOUTH,1,1,0,0,1,4, ,0,35,0,0,0,0,0,4,2,7
,2020-43150,39.63344654,-104.885279,1/28/2020 8:09,8:09:00,12,0,0,YOSEMITE STREET SOUTH & TUFTS AVENUE EAST,1,1,0,0,1,1, ,0,35,0,0,0,0,0,4,3,13
,2020-43151,39.65309,-104.91535,1/28/2020 8:13,8:13:00,12,0,0,HAMPDEN AVENUE EAST & LOCUST STREET SOUTH,1,1,0,0,1,4, ,0,40,0,0,0,0,0,4,3,3
,2020-43152,39.73677,-104.94728,1/28/2020 8:43,8:43:00,6,0,0,13TH AVENUE EAST & ADAMS STREET NORTH,1,1,0,0,1,4, ,0,30,0,0,0,0,0,4,2,14
,2020-43153,39.83225379,-104.7157096,1/28/2020 8:50,8:50:00,15,0,0,75TH AVENUE EAST & GUN CLUB ROAD NORTH,1,1,0,0,1,1, ,0,45,0,0,0,0,0,4,2,8
,2020-43154,39.7821,-104.85784,1/28/2020 9:06,9:06:00,10,0,0,47TH AVENUE EAST & LIMA STREET,1,1,0,0,1,1, ,0,30,0,0,0,0,0,4,2,7
,2020-43155,39.74481,-104.96476,1/28/2020 10:25,10:25:00,10,0,0,18TH AVENUE EAST & HIGH STREET NORTH,1,1,0,0,1,1, ,0,30,0,0,0,0,0,4,2,8
,2020-43156,39.76451,-104.97334,1/28/2020 12:01,12:01:00,6,0,0,BRUCE RANDOLPH AVENUE EAST & DOWNING STREET NORTH,1,1,0,0,1,4, ,0,25,0,0,0,0,0,4,2,13
,2020-43157,39.70024454,-104.9875009,1/28/2020 12:45,12:45:00,12,0,0,BROADWAY STREET SOUTH & KENTUCKY AVENUE EAST,1,1,0,0,1,3, ,0,35,0,0,0,0,0,4,2,14
,2020-43158,39.77797,-104.76731,1/28/2020 13:17,13:17:00,1,0,0,45TH AVENUE EAST & BISCAY STREET NORTH,1,1,0,0,1,1, ,0,25,0,0,0,0,0,4,2,13
,2020-43159,39.71116,-104.98758,1/28/2020 13:24,13:24:00,15,0,0,BROADWAY STREET SOUTH & ALAMEDA AVENUE EAST,1,1,0,0,1,1, ,0,30,0,0,0,0,0,4,2,9
,2020-43160,39.72894,-104.99286,1/28/2020 14:00,14:00:00,10,0,0,EIGHTH AVENUE WEST & DELAWARE STREET NORTH,1,1,1,0,1,1, ,0,30,0,0,0,0,0,4,2,13
,2020-43161,39.67849,-104.96875,1/28/2020 14:05,14:05:00,3,0,0,EVANS AVENUE EAST & FRANKLIN STREET SOUTH,1,1,0,0,1,1, ,0,30,0,0,0,0,0,4,2,3
,2020-43162,39.78238,-104.84902,1/28/2020 14:40,14:40:00,1,0,0,47TH AVENUE EAST & PARIS STREET NORTH,1,1,0,0,1,1, ,0,25,0,0,0,0,0,4,2,13
,2020-43163,39.71937,-104.9875,1/28/2020 15:00,15:00:00,3,0,0,BROADWAY STREET NORTH & SECOND AVENUE EAST,1,1,0,0,1,1, ,0,25,0,0,0,0,0,4,2,3
,2020-43164,39.74482,-104.96721,1/28/2020 15:30,15:30:00,10,0,0,18TH AVENUE EAST & GILPIN STREET NORTH,1,1,0,0,1,1, ,0,30,0,0,0,0,0,4,2,8
,2020-43165,39.71828,-104.95922,1/28/2020 15:40,15:40:00,12,0,0,UNIVERSITY B NORTH & FIRST AVENUE EAST,1,1,0,0,1,3, ,0,30,0,0,0,0,0,4,3,3
,2020-43166,39.72931,-105.01987,1/28/2020 15:50,15:50:00,3,0,1,EIGHTH AVENUE WEST & CANOSA COURT NORTH,1,1,1,0,1,1, ,0,35,0,0,0,0,1,4,2,13
,2020-43167,39.73286053,-104.8933879,1/28/2020 16:30,16:30:00,1,0,1,11TH AVENUE EAST & UINTA STREET NORTH,1,1,0,0,1,1, ,0,30,0,0,0,0,2,4,2,1
,2020-43168,39.76200971,-104.902783,1/28/2020 16:35,16:35:00,12,0,0,MLK B 7000 EAST & QUEBEC STREET NORTH,1,1,0,0,1,4, ,0,35,0,0,0,0,0,4,2,13
,2020-43169,39.72414563,-104.9594377,1/28/2020 17:00,17:00:00,15,0,0,YORK STREET NORTH & FIFTH AVENUE EAST,1,1,0,0,1,3, ,0,25,0,0,0,0,0,4,2,8
,2020-43170,39.69505,-104.92231,1/28/2020 17:50,17:50:00,12,0,0,HOLLY STREET 1100 SOUTH & NEBRASKA WAY EAST,1,3,0,0,1,4, ,0,30,0,0,0,0,0,4,3,13
,2020-43171,39.73686,-104.99647,1/28/2020 18:01,18:01:00,15,0,0,SPEER BOULEVARD NORTH & 13TH AVENUE WEST,1,3,0,0,1,4, ,0,30,0,0,0,0,0,4,2,14
,2020-43172,39.72094,-104.98745,1/28/2020 18:05,18:05:00,1,0,0,THIRD AVENUE EAST & BROADWAY STREET NORTH,1,3,0,0,1,1, ,0,25,0,0,0,0,0,4,2,3
,2020-43173,39.68204,-104.95938,1/28/2020 18:25,18:25:00,1,0,0,UNIVERSITY BOULEVARD SOUTH & JEWELL AVENUE EAST,1,3,0,0,1,1, ,0,35,0,0,0,0,0,2,2,7
,2020-43174,39.73834,-104.94617,1/28/2020 20:09,20:09:00,9,0,0,14TH AVENUE EAST & MADISON STREET NORTH,1,3,0,0,1,4, ,0,30,0,0,0,0,0,4,2,14
,2020-43175,39.83185,-104.69296,1/28/2020 22:00,22:00:00,3,0,0,75TH AVENUE EAST & JACKSON GAP STREET NORTH,1,3,0,0,1,1, ,0,35,0,0,0,0,0,4,2,8
,2020-43176,39.73944,-104.95543,1/28/2020 23:54,23:54:00,6,0,1,CLAYTON STREET NORTH & 1459 NORTH CLAYTON STREET,1,3,0,0,1,3, ,0,25,0,0,0,0,2,4,3,13
,2020-43177,39.71862,-104.97289,1/29/2020 2:32,2:32:00,3,0,0,DOWNING STREET NORTH & SPEER B EAST,1,4,0,0,1,1, ,0,35,0,0,0,0,0,4,2,13
,2020-43178,39.72568753,-105.0001594,1/29/2020 6:36,6:36:00,10,0,0,SIXTH AVENUE WEST  & KALAMATH STREET NORTH,1,3,0,0,1,1, ,0,30,0,0,0,0,0,4,2,13
,2020-43179,39.75633253,-105.0158419,1/29/2020 6:41,6:41:00,1,0,0,SPEER B NORTH & Z ZUNI STREET,1,1,1,0,1,1, ,0,30,0,0,0,0,0,4,2,1
,2020-43180,39.75486,-105.05209,1/29/2020 7:55,7:55:00,3,0,0,ZENOBIA STREET NORTH & 26TH AVENUE WEST,1,1,0,0,1,1, ,0,25,0,0,0,0,0,4,2,7
,2020-43181,39.69534,-104.91983,1/29/2020 8:13,8:13:00,12,0,1,CHERRY CREEK DRIVE 5600 EAST & HOLLY STREET SOUTH,1,1,0,0,1,4, ,0,35,0,0,0,0,1,4,2,13
,2020-43182,39.7387,-104.89642,1/29/2020 8:23,8:23:00,3,0,0,14TH AVENUE EAST & TRENTON STREET NORTH,1,1,0,0,1,1, ,0,30,0,0,0,0,0,4,2,13
,2020-43183,39.66759,-104.91585,1/29/2020 8:49,8:49:00,12,0,0,YALE AVENUE EAST & LOCUST STREET SOUTH,1,1,0,0,1,3, ,0,30,0,0,0,0,0,4,2,13
,2020-43184,39.76597,-104.97922,1/29/2020 9:25,9:25:00,10,0,0,BLAKE STREET & 3200,1,1,0,0,1,4, ,0,30,0,0,0,0,0,4,2,7
,2020-43185,39.70901953,-104.8754284,1/29/2020 9:45,9:45:00,12,0,0,ALAMEDA AVENUE EAST  & DAYTON STREET SOUTH,1,1,0,0,1,1, ,0,30,0,0,0,0,0,4,2,13
,2020-43186,39.69531,-104.91289,1/29/2020 9:50,9:50:00,12,0,0,ARIZONA AVENUE EAST & MONACO STREET SOUTH,1,1,0,0,1,1, ,0,35,0,0,0,0,0,4,2,13
,2020-43187,39.73926,-104.99165,1/29/2020 10:41,10:41:00,6,0,0,CHEROKEE STREET NORTH & COLFAX AVENUE WEST,1,1,0,0,1,4, ,0,25,0,0,0,0,0,4,2,14
,2020-43188,39.80781251,-104.8685119,1/29/2020 10:50,10:50:00,14,0,0,GALENA COURT NORTH & 60TH PLACE EAST,1,1,0,0,1,4, ,0,15,0,0,0,0,0,4,2,13
,2020-43189,39.68224,-105.04375,1/29/2020 11:20,11:20:00,12,0,0,JEWELL AVENUE 4300 WEST & TENNYSON STREET SOUTH,1,1,0,0,1,4, ,0,30,0,0,0,0,0,4,2,13
,2020-43190,39.73688,-104.97185,1/29/2020 11:24,11:24:00,6,0,0,13TH AVENUE 1300 EAST & MARION STREET NORTH,1,1,0,0,1,4, ,0,,0,0,0,0,0,4,2,16
,2020-43191,39.73842,-104.97761,1/29/2020 11:30,11:30:00,3,0,0,14TH AVENUE EAST & CLARKSON STREET NORTH,1,1,0,0,1,1, ,0,30,0,0,0,0,0,4,2,14
,2020-43192,39.72254,-104.9498,1/29/2020 12:00,12:00:00,6,0,0,FOURTH AVENUE EAST & STEEL STREET NORTH,1,1,1,0,1,4, ,0,25,0,0,0,0,0,4,2,13
,2020-43193,39.69209,-104.98279,1/29/2020 12:34,12:34:00,1,0,0,LOGAN STREET SOUTH & LOUISIANA AVENUE EAST,1,1,0,0,1,4, ,0,30,0,0,0,0,0,4,2,13
,2020-43194,39.76378,-105.02666,1/29/2020 12:36,12:36:00,6,0,0,HIGHLAND PARK PLACE WEST & GROVE STREET NORTH,1,1,0,0,1,4, ,0,25,0,0,0,0,0,4,2,13
,2020-43195,39.74081,-104.90807,1/29/2020 12:36,12:36:00,6,0,0,ONEIDA STREET NORTH & COLFAX AVENUE EAST,1,1,0,0,1,4, ,0,25,0,0,0,0,0,4,2,14
,2020-43196,39.77036,-104.84703,1/29/2020 12:48,12:48:00,12,0,0,PEORIA STREET 3800 NORTH & I70 EASTBOUND ON SLIP RAMP,1,1,0,0,1,4, ,0,25,0,0,0,0,0,4,2,13
,2020-43197,39.77109,-104.84704,1/29/2020 15:00,15:00:00,3,0,0,PEORIA STREET NORTH & 39TH AVENUE EAST,1,1,0,0,1,1, ,0,35,0,0,0,0,0,4,2,4
,2020-43198,39.68933,-104.98783,1/29/2020 15:04,15:04:00,12,0,0,FLORIDA AVENUE 50 WEST & ACOMA STREET SOUTH,1,1,0,0,1,4, ,0,,0,0,0,0,0,4,2,16
,2020-43199,39.72561,-104.951,1/29/2020 15:30,15:30:00,3,0,0,SIXTH AVENUE EAST  & STREET PAUL STREET NORTH,1,1,0,0,1,1, ,0,25,0,0,0,0,0,4,2,3
,2020-43200,39.73661,-105.03931,1/29/2020 15:46,15:46:00,14,0,0,PERRY STREET NORTH & 13TH AVENUE WEST,1,1,1,0,1,1, ,0,25,0,0,0,0,0,4,2,13
,2020-43201,39.76124,-105.03461,1/29/2020 16:45,16:45:00,3,0,0,31ST AVENUE WEST & LOWELL BOULEVARD NORTH,1,2,0,0,1,1, ,0,25,0,0,0,0,0,4,2,8
,2020-43202,39.75467653,-104.9327989,1/29/2020 17:04,17:04:00,3,0,0,26TH AVENUE EAST & DEXTER STREET NORTH,1,3,0,0,1,1, ,0,25,0,0,0,0,0,4,2,13
,2020-43203,39.73844,-104.98612,1/29/2020 17:31,17:31:00,12,0,1,LINCOLN STREET NORTH & 14TH AVENUE EAST,1,3,0,0,1,3, ,0,35,0,0,0,0,1,4,2,13
,2020-43204,39.63187155,-105.0436384,1/29/2020 17:57,17:57:00,11,0,1,UNION AVENUE WEST & RALEIGH STREET SOUTH,1,3,0,0,1,1, ,0,25,0,1,0,0,3,4,2,3
,2020-43205,39.77653,-104.98016,1/29/2020 18:12,18:12:00,5,0,0,44TH AVENUE EAST & PEARL STREET NORTH,1,3,0,0,3,4, ,0,25,0,0,0,0,0,4,1,10
,2020-43206,39.74946,-104.99533,1/29/2020 18:13,18:13:00,3,0,0,17TH STREET & LAWRENCE STREET,1,2,0,0,1,1, ,0,25,0,0,0,0,0,4,2,13
,2020-43207,39.79254,-104.77206,1/29/2020 18:14,18:14:00,3,0,1,ELMENDORF DRIVE EAST & TOWER ROAD NORTH,1,4,1,0,1,1, ,0,45,0,0,0,0,0,4,2,13
,2020-43208,39.72414,-104.98748,1/29/2020 19:00,19:00:00,10,0,0,BROADWAY STREET NORTH & FIFTH AVENUE EAST,1,3,0,0,1,1, ,0,30,0,0,0,0,0,4,2,8
,2020-43209,39.69597,-104.91289,1/29/2020 19:04,19:04:00,6,0,1,MONACO STREET SOUTH & ARIZONA AVENUE EAST,9,2,0,0,1,4, ,0,35,0,0,0,0,1,4,3,2
,2020-43210,39.63874,-105.07177,1/29/2020 20:57,20:57:00,15,0,0,QUINCY AVENUE 6600 WEST & PIERCE STREET SOUTH,11,3,0,1,1,3, ,0,30,0,0,0,0,0,4,2,1
,2020-43211,39.75121153,-105.0000289,1/29/2020 21:20,21:20:00,1,0,0,WAZEE STREET & 16TH STREET,11,3,1,0,1,4, ,0,30,0,0,0,0,0,4,2,1
,2020-43212,39.69567,-104.90488,1/29/2020 21:40,21:40:00,6,0,1,MISSISSIPPI 7100 EAST & QUEBEC STREET SOUTH,9,3,0,2,1,4, ,0,30,0,0,0,0,2,4,3,13
,2020-43213,39.74746,-104.88466,1/29/2020 23:22,23:22:00,1,0,0,MONTVIEW B EAST & YOSEMITE STREET NORTH,1,3,0,0,1,1, ,0,30,0,0,0,0,0,4,2,13
,2020-43214,39.83537399,-104.6721592,1/29/2020 23:45,23:45:00,5,0,2,PENA BOULEVARD & 7500,1,3,0,0,3,4, ,0,65,0,0,0,0,3,4,1,10
,2020-43215,39.71477054,-105.0001414,1/30/2020 0:22,0:22:00,5,0,0,BAYAUD AVENUE WEST & KALAMATH STREET SOUTH,11,4,0,0,2,4, ,0,30,0,0,0,0,0,4,1,13
,2020-43216,39.71833,-104.97391,1/30/2020 1:04,1:04:00,3,0,0,SPEER B EAST & CORONA STREET NORTH,11,3,0,4,1,1, ,0,25,0,0,0,0,0,4,2,13
,2020-43217,39.67128,-104.99113,1/30/2020 1:20,1:20:00,12,0,0,HARVARD AVENUE WEST & CHEROKEE STREET SOUTH,1,3,0,0,1,4, ,0,,0,0,0,0,0,4,2,16