id,drcog_id,latitude,longitude,crashtime,time,crashtype,numbkilled,numbinjurd,drcoglocat,rdconditin,lightngcon,roadcntgrd,weatherco,location,roaddescrp,schoolzone,constrzone,splimit,bikeinv,pedinv,sctrinv,motoinv,svrty,rdsystem,ttlvehcls,hcf
,2020-43218,39.72564,-104.98511,1/30/2020 6:52,6:52:00,3,0,2,SPEER BOULEVARD EAST & SIXTH AVENUE EAST,1,1,0,0,1,1, ,0,30,0,0,0,0,1,4,3,3
,2020-43219,39.72567,-104.99216,1/30/2020 7:04,7:04:00,11,0,0,SIXTH AVENUE WEST  & CHEROKEE STREET NORTH,1,1,0,0,1,4, ,0,0,0,1,0,0,0,4,2,16
,2020-43220,39.6875,-104.94419,1/30/2020 7:31,7:31:00,6,0,0,IOWA AVENUE EAST & MADISON STREET SOUTH,11,1,0,0,1,4, ,0,25,0,0,0,0,0,4,2,13
,2020-43221,39.75122,-105.02683,1/30/2020 7:47,7:47:00,3,0,0,23RD AVENUE WEST & GROVE STREET NORTH,1,1,0,0,1,1, ,0,25,0,0,0,0,0,4,2,13
,2020-43222,39.77505,-104.8099,1/30/2020 7:50,7:50:00,1,0,0,CHAMBERS ROAD NORTH & ANDREWS DRIVE EAST,1,1,0,0,1,1, ,0,35,0,0,0,0,0,4,2,13
,2020-43223,39.79785,-104.75944,1/30/2020 8:03,8:03:00,12,0,0,RANDOLPH PLACE EAST & ESPANA STREET NORTH,1,1,0,0,1,2, ,0,20,0,0,0,0,0,4,2,3
,2020-43224,39.77352,-105.02053,1/30/2020 8:40,8:40:00,14,0,0,CLAY STREET NORTH & 41ST AVENUE WEST,1,1,0,0,1,4, ,0,25,0,0,0,0,0,4,2,3
,2020-43225,39.73606,-104.98613,1/30/2020 9:19,9:19:00,12,0,0,LINCOLN STREET NORTH & 1200 NORTH,1,1,0,0,1,4, ,0,30,0,0,0,0,0,4,2,13
,2020-43226,39.71128,-104.9316,1/30/2020 9:32,9:32:00,3,0,0,ALAMEDA AVENUE EAST & DAHLIA STREET SOUTH,11,1,0,0,1,1, ,0,35,0,0,0,0,0,4,2,13
,2020-43227,39.7448,-104.96347,1/30/2020 10:58,10:58:00,15,0,0,18TH AVENUE EAST & RACE STREET NORTH,1,1,0,0,1,4, ,0,30,0,0,0,0,0,4,2,14
,2020-43228,39.69301,-104.98278,1/30/2020 11:00,11:00:00,10,0,0,LOUISIANA AVENUE EAST & LOGAN STREET SOUTH,1,1,0,0,1,1, ,0,30,0,0,0,0,0,4,2,13
,2020-43229,39.71119,-104.99647,1/30/2020 11:01,11:01:00,12,0,0,ALAMEDA AVENUE 800 WEST & SANTA FE DRIVE SOUTH,1,1,0,0,1,4, ,0,30,0,0,0,0,0,4,2,13
,2020-43230,39.76746,-104.90482,1/30/2020 12:10,12:10:00,10,0,0,36TH AVENUE EAST & QUEBEC STREET NORTH,1,1,1,0,1,4, ,0,25,0,0,0,0,0,4,2,14
,2020-43231,39.77656453,-105.0174484,1/30/2020 13:35,13:35:00,6,0,0,44TH AVENUE WEST & ALCOTT STREET NORTH,1,1,0,0,1,4, ,0,30,0,0,0,0,0,4,2,13
,2020-43232,39.69663,-104.92189,1/30/2020 13:50,13:50:00,12,0,0,HOLLY STREET SOUTH & CHERRY CREEK NORTH DRIVE EAST,1,1,0,0,1,3, ,0,30,0,0,0,0,0,4,2,10
,2020-43233,39.67665,-104.90359,1/30/2020 14:07,14:07:00,1,0,0,QUEBEC STREET SOUTH & EVANS AVENUE EAST,1,1,0,0,1,1, ,0,35,0,0,0,0,0,4,2,13
,2020-43234,39.74336,-104.98738,1/30/2020 14:10,14:10:00,2,0,1,COURT PLACE & 17TH AVENUE EAST,1,1,0,0,1,4, ,0,25,1,0,0,0,1,4,2,14
,2020-43235,39.7558,-104.99871,1/30/2020 14:30,14:30:00,15,0,0,WEWATTA STREET & 19TH STREET,1,1,0,0,1,1, ,0,25,0,0,0,0,0,4,2,13
,2020-43236,39.68213,-104.96873,1/30/2020 14:35,14:35:00,3,0,0,FRANKLIN STREET SOUTH & JEWELL AVENUE EAST,1,1,0,0,1,1, ,0,25,0,0,0,0,0,4,2,13
,2020-43237,39.7703,-104.97192,1/30/2020 15:37,15:37:00,5,0,0,38TH STREET & WALNUT STREET,1,1,1,0,2,1, ,0,30,0,0,0,0,0,4,1,13
,2020-43238,39.73456,-104.99165,1/30/2020 15:48,15:48:00,12,0,0,CHEROKEE STREET NORTH & 1100 NORTH,1,1,0,0,1,4, ,0,25,0,0,0,0,0,4,2,13
,2020-43239,39.74000353,-104.9920099,1/30/2020 16:02,16:02:00,10,0,0,48TH AVENUE EAST & 46TH AVENUE EAST,1,1,0,0,1,1, ,0,30,0,0,0,0,0,4,2,1
,2020-43240,39.71112,-104.95926,1/30/2020 16:40,16:40:00,12,0,1,UNIVERSITY B SOUTH & ALAMEDA AVENUE EAST,11,3,0,2,1,3, ,0,35,0,0,0,0,1,4,4,13
,2020-43241,39.75823,-104.96345,1/30/2020 17:00,17:00:00,11,0,1,29TH AVENUE EAST & RACE STREET NORTH,11,2,0,1,1,1, ,0,25,0,1,0,0,2,4,2,13
,2020-43242,39.74971,-104.98109,1/30/2020 17:20,17:20:00,12,0,0,PARK AVENUE WEST & TREMONT PLACE,9,3,1,2,1,1, ,0,30,0,0,0,0,0,4,2,8
,2020-43243,39.7812,-104.74234,1/30/2020 17:29,17:29:00,1,0,0,GREEN VALLEY RANCH B EAST & MALAYA STREET NORTH,9,1,0,2,1,1, ,0,35,0,0,0,0,0,4,2,13
,2020-43244,39.71120654,-105.0006499,1/30/2020 17:55,17:55:00,12,0,1,ALAMEDA AVENUE WEST & PLATTE RIVER DRIVE SOUTH,11,3,0,2,1,4, ,0,35,0,0,0,0,1,4,2,3
,2020-43245,39.77215,-104.75406,1/30/2020 18:30,18:30:00,6,0,0,41ST AVENUE EAST & HIMALAYA ROAD NORTH,9,3,0,2,1,4, ,0,25,0,0,0,0,0,4,2,13
,2020-43246,39.83115,-104.77946,1/30/2020 18:30,18:30:00,12,0,0,PENA B OUT 8700  & 56TH AVENUE EAST,4,3,0,2,1,4, ,0,65,0,0,0,0,0,4,2,13
,2020-43247,39.75099338,-104.9304511,1/30/2020 18:30,18:30:00,12,0,3,23RD AVENUE EAST & EUDORA STREET NORTH,1,3,0,0,1,3, ,0,30,0,0,0,0,1,4,3,3
,2020-43248,39.7837,-104.77212,1/30/2020 18:50,18:50:00,12,0,0,GREEN VALLEY RANCH B EAST & TOWER ROAD NORTH,10,3,0,2,1,1, ,0,40,0,0,0,0,0,4,2,3
,2020-43249,39.6966,-104.93174,1/30/2020 20:26,20:26:00,12,0,0,MISSISSIPPI AVENUE EAST & DAHLIA STREET SOUTH,11,3,0,2,1,4, ,0,30,0,0,0,0,0,4,2,13
,2020-43250,39.7691,-104.92594,1/30/2020 20:50,20:50:00,5,0,0,GLENCOE STREET NORTH & 3697 NORTH GLENCOE STREET,9,3,0,2,3,4, ,0,25,0,0,0,0,0,4,1,13
,2020-43251,39.8342455,-104.692922,1/30/2020 21:20,21:20:00,1,0,1,PENA BOULEVARD & JACKSON GAP STREET NORTH,11,3,0,2,1,1, ,0,35,0,0,0,0,1,4,2,13
,2020-43252,39.63979,-105.05679,1/30/2020 21:27,21:27:00,5,0,0,QUINCY AVENUE WEST & SHERIDAN BOULEVARD SOUTH,4,3,0,0,3,4, ,0,35,0,0,0,0,0,4,1,14
,2020-43253,39.66143,-104.89251,1/30/2020 22:30,22:30:00,6,0,0,VALENTIA STREET SOUTH & DARTMOUTH AVENUE EAST,9,3,0,2,1,4, ,0,25,0,0,0,0,0,4,2,3
,2020-43254,39.69378,-105.03939,1/31/2020 3:00,3:00:00,6,0,0,PATTON COURT SOUTH & 1265 SOUTH PATTON COURT,4,3,0,2,1,4, ,0,25,0,0,0,0,0,4,3,13
,2020-43255,39.76733,-104.8925,1/31/2020 6:17,6:17:00,12,0,0,36TH AVENUE EAST & UINTA STREET NORTH,10,1,0,0,1,1, ,0,30,0,0,0,0,0,4,2,13
,2020-43256,39.73665,-105.04868,1/31/2020 7:40,7:40:00,3,0,0,WOLFF STREET NORTH & 13TH AVENUE WEST,1,1,1,0,1,1, ,0,30,0,0,0,0,0,4,2,13
,2020-43257,39.72489,-104.98626,1/31/2020 7:45,7:45:00,15,0,1,LINCOLN STREET NORTH & FIFTH AVENUE EAST,1,1,0,0,1,4, ,0,30,0,0,0,0,2,4,2,1
,2020-43258,39.79679,-104.80737,1/31/2020 7:50,7:50:00,5,0,0,HELENA STREET NORTH & MAXWELL PLACE EAST,1,1,0,0,2,4, ,0,25,0,0,0,0,0,4,2,1
,2020-43259,39.717,-104.90472,1/31/2020 8:10,8:10:00,12,0,0,LOWRY BOULEVARD EAST & QUEBEC STREET SOUTH,4,1,0,0,1,4, ,0,25,0,0,0,0,0,4,2,5
,2020-43260,39.69762,-104.98744,1/31/2020 9:23,9:23:00,12,0,0,BROADWAY STREET 1000 SOUTH & MISSISSIPPI AVENUE EAST,1,1,0,0,1,4, ,0,30,0,0,0,0,0,4,2,8
,2020-43261,39.72571,-104.99857,1/31/2020 9:31,9:31:00,3,0,0,SIXTH AVENUE WEST & SANTA FE DRIVE NORTH,1,1,0,0,1,1, ,0,30,0,0,0,0,0,4,2,14
,2020-43262,39.84929,-104.67381,1/31/2020 9:38,9:38:00,15,0,0,PENA BOULEVARD & 8400,1,1,0,0,1,4, ,0,15,0,0,0,0,0,4,2,13
,2020-43263,39.78185,-104.97864,1/31/2020 9:45,9:45:00,1,0,0,WASHINGTON STREET NORTH & 47TH AVENUE EAST,1,1,0,0,1,1, ,0,30,0,0,0,0,0,4,2,16
,2020-43264,39.67845,-104.93485,1/31/2020 9:45,9:45:00,12,0,1,EVANS AVENUE 4500 EAST & CLERMONT STREET SOUTH,1,1,0,0,1,4, ,0,30,0,0,0,0,1,4,2,13
,2020-43265,39.67303,-104.95939,1/31/2020 9:45,9:45:00,1,0,0,UNIVERSITY B SOUTH & WESLEY AVENUE EAST,1,1,1,0,1,1, ,0,30,0,0,0,0,0,4,3,13
,2020-43266,39.68956,-105.05327,1/31/2020 10:05,10:05:00,12,0,1,FLORIDA AVENUE WEST & SHERIDAN B SOUTH,1,1,0,0,1,4, ,0,30,0,0,0,0,1,4,2,3
,2020-43267,39.77666,-105.02761,1/31/2020 10:20,10:20:00,12,0,0,44TH AVENUE WEST & GROVE STREET NORTH,1,1,0,0,1,1, ,0,30,0,0,0,0,0,4,2,13
,2020-43268,39.69111,-104.98717,1/31/2020 10:32,10:32:00,6,0,0,ARKANSAS AVENUE EAST & BROADWAY STREET SOUTH,4,1,0,0,1,3, ,0,25,0,0,0,0,0,4,2,13
,2020-43269,39.782,-104.90174,1/31/2020 11:42,11:42:00,15,0,0,NORTHFIELD QUEBEC STREET NORTH & SAND CREEK ROAD NORTH,1,1,1,0,1,3, ,0,35,0,0,0,0,0,4,2,1
,2020-43270,39.73387,-104.99323,1/31/2020 11:43,11:43:00,11,0,1,11TH AVENUE WEST & 400 WEST,1,1,0,0,1,2, ,0,0,0,1,0,0,2,4,2,16
,2020-43271,39.712849,-104.9413332,1/31/2020 11:51,11:51:00,3,0,0,HARRISON STREET SOUTH & 100 SOUTH,1,1,0,0,1,5, ,0,10,0,0,0,0,0,4,2,13
,2020-43272,39.69143,-104.91289,1/31/2020 12:40,12:40:00,1,0,1,MONACO STREET SOUTH & CHERRY CREEK NORTH DRIVE EAST,1,1,0,0,1,1, ,0,35,0,0,0,0,1,4,2,13
,2020-43273,39.68849,-104.98751,1/31/2020 12:42,12:42:00,11,0,1,BROADWAY STREET SOUTH & IOWA AVENUE EAST,1,1,0,0,1,2, ,0,0,0,1,0,0,2,4,2,16
,2020-43274,39.77125,-104.97765,1/31/2020 12:46,12:46:00,12,0,0,BRIGHTON B NORTH & 36TH STREET,1,1,0,0,1,3, ,0,30,0,0,0,0,0,4,3,3
,2020-43275,39.70299,-105.0227,1/31/2020 12:53,12:53:00,3,0,0,DECATUR STREET SOUTH & EXPOSITION AVENUE WEST,1,1,0,0,1,1, ,0,30,0,0,0,1,0,4,2,7
,2020-43276,39.73754,-104.94182,1/31/2020 13:42,13:42:00,15,0,0,HARRISON STREET NORTH & 13TH AVENUE EAST,1,1,0,0,1,4, ,0,25,0,0,0,0,0,4,2,14
,2020-43277,39.71111653,-104.9592904,1/31/2020 14:06,14:06:00,12,0,0,ALAMEDA AVENUE EAST  & UNIVERSITY BOULEVARD SOUTH,1,1,0,0,1,1, ,0,25,0,0,0,0,0,4,2,14
,2020-43278,39.70751654,-104.9875999,1/31/2020 15:00,15:00:00,2,0,0,BROADWAY STREET SOUTH & VIRGINIA AVENUE EAST,1,2,0,0,1,1, ,0,35,1,0,0,0,0,4,2,1
,2020-43279,39.72909,-104.9874,1/31/2020 15:13,15:13:00,12,0,0,BROADWAY STREET NORTH & EIGHTH AVENUE WEST,1,1,0,0,1,1, ,0,30,0,0,0,0,0,4,2,3
,2020-43280,39.74015,-104.9105,1/31/2020 15:30,15:30:00,6,0,0,NIAGARA STREET NORTH & COLFAX AVENUE EAST,1,1,1,0,1,4, ,0,25,0,0,0,0,0,4,2,7
,2020-43281,39.76043,-104.98293,1/31/2020 15:57,15:57:00,3,0,0,28TH STREET & LARIMER STREET,1,1,0,0,1,1, ,0,25,0,0,0,0,0,4,2,13
,2020-43282,39.74384,-104.99044,1/31/2020 16:00,16:00:00,6,0,0,16TH STREET & GLENARM PLACE,1,1,0,0,1,4, ,0,25,0,0,0,0,0,4,2,13
,2020-43283,39.67007,-104.91287,1/31/2020 16:00,16:00:00,12,0,1,MONACO STREET SOUTH & LASALLE PLACE EAST,1,1,0,0,1,3, ,0,30,0,0,0,0,1,4,3,3
,2020-43284,39.70042,-105.04812,1/31/2020 16:19,16:19:00,3,0,0,MORRISON ROAD & KENTUCKY AVENUE WEST,1,1,0,0,1,1, ,0,25,0,0,0,0,0,4,2,13
,2020-43285,39.71117954,-105.0015319,1/31/2020 16:23,16:23:00,12,0,0,ALAMEDA AVENUE WEST & LIPAN STREET SOUTH,1,1,0,0,1,4, ,0,35,0,0,0,0,0,4,2,3
,2020-43286,39.62421254,-104.889842,1/31/2020 17:02,17:02:00,12,0,0,DTC B & BELLEVIEW AVENUE EAST,1,1,0,0,1,3, ,0,30,0,0,0,0,0,4,2,14
,2020-43287,39.77675,-105.03462,1/31/2020 17:45,17:45:00,5,0,0,LOWELL B NORTH & 44TH AVENUE WEST,1,3,0,0,3,1, ,0,30,0,0,0,0,0,4,1,8
,2020-43288,39.78364,-104.79138,1/31/2020 18:08,18:08:00,12,0,1,GREEN VALLEY RANCH B EAST & PENA B OUT BOUND,1,4,0,0,1,3, ,0,40,0,0,0,0,1,4,2,13
,2020-43289,39.78288,-104.90078,1/31/2020 18:17,18:17:00,12,0,0,NORTHFIELD / QUEBEC STREET 4800 NORTH & 53RD PLACE EAST,1,3,0,0,1,4, ,0,40,0,0,0,0,0,4,2,13
,2020-43290,39.71653,-104.9786,1/31/2020 18:20,18:20:00,6,0,0,ELLSWORTH AVENUE EAST & WASHINGTON STREET NORTH,1,4,0,0,1,4, ,0,25,0,0,0,0,0,4,3,10
,2020-43291,39.75150756,-104.9996571,1/31/2020 18:22,18:22:00,6,0,0,WAZEE STREET & 1400,1,3,0,0,1,4, ,0,25,0,0,0,0,0,4,4,5
,2020-43292,39.72568753,-105.0001594,1/31/2020 18:30,18:30:00,12,0,1,SIXTH AVENUE WEST & KALAMATH STREET NORTH,1,3,0,0,1,3, ,0,30,0,0,0,0,1,4,3,3
,2020-43293,39.63976455,-105.0532999,1/31/2020 19:08,19:08:00,15,0,0,SHERIDAN BOULEVARD SOUTH  & QUINCY AVENUE WEST,1,3,1,0,1,1, ,0,35,0,0,0,0,0,4,2,13
,2020-43294,39.76562953,-105.0040879,1/31/2020 19:10,19:10:00,6,0,0,NAVAJO STREET NORTH & 35TH AVENUE WEST,1,3,0,0,1,4, ,0,25,0,0,0,0,0,4,2,13
,2020-43296,39.82465,-104.68492,1/31/2020 21:40,21:40:00,4,0,0,71ST AVENUE EAST & 25700 EAST,1,3,0,0,1,4, ,0,35,0,0,0,0,0,4,2,13
,2020-43297,39.68218,-104.99368,1/31/2020 22:06,22:06:00,5,0,0,ELATI STREET SOUTH & JEWELL AVENUE WEST,1,4,0,0,3,4, ,0,25,0,0,0,0,0,4,1,16
,2020-43298,39.73839,-104.96102,1/31/2020 22:50,22:50:00,15,0,0,14TH AVENUE EAST & GAYLORD STREET NORTH,1,3,0,0,1,1, ,0,30,0,0,0,0,0,4,2,14
,2020-43299,39.75294,-104.9926,1/31/2020 23:38,23:38:00,12,0,1,20TH STREET & LARIMER STREET,1,3,0,0,1,4, ,0,30,0,0,0,0,1,4,3,13
,2020-43300,39.7595,-104.98413,2/1/2020 1:52,1:52:00,12,0,0,LARIMER STREET & 27TH STREET,1,3,0,0,1,4, ,0,,0,0,0,0,0,4,2,16
,2020-43301,39.72929,-104.90347,2/1/2020 2:17,2:17:00,6,0,0,QUEBEC STREET NORTH & EIGHTH AVENUE EAST,1,3,0,0,1,4, ,0,35,0,0,0,0,0,4,4,5
,2020-43302,39.67851,-104.97343,2/1/2020 2:20,2:20:00,3,0,0,EVANS AVENUE EAST & DOWNING STREET SOUTH,1,3,0,0,1,1, ,0,35,0,0,0,0,0,4,2,13
,2020-43303,39.72534,-104.91257,2/1/2020 3:05,3:05:00,6,0,0,MONACO STREET NORTH & SIXTH AVENUE EAST,1,3,0,0,1,4, ,0,30,0,0,0,0,0,4,2,2
,2020-43304,39.70875,-105.0397,2/1/2020 4:15,4:15:00,6,0,0,PERRY STREET SOUTH & VIRGINIA AVENUE WEST,1,4,0,0,1,4, ,0,25,0,0,0,0,0,4,2,14
,2020-43305,39.74594,-104.97337,2/1/2020 10:00,10:00:00,3,0,0,19TH AVENUE EAST & DOWNING STREET NORTH,1,1,0,0,1,1, ,0,30,0,0,0,0,0,4,2,13
,2020-43306,39.74969053,-104.9811109,2/1/2020 12:03,12:03:00,11,0,1,PARK AVENUE WEST & TREMONT PLACE,1,1,0,0,1,1, ,0,30,0,1,0,0,2,4,2,13
,2020-43307,39.71117054,-105.0038899,2/1/2020 12:13,12:13:00,1,0,0,ALAMEDA AVENUE WEST & NAVAJO STREET SOUTH,1,1,0,0,1,1, ,0,35,0,0,0,0,0,4,2,8
,2020-43308,39.67799,-104.90509,2/1/2020 12:30,12:30:00,12,0,0,EVANS AVENUE 7100 EAST & PONTIAC WEST SOUTH,1,1,0,0,1,3, ,0,35,0,0,0,0,0,4,2,13
,2020-43309,39.65505639,-104.8702701,2/1/2020 13:15,13:15:00,6,0,0,GIRARD AVENUE EAST & GALENA STREET SOUTH,1,1,0,0,1,4, ,0,25,0,0,0,0,0,4,3,1
,2020-43310,39.72558,-104.97292,2/1/2020 15:21,15:21:00,6,0,0,SIXTH AVENUE EAST  & DOWNING STREET NORTH,1,1,0,0,1,4, ,0,30,0,0,0,0,0,4,2,13
,2020-43311,39.68005,-104.91289,2/1/2020 15:25,15:25:00,15,0,0,MONACO STREET SOUTH & EVANS AVENUE EAST,1,1,0,0,1,4, ,0,35,0,0,0,1,0,4,2,1
,2020-43312,39.67212,-104.95939,2/1/2020 15:27,15:27:00,3,0,0,UNIVERSITY BOULEVARD SOUTH & WESLEY AVENUE EAST,1,1,0,0,1,2, ,0,30,0,0,0,0,0,4,2,3
,2020-43313,39.74324,-104.96722,2/1/2020 15:40,15:40:00,3,0,0,GILPIN STREET NORTH & 17TH AVENUE EAST,1,1,0,0,1,1, ,0,,0,0,0,0,0,4,2,13
,2020-43314,39.72264553,-104.8795189,2/1/2020 16:00,16:00:00,6,0,0,ALTON WAY NORTH & FIFTH AVENUE EAST / 500 NORTH,1,1,0,0,1,4, ,0,25,0,0,0,0,0,4,2,7
,2020-43315,39.74481,-104.96476,2/1/2020 16:06,16:06:00,3,0,0,18TH AVENUE EAST & HIGH STREET NORTH,1,1,0,0,1,1, ,0,30,0,0,0,0,0,4,2,8
,2020-43316,39.78376451,-104.772212,2/1/2020 16:15,16:15:00,12,0,0,GREEN VALLEY RANCH BOULEVARD EAST & TOWER ROAD NORTH,1,1,0,0,1,4, ,0,35,0,0,0,0,0,4,2,3
,2020-43317,39.75366,-104.99342,2/1/2020 16:20,16:20:00,1,0,0,20TH STREET & MARKET STREET,1,1,0,0,1,1, ,0,25,0,0,0,0,0,4,2,13
,2020-43318,39.76571953,-104.9948314,2/1/2020 16:39,16:39:00,15,0,0,BROADWAY STREET NORTH & PARK AVENUE WEST,1,1,0,0,1,1, ,0,35,0,0,0,0,0,4,2,7
,2020-43319,39.69674354,-105.0127099,2/1/2020 17:55,17:55:00,8,0,6,MISSISSIPPI AVENUE WEST & TEJON STREET SOUTH,1,3,1,0,1,1, ,0,30,0,0,0,0,2,4,4,5
,2020-43320,39.67665,-104.90359,2/1/2020 18:07,18:07:00,15,0,0,QUEBEC STREET SOUTH & EVANS AVENUE EAST,1,3,0,0,1,1, ,0,35,0,0,0,0,0,4,2,7
,2020-43321,39.74327,-104.98108,2/1/2020 18:54,18:54:00,1,0,0,PENNSYLVANIA STREET NORTH & 17TH AVENUE EAST,1,3,0,0,1,1, ,0,30,0,0,0,0,0,4,2,3
,2020-43322,39.7113,-104.91286,2/1/2020 21:00,21:00:00,12,0,1,ALAMEDA AVENUE EAST & MONACO STREET SOUTH,1,3,0,0,1,4, ,0,30,0,0,0,0,1,4,3,5
,2020-43323,39.77076,-105.03462,2/1/2020 21:11,21:11:00,11,0,1,39TH AVENUE WEST & LOWELL BOULEVARD NORTH,1,3,0,0,1,1, ,0,25,0,1,0,0,1,4,2,1
,2020-43324,39.75305,-104.89072,2/1/2020 22:00,22:00:00,6,0,0,CENTRAL PARK BOULEVARD NORTH & VERBENA STREET NORTH,1,3,0,0,1,4, ,0,35,0,0,0,0,0,4,2,14
,2020-43325,39.75644953,-105.0092989,2/1/2020 22:20,22:20:00,12,0,0,15TH STREET 2300  & PLATTE STREET,1,3,0,0,1,1, ,0,35,0,0,0,0,0,4,2,3
,2020-43326,39.73681,-104.95979,2/1/2020 22:24,22:24:00,3,0,1,YORK STREET NORTH & 13TH AVENUE EAST,1,3,1,0,1,1, ,0,35,0,0,0,0,3,4,3,5
,2020-43327,39.78364,-104.79048,2/1/2020 22:40,22:40:00,1,0,0,GREEN VALLEY RANCH BOULEVARD & PENA BOULEVARD,1,3,0,0,1,1, ,0,40,0,0,0,0,0,4,2,13
,2020-43328,39.63991,-105.05582,2/2/2020 2:19,2:19:00,9,0,1,QUINCY AVENUE 5300 WEST & SHERIDAN B SOUTH,1,4,0,0,1,4, ,0,35,0,0,0,1,2,4,1,14
,2020-43329,39.77034,-104.75781,2/2/2020 7:14,7:14:00,6,0,0,40TH AVENUE EAST & 19600 EAST,1,2,0,0,1,4, ,0,25,0,0,0,0,0,4,2,5
,2020-43330,39.78383,-104.83043,2/2/2020 8:34,8:34:00,5,0,1,ANDREWS DRIVE EAST & BLACKHAWK WEST NORTH,1,1,0,0,2,4, ,0,,0,0,0,0,0,4,1,16
,2020-43331,39.73844953,-105.0001504,2/2/2020 8:54,8:54:00,12,0,1,KALAMATH STREET NORTH & 14TH AVENUE WEST,1,1,1,0,1,1, ,0,35,0,0,0,0,1,4,2,3
,2020-43332,39.74446153,-105.0000289,2/2/2020 8:59,8:59:00,3,0,0,SPEER B NORTH & ARAPAHOE STREET,1,1,0,0,1,1, ,0,25,0,0,0,0,0,4,2,13
,2020-43333,39.70195,-104.87535,2/2/2020 9:17,9:17:00,6,0,0,DAYTON STREET SOUTH & ALTON WAY SOUTH,1,1,0,0,1,3, ,0,30,0,0,0,0,0,4,2,15
,2020-43334,39.6753,-105.02688,2/2/2020 9:28,9:28:00,6,0,0,ILIFF AVENUE WEST & HAZEL COURT SOUTH,1,1,0,0,1,4, ,0,25,0,0,0,0,0,4,2,13
,2020-43335,39.70746,-105.04858,2/2/2020 10:17,10:17:00,6,0,0,WOLFF STREET SOUTH & VIRGINIA AVENUE WEST,1,1,0,0,1,4, ,0,25,0,0,0,0,0,4,2,13
,2020-43336,39.74848,-104.97696,2/2/2020 10:34,10:34:00,6,0,0,CLARKSON STREET NORTH & 21ST AVENUE EAST,1,1,0,0,1,4, ,0,25,0,0,0,0,0,4,2,13
,2020-43337,39.73204,-104.97644,2/2/2020 12:10,12:10:00,10,0,0,EMERSON STREET NORTH & 10TH AVENUE EAST,1,1,0,0,1,1, ,0,30,0,0,0,0,0,4,2,13
,2020-43338,39.74924,-104.93946,2/2/2020 12:40,12:40:00,6,0,0,ALBION STREET NORTH & 22ND AVENUE EAST,1,1,0,0,1,4, ,0,25,0,0,0,0,0,4,2,5
,2020-43339,39.76211953,-105.0345619,2/2/2020 13:00,13:00:00,12,0,0,32ND AVENUE WEST & LOWELL B NORTH,1,1,0,0,1,4, ,0,,0,0,0,0,0,4,2,16
,2020-43340,39.72094,-104.98748,2/2/2020 13:16,13:16:00,3,0,1,THIRD AVENUE WEST & BROADWAY STREET NORTH,1,1,0,0,1,5, ,0,25,0,0,0,0,1,4,2,13
,2020-43341,39.71009,-104.90351,2/2/2020 13:53,13:53:00,15,0,0,QUEBEC STREET SOUTH & ALAMEDA AVENUE EAST,1,1,0,0,1,4, ,0,35,0,0,0,0,0,4,2,1
,2020-43342,39.74291,-104.99165,2/2/2020 16:00,16:00:00,15,0,0,15TH STREET & GLENARM PLACE,1,1,0,0,1,1, ,0,,0,0,0,0,0,4,2,13
,2020-43343,39.74901553,-105.0024814,2/2/2020 16:25,16:25:00,3,0,0,14TH STREET & WAZEE STREET,1,2,0,0,1,1, ,0,25,0,0,0,1,0,4,2,13
,2020-43344,39.68934,-104.95354,2/2/2020 16:29,16:29:00,3,0,0,FILLMORE STREET SOUTH & FLORIDA AVENUE EAST,1,1,0,0,1,1, ,0,30,0,0,0,0,0,4,2,13
,2020-43345,39.73442,-104.95146,2/2/2020 16:30,16:30:00,6,0,0,MILWAUKEE STREET NORTH & 1144 NORTH MILWAUKEE STREET,1,3,0,0,1,4, ,0,25,0,0,0,0,0,4,2,5
,2020-43346,39.78632,-104.84705,2/2/2020 18:06,18:06:00,15,0,0,PEORIA STREET NORTH & ANDREWS DRIVE EAST,1,4,0,0,1,3, ,0,35,0,0,0,0,0,4,3,5
,2020-43347,39.67552,-105.05611,2/2/2020 20:04,20:04:00,3,0,0,WARREN AVENUE WEST & DEPEW STREET SOUTH,1,3,0,0,1,1, ,0,25,0,0,0,0,0,4,2,13
,2020-43348,39.75705,-104.97858,2/3/2020 2:05,2:05:00,3,0,0,28TH STREET & STOUT STREET,1,3,0,0,1,1, ,0,40,0,0,0,0,0,4,2,13
,2020-43349,39.74616253,-104.9873704,2/3/2020 4:40,4:40:00,10,0,0,BROADWAY STREET NORTH & GLENARM STREET,11,3,0,0,1,1, ,0,30,0,0,0,0,0,4,2,13
,2020-43350,39.7812,-104.74234,2/3/2020 6:50,6:50:00,3,0,0,GREEN VALLEY RANCH B EAST & MALAYA STREET NORTH,4,2,0,2,1,1, ,0,25,0,0,0,0,0,4,2,14
,2020-43351,39.78360251,-104.791382,2/3/2020 7:00,7:00:00,1,0,1,GREEN VALLEY RANCH BOULEVARD & PENA BOULEVARD,4,1,0,2,1,1, ,0,25,0,0,0,0,2,4,2,14
,2020-43352,39.87981,-104.67714,2/3/2020 7:04,7:04:00,5,0,0,101ST AVENUE EAST & 114TH AVENUE EAST,4,1,0,2,3,4, ,0,25,0,0,0,0,0,4,1,13
,2020-43353,39.76816,-104.97211,2/3/2020 7:24,7:24:00,3,0,2,MARION STREET NORTH & 37TH AVENUE EAST,11,1,0,2,1,1, ,0,25,0,0,0,0,1,4,2,13