id,drcog_id,latitude,longitude,crashtime,time,crashtype,numbkilled,numbinjurd,drcoglocat,rdconditin,lightngcon,roadcntgrd,weatherco,location,roaddescrp,schoolzone,constrzone,splimit,bikeinv,pedinv,sctrinv,motoinv,svrty,rdsystem,ttlvehcls,hcf
,2020-43354,39.75100452,-104.8964965,2/3/2020 7:30,7:30:00,5,0,0,23RD AVENUE EAST & 6800 EAST,4,1,0,1,3,4, ,0,30,0,0,0,0,0,4,1,13
,2020-43355,39.68025,-104.95651,2/3/2020 7:30,7:30:00,6,0,0,ASBURY AVENUE EAST & COLUMBINE STREET SOUTH,4,1,0,2,1,4, ,0,25,0,0,0,0,0,4,2,13
,2020-43356,39.66502,-105.02843,2/3/2020 7:33,7:33:00,6,0,0,AMHERST AVENUE WEST & FEDERAL BOULEVARD SOUTH,4,1,1,2,1,4, ,0,25,0,0,0,0,0,4,3,13
,2020-43357,39.79066,-104.88248,2/3/2020 7:40,7:40:00,6,0,0,51ST AVENUE EAST & CENTRAL PARK BOULEVARD NORTH,4,1,0,2,1,1, ,0,25,0,0,0,0,0,4,2,13
,2020-43358,39.71546,-104.95753,2/3/2020 7:41,7:41:00,1,0,0,CHERRY CREEK DRIVE SOUTHEAST & UNIVERSITY BOULEVARD SOUTH,4,1,0,2,1,2, ,0,35,0,0,0,0,0,4,2,13
,2020-43359,39.75769,-104.89896,2/3/2020 7:48,7:48:00,6,0,0,29TH AVENUE EAST & SYRACUSE STREET NORTH,4,1,0,2,1,4, ,0,25,0,0,0,0,0,4,3,7
,2020-43360,39.78951,-104.77214,2/3/2020 7:48,7:48:00,9,0,0,TOWER ROAD NORTH & 51ST AVENUE EAST,4,1,0,2,2,4, ,0,40,0,0,0,0,0,4,1,7
,2020-43361,39.71621053,-104.9126142,2/3/2020 8:00,8:00:00,15,0,0,LOWRY BOULEVARD EAST & MONACO STREET NORTH,4,1,0,2,1,1, ,0,25,0,0,0,0,0,4,2,13
,2020-43362,39.74938,-104.98677,2/3/2020 8:03,8:03:00,5,0,0,CALIFORNIA STREET & 2000,4,1,0,2,3,4, ,0,,0,0,0,0,0,4,1,13
,2020-43363,39.66473,-105.0538,2/3/2020 8:08,8:08:00,6,0,0,BROWN PLACE WEST & SHERIDAN BOULEVARD SOUTH,11,1,0,2,1,4, ,0,25,0,0,0,0,0,4,2,13
,2020-43364,39.79834,-104.85001,2/3/2020 8:24,8:24:00,14,0,0,56TH AVENUE EAST & OSWEGO STREET NORTH,10,1,0,2,1,4, ,0,45,0,0,0,0,0,4,2,13
,2020-43365,39.76322653,-105.0041194,2/3/2020 8:26,8:26:00,6,0,0,33RD AVENUE WEST & NAVAJO STREET NORTH,4,1,1,2,1,4, ,0,25,0,0,0,0,0,4,2,13
,2020-43366,39.76200253,-105.0080119,2/3/2020 8:35,8:35:00,3,0,0,32ND AVENUE WEST & QUIVAS STREET NORTH,4,1,1,2,1,1, ,0,25,0,0,0,0,0,4,2,13
,2020-43367,39.70309,-104.94676,2/3/2020 8:35,8:35:00,5,0,0,BELCARO LANE 3400 EAST & BELCARO DRIVE EAST,4,1,0,2,3,4, ,0,25,0,0,0,0,0,4,1,13
,2020-43368,39.71621,-104.90904,2/3/2020 8:49,8:49:00,6,0,2,LOWRY BOULEVARD EAST & NEWPORT STREET NORTH,4,1,0,2,1,4, ,0,35,0,0,0,0,1,4,3,7
,2020-43369,39.68226,-105.02737,2/3/2020 8:52,8:52:00,3,0,0,JEWELL AVENUE WEST & HAZEL COURT SOUTH,11,1,0,2,1,1, ,0,25,0,0,0,0,0,4,2,13
,2020-43370,39.72092653,-104.9874919,2/3/2020 9:14,9:14:00,12,0,0,THIRD AVENUE 0000BLK WEST & BROADWAY STREET NORTH,4,1,0,2,1,4, ,0,25,0,0,0,0,0,4,2,13
,2020-43371,39.71498,-105.03001,2/3/2020 9:26,9:26:00,3,0,0,BAYAUD AVENUE WEST & IRVING STREET SOUTH,11,1,0,2,1,1, ,0,25,0,0,0,0,0,4,2,13
,2020-43372,39.76944,-105.03114,2/3/2020 10:03,10:03:00,12,0,0,38TH AVENUE 3300 WEST & IRVING STREET NORTH,4,1,1,2,1,4, ,0,30,0,0,0,0,0,4,2,13
,2020-43373,39.74754,-104.97334,2/3/2020 10:40,10:40:00,3,0,0,DOWNING STREET NORTH & 20TH AVENUE EAST,11,1,0,2,1,1, ,0,30,0,0,0,0,0,4,2,7
,2020-43374,39.73297753,-105.0217189,2/3/2020 10:46,10:46:00,6,0,0,DECATUR STREET & 10TH AVENUE WEST,4,1,0,2,1,4, ,0,25,0,0,0,0,0,4,2,14
,2020-43375,39.76949,-105.03307,2/3/2020 11:05,11:05:00,5,0,0,KING STREET NORTH & 38TH AVENUE WEST,4,1,0,2,3,1, ,0,35,0,0,0,0,0,4,1,13
,2020-43376,39.75468,-104.93392,2/3/2020 11:13,11:13:00,3,0,1,26TH AVENUE EAST & CHERRY STREET NORTH,11,1,0,2,1,1, ,0,25,0,0,0,0,1,4,2,13
,2020-43377,39.78543,-104.89055,2/3/2020 11:14,11:14:00,3,0,0,NORTHFIELD B EAST & VERBENA STREET NORTH,9,1,0,2,1,3, ,0,40,0,0,0,0,0,4,2,3
,2020-43378,39.74824,-104.98647,2/3/2020 11:30,11:30:00,3,0,1,20TH STREET & WELTON STREET,4,1,0,2,1,1, ,0,30,0,0,0,0,1,4,2,8
,2020-43379,39.73563,-104.89874,2/3/2020 12:30,12:30:00,6,0,0,12TH AVENUE EAST & SPRUCE STREET NORTH,4,1,1,2,1,4, ,0,30,0,0,0,0,0,4,2,1
,2020-43380,39.65667,-104.90451,2/3/2020 13:55,13:55:00,12,0,0,GIRARD AVENUE EAST & PONTIAC STREET SOUTH,9,1,0,2,1,1, ,0,25,0,0,0,0,0,4,2,16
,2020-43381,39.76271,-104.98346,2/3/2020 13:56,13:56:00,1,0,0,BLAKE STREET & 29TH STREET,9,1,0,2,1,1, ,0,25,0,0,0,0,0,4,2,14
,2020-43382,39.74375,-104.94065,2/3/2020 13:58,13:58:00,12,0,0,17TH AVENUE EAST & COLORADO B NORTH,4,1,0,2,1,4, ,0,30,0,0,0,0,0,4,4,7
,2020-43383,39.74002453,-105.0016084,2/3/2020 14:10,14:10:00,3,0,2,LIPAN STREET 1400 NORTH & COLFAX AVENUE WEST,4,1,1,2,1,5, ,0,20,0,0,0,0,1,4,2,13
,2020-43384,39.74377,-104.91243,2/3/2020 14:27,14:27:00,15,0,0,MONACO STREET NORTH & 17TH AVENUE EAST,9,1,0,2,1,1, ,0,35,0,0,0,0,0,4,2,13
,2020-43385,39.68055254,-105.0156799,2/3/2020 14:50,14:50:00,3,0,0,ZUNI STREET SOUTH & ASBURY STREET WEST,9,1,0,2,1,1, ,0,25,0,0,0,0,0,4,2,13
,2020-43386,39.63872955,-105.0722314,2/3/2020 14:59,14:59:00,5,0,0,QUINCY AVENUE WEST & PIERCE STREET SOUTH,4,1,0,2,2,4, ,0,45,0,0,0,0,0,4,1,14
,2020-43387,39.75737,-104.98862,2/3/2020 15:00,15:00:00,6,0,0,24TH STREET & WALNUT STREET,9,1,0,2,1,4, ,0,30,0,0,0,0,0,4,2,13
,2020-43388,39.78017353,-105.0111394,2/3/2020 15:13,15:13:00,5,0,0,46TH AVENUE WEST & TEJON STREET NORTH,4,1,0,0,3,3, ,0,25,0,0,0,0,0,4,1,8
,2020-43389,39.75999,-104.86679,2/3/2020 15:13,15:13:00,15,0,0,MLK BOULEVARD WEST & GENEVA STREET NORTH,9,1,0,2,1,4, ,0,35,0,0,0,0,0,4,3,13
,2020-43390,39.73587,-104.99437,2/3/2020 15:15,15:15:00,5,0,0,SPEER BOULEVARD NORTH & 1244 NORTH SPEER BOULEVARD,9,1,0,2,3,5, ,0,15,0,0,0,0,0,4,1,1
,2020-43391,39.69657,-104.94303,2/3/2020 15:18,15:18:00,3,0,1,MISSISSIPPI AVENUE EAST & JACKSON STREET SOUTH,9,1,0,2,1,1, ,0,30,0,0,0,0,1,4,2,13
,2020-43392,39.72728,-104.98362,2/3/2020 15:20,15:20:00,12,0,0,SEVENTH AVENUE EAST & GRANT STREET NORTH,4,1,1,2,1,3, ,0,30,0,0,0,0,0,4,2,14
,2020-43393,39.73842,-104.97761,2/3/2020 15:45,15:45:00,12,0,0,14TH AVENUE 700 EAST & CLARKSON STREET NORTH,4,1,0,2,1,3, ,0,30,0,0,0,0,0,4,2,13
,2020-43394,39.73842,-104.97761,2/3/2020 15:55,15:55:00,15,0,0,14TH AVENUE 700 EAST & CLARKSON STREET NORTH,4,1,0,2,1,4, ,0,30,0,0,0,0,0,4,3,13
,2020-43395,39.74291,-104.99165,2/3/2020 16:00,16:00:00,10,0,0,15TH STREET & GLENARM PLACE,9,1,0,2,1,1, ,0,30,0,0,0,0,0,4,2,13
,2020-43396,39.73942,-105.04867,2/3/2020 16:00,16:00:00,15,0,0,WOLFF STREET NORTH & COLFAX AVENUE WEST,1,1,1,0,1,4, ,0,25,0,0,0,0,0,4,2,13
,2020-43397,39.66756,-104.9428,2/3/2020 16:30,16:30:00,12,0,0,YALE AVENUE EAST & JACKSON STREET SOUTH,4,1,0,2,1,3, ,0,25,0,0,0,0,0,4,2,3
,2020-43398,39.63231,-104.91083,2/3/2020 17:28,17:28:00,10,0,0,MONACO STREET SOUTH & NEWPORT WAY SOUTH,4,2,0,2,1,2, ,0,35,0,0,0,0,0,4,2,13
,2020-43399,39.74747924,-104.9775566,2/3/2020 17:58,17:58:00,12,0,0,20TH AVENUE EAST & 757 EAST 20TH AVENUE,9,2,1,2,1,2, ,0,10,0,0,0,0,0,4,2,14
,2020-43400,39.73371553,-105.0052894,2/3/2020 17:58,17:58:00,6,0,0,OSAGE STREET NORTH & 11TH AVENUE WEST,9,3,0,2,1,4, ,0,25,0,0,0,0,0,4,2,13
,2020-43401,39.74577,-105.03151,2/3/2020 17:59,17:59:00,6,0,0,JULIAN STREET NORTH & 1800 NORTH,4,2,0,2,1,4, ,0,25,0,0,0,0,0,4,2,13
,2020-43402,39.71653,-104.98263,2/3/2020 18:10,18:10:00,12,0,0,LOGAN STREET SOUTH & ELLSWORTH AVENUE EAST,4,3,0,2,1,3, ,0,,0,0,0,0,0,4,2,16
,2020-43403,39.69668954,-105.0015184,2/3/2020 18:27,18:27:00,3,0,0,MISSISSIPPI AVENUE WEST & LIPAN STREET SOUTH,9,3,1,2,1,1, ,0,25,0,0,0,0,0,4,2,13
,2020-43404,39.66679,-105.02252,2/3/2020 18:30,18:30:00,12,0,0,YALE AVENUE 2790 WEST & YALE AVENUE WEST,9,1,0,2,1,4, ,0,,0,0,0,0,0,4,2,16
,2020-43405,39.75848,-105.04695,2/3/2020 18:33,18:33:00,3,0,1,29TH AVENUE WEST & VRAIN STREET NORTH,9,4,0,2,1,1, ,0,30,0,0,0,0,0,4,2,7
,2020-43406,39.63819,-105.03558,2/3/2020 18:40,18:40:00,12,0,0,QUINCY AVENUE 3700 WEST & LOWELL B SOUTH,9,3,0,2,1,4, ,0,35,0,0,0,0,0,4,2,14
,2020-43407,39.71133,-104.93656,2/3/2020 18:43,18:43:00,12,0,2,ALAMEDA AVENUE EAST & LEETSDALE DRIVE,4,3,0,2,1,3, ,0,35,0,0,0,0,0,4,2,13
,2020-43408,39.70609651,-104.8830047,2/3/2020 19:51,19:51:00,5,0,0,ALTON WAY SOUTH & 585 SOUTH ALTON WAY,9,4,0,2,3,4, ,0,25,0,0,0,0,0,4,1,13
,2020-43409,39.75726,-105.02761,2/3/2020 20:15,20:15:00,6,0,0,28TH AVENUE WEST & HAZEL COURT NORTH,4,3,0,2,1,4, ,0,25,0,0,0,0,0,4,2,7
,2020-43410,39.71657,-105.0337,2/3/2020 21:30,21:30:00,12,0,0,ELLSWORTH AVENUE 3500 WEST & LOWELL B SOUTH,9,3,0,2,1,4, ,0,,0,0,0,0,0,4,2,16
,2020-43411,39.69129,-105.03906,2/3/2020 23:03,23:03:00,3,0,0,ARKANSAS AVENUE WEST & PATTON COURT SOUTH,9,3,0,2,1,1, ,0,25,0,0,0,0,0,4,2,13
,2020-43412,39.76927,-104.91269,2/4/2020 0:53,0:53:00,3,0,0,38TH AVENUE EAST & MONACO STREET NORTH,9,3,0,2,1,1, ,0,30,0,0,0,0,0,4,2,4
,2020-43413,39.71815454,-105.0324694,2/4/2020 6:45,6:45:00,15,0,1,FIRST AVENUE WEST & KNOX COURT NORTH,9,2,0,2,1,3, ,0,30,0,0,0,0,0,4,2,1
,2020-43414,39.75083,-104.99706,2/4/2020 8:27,8:27:00,3,0,0,17TH STREET & MARKET STREET,9,1,0,2,1,1, ,0,25,0,0,0,0,0,4,2,13
,2020-43415,39.76197064,-104.9124597,2/4/2020 8:40,8:40:00,3,0,0,MONACO STREET SOUTHBOUND NORTH & 32ND AVENUE EAST,9,1,0,0,1,1, ,0,35,0,0,0,0,0,4,2,7
,2020-43416,39.7448,-104.96347,2/4/2020 8:50,8:50:00,3,0,0,18TH AVENUE EAST & RACE STREET NORTH,9,1,0,2,1,1, ,0,25,0,0,0,0,0,4,2,13
,2020-43417,39.7434,-104.92345,2/4/2020 9:02,9:02:00,3,0,1,17TH AVENUE EAST & HUDSON STREET NORTH,9,1,0,2,1,1, ,0,25,0,0,0,0,1,4,2,7
,2020-43418,39.7638,-104.92935,2/4/2020 9:47,9:47:00,3,0,0,33RD AVENUE EAST & ELM STREET NORTH,9,1,0,2,1,1, ,0,25,0,0,0,0,0,4,2,14
,2020-43419,39.66759,-104.91464,2/4/2020 10:00,10:00:00,3,0,0,YALE AVENUE EAST & LINDEN COURT SOUTH,5,1,0,0,1,2, ,0,30,0,0,0,0,0,4,2,7
,2020-43420,39.73686,-104.99531,2/4/2020 10:10,10:10:00,12,0,0,13TH AVENUE WEST & FOX STREET NORTH,7,1,3,0,1,3, ,0,30,0,0,0,0,0,4,2,7
,2020-43421,39.7506,-104.98349,2/4/2020 10:28,10:28:00,12,0,1,WELTON STREET 2200  & PARK AVENUE WEST,9,1,0,2,1,3, ,0,30,0,0,0,0,0,4,2,1
,2020-43422,39.63137,-105.08986,2/4/2020 11:30,11:30:00,5,0,0,LAYTON AVENUE WEST & BALSAM WAY SOUTH,9,1,0,2,3,4, ,0,30,0,0,0,0,0,4,1,7
,2020-43423,39.69566,-104.90351,2/4/2020 11:48,11:48:00,3,0,0,QUEBEC STREET SOUTH & MISSISSIPPI AVENUE EAST,7,1,1,0,1,1, ,0,35,0,0,0,0,0,4,2,3
,2020-43424,39.76185,-104.927,2/4/2020 12:02,12:02:00,6,0,0,MLK BOULEVARD EAST & FOREST STREET NORTH,9,1,0,2,1,1, ,0,25,0,0,0,0,0,4,2,14
,2020-43425,39.70024,-104.91959,2/4/2020 12:16,12:16:00,3,0,0,KENTUCKY AVENUE EAST & JERSEY STREET SOUTH,4,1,0,2,1,1, ,0,25,0,0,0,0,0,4,2,13
,2020-43426,39.77006,-104.96594,2/4/2020 12:29,12:29:00,3,0,0,38TH AVENUE EAST & WILLIAMS STREET NORTH,9,1,0,0,1,5, ,0,25,0,0,0,0,0,4,3,13
,2020-43427,39.79455,-104.88361,2/4/2020 13:00,13:00:00,15,0,0,CENTRAL PARK AVENUE 5300 NORTH & 52ND AVENUE EAST,11,1,0,0,1,4, ,0,35,0,0,0,0,0,4,2,13
,2020-43428,39.63131,-104.89233,2/4/2020 13:01,13:01:00,5,0,0,TEMPLE DRIVE EAST & DTC BOULEVARD SOUTH,7,1,1,0,2,4, ,0,30,0,0,0,0,0,4,1,7
,2020-43429,39.70213,-104.98753,2/4/2020 13:04,13:04:00,3,0,0,BROADWAY STREET SOUTH & OHIO AVENUE EAST,11,1,0,0,1,1, ,0,35,0,0,0,0,0,4,2,7
,2020-43430,39.74407,-104.98108,2/4/2020 13:05,13:05:00,15,0,0,PENNSYLVANIA STREET NORTH & 18TH AVENUE EAST,10,1,0,2,1,4, ,0,30,0,0,0,0,0,4,2,13
,2020-43431,39.73677,-104.94397,2/4/2020 13:09,13:09:00,6,0,0,13TH AVENUE EAST & JACKSON STREET NORTH,4,1,0,2,1,3, ,0,30,0,0,0,0,0,4,2,14
,2020-43432,39.73923,-104.99403,2/4/2020 13:20,13:20:00,5,0,0,ELATI STREET 1400 NORTH & COLFAX AVENUE EAST,11,1,0,2,2,4, ,0,30,0,0,0,0,0,4,1,13
,2020-43433,39.78527,-104.88308,2/4/2020 13:22,13:22:00,12,0,0,CENTRAL PARK B NORTH & NORTHFIELD B EAST,9,1,0,2,1,1, ,0,40,0,0,0,0,0,4,2,5
,2020-43434,39.7547,-104.92113,2/4/2020 13:25,13:25:00,12,0,0,26TH AVENUE EAST & IVANHOE STREET NORTH,12,1,0,0,1,1, ,0,25,0,0,0,0,0,4,2,1
,2020-43435,39.78744,-105.04042,2/4/2020 14:01,14:01:00,3,0,0,50TH AVENUE WEST & QUITMAN STREET NORTH,11,1,1,0,1,1, ,0,25,0,0,0,0,0,4,2,1
,2020-43436,39.70401,-105.02753,2/4/2020 15:07,15:07:00,12,0,0,HAZEL COURT SOUTH & EXPOSITION AVENUE WEST,9,1,1,2,1,1, ,0,30,0,0,0,0,0,4,2,13
,2020-43437,39.78360251,-104.791382,2/4/2020 15:26,15:26:00,12,0,1,PENA B & GREEN VALLEY RANCH B EAST,11,1,1,2,1,1, ,0,55,0,0,0,0,1,4,2,3
,2020-43438,39.79721951,-104.7434705,2/4/2020 15:48,15:48:00,5,0,0,MALAYA STREET NORTH & RANDOLPH PLACE EAST,4,1,0,2,3,3, ,0,30,0,0,0,0,0,4,2,13
,2020-43439,39.72296,-105.04161,2/4/2020 15:49,15:49:00,1,0,0,FOURTH AVENUE WEST & RALEIGH STREET NORTH,4,1,0,0,1,1, ,0,25,0,0,0,0,0,4,2,3
,2020-43440,39.78,-104.81528,2/4/2020 15:49,15:49:00,1,0,0,ELK PLACE EAST & EUGENE WAY NORTH,9,1,0,0,1,4, ,0,25,0,0,0,0,0,4,2,13
,2020-43441,39.71111,-104.97243,2/4/2020 16:36,16:36:00,12,0,0,ALAMEDA AVENUE EAST & MARION STREET SOUTH,4,1,0,2,1,1, ,0,35,0,0,0,0,0,4,2,13
,2020-43442,39.75056,-104.99919,2/4/2020 16:44,16:44:00,11,0,1,BLAKE STREET & 16TH STREET,7,1,0,2,1,1, ,0,0,0,1,0,0,1,4,2,16
,2020-43443,39.62748,-104.91112,2/4/2020 17:45,17:45:00,12,0,0,MONACO STREET SOUTH & UNION AVENUE EAST,4,3,0,0,1,1, ,0,25,0,0,0,0,0,4,2,3
,2020-43444,39.75392,-105.03931,2/4/2020 18:19,18:19:00,6,0,0,PERRY STREET NORTH & 25TH AVENUE WEST,4,2,0,2,1,4, ,0,25,0,0,0,0,0,4,2,5
,2020-43445,39.67847,-104.94182,2/4/2020 19:00,19:00:00,5,0,0,EVANS AVENUE EAST & 3900 EAST,4,3,0,0,3,4, ,0,30,0,0,0,0,0,4,1,5
,2020-43446,39.79254,-104.77206,2/4/2020 20:21,20:21:00,3,0,1,ELMENDORF DRIVE EAST & TOWER ROAD NORTH,4,3,0,0,1,1, ,0,25,0,0,0,0,1,4,3,13
,2020-43447,39.77131,-104.75708,2/5/2020 0:20,0:20:00,12,0,0,FUNDY STREET 4000 NORTH & 41ST AVENUE EAST,9,3,0,2,1,4, ,0,,0,0,0,0,0,4,3,16
,2020-43448,39.73204,-105.03214,2/5/2020 1:15,1:15:00,8,0,0,KNOX COURT NORTH & NINTH AVENUE WEST,1,3,0,0,1,4, ,0,25,0,0,0,0,0,4,2,5
,2020-43449,39.76213,-105.04048,2/5/2020 4:35,4:35:00,3,0,0,QUITMAN STREET NORTH & 32ND AVENUE WEST,1,3,0,0,1,1, ,0,25,0,0,0,0,0,4,2,8
,2020-43450,39.74163,-104.96784,2/5/2020 6:05,6:05:00,3,0,0,16TH AVENUE EAST & GILPIN STREET NORTH,4,1,0,0,1,5, ,0,25,0,0,0,0,0,4,2,13
,2020-43451,39.8333815,-104.771969,2/5/2020 6:41,6:41:00,5,0,0,PENA B OUTBOUND & TOWER ROAD NORTH,1,1,0,0,2,4, ,0,65,0,0,0,0,0,4,1,2
,2020-43452,39.76816,-104.9678,2/5/2020 6:52,6:52:00,3,0,0,37TH AVENUE EAST & FRANKLIN STREET NORTH,4,3,0,0,1,5, ,0,15,0,0,0,0,0,4,2,3
,2020-43453,39.70312,-105.02695,2/5/2020 7:06,7:06:00,6,0,0,WALSH PLACE WEST & FEDERAL BOULEVARD SOUTH,4,1,0,0,1,4, ,0,25,0,0,0,0,0,4,2,13
,2020-43454,39.67846,-104.93162,2/5/2020 7:18,7:18:00,3,0,0,DAHLIA STREET SOUTH & EVANS AVENUE EAST,11,1,0,0,1,1, ,0,30,0,0,0,0,0,4,2,13
,2020-43455,39.67846,-104.93162,2/5/2020 7:21,7:21:00,12,0,0,EVANS AVENUE EAST & DAHLIA STREET SOUTH,1,1,0,0,1,3, ,0,45,0,0,0,0,0,4,2,7
,2020-43457,39.70764254,-105.0298279,2/5/2020 7:30,7:30:00,3,0,0,IRVING STREET SOUTH & VIRGINIA AVENUE WEST,4,1,0,0,1,1, ,0,25,0,0,0,0,0,4,2,13
,2020-43458,39.72294,-105.03728,2/5/2020 7:31,7:31:00,3,0,0,FOURTH AVENUE WEST & NEWTON STREET NORTH,4,1,0,0,1,1, ,0,25,0,0,0,0,0,4,2,13
,2020-43459,39.69898,-105.03444,2/5/2020 7:45,7:45:00,12,0,0,LOWELL B 900 SOUTH & TENNESSEE AVENUE WEST,4,1,1,0,1,3, ,0,25,0,0,0,0,0,4,2,7
,2020-43460,39.7384,-104.97302,2/5/2020 7:48,7:48:00,12,0,0,DOWNING STREET NORTH & 14TH AVENUE EAST,1,1,0,0,1,1, ,0,25,0,0,0,0,0,4,2,14
,2020-43461,39.72558,-104.97408,2/5/2020 7:57,7:57:00,3,0,0,SIXTH AVENUE EAST & CORONA STREET NORTH,11,1,0,0,1,1, ,0,30,0,0,0,0,0,4,2,13
,2020-43462,39.71131,-104.89291,2/5/2020 8:08,8:08:00,12,0,0,FAIRMOUNT DRIVE EAST & ALAMEDA AVENUE EAST,4,1,1,0,1,3, ,0,30,0,0,0,0,0,4,2,7
,2020-43463,39.69794953,-104.8823089,2/5/2020 8:12,8:12:00,3,0,1,MISSISSIPPI AVENUE EAST & ALTON STREET SOUTH,11,1,0,0,1,1, ,0,35,0,0,0,0,2,4,2,13
,2020-43464,39.73579,-105.04049,2/5/2020 8:20,8:20:00,5,0,0,QUITMAN STREET NORTH & 13TH AVENUE WEST,4,1,1,0,2,3, ,0,30,0,0,0,0,0,4,2,13
,2020-43465,39.76928001,-105.0064807,2/5/2020 8:36,8:36:00,12,0,0,PECOS STREET 3800 NORTH & 38TH AVENUE WEST,1,1,1,0,1,4, ,0,25,0,0,0,0,0,4,2,13
,2020-43466,39.7111,-104.97808,2/5/2020 8:37,8:37:00,1,0,1,ALAMEDA AVENUE EAST & CLARKSON STREET SOUTH,4,1,0,0,1,1, ,0,30,0,0,0,0,0,4,2,13
,2020-43467,39.72079,-104.97407,2/5/2020 8:47,8:47:00,12,0,1,CORONA STREET 300 NORTH & THIRD AVENUE EAST,9,1,0,0,1,4, ,0,25,0,0,0,0,1,4,2,13
,2020-43468,39.78739,-104.97828,2/5/2020 8:47,8:47:00,12,0,0,50TH AVENUE EAST & WASHINGTON AVENUE NORTH,4,1,0,0,1,1, ,0,30,0,0,0,0,0,4,3,7
,2020-43469,39.66768,-105.03496,2/5/2020 9:06,9:06:00,3,0,0,YALE AVENUE WEST & LOWELL B SOUTH,9,1,0,0,1,1, ,0,25,0,0,0,0,0,4,2,8
,2020-43470,39.67856,-104.98408,2/5/2020 9:13,9:13:00,12,0,0,EVANS AVENUE EAST & GRANT STREET SOUTH,2,1,1,0,1,4, ,0,30,0,0,0,0,0,4,2,13
,2020-43471,39.79833,-104.78762,2/5/2020 9:20,9:20:00,12,0,0,56TH AVENUE 17000 EAST & TOWER ROAD NORTH,1,1,0,0,1,4, ,0,45,0,0,0,0,0,4,2,13
,2020-43472,39.71568,-104.98751,2/5/2020 9:22,9:22:00,15,0,0,BROADWAY STREET 60 SOUTH & BAYAUD AVENUE EAST,11,1,0,0,1,4, ,0,30,0,0,0,0,0,4,2,13
,2020-43473,39.76441,-104.97602,2/5/2020 9:30,9:30:00,3,0,0,33RD STREET & LAWRENCE STREET,9,1,0,0,1,1, ,0,30,0,0,0,0,0,4,2,13
,2020-43474,39.75386,-104.96956,2/5/2020 9:48,9:48:00,6,0,0,HUMBOLDT STREET NORTH & 26TH AVENUE EAST,4,1,0,0,1,4, ,0,25,0,0,0,0,0,4,2,14
,2020-43475,39.72911,-104.96019,2/5/2020 10:10,10:10:00,12,0,0,EIGHTH AVENUE EAST & YORK STREET NORTH,1,1,1,0,1,3, ,0,30,0,0,0,0,0,4,2,13
,2020-43476,39.71941,-104.9522,2/5/2020 10:49,10:49:00,12,0,0,SECOND AVENUE EAST & MILWAUKEE STREET NORTH,4,1,0,0,1,1, ,0,25,0,0,0,0,0,4,2,13
,2020-43477,39.6804,-104.92423,2/5/2020 11:05,11:05:00,3,0,0,ASBURY AVENUE EAST & HOLLY STREET SOUTH,11,1,0,0,1,2, ,0,25,0,0,0,0,0,4,2,13
,2020-43478,39.75483,-105.01984,2/5/2020 11:14,11:14:00,12,0,0,26TH AVENUE WEST & CLAY STREET NORTH,1,1,1,0,1,2, ,0,30,0,0,0,0,0,4,2,13
,2020-43479,39.71117,-104.99001,2/5/2020 11:23,11:23:00,11,0,1,BANNOCK STREET SOUTH & ALAMEDA AVENUE WEST,1,1,0,0,1,1, ,0,30,0,1,0,0,2,4,2,13
,2020-43480,39.74379,-104.95684,2/5/2020 11:55,11:55:00,12,0,0,EXPLANADE PARKWAY NORTH & 17TH AVENUE EAST,1,1,0,0,1,3, ,0,25,0,0,0,0,0,4,2,13
,2020-43481,39.67482,-104.93166,2/5/2020 12:11,12:11:00,5,0,0,DAHLIA STREET SOUTH & ILIFF AVENUE EAST,9,1,1,0,3,1, ,0,25,0,0,0,0,0,4,1,7
,2020-43482,39.7265,-105.02941,2/5/2020 12:45,12:45:00,6,0,0,SIXTH AVENUE WEST  & IRVING STREET NORTH,1,1,1,0,1,4, ,0,30,0,0,0,0,0,4,2,3
,2020-43483,39.69833,-104.96168,2/5/2020 13:03,13:03:00,6,0,0,TENNESSEE AVENUE EAST & YROK STREET SOUTH,9,1,0,0,1,4, ,0,25,0,0,0,0,0,4,2,13
,2020-43484,39.71886,-104.98624,2/5/2020 13:25,13:25:00,12,0,0,LINCOLN STREET NORTH & 100 NORTH,1,1,0,0,1,2, ,0,30,0,0,0,0,0,4,2,1
,2020-43485,39.74519953,-105.0095689,2/5/2020 13:34,13:34:00,12,0,0,AURARIA PARKWAY & SEVENTH STREET,1,1,1,0,1,1, ,0,35,0,0,0,0,0,4,2,13
,2020-43486,39.67486,-104.96876,2/5/2020 14:10,14:10:00,12,0,0,FRANKLIN STREET SOUTH & ILIFF AVENUE EAST,1,1,0,0,1,1, ,0,25,0,0,0,0,0,4,2,13
,2020-43487,39.75001,-104.9912,2/5/2020 15:20,15:20:00,12,0,0,19TH STREET & CURTIS STREET,4,3,0,0,1,1, ,0,25,0,0,0,0,0,4,2,13
,2020-43488,39.75001,-104.9912,2/5/2020 15:30,15:30:00,12,0,0,19TH STREET & CURTIS STREET,4,2,0,0,1,1, ,0,,0,0,0,0,0,4,4,16
,2020-43489,39.76447,-104.94991,2/5/2020 15:45,15:45:00,1,0,0,BRUCE RANDOLPH AVENUE EAST & STEEL STREET NORTH,10,1,1,0,1,4, ,0,30,0,0,0,0,0,4,2,13