id,drcog_id,latitude,longitude,crashtime,time,crashtype,numbkilled,numbinjurd,drcoglocat,rdconditin,lightngcon,roadcntgrd,weatherco,location,roaddescrp,schoolzone,constrzone,splimit,bikeinv,pedinv,sctrinv,motoinv,svrty,rdsystem,ttlvehcls,hcf
,2020-43490,39.76633557,-104.9025026,2/5/2020 16:03,16:03:00,12,0,0,QUEBEC STREET 3700 NORTH & 35TH AVENUE EAST,1,1,0,0,1,4, ,0,45,0,0,0,0,0,4,2,3
,2020-43491,39.73647,-104.9395,2/5/2020 17:01,17:01:00,3,0,0,13TH AVENUE EAST & ALBION STREET NORTH,1,3,0,0,1,1, ,0,30,0,0,0,0,0,4,2,1
,2020-43492,39.74327,-104.97874,2/5/2020 17:13,17:13:00,3,0,0,17TH AVENUE EAST & WASHINGTON AVENUE NORTH,4,1,0,0,1,1, ,0,30,0,0,0,0,0,4,2,13
,2020-43493,39.74619,-104.98232,2/5/2020 17:36,17:36:00,12,0,0,LOGAN STREET NORTH & 19TH AVENUE EAST,1,2,0,0,1,4, ,0,30,0,0,0,0,0,4,3,8
,2020-43494,39.63868,-105.08735,2/5/2020 17:41,17:41:00,10,0,0,QUINCY AVENUE WEST & AMMONS STREET SOUTH,1,3,0,0,1,1, ,0,35,0,0,0,0,0,4,2,13
,2020-43495,39.75576,-104.98896,2/5/2020 18:27,18:27:00,15,0,0,PARK AVENUE WEST & LARIMER STREET,1,3,0,0,1,4, ,0,30,0,0,0,0,0,4,2,8
,2020-43496,39.74034,-104.89866,2/5/2020 18:30,18:30:00,12,0,0,SYRACUSE STREET 1500 NORTH & COLFAX AVENUE EAST,1,3,0,0,1,4, ,0,35,0,0,0,0,0,4,2,14
,2020-43497,39.69112754,-104.9593219,2/5/2020 18:34,18:34:00,1,0,0,UNIVERSITY BOULEVARD SOUTH & ARKANSAS AVENUE EAST,4,3,1,0,1,1, ,0,30,0,0,0,0,0,4,3,13
,2020-43498,39.7354,-104.99984,2/5/2020 19:00,19:00:00,12,0,0,KALAMATH 1200 NORTH & 12TH AVENUE WEST,1,3,0,1,1,4, ,0,30,0,0,0,0,0,4,2,13
,2020-43499,39.74812453,-105.0042589,2/6/2020 6:40,6:40:00,3,0,0,12TH STREET & AURARIA PARKWAY,1,3,0,0,1,1, ,0,30,0,0,0,0,0,4,2,13
,2020-43500,39.72589,-105.03249,2/6/2020 7:31,7:31:00,3,0,0,KNOX COURT NORTH & FIFTH AVENUE WEST,1,1,0,0,1,2, ,0,30,0,0,0,0,0,4,2,13
,2020-43501,39.72564253,-105.0016084,2/6/2020 8:20,8:20:00,15,0,0,KALAMATH LIPAN ALY NORTH & SIXTH AVENUE WEST,1,1,0,0,1,4, ,0,20,0,0,0,0,0,4,2,13
,2020-43502,39.72413,-104.99858,2/6/2020 8:24,8:24:00,1,0,0,FIFTH AVENUE WEST & SANTA FE DRIVE NORTH,11,1,0,0,1,1, ,0,30,0,0,0,0,0,4,2,13
,2020-43503,39.71812,-104.95585,2/6/2020 8:30,8:30:00,1,0,0,FIRST AVENUE EAST & CLAYTON LANE NORTH,1,1,0,0,1,1, ,0,30,0,0,0,0,0,4,2,13
,2020-43504,39.76075,-104.96098,2/6/2020 8:39,8:39:00,3,0,0,31ST AVENUE EAST & GAYLORD STREET NORTH,1,1,0,0,1,1, ,0,30,0,0,0,0,0,4,2,13
,2020-43505,39.76189,-104.99099,2/6/2020 10:22,10:22:00,3,0,0,DENARGO STREET & WEWATTA WAY,1,1,0,0,1,1, ,0,25,0,0,0,0,0,4,2,13
,2020-43506,39.73764,-104.9874,2/6/2020 10:28,10:28:00,6,0,0,BROADWAY STREET NORTH & 13TH AVENUE EAST,1,1,0,0,1,4, ,0,30,0,0,0,0,0,4,2,14
,2020-43507,39.6753,-105.02641,2/6/2020 11:04,11:04:00,6,0,0,ILIFF AVENUE 3000 WEST & FEDERAL BOULEVARD SOUTH,11,1,0,0,1,2, ,0,25,0,0,0,0,0,4,2,13
,2020-43508,39.69098,-104.90358,2/6/2020 11:50,11:50:00,5,0,0,QUEBEC STREET 1300 SOUTH & FLORIDA AVENUE EAST,9,1,0,0,3,4, ,0,35,0,0,0,0,0,4,1,5
,2020-43509,39.78252,-104.87046,2/6/2020 12:56,12:56:00,12,0,0,47TH AVENUE 10000 EAST & HAVANA STREET NORTH,1,1,0,0,1,4, ,0,35,0,0,0,0,0,4,2,13
,2020-43510,39.72751,-105.0187,2/6/2020 13:24,13:24:00,12,0,0,SEVENTH AVENUE WEST & BRYANT STREET NORTH,1,1,0,0,1,1, ,0,25,0,0,0,0,0,4,2,13
,2020-43511,39.70372,-104.98749,2/6/2020 13:42,13:42:00,12,0,0,BROADWAY STREET 700 SOUTH & OHIO AVENUE WEST,1,1,0,0,1,4, ,0,30,0,0,0,0,0,4,2,1
,2020-43512,39.83311864,-104.6720796,2/6/2020 13:43,13:43:00,12,0,0,75TH C 27400 EAST & HARRY COMBS PARKWAY NORTH,1,1,0,0,1,3, ,0,35,0,0,0,0,0,4,2,1
,2020-43513,39.71895,-105.03247,2/6/2020 15:09,15:09:00,6,0,0,KNOX COURT NORTH & SECOND AVENUE WEST,1,1,0,0,1,2, ,0,25,0,0,0,0,0,4,2,13
,2020-43514,39.71661553,-105.0001819,2/6/2020 17:32,17:32:00,10,0,3,KALAMATH STREET NORTH & ELLSWORTH AVENUE WEST,1,3,0,0,1,1, ,0,40,0,0,0,0,1,4,2,1
,2020-43515,39.66747,-104.93347,2/6/2020 17:42,17:42:00,1,0,0,YALE AVENUE EAST & DENNISON COURT SOUTH,1,3,0,0,1,1, ,0,30,0,0,0,0,0,4,2,7
,2020-43516,39.72026,-105.02278,2/6/2020 17:57,17:57:00,3,0,2,DECATUR STREET NORTH & SECOND AVENUE WEST,1,3,0,0,1,1, ,0,25,0,0,0,0,0,4,3,3
,2020-43517,39.78228,-104.86328,2/6/2020 18:07,18:07:00,15,0,0,IRONTON STREET NORTH & 47TH AVENUE EAST,1,1,0,0,1,1, ,0,25,0,0,0,0,0,4,2,13
,2020-43518,39.71532,-104.95923,2/6/2020 18:13,18:13:00,1,0,0,UNIVERSITY BOULEVARD SOUTH  & CHERRY CREEK DRIVE SOUTHEAST,9,3,0,2,1,1, ,0,30,0,0,0,0,0,4,2,8
,2020-43519,39.74379,-104.89638,2/6/2020 19:10,19:10:00,12,0,0,17TH AVENUE EAST & TRENTON STREET NORTH,9,3,0,2,1,1, ,0,30,0,0,0,0,0,4,3,7
,2020-43520,39.77792,-104.85068,2/6/2020 19:23,19:23:00,5,0,0,45TH AVENUE EAST & PARIS STREET NORTH,9,3,0,2,3,1, ,0,25,0,0,0,0,0,4,1,13
,2020-43521,39.71706,-104.90371,2/6/2020 19:25,19:25:00,1,0,1,LOWRY BOULEVARD EAST & QUEBEC STREET NORTH,9,3,0,2,1,1, ,0,35,0,0,0,0,1,4,2,13
,2020-43522,39.73829,-104.92578,2/6/2020 20:00,20:00:00,5,0,0,14TH AVENUE EAST & GLENCOE STREET NORTH,9,3,0,2,2,4, ,0,30,0,0,0,0,0,4,1,3
,2020-43523,39.74147,-104.9874,2/6/2020 20:30,20:30:00,3,0,0,BROADWAY STREET NORTH & 16TH STREET,9,3,0,2,1,1, ,0,30,0,0,0,0,0,4,2,14
,2020-43524,39.73657,-105.03223,2/6/2020 20:32,20:32:00,12,0,2,13TH AVENUE WEST & M KNOX COURT,9,3,0,2,1,1, ,0,30,0,0,0,0,1,4,2,13
,2020-43525,39.70022,-104.90822,2/6/2020 20:55,20:55:00,12,0,0,LEETSDALE DRIVE & ONEIDA STREET SOUTH,9,3,0,2,1,3, ,0,35,0,0,0,0,0,4,2,7
,2020-43526,39.65305,-104.92876,2/6/2020 21:24,21:24:00,12,0,0,HAMPDEN AVENUE 5000 EAST & ELM STREET SOUTH,10,3,0,2,1,4, ,0,35,0,0,0,0,0,4,2,13
,2020-43527,39.76927453,-105.0158509,2/6/2020 21:45,21:45:00,12,0,0,38TH AVENUE WEST & ZUNI STREET NORTH,4,3,0,2,1,4, ,0,35,0,0,0,0,0,4,2,13
,2020-43528,39.71486054,-105.0156709,2/6/2020 21:59,21:59:00,6,0,0,BAYAUD AVENUE WEST & ZUNI STREET SOUTH,9,3,0,2,1,3, ,0,25,0,0,0,0,0,4,2,14
,2020-43529,39.69668954,-105.0015184,2/6/2020 22:57,22:57:00,7,0,0,MISSISSIPPI AVENUE WEST & LIPAN STREET SOUTH,9,4,1,2,1,3, ,0,,0,0,0,0,0,4,2,13
,2020-43530,39.78743,-105.0228,2/7/2020 1:20,1:20:00,6,0,0,ELM COURT NORTH & 50TH AVENUE WEST,9,3,0,2,1,4, ,0,20,0,0,0,0,0,4,2,14
,2020-43531,39.70488,-104.99179,2/7/2020 1:30,1:30:00,6,0,0,CHEROKEE STREET SOUTH & CENTER AVENUE WEST,9,4,0,2,1,4, ,0,25,0,0,0,0,0,4,2,13
,2020-43532,39.73679353,-104.9610004,2/7/2020 2:35,2:35:00,6,0,0,GAYLORD STREET NORTH & 13TH AVENUE EAST,9,4,0,2,1,5, ,0,15,0,0,0,0,0,4,3,9
,2020-43533,39.77505,-104.8099,2/7/2020 6:49,6:49:00,1,0,0,ANDREWS DRIVE EAST & CHAMBERS ROAD NORTH,10,1,0,2,1,1, ,0,40,0,0,0,0,0,4,3,7
,2020-43534,39.70754,-104.98762,2/7/2020 8:25,8:25:00,15,0,0,BROADWAY STREET SOUTH & VIRGINIA AVENUE EAST,10,1,0,2,1,4, ,0,30,0,0,0,0,0,4,2,13
,2020-43535,39.76969,-104.89795,2/7/2020 8:30,8:30:00,3,0,0,SMITH ROAD EAST & 7800 EAST,9,1,0,2,1,2, ,0,25,0,0,0,0,0,4,2,13
,2020-43536,39.72862,-104.98949,2/7/2020 9:14,9:14:00,3,0,0,BANNOCK STREET NORTH & SPEER BOULEVARD NORTH,9,1,0,2,1,1, ,0,30,0,0,0,0,0,4,2,14
,2020-43537,39.71114,-104.9834,2/7/2020 9:24,9:24:00,12,0,0,ALAMEDA AVENUE 300 EAST & LOGAN STREET SOUTH,9,1,0,2,1,5, ,0,30,0,0,0,0,0,4,2,1
,2020-43538,39.7112,-104.99777,2/7/2020 9:29,9:29:00,12,0,0,ALAMEDA AVENUE 900 WEST & KALAMATH STREET SOUTH,9,1,0,2,1,3, ,0,35,0,0,0,0,0,4,2,1
,2020-43539,39.75019453,-105.0047314,2/7/2020 10:00,10:00:00,15,0,0,SPEER BOULEVARD NORTH & WEWATTA STREET,9,1,1,2,1,1, ,0,35,0,0,0,0,0,4,2,13
,2020-43540,39.78967,-105.05553,2/7/2020 10:00,10:00:00,5,0,1,BENTON STREET 5100 NORTH & 51ST AVENUE WEST,4,3,1,2,2,4, ,0,25,0,0,0,0,1,4,1,13
,2020-43541,39.75448,-104.96471,2/7/2020 10:05,10:05:00,3,0,0,26TH AVENUE EAST & HIGH STREET NORTH,9,1,0,2,1,1, ,0,25,0,0,0,0,0,4,2,7
,2020-43542,39.78375,-104.95186,2/7/2020 10:37,10:37:00,3,0,0,48TH AVENUE EAST & MILWAUKEE STREET NORTH,9,1,0,2,1,1, ,0,25,0,0,0,0,0,4,2,14
,2020-43543,39.71475,-104.98504,2/7/2020 10:39,10:39:00,3,0,0,SHERMAN STREET SOUTH & BAYAUD AVENUE EAST,9,1,0,2,1,1, ,0,25,0,0,0,0,0,4,2,13
,2020-43544,39.68946,-105.02971,2/7/2020 10:48,10:48:00,10,0,0,IRVING STREET SOUTH & FLORIDA AVENUE WEST,9,1,0,2,1,1, ,0,10,0,0,0,0,0,4,2,3
,2020-43545,39.75633253,-105.0158419,2/7/2020 11:10,11:10:00,15,0,1,ZUNI STREET NORTH & SPEER BOULEVARD NORTH,4,1,1,2,1,3, ,0,30,0,0,0,0,0,4,2,13
,2020-43546,39.74686,-104.98611,2/7/2020 11:15,11:15:00,6,0,0,LINCOLN STREET NORTH & 19TH AVENUE EAST,7,1,0,2,1,4, ,0,30,0,0,0,0,0,4,2,13
,2020-43547,39.72852,-105.04594,2/7/2020 11:18,11:18:00,6,0,0,VRAIN STREET NORTH & EIGHTH AVENUE WEST,4,1,1,2,1,3, ,0,25,0,0,0,0,0,4,2,13
,2020-43548,39.77386,-104.94408,2/7/2020 11:36,11:36:00,3,0,0,41ST AVENUE EAST & GARFIELD STREET NORTH,9,1,0,2,1,1, ,0,25,0,0,0,0,0,4,2,7
,2020-43549,39.68036354,-105.0040879,2/7/2020 11:49,11:49:00,6,0,0,ASBURY AVENUE WEST & NAVAJO STREET SOUTH,9,1,1,0,1,3, ,0,25,0,0,0,0,0,4,2,14
,2020-43550,39.75381,-104.98886,2/7/2020 11:53,11:53:00,12,0,0,22ND STREET 1100  & ARAPAHOE STREET,9,1,0,2,1,3, ,0,30,0,0,0,0,0,4,2,1
,2020-43551,39.72926053,-104.9161399,2/7/2020 12:03,12:03:00,3,0,1,EIGHTH AVENUE EAST & KRAMERIA STREET NORTH,9,1,0,2,1,1, ,0,25,0,0,0,0,0,4,2,3
,2020-43552,39.77348,-104.82301,2/7/2020 12:15,12:15:00,6,0,0,43RD AVENUE EAST & DEARBORN STREET NORTH,9,1,0,2,1,4, ,0,25,0,0,0,0,0,4,3,14
,2020-43553,39.74575753,-105.0001594,2/7/2020 12:45,12:45:00,12,0,0,SPEER BOULEVARD NORTH & LAWRENCE STREET,9,1,0,2,1,3, ,0,30,0,0,0,0,0,4,2,13
,2020-43554,39.73833,-104.94288,2/7/2020 13:07,13:07:00,12,0,0,14TH AVENUE EAST & JACKSON STREET NORTH,9,1,0,2,1,5, ,0,30,0,0,0,0,0,4,2,1
,2020-43555,39.72408553,-104.9811289,2/7/2020 13:20,13:20:00,6,0,0,FIFTH AVENUE EAST & PENNSYLVANIA STREET NORTH,9,1,0,2,1,4, ,0,25,0,0,0,0,0,4,2,13
,2020-43556,39.75442,-104.98738,2/7/2020 13:42,13:42:00,15,0,0,BROADWAY STREET NORTH & PARK AVENUE WEST,7,1,0,2,1,1, ,0,30,0,0,0,0,0,4,2,13
,2020-43557,39.72911,-104.96019,2/7/2020 13:49,13:49:00,3,0,0,EIGHTH AVENUE EAST & YORK STREET NORTH,11,1,0,2,1,1, ,0,30,0,0,0,0,0,4,2,3
,2020-43558,39.7488,-104.97336,2/7/2020 14:20,14:20:00,12,0,0,DOWNING STREET 2100 NORTH & 21ST AVENUE EAST,9,1,0,2,1,4, ,0,25,0,0,0,0,0,4,2,13
,2020-43559,39.69936,-104.98041,2/7/2020 14:25,14:25:00,6,0,0,PEARL STREET SOUTH & TENNESSEE AVENUE EAST,9,1,0,2,1,4, ,0,30,0,0,0,0,0,4,2,13
,2020-43560,39.71471,-104.9781,2/7/2020 14:45,14:45:00,6,0,0,CLARKSON STREET SOUTH & BAYAUD AVENUE EAST,9,1,0,2,1,4, ,0,20,0,0,0,0,0,4,2,13
,2020-43561,39.73842554,-105.0345377,2/7/2020 14:47,14:47:00,3,0,0,14TH AVENUE WEST & LOWELL B NORTH,9,1,0,2,1,1, ,0,25,0,0,0,0,0,4,2,13
,2020-43562,39.69675,-105.01806,2/7/2020 14:52,14:52:00,14,0,0,MISSISSIPPI AVENUE WEST & BRYANT STREET SOUTH,9,1,0,2,1,1, ,0,30,0,0,0,0,0,4,3,13
,2020-43563,39.79148,-104.87968,2/7/2020 14:52,14:52:00,5,0,0,PRAIRIE MEADOW 9355 EAST & BOSTON COURT NORTH,4,1,0,2,3,4, ,0,35,0,0,0,0,0,4,1,13
,2020-43564,39.7448,-104.96347,2/7/2020 15:10,15:10:00,15,0,0,18TH AVENUE EAST & RACE STREET NORTH,7,1,0,2,1,4, ,0,30,0,0,0,0,0,4,2,13
,2020-43565,39.74694,-104.99688,2/7/2020 15:33,15:33:00,12,0,1,15TH STREET & ARAPAHOE STREET,9,1,0,2,1,1, ,0,30,0,0,0,0,1,4,2,13
,2020-43566,39.72037,-105.04802,2/7/2020 16:00,16:00:00,6,0,0,SECOND AVENUE WEST & WOLFF STREET NORTH,9,1,1,2,1,3, ,0,25,0,0,0,0,0,4,2,1
,2020-43567,39.7112,-104.9316,2/7/2020 16:17,16:17:00,12,0,0,ALAMEDA AVENUE EAST & DAHLIA STREET SOUTH,4,1,1,2,1,1, ,0,35,0,0,0,0,0,4,2,13
,2020-43568,39.79130652,-104.8799014,2/7/2020 16:43,16:43:00,6,0,0,PRAIRIE MEADOW DRIVE EAST & BOSTON COURT NORTH,9,1,0,2,1,4, ,0,20,0,0,0,0,0,4,3,13
,2020-43569,39.66747,-104.93622,2/7/2020 17:18,17:18:00,3,0,0,YALE AVENUE EAST & CLERMONT DRIVE SOUTH,9,2,0,2,1,1, ,0,25,0,0,0,0,0,4,2,1
,2020-43570,39.71111,-104.97923,2/7/2020 17:40,17:40:00,12,0,0,ALAMEDA AVENUE EAST & WASHINGTON STREET SOUTH,9,3,0,2,1,1, ,0,30,0,0,0,0,0,4,2,13
,2020-43571,39.71735,-104.89599,2/7/2020 17:52,17:52:00,15,0,0,LOWRY BOULEVARD EAST & RAMPART WAY NORTH,4,3,0,2,1,6, ,0,30,0,0,0,0,0,4,2,13
,2020-43572,39.72354,-104.91274,2/7/2020 19:04,19:04:00,15,0,0,MONACO STREET NORTH & FOURTH AVENUE EAST,4,4,0,0,1,4, ,0,30,0,0,0,0,0,4,2,1
,2020-43573,39.73843,-104.97991,2/7/2020 19:17,19:17:00,12,0,0,14TH AVENUE EAST & PEARL STREET NORTH,10,3,0,2,1,1, ,0,30,0,0,0,0,0,4,2,13
,2020-43574,39.77032,-104.97885,2/7/2020 19:18,19:18:00,10,0,0,BRIGHTON BOULEVARD NORTH  & 35TH STREET,9,3,0,2,1,1, ,0,30,0,0,0,0,0,4,2,1
,2020-43575,39.73833,-104.96318,2/7/2020 20:04,20:04:00,6,0,0,14TH AVENUE EAST & RACE STREET NORTH,9,3,0,2,1,4, ,0,30,0,0,0,0,0,4,5,14
,2020-43576,39.74902453,-104.9802199,2/7/2020 21:08,21:08:00,3,0,1,PARK AVENUE WEST & COURT PLACE,9,3,0,2,1,1, ,0,30,0,0,0,0,2,4,2,1
,2020-43577,39.77366,-105.04399,2/7/2020 21:09,21:09:00,6,0,0,TENNYSON STREET NORTH & 4100 NORTH,9,3,0,2,1,4, ,0,30,0,0,0,0,0,4,10,5
,2020-43578,39.72908393,-104.9861347,2/7/2020 22:28,22:28:00,3,0,0,EIGHTH AVENUE EAST & LINCOLN STREET NORTH,9,3,0,2,1,1, ,0,30,0,0,0,0,0,4,3,14
,2020-43579,39.68216354,-105.0018199,2/8/2020 0:54,0:54:00,3,0,0,PLATTE RIVER DRIVE SOUTH & JEWELL AVENUE WEST,4,3,1,2,1,1, ,0,30,0,0,0,0,0,4,2,13
,2020-43580,39.75242,-105.02682,2/8/2020 2:44,2:44:00,6,0,0,GROVE STREET NORTH & 24TH AVENUE WEST,9,3,0,2,1,4, ,0,30,0,0,0,0,0,4,5,3
,2020-43581,39.75194,-104.99126,2/8/2020 7:15,7:15:00,6,0,0,20TH STREET 1100  & MID METER 201127,9,1,0,2,1,4, ,0,,0,0,0,0,0,4,2,16
,2020-43582,39.65745,-105.02979,2/8/2020 8:17,8:17:00,12,0,0,FLOYD AVENUE WEST & IRVING STREET SOUTH,9,1,0,0,1,1, ,0,,0,0,0,0,0,4,2,16
,2020-43583,39.63862165,-104.8993652,2/8/2020 8:30,8:30:00,15,0,0,SYRACUSE STREET SOUTH & QUINCY AVENUE EAST,4,1,0,2,1,4, ,0,30,0,0,0,0,0,4,2,13
,2020-43584,39.75009,-104.95976,2/8/2020 8:45,8:45:00,5,0,0,YORK STREET NORTH & 22ND AVENUE EAST,7,1,0,0,3,4, ,0,35,0,0,0,0,0,4,1,13
,2020-43585,39.75019453,-105.0047314,2/8/2020 8:47,8:47:00,3,0,0,SPEER BOULEVARD NORTH & WEWATTA STREET,7,1,0,0,1,1, ,0,30,0,0,0,0,0,4,2,13
,2020-43586,39.72564,-104.90341,2/8/2020 9:05,9:05:00,14,0,0,QUEBEC STREET NORTH  & SIXTH AVENUE EAST,4,1,1,0,6,4, ,0,35,0,0,0,0,0,4,2,13
,2020-43587,39.74098753,-104.9697214,2/8/2020 9:20,9:20:00,3,0,0,PARK AVENUE WEST & HUMBOLDT STREET NORTH,9,1,0,0,1,1, ,0,25,0,0,0,0,0,4,2,13
,2020-43588,39.74064,-104.99112,2/8/2020 9:26,9:26:00,15,0,0,14TH STREET & COURT PLACE,10,1,0,0,1,1, ,0,25,0,0,0,0,0,4,2,13
,2020-43589,39.72998,-104.99066,2/8/2020 9:34,9:34:00,3,0,0,SPEER BOULEVARD NORTH & BANNOCK STREET NORTH,7,1,0,2,1,1, ,0,30,0,0,0,0,0,4,2,13
,2020-43590,39.72923,-104.93493,2/8/2020 9:50,9:50:00,12,0,0,EIGHTH AVENUE EAST & CLERMONT STREET NORTH,7,1,0,0,1,1, ,0,35,0,0,0,0,0,4,2,3
,2020-43591,39.77412,-104.88279,2/8/2020 10:00,10:00:00,12,0,0,40TH AVENUE EAST & CENTRAL PARK B NORTH,4,1,0,0,1,3, ,0,30,0,0,0,0,0,4,2,7
,2020-43592,39.7571,-104.99071,2/8/2020 10:22,10:22:00,3,0,0,PARK AVENUE WEST & BLAKE STREET,9,1,0,0,1,1, ,0,30,0,0,0,0,0,4,2,4
,2020-43593,39.76469,-104.97396,2/8/2020 10:30,10:30:00,3,0,0,34TH STREET & ARAPAHOE STREET,4,1,0,0,1,1, ,0,25,0,0,0,0,0,4,3,13
,2020-43594,39.7029,-104.91284,2/8/2020 10:46,10:46:00,15,0,0,LEETSDALE DRIVE & MONACO STREET SOUTH,11,1,0,0,1,1, ,0,35,0,0,0,0,0,4,2,14
,2020-43595,39.74773753,-104.9861104,2/8/2020 11:32,11:32:00,6,0,0,LINCOLN STREET NORTH & 900 NORTH,9,1,0,2,1,4, ,0,30,0,0,0,0,0,4,2,13
,2020-43596,39.65636055,-105.0505414,2/8/2020 12:39,12:39:00,3,0,0,DARTMOUTH AVENUE WEST & ZURICH COURT SOUTH,7,1,0,0,1,2, ,0,30,0,0,0,0,0,4,2,7
,2020-43597,39.76321,-105.02361,2/8/2020 12:59,12:59:00,8,0,0,33RD AVENUE WEST & ELIOT STREET NORTH,7,1,0,0,1,4, ,0,25,0,0,0,0,0,4,2,1
,2020-43598,39.68857154,-105.0087589,2/8/2020 13:30,13:30:00,6,0,0,RARITAN STREET SOUTH & GUNNISON PLACE WEST,9,1,1,2,1,4, ,0,25,0,0,0,0,0,4,2,13
,2020-43599,39.71479,-104.91279,2/8/2020 13:45,13:45:00,12,0,2,MONACO STREET 100 SOUTH & BAYAUD AVENUE EAST,11,1,0,0,1,4, ,0,35,0,0,0,0,1,4,2,13
,2020-43600,39.7384,-104.96478,2/8/2020 14:26,14:26:00,15,0,1,14TH AVENUE 1800 EAST & WILLIAMS STREET,7,1,0,0,1,4, ,0,25,0,0,0,0,0,4,2,13
,2020-43601,39.75740353,-105.0104914,2/8/2020 14:39,14:39:00,1,0,0,15TH STREET & CENTRAL STREET,1,1,1,0,1,1, ,0,25,0,0,0,0,0,4,2,13
,2020-43602,39.67843753,-104.9127289,2/8/2020 14:46,14:46:00,12,0,0,EVANS AVENUE EAST & MONACO STREET SOUTH,1,1,0,0,1,1, ,0,40,0,0,0,0,0,4,2,5
,2020-43603,39.71887,-104.97615,2/8/2020 14:48,14:48:00,15,0,0,SPEER B 900 EAST & EMERSON STREET NORTH,11,1,0,0,1,4, ,0,30,0,0,0,0,0,4,2,13
,2020-43604,39.78625109,-104.791086,2/8/2020 14:52,14:52:00,15,0,0,PENA BOULEVARD & 8000,11,1,0,0,1,4, ,0,45,0,0,0,0,0,4,2,13
,2020-43605,39.70311,-105.02508,2/8/2020 15:32,15:32:00,12,0,1,WASH PLACE WEST & FEDERAL B SOUTH,11,1,0,0,1,4, ,0,35,0,0,0,0,1,4,2,13
,2020-43606,39.70804,-105.04087,2/8/2020 16:04,16:04:00,3,0,0,VIRGINIA AVENUE WEST & QUITMAN STREET SOUTH,9,1,0,2,1,1, ,0,25,0,0,0,0,0,4,2,3
,2020-43607,39.68154254,-105.0052272,2/8/2020 16:27,16:27:00,11,0,1,PECOS STREET SOUTH & 1700,9,1,1,0,1,4, ,0,0,0,1,0,0,3,4,2,16
,2020-43608,39.71112,-104.95926,2/8/2020 17:58,17:58:00,8,0,0,ALAMEDA AVENUE EAST & UNIVERSITY B SOUTH,11,3,0,0,1,4, ,0,30,0,0,0,0,0,4,2,3
,2020-43609,39.75668,-104.98777,2/8/2020 18:04,18:04:00,3,0,0,24TH STREET & LARIMER STREET,1,3,0,0,1,1, ,0,25,0,0,0,0,0,4,2,13
,2020-43610,39.83343,-104.77181,2/8/2020 18:36,18:36:00,12,0,0,TOWER ROAD NORTH & PENA B INBOUND,1,3,0,0,1,3, ,0,45,0,0,0,0,0,4,2,1
,2020-43611,39.70745354,-105.0381079,2/8/2020 19:20,19:20:00,12,0,0,OSCEOLA STREET 500 SOUTH & MORRISON ROAD,4,3,0,0,1,4, ,0,25,0,0,0,0,0,4,2,7
,2020-43612,39.7182,-104.97323,2/8/2020 22:46,22:46:00,15,0,2,SPEER BOULEVARD EAST & DOWNING STREET NORTH,4,3,0,0,1,4, ,0,40,0,0,0,0,1,4,3,13
,2020-43613,39.75286,-104.99973,2/8/2020 22:50,22:50:00,12,0,1,WYNKOOP STREET & 17TH STREET,11,3,0,4,1,4, ,0,30,0,0,0,0,1,4,2,1
,2020-43614,39.74489,-104.98612,2/8/2020 22:50,22:50:00,3,0,0,18TH AVENUE EAST & LINCOLN STREET NORTH,11,3,0,0,1,1, ,0,30,0,0,0,0,0,4,2,13
,2020-43615,39.70661,-104.98044,2/8/2020 23:10,23:10:00,6,0,0,PEARL STREET SOUTH & PENNSYLVANIA STREET SOUTH,4,3,0,2,1,4, ,0,25,0,0,0,0,0,4,3,13
,2020-43616,39.73439,-104.9384,2/8/2020 23:21,23:21:00,5,0,0,ASH STREET NORTH & HALE PARKWAY EAST,9,3,0,0,3,1, ,0,35,0,0,0,0,0,4,1,14
,2020-43617,39.76916653,-104.9733619,2/9/2020 0:47,0:47:00,8,0,0,DOWNING STREET NORTH & WALNUT STREET,1,3,0,0,1,1, ,0,25,0,0,0,0,0,4,3,8
,2020-43618,39.67973,-105.04084,2/9/2020 1:10,1:10:00,5,0,0,EVANS AVENUE 4000 WEST & PERRY WAY SOUTH,4,3,1,0,3,3, ,0,,0,0,0,0,0,4,1,16
,2020-43619,39.72911,-104.95903,2/9/2020 3:01,3:01:00,3,0,1,JOSEPHINE STREET NORTH & EIGHTH AVENUE EAST,9,3,0,2,1,1, ,0,30,0,0,0,0,2,4,2,14
,2020-43620,39.73839,-104.95978,2/9/2020 6:05,6:05:00,12,0,0,14TH AVENUE EAST & YORK STREET NORTH,9,4,0,2,1,4, ,0,,0,0,0,0,0,4,3,16
,2020-43621,39.73686,-104.99647,2/9/2020 6:52,6:52:00,3,0,0,SPEER B NORTH & 13TH AVENUE WEST,4,1,0,2,1,1, ,0,30,0,0,0,0,0,4,2,1
,2020-43622,39.71119,-104.99714,2/9/2020 7:20,7:20:00,14,0,0,SANTA FE DRIVE SOUTH  & ALAMEDA AVENUE WEST,9,1,1,2,1,4, ,0,25,0,0,0,0,0,4,2,13
,2020-43623,39.75294,-104.9926,2/9/2020 7:24,7:24:00,3,0,0,LARIMER STREET & 20TH STREET,4,1,0,2,1,1, ,0,35,0,0,0,0,0,4,2,14