id,drcog_id,latitude,longitude,crashtime,time,crashtype,numbkilled,numbinjurd,drcoglocat,rdconditin,lightngcon,roadcntgrd,weatherco,location,roaddescrp,schoolzone,constrzone,splimit,bikeinv,pedinv,sctrinv,motoinv,svrty,rdsystem,ttlvehcls,hcf
,2020-43624,39.73842,-104.97761,2/9/2020 7:39,7:39:00,12,0,0,CLARKSON STREET 1400 NORTH & COLFAX AVENUE EAST,9,1,0,2,1,4, ,0,30,0,0,0,0,0,4,2,16
,2020-43625,39.69639,-104.98704,2/9/2020 8:20,8:20:00,12,0,0,BROADWAY 1100 SOUTH & MISSISSIPPI AVENUE EAST,10,1,0,2,1,3, ,0,30,0,0,0,0,0,4,2,13
,2020-43626,39.78004,-104.94981,2/9/2020 8:53,8:53:00,14,0,0,STEELE STREET NORTH & 46TH AVENUE EAST,10,1,0,2,1,4, ,0,35,0,0,0,0,0,4,2,13
,2020-43627,39.75453,-104.9801,2/9/2020 8:54,8:54:00,3,0,0,26TH STREET & CALIFORNIA STREET,4,1,0,2,1,1, ,0,25,0,0,0,0,0,4,2,8
,2020-43628,39.73789,-104.99649,2/9/2020 8:56,8:56:00,12,0,0,SPEER B NORTH & GALAPAGO STREET NORTH,4,1,0,2,1,1, ,0,30,0,0,0,0,0,4,2,3
,2020-43629,39.73529498,-105.0052925,2/9/2020 9:00,9:00:00,6,0,0,OSAGE STREET 1205 NORTH & 12TH AVENUE WEST,1,1,0,0,1,4, ,0,25,0,0,0,0,0,4,2,13
,2020-43630,39.75641353,-104.9898184,2/9/2020 9:49,9:49:00,15,0,0,PARK AVENUE WEST & WALNUT STREET,11,1,0,2,1,3, ,0,30,0,0,0,0,0,4,2,7
,2020-43631,39.71466,-104.94985,2/9/2020 9:57,9:57:00,12,0,0,BAYAUD AVENUE EAST & STEELE STREET SOUTH,9,1,1,2,1,4, ,0,25,0,0,0,0,0,4,2,13
,2020-43632,39.69672554,-105.0065809,2/9/2020 10:11,10:11:00,12,0,0,QUIVAS STREET 1100 SOUTH & MISSISSIPPI AVENUE WEST,4,1,1,2,1,4, ,0,,0,0,0,0,0,4,3,16
,2020-43633,39.74902453,-104.9802199,2/9/2020 11:55,11:55:00,12,0,0,COURT PLACE 2200  & PARK AVENUE WEST,9,1,0,2,1,3, ,0,30,0,0,0,0,0,4,2,13
,2020-43634,39.69821954,-105.0138799,2/9/2020 12:00,12:00:00,5,0,0,TENNESSEE AVENUE 2100 WEST & VALLEJO STREET SOUTH,4,1,0,2,3,4, ,0,25,0,0,0,0,0,4,1,16
,2020-43635,39.78924,-105.01699,2/9/2020 14:00,14:00:00,6,0,0,51ST AVENUE WEST & 2500 WEST,9,1,1,2,1,4, ,0,25,0,0,0,0,0,4,2,7
,2020-43636,39.67850954,-105.0017479,2/9/2020 15:10,15:10:00,1,0,0,EVANS AVENUE WEST & LIPAN STREET SOUTH,9,1,0,0,1,1, ,0,40,0,0,0,0,0,4,2,13
,2020-43637,39.78498,-104.76351,2/9/2020 15:15,15:15:00,6,0,0,CEYLON WAY NORTH & 48TH PLACE EAST,4,1,0,0,4,3, ,0,20,0,0,0,0,0,4,2,7
,2020-43638,39.68401,-105.02299,2/9/2020 15:15,15:15:00,5,0,1,COLORADO AVENUE 2800 WEST & DECATUR STREET SOUTH,9,1,0,2,3,4, ,0,20,0,0,0,0,2,4,1,5
,2020-43639,39.75448,-104.98974,2/9/2020 16:00,16:00:00,6,0,0,22ND STREET 1200  & LARIMER STREET,9,1,0,2,1,4, ,0,30,0,0,0,0,0,4,3,14
,2020-43640,39.73687,-104.97761,2/9/2020 16:11,16:11:00,3,0,0,13TH AVENUE EAST & CLARKSON STREET NORTH,5,2,2,2,1,1, ,0,30,0,0,0,0,0,4,2,16
,2020-43641,39.71664,-105.02276,2/9/2020 16:13,16:13:00,6,0,0,ELLSWORTH AVENUE WEST & DECATUR STREET NORTH,9,1,0,2,1,4, ,0,25,0,0,0,0,0,4,2,14
,2020-43642,39.77766,-104.82111,2/9/2020 16:17,16:17:00,1,0,0,DURHAM COURT NORTH & ANDREWS DRIVE EAST,9,1,0,0,1,4, ,0,25,0,0,0,0,0,4,3,13
,2020-43643,39.67179,-105.0194,2/9/2020 18:03,18:03:00,3,0,0,CLAY STREET SOUTH & HARVARD AVENUE WEST,4,4,0,0,1,1, ,0,25,0,0,0,0,0,4,2,13
,2020-43644,39.74853,-104.99655,2/9/2020 19:45,19:45:00,3,0,1,16TH STREET & LAWRANCE STREET,9,3,0,0,1,1, ,0,,0,0,0,0,2,4,2,5
,2020-43645,39.67864,-105.02506,2/9/2020 20:28,20:28:00,12,0,0,EVANS AVENUE WEST & FEDERAL B SOUTH,9,3,0,0,1,4, ,0,35,0,0,0,0,0,4,2,8
,2020-43646,39.70804,-105.04204,2/9/2020 23:00,23:00:00,6,0,0,VIRGINIA AVENUE WEST & RALEIGH STREET SOUTH,9,3,0,2,1,4, ,0,25,0,0,0,0,0,4,2,1
,2020-43647,39.74638,-105.03577,2/10/2020 7:41,7:41:00,12,0,0,MEADE STREET NORTH & 19TH AVENUE WEST,4,1,0,0,1,3, ,0,25,0,0,0,0,0,4,2,3
,2020-43648,39.72394,-104.88402,2/10/2020 7:59,7:59:00,12,0,0,LOWRY B EAST & YOSEMITE STREET NORTH,4,1,0,0,1,3, ,0,,0,0,0,0,0,4,3,16
,2020-43649,39.72811,-104.99861,2/10/2020 8:04,8:04:00,12,0,0,SANTA FE DRIVE 700 NORTH & SEVENTH AVENUE WEST,4,1,0,0,1,4, ,0,30,0,0,0,0,0,4,2,13
,2020-43650,39.75319,-104.98732,2/10/2020 8:09,8:09:00,15,0,0,BROADWAY STREET 2200 NORTH & ARAPAHOE STREET,1,1,0,0,1,2, ,0,35,0,0,0,0,0,4,2,13
,2020-43651,39.73678,-104.94949,2/10/2020 8:20,8:20:00,5,0,1,13TH AVENUE 3200 EAST & STEELE STREET NORTH,4,1,0,0,2,4, ,0,30,0,0,0,0,3,4,1,13
,2020-43652,39.74874,-104.98235,2/10/2020 8:25,8:25:00,12,0,0,22ND STREET & TREMONT PLACE,4,1,0,0,1,1, ,0,25,0,0,0,0,0,4,2,13
,2020-43653,39.76696,-104.96472,2/10/2020 8:30,8:30:00,3,0,0,HIGH STREET NORTH & 36TH AVENUE EAST,1,1,0,0,1,1, ,0,25,0,0,0,0,0,4,2,7
,2020-43654,39.73681,-104.9586,2/10/2020 9:16,9:16:00,3,0,0,13TH AVENUE EAST & JOSEPHINE STREET NORTH,4,1,0,0,1,1, ,0,30,0,0,0,0,0,4,2,3
,2020-43655,39.72363,-104.8837,2/10/2020 9:24,9:24:00,12,0,0,YOSEMITE WAY NORTH & LOWRY B EAST,4,1,0,0,1,6, ,0,25,0,0,0,0,0,4,2,14
,2020-43656,39.68738,-104.90214,2/10/2020 10:20,10:20:00,12,0,1,IOWA AVENUE 7300 EAST & QUEBEC STREET SOUTH,4,1,0,0,1,4, ,0,25,0,0,0,0,1,4,2,13
,2020-43657,39.73839,-104.95978,2/10/2020 10:45,10:45:00,12,0,0,14TH AVENUE EAST & YORK STREET NORTH,9,1,1,0,1,4, ,0,30,0,0,0,0,0,4,2,1
,2020-43658,39.83377646,-104.771736,2/10/2020 12:13,12:13:00,12,0,0,PENA BOULEVARD INB 6700  & TOWER ROAD NORTH,1,1,0,0,1,4, ,0,65,0,0,0,0,0,4,2,1
,2020-43659,39.71778,-104.9498,2/10/2020 12:45,12:45:00,15,0,0,FIRST AVENUE EAST & STEELE STREET NORTH,1,1,0,0,1,1, ,0,30,0,0,0,0,0,4,2,13
,2020-43660,39.73368,-104.97759,2/10/2020 14:55,14:55:00,3,0,0,11TH AVENUE EAST & CLARKSON STREET NORTH,1,1,0,0,1,1, ,0,30,0,0,0,0,0,4,2,3
,2020-43661,39.74744,-104.90345,2/10/2020 17:35,17:35:00,12,0,0,MONTVIEW B EAST & QUEBEC STREET NORTH,9,2,0,2,1,4, ,0,30,0,0,0,0,0,4,2,1
,2020-43662,39.7512,-105.01757,2/10/2020 18:26,18:26:00,12,0,0,23RD AVENUE WEST & ALCOTT STREET NORTH,9,3,2,2,1,3, ,0,25,0,0,0,0,0,4,2,13
,2020-43663,39.65294055,-105.0580114,2/10/2020 18:32,18:32:00,8,0,0,HAMPDEN SOUTH FRTG 5600 WEST & DEPEW STREET 3600 SOUTH,4,3,0,2,1,4, ,0,30,0,0,0,0,0,4,2,13
,2020-43664,39.70858,-104.87529,2/10/2020 19:00,19:00:00,3,0,0,DAYTON STREET SOUTH & ALAMEDA AVENUE EAST,9,3,0,2,1,1, ,0,25,0,0,0,0,0,4,2,7
,2020-43665,39.75510035,-104.9952519,2/10/2020 19:20,19:20:00,15,0,0,20TH STREET & LITTE RIVER STREET,9,3,0,2,1,3, ,0,35,0,0,0,0,0,4,2,13
,2020-43666,39.61438456,-105.0911404,2/10/2020 19:25,19:25:00,15,0,0,LONG DRIVE 8100 WEST & WADSWORTH BOULEVARD SOUTH,9,3,0,2,1,4, ,0,35,0,0,0,0,0,4,2,13
,2020-43667,39.76894153,-104.9953219,2/10/2020 20:28,20:28:00,5,0,0,FOX STREET SOUTHBOUND NORTH & 38TH AVENUE WEST,9,3,0,2,3,1, ,0,30,0,0,0,0,0,4,1,7
,2020-43668,39.76200253,-105.0093619,2/10/2020 21:20,21:20:00,6,0,0,ERIE STREET & 18TH STREET,4,3,1,2,1,3, ,0,30,0,0,0,0,0,4,2,14
,2020-43669,39.75856,-104.98534,2/10/2020 21:45,21:45:00,1,0,0,LARIMER STREET & 26TH STREET,9,3,0,2,1,1, ,0,25,0,0,0,0,0,4,2,7
,2020-43670,39.77067,-105.03151,2/10/2020 22:00,22:00:00,5,0,0,39TH AVENUE & JULIAN STREET NORTH,9,3,0,2,3,1, ,0,25,0,0,0,0,0,4,1,14
,2020-43671,39.69568,-104.95933,2/11/2020 6:45,6:45:00,12,0,0,UNIVERSITY 1100 SOUTH & MISSISSIPPI AVENUE EAST,7,1,0,0,1,2, ,0,30,0,0,0,0,0,4,2,13
,2020-43672,39.77667,-104.84703,2/11/2020 8:00,8:00:00,12,0,0,PEORIA STREET NORTH & 44TH AVENUE EAST,4,1,0,0,1,4, ,0,40,0,0,0,0,0,4,2,7
,2020-43673,39.66763,-104.91288,2/11/2020 8:07,8:07:00,12,0,1,MONACO STREET SOUTH & YALE AVENUE EAST,4,1,1,0,1,4, ,0,,0,0,0,0,0,4,1,13
,2020-43674,39.68471,-104.96504,2/11/2020 8:15,8:15:00,5,0,0,BUCHTEL B 2200 EAST & UNIVERSITY B SOUTH,9,1,0,0,2,2, ,0,30,0,0,0,0,0,4,1,7
,2020-43675,39.72931453,-105.0159184,2/11/2020 8:30,8:30:00,15,0,0,EIGHTH AVENUE WEST & ZUNI STREET NORTH,11,1,0,0,1,1, ,0,30,0,0,0,0,0,4,2,13
,2020-43676,39.71932,-104.90356,2/11/2020 8:49,8:49:00,12,0,0,QUEBEC STREET 100 NORTH & SECOND AVENUE EAST,9,1,0,0,1,3, ,0,35,0,0,0,0,0,4,2,1
,2020-43677,39.75324,-104.97576,2/11/2020 8:50,8:50:00,3,0,0,25TH AVENUE EAST & EMERSON STREET NORTH,1,1,0,0,1,1, ,0,25,0,0,0,0,0,4,2,7
,2020-43678,39.74342653,-105.0171694,2/11/2020 9:20,9:20:00,12,0,0,MILE HIGH STADIUM CIRCLE & 17TH AVENUE WEST,7,1,0,0,1,1, ,0,30,0,0,0,0,0,4,2,7
,2020-43679,39.7594,-104.98774,2/11/2020 9:20,9:20:00,12,0,0,BROADWAY STREET NORTH & BLAKE STREET,7,1,0,0,1,1, ,0,30,0,0,0,0,0,4,2,13
,2020-43680,39.77878,-104.86582,2/11/2020 9:35,9:35:00,12,0,0,HAVANNA STREET NORTH & 45TH AVENUE EAST,9,1,0,0,1,3, ,0,35,0,0,0,0,0,4,2,13
,2020-43681,39.76922,-104.76078,2/11/2020 9:53,9:53:00,1,0,0,38TH AVENUE EAST & ENSENADA STREET NORTH,11,1,0,0,1,1, ,0,40,0,0,0,0,0,4,2,3
,2020-43682,39.74733,-104.99983,2/11/2020 10:00,10:00:00,12,0,0,14TH STREET & LARIMER STREET,7,1,0,0,1,1, ,0,25,0,0,0,0,0,4,2,13
,2020-43683,39.78376,-104.8098,2/11/2020 10:45,10:45:00,12,0,0,GREEN VALLEY RANCH B EAST & CHAMBERS ROAD NORTH,9,1,0,0,1,3, ,0,35,0,0,0,0,0,4,2,13
,2020-43684,39.75649,-104.93612,2/11/2020 12:15,12:15:00,3,0,0,28TH AVENUE EAST & BIRCH STREET NORTH,9,1,0,0,1,1, ,0,25,0,0,0,0,0,4,2,13
,2020-43685,39.75107,-104.98289,2/11/2020 12:25,12:25:00,3,0,0,PARK AVENUE WEST & WELTON STREET,4,1,0,0,1,1, ,0,30,0,0,0,0,0,4,2,3
,2020-43686,39.66747,-104.93161,2/11/2020 12:37,12:37:00,1,0,0,YALE AVENUE EAST & DAHLIA STREET SOUTH,11,1,0,0,1,1, ,0,30,0,0,0,0,0,4,2,13
,2020-43687,39.78245,-104.86133,2/11/2020 14:10,14:10:00,3,0,1,JOLIET STREET NORTH & 47TH AVENUE EAST,1,1,0,0,1,1, ,0,35,0,0,0,0,1,4,2,13
,2020-43688,39.73842,-104.9128,2/11/2020 15:20,15:20:00,15,0,0,14TH AVENUE EAST & MONACO STREET NORTH,1,1,0,0,1,1, ,0,30,0,0,0,0,0,4,2,1
,2020-43689,39.73688,-104.97185,2/11/2020 15:30,15:30:00,12,0,0,MARION STREET NORTH & 13TH AVENUE EAST,11,1,0,0,1,1, ,0,25,0,0,0,0,0,4,2,13
,2020-43690,39.74755,-104.98108,2/11/2020 16:05,16:05:00,3,0,0,PENNSYLVANIA STREET NORTH & 20TH AVENUE EAST,8,1,0,0,1,1, ,0,30,0,0,0,0,0,4,2,13
,2020-43691,39.77109,-104.84704,2/11/2020 16:53,16:53:00,12,0,0,39TH AVENUE EAST & PEORIA STREET NORTH,1,1,0,0,1,1, ,0,35,0,0,0,0,0,4,2,13
,2020-43692,39.7593,-104.98593,2/11/2020 17:30,17:30:00,6,0,0,WALNUT STREET & 26TH STREET,1,1,0,0,1,4, ,0,30,0,0,0,0,0,4,2,14
,2020-43693,39.75281,-104.90343,2/11/2020 18:06,18:06:00,12,0,0,QUEBEC STREET 2400 NORTH & 24TH AVENUE EAST,12,4,0,0,1,4, ,0,35,0,0,0,0,0,4,3,13
,2020-43694,39.71112,-104.98038,2/11/2020 21:55,21:55:00,12,0,0,ALAMEDA AVENUE EAST & PEARL STREET SOUTH,1,3,0,0,1,1, ,0,35,0,0,0,0,0,4,2,13
,2020-43695,39.75928453,-104.9938819,2/11/2020 21:57,21:57:00,8,0,0,WEWATTA STREET & PARK AVENUE WEST,1,3,0,0,1,1, ,0,25,0,0,0,0,0,4,2,13
,2020-43696,39.71129,-104.92229,2/11/2020 22:00,22:00:00,3,0,0,HOLLY STREET SOUTH & ALAMEDA AVENUE EAST,11,4,0,0,1,1, ,0,30,0,0,0,0,0,4,2,5
,2020-43697,39.73921,-104.97763,2/11/2020 22:29,22:29:00,15,0,0,CLARKSON STREET 1400 NORTH & 14TH AVENUE EAST,11,3,0,2,1,4, ,0,30,0,0,0,0,0,4,2,13
,2020-43698,39.6767,-104.98996,2/12/2020 7:10,7:10:00,3,0,0,BANNOCK STREET SOUTH & WARREN AVENUE WEST,5,1,0,0,1,1, ,0,25,0,0,0,0,0,4,2,13
,2020-43699,39.73927,-104.91616,2/12/2020 9:23,9:23:00,3,0,0,KRAMERIA STREET 1400 NORTH & COLFAX AVENUE EAST,1,1,1,0,1,2, ,0,25,0,0,0,0,0,4,2,14
,2020-43700,39.7837,-104.77212,2/12/2020 9:55,9:55:00,12,0,0,TOWER ROAD NORTH & GREEN VALLEY RANCH B EAST,1,1,0,0,1,1, ,0,30,0,0,0,0,0,4,2,1
,2020-43701,39.75381,-104.98886,2/12/2020 10:02,10:02:00,12,0,1,22ND STREET 1100  & ARAPAHOE STREET,1,1,0,0,1,4, ,0,30,0,0,0,0,0,4,2,13
,2020-43702,39.66049154,-105.0158014,2/12/2020 10:29,10:29:00,12,0,0,ZUNI STREET SOUTH & DARTMOUTH AVENUE WEST,1,1,1,0,1,3, ,0,30,0,0,0,0,0,4,2,3
,2020-43703,39.67846,-104.93245,2/12/2020 10:52,10:52:00,12,0,1,EVANS AVENUE 4700 EAST & DAHLIA STREET SOUTH,1,1,0,0,1,4, ,0,35,0,0,0,0,1,4,3,13
,2020-43704,39.72255,-104.98562,2/12/2020 14:43,14:43:00,6,0,0,FOURTH AVENUE 100 EAST & LINCOLN STREET NORTH,11,1,0,2,1,4, ,0,,0,0,0,0,0,4,2,16
,2020-43705,39.73842,-104.97413,2/12/2020 15:24,15:24:00,15,0,0,14TH AVENUE EAST & CORONA STREET NORTH,11,1,0,0,1,1, ,0,30,0,0,0,0,0,4,2,13
,2020-43706,39.67849,-104.96875,2/12/2020 16:10,16:10:00,6,0,0,EVANS AVENUE EAST & FRANKLIN STREET SOUTH,9,1,0,2,1,4, ,0,30,0,0,0,0,0,4,2,13
,2020-43707,39.71928,-104.95434,2/12/2020 16:11,16:11:00,6,0,0,SECOND AVENUE EAST & DETROIT STREET NORTH,9,1,0,2,1,4, ,0,25,0,0,0,0,0,4,2,14
,2020-43708,39.69854,-104.90354,2/12/2020 16:31,16:31:00,12,0,0,QUEBEC STREET SOUTH & LEETSDALE DRIVE,11,2,0,2,1,1, ,0,30,0,0,0,0,0,4,3,13
,2020-43709,39.67851,-104.97285,2/12/2020 16:41,16:41:00,1,0,0,EVANS AVENUE 1200 EAST & DOWNING STREET SOUTH,1,1,0,2,1,2, ,0,35,0,0,0,0,0,4,2,6
,2020-43710,39.6825,-104.95939,2/12/2020 17:59,17:59:00,12,0,0,UNIVERSITY 1800 SOUTH & JEWELL AVENUE EAST,7,2,0,4,1,4, ,0,35,0,0,0,0,0,4,2,3
,2020-43711,39.69833,-104.96144,2/12/2020 18:00,18:00:00,12,0,0,TENNESSEE AVENUE EAST & GAYLORD STREET SOUTH,9,3,0,2,1,3, ,0,25,0,0,0,0,0,4,2,13
,2020-43712,39.6531,-104.90909,2/12/2020 18:03,18:03:00,1,0,0,HAMPDEN AVENUE EAST & ONEIDA WEST SOUTH,9,3,0,2,1,1, ,0,45,0,0,0,0,0,4,2,13
,2020-43713,39.70935,-104.99,2/12/2020 18:21,18:21:00,3,0,0,BANNOCK STREET SOUTH & DAKOTA AVENUE WEST,4,4,0,2,1,1, ,0,20,0,0,0,0,0,4,2,13
,2020-43714,39.72567,-104.99282,2/12/2020 18:22,18:22:00,12,0,0,SIXTH AVENUE WEST & DELAWARE STREET NORTH,11,3,0,2,1,1, ,0,30,0,0,0,0,0,4,2,5
,2020-43715,39.74744,-104.90345,2/12/2020 18:37,18:37:00,12,0,0,QUEBEC STREET NORTH & MONTEVIEW B EAST,9,3,0,2,1,3, ,0,30,0,0,0,0,0,4,2,1
,2020-43716,39.74619,-104.98741,2/12/2020 18:41,18:41:00,12,0,1,19TH AVENUE EAST & BROADWAY STREET NORTH,9,3,1,2,1,4, ,0,25,0,0,0,0,2,4,2,5
,2020-43717,39.69663,-104.92189,2/12/2020 18:43,18:43:00,12,0,0,CHERRY CREEK NORTH DRIVE EAST & HOLLY STREET SOUTH,4,2,0,2,1,1, ,0,35,0,0,0,0,0,4,2,13
,2020-43718,39.72894553,-105.0001684,2/12/2020 18:56,18:56:00,12,0,0,KALAMATH STREET 700 NORTH & EIGHTH AVENUE WEST,9,3,0,2,1,4, ,0,30,0,0,0,0,0,4,2,13
,2020-43719,39.67846,-104.9082,2/12/2020 19:00,19:00:00,3,0,0,EVANS AVENUE EAST & ONEIDA STREET SOUTH,9,3,0,2,1,2, ,0,35,0,0,0,0,0,4,2,14
,2020-43720,39.76746,-104.90345,2/12/2020 19:32,19:32:00,12,0,0,36TH AVENUE EAST & QUEBEC STREET NORTH,9,3,0,2,1,1, ,0,30,0,0,0,0,0,4,2,13
,2020-43721,39.7414,-104.99884,2/12/2020 20:09,20:09:00,15,0,0,SPEER B NORTH & STOUT STREET,9,2,0,2,1,4, ,0,35,0,0,0,0,0,4,2,13
,2020-43722,39.71781,-104.94376,2/12/2020 21:57,21:57:00,5,0,0,FIRST AVENUE EAST & GARFIELD STREET NORTH,9,3,1,2,2,1, ,0,30,0,0,0,0,0,4,1,13
,2020-43723,39.77671485,-105.0379756,2/12/2020 23:31,23:31:00,5,0,0,44TH AVENUE 3800 WEST & OSCEOLA STREET NORTH,4,3,0,2,3,4, ,0,,0,0,0,0,0,4,1,16
,2020-43724,39.77718,-104.77206,2/13/2020 0:53,0:53:00,15,0,0,TOWER ROAD NORTH & 45TH AVENUE EAST,9,3,0,2,1,4, ,0,45,0,0,0,0,0,4,2,8
,2020-43725,39.75840253,-105.0158689,2/13/2020 6:20,6:20:00,3,0,0,ZUNI STREET NORTH & 29TH AVENUE WEST,4,2,0,2,1,1, ,0,25,0,0,0,0,0,4,2,14
,2020-43726,39.69931,-104.95933,2/13/2020 7:32,7:32:00,12,0,0,UNIVERSITY B 900 SOUTH & TENNESSEE AVENUE EAST,9,1,0,2,1,3, ,0,30,0,0,0,0,0,4,2,1
,2020-43727,39.69931,-104.95933,2/13/2020 7:32,7:32:00,12,0,0,UNIVERSITY B 900 SOUTH & TENNESSEE AVENUE EAST,9,1,0,1,1,3, ,0,30,0,0,0,0,0,4,2,1
,2020-43728,39.66772,-105.0423,2/13/2020 7:52,7:52:00,12,0,0,YALE AVENUE 4200 WEST & RALEIGH STREET SOUTH,4,1,0,0,1,4, ,0,30,0,0,0,0,0,4,2,13
,2020-43729,39.76180453,-105.0054807,2/13/2020 7:55,7:55:00,12,0,0,OSAGE STREET NORTH & 20TH STREET,4,1,1,0,1,1, ,0,,0,0,0,0,0,4,2,16
,2020-43730,39.76016,-104.98501,2/13/2020 7:56,7:56:00,12,0,0,WALNUT STREET 2600  & 27TH STREET,4,1,0,0,1,4, ,0,30,0,0,0,0,0,4,2,7
,2020-43731,39.75254,-104.99704,2/13/2020 8:00,8:00:00,6,0,0,18TH STREET & BLAKE STREET,7,1,0,0,1,3, ,0,25,0,0,0,0,0,4,2,14
,2020-43732,39.74336,-104.98738,2/13/2020 8:18,8:18:00,12,0,0,17TH STREET & BROADWAY STREET NORTH,9,1,0,0,1,3, ,0,30,0,0,0,0,0,4,2,13
,2020-43733,39.76763,-104.97536,2/13/2020 8:30,8:30:00,3,0,1,35TH STREET & WALNUT STREET,9,1,0,2,1,1, ,0,30,0,0,0,0,1,4,2,7
,2020-43734,39.75788,-104.98448,2/13/2020 8:45,8:45:00,3,0,0,26TH STREET & LAWRENCE STREET,4,1,0,0,1,1, ,0,25,0,0,0,0,0,4,2,2
,2020-43735,39.78239,-104.84701,2/13/2020 8:55,8:55:00,1,0,0,PEORIA STREET NORTH & 47TH AVENUE EAST,11,1,0,0,1,1, ,0,35,0,0,0,0,0,4,3,13
,2020-43736,39.78265,-104.96668,2/13/2020 8:58,8:58:00,12,0,0,BRIGHTON B 4700 NORTH & 47TH AVENUE EAST,4,1,1,0,1,1, ,0,30,0,0,0,0,0,4,2,13
,2020-43737,39.71812,-104.95585,2/13/2020 8:59,8:59:00,1,0,0,FIRST AVENUE EAST & CLAYTON LANE NORTH,9,1,0,0,1,1, ,0,30,0,0,0,0,0,4,2,13
,2020-43738,39.77339652,-104.9082199,2/13/2020 9:00,9:00:00,3,0,0,SAND DOWN ROAD & ONEIDA STREET NORTH,4,1,0,2,1,1, ,0,25,0,0,0,0,0,4,2,14
,2020-43739,39.72891,-104.99861,2/13/2020 9:25,9:25:00,3,0,0,EIGHTH AVENUE WEST & SANTA FE DRIVE NORTH,11,1,1,0,1,1, ,0,30,0,0,0,0,0,4,2,13
,2020-43740,39.67399,-104.98758,2/13/2020 9:31,9:31:00,5,0,0,BROADWAY STREET 2300 SOUTH & ILIFF AVENUE EAST,1,1,0,0,3,4, ,0,30,0,0,0,0,0,4,1,13
,2020-43741,39.68841,-104.95938,2/13/2020 9:40,9:40:00,12,0,0,UNIVERSITY 1500 SOUTH & FLORIDA AVENUE EAST,4,1,0,0,1,1, ,0,30,0,0,0,0,0,4,2,13
,2020-43742,39.67841,-104.96126,2/13/2020 9:48,9:48:00,12,0,0,EVANS AVENUE 2300 EAST & UNIVERSITY B SOUTH,4,1,0,0,1,4, ,0,30,0,0,0,0,0,4,2,13
,2020-43743,39.73844,-104.99166,2/13/2020 10:01,10:01:00,15,0,0,14TH AVENUE WEST & CHEROKEE STREET NORTH,7,1,0,0,1,1, ,0,,0,0,0,0,0,4,2,5
,2020-43744,39.74163,-104.96722,2/13/2020 11:24,11:24:00,3,0,1,16TH AVENUE EAST & GILPIN STREET NORTH,9,1,0,2,1,1, ,0,,0,0,0,0,1,4,2,7
,2020-43745,39.68930953,-104.9350579,2/13/2020 12:00,12:00:00,3,0,0,FLORIDA AVENUE EAST & CLERMONT STREET SOUTH,11,1,0,2,1,1, ,0,25,0,0,0,0,0,4,2,13
,2020-43746,39.73755,-104.94397,2/13/2020 12:26,12:26:00,8,0,0,GARFIELD STREET 1300 NORTH & 14TH AVENUE EAST,4,1,1,0,1,4, ,0,25,0,0,0,0,0,4,2,1
,2020-43747,39.77833,-104.97924,2/13/2020 13:00,13:00:00,12,0,0,WASHINGTON STREET NORTH & 45TH AVENUE EAST,1,1,0,0,1,4, ,0,35,0,0,0,0,0,4,2,13
,2020-43748,39.72907,-104.97815,2/13/2020 14:20,14:20:00,3,0,0,WASHINGTON CLARKSON ALLEY NORTH & EIGHTH AVENUE EAST,11,1,1,0,1,1, ,0,25,0,0,0,0,0,4,3,13
,2020-43749,39.76927,-105.0182,2/13/2020 15:00,15:00:00,3,0,1,38TH AVENUE 2500 WEST & ALCOTT STREET NORTH,1,1,1,0,1,2, ,0,35,0,0,0,0,0,4,2,13
,2020-43750,39.71114,-104.9834,2/13/2020 16:00,16:00:00,12,0,0,ALAMEDA AVENUE 300 EAST & LOGAN STREET SOUTH,1,1,0,0,1,3, ,0,30,0,0,0,0,0,4,2,3
,2020-43751,39.71116,-105.02388,2/13/2020 16:52,16:52:00,12,0,0,ALAMEDA AVENUE WEST & ELIOT STREET EAST,1,1,0,0,1,4, ,0,,0,0,0,0,0,4,2,16
,2020-43752,39.74485,-104.97754,2/13/2020 17:01,17:01:00,3,0,2,18TH AVENUE EAST & CLARKSON STREET NORTH,4,1,0,0,1,1, ,0,30,0,0,0,0,2,4,2,8
,2020-43753,39.76933,-105.05208,2/13/2020 17:12,17:12:00,1,0,0,38TH AVENUE WEST & ZENOBIA STREET NORTH,11,2,0,0,1,1, ,0,35,0,0,0,0,0,4,2,8
,2020-43754,39.72525,-104.98799,2/13/2020 18:41,18:41:00,6,0,0,BROADWAY STREET 555 NORTH & SIXTH AVENUE EAST,1,3,0,0,1,2, ,0,30,0,0,0,0,0,4,2,13
,2020-43755,39.74833,-104.99507,2/13/2020 19:00,19:00:00,12,0,0,ARAPAHOE STREET 1600  & 16TH STREET,1,3,0,0,1,4, ,0,30,0,0,0,0,0,4,2,14
,2020-43756,39.78581,-104.80978,2/13/2020 20:05,20:05:00,5,0,1,CHAMBERS ROAD 4800 NORTH & BOLLING DRIVE EAST,1,3,0,0,3,4, ,0,40,0,0,0,0,2,4,1,2
,2020-43757,39.76213,-105.03696,2/14/2020 6:15,6:15:00,6,0,0,NEWTON STREET NORTH & 32ND AVENUE WEST,9,2,0,2,1,4, ,0,30,0,0,0,0,0,4,2,13