id,drcog_id,latitude,longitude,crashtime,time,crashtype,numbkilled,numbinjurd,drcoglocat,rdconditin,lightngcon,roadcntgrd,weatherco,location,roaddescrp,schoolzone,constrzone,splimit,bikeinv,pedinv,sctrinv,motoinv,svrty,rdsystem,ttlvehcls,hcf
,2020-43758,39.78034451,-104.8097105,2/14/2020 7:05,7:05:00,15,0,0,CHAMBERS 4900 NORTHBOUND NORTH & BOLLING DRIVE EAST,1,2,0,0,1,4, ,0,40,0,0,0,0,0,4,2,13
,2020-43759,39.79832921,-104.7887654,2/14/2020 7:15,7:15:00,12,0,1,56TH AVENUE 17600 EAST & PENA B INBOUND,11,1,0,0,1,4, ,0,40,0,0,0,0,1,4,2,14
,2020-43760,39.79841,-104.77773,2/14/2020 7:20,7:20:00,12,0,0,56TH AVENUE 17600 EAST & PENA B,1,1,0,0,1,4, ,0,40,0,0,0,0,0,4,2,13
,2020-43761,39.69674354,-105.0127099,2/14/2020 7:41,7:41:00,14,0,0,MISSISSIPPI AVENUE 2000 WEST & TEJON STREET SOUTH,1,1,0,0,1,4, ,0,30,0,0,0,0,0,4,2,13
,2020-43762,39.67934,-104.95939,2/14/2020 9:53,9:53:00,12,0,1,UNIVERSITY 2000 SOUTH & EVANS AVENUE EAST,11,1,0,0,1,4, ,0,30,0,0,0,0,1,4,2,13
,2020-43763,39.77177,-104.90759,2/14/2020 12:00,12:00:00,12,0,0,ONEIDA STREET NORTH & SMITH ROAD EAST,1,1,0,0,1,2, ,0,25,0,0,0,0,0,4,2,13
,2020-43764,39.73687453,-105.0027919,2/14/2020 12:28,12:28:00,15,0,0,13TH AVENUE 1100 WEST & MARIPOSA STREET NORTH,1,1,1,0,1,4, ,0,30,0,0,0,0,0,4,2,13
,2020-43765,39.71041,-104.94256,2/14/2020 14:54,14:54:00,3,0,0,JACKSON STREET 300 SOUTH & ALAMEDA AVENUE EAST,7,1,0,0,1,2, ,0,30,0,0,0,0,0,4,2,13
,2020-43766,39.67476,-104.87084,2/14/2020 15:29,15:29:00,1,0,0,ILIFF AVENUE EAST & PARKER ROAD SOUTH,1,1,0,0,1,1, ,0,40,0,0,0,0,0,4,2,3
,2020-43767,39.67475,-104.87244,2/14/2020 15:30,15:30:00,12,0,0,ILIFF AVENUE 9900 EAST & PARKER ROAD SOUTH,1,1,0,0,1,1, ,0,35,0,0,0,0,0,4,2,7
,2020-43768,39.74039,-104.91747,2/14/2020 16:30,16:30:00,6,0,0,KEARNEY STREET & 1500 NORTH,4,3,0,2,1,4, ,0,,0,0,0,0,0,4,2,13
,2020-43769,39.74039,-104.91747,2/14/2020 16:30,16:30:00,6,0,0,KEARNEY STREET & 1500,4,3,0,2,1,4, ,0,25,0,0,0,0,0,4,2,13
,2020-43770,39.74997,-105.04167,2/14/2020 16:31,16:31:00,3,0,0,22ND AVENUE WEST & RALEIGH STREET NORTH,7,1,0,0,1,1, ,0,25,0,0,0,0,0,4,2,13
,2020-43771,39.69675254,-105.0156484,2/14/2020 16:55,16:55:00,3,0,0,ZUNI STREET SOUTH & MISSISSIPPI AVENUE WEST,1,1,0,0,1,1, ,0,30,0,0,0,0,0,4,2,8
,2020-43772,39.73688,-104.97185,2/14/2020 17:30,17:30:00,6,0,0,MARION STREET NORTH & 13TH AVENUE EAST,9,2,0,0,1,4, ,0,25,0,0,0,0,0,4,2,13
,2020-43773,39.7102,-104.99652,2/14/2020 17:30,17:30:00,15,0,0,SANTA FE DRIVE 300 SOUTH & ALAMEDA AVENUE WEST,1,1,0,0,1,4, ,0,30,0,0,0,0,0,4,2,7
,2020-43774,39.67286,-104.97315,2/14/2020 17:46,17:46:00,6,0,0,DOWNING STREET 2400 SOUTH & HARVARD AVENUE EAST,1,2,0,0,1,4, ,0,,0,0,0,0,0,4,2,16
,2020-43775,39.67847,-104.92455,2/14/2020 18:29,18:29:00,12,0,0,EVANS AVENUE 5400 EAST & HUDSON STREET SOUTH,1,3,0,0,1,3, ,0,35,0,0,0,0,0,4,2,3
,2020-43776,39.77434,-105.04494,2/14/2020 18:37,18:37:00,6,0,0,UTICA STREET & 4178,9,4,0,0,1,4, ,0,15,0,0,0,0,0,4,2,7
,2020-43777,39.74485,-104.97754,2/14/2020 18:46,18:46:00,12,0,0,CLARKSON STREET NORTH & 18TH AVENUE EAST,1,3,0,0,1,3, ,0,25,0,0,0,0,0,4,2,5
,2020-43778,39.77623,-104.73947,2/14/2020 19:31,19:31:00,12,0,0,PERTH CIRCLE 4350 NORTH & NETHERLAND STREET NORTH,7,4,0,0,1,4, ,0,,0,0,0,0,0,4,2,16
,2020-43779,39.76213,-105.03816,2/14/2020 20:49,20:49:00,3,0,0,OSCEOLA STREET NORTH & 32ND AVENUE WEST,1,3,0,0,1,1, ,0,25,0,0,0,0,0,4,2,13
,2020-43780,39.7476,-104.99775,2/14/2020 23:12,23:12:00,12,0,0,15TH STREET & LAWRENCE STREET,1,3,0,0,1,4, ,0,35,0,0,0,0,0,4,2,13
,2020-43782,39.74000353,-104.9920099,2/15/2020 2:33,2:33:00,5,0,0,49TH AVENUE EAST & BRIGHTON B NORTH,1,3,0,0,3,4, ,0,,0,0,0,0,0,4,1,16
,2020-43783,39.70191,-105.02236,2/15/2020 2:44,2:44:00,6,0,0,DECATUR STREET 800 SOUTH & OHIO AVENUE WEST,1,4,0,0,1,4, ,0,,0,0,0,0,0,4,2,13
,2020-43784,39.83350313,-104.6929263,2/15/2020 5:55,5:55:00,5,0,1,FIRST AVENUE 25560 EAST 7 & JACKSON GAP STREET NORTH,11,2,0,0,2,4, ,0,45,0,0,0,0,1,4,1,2
,2020-43785,39.72534,-104.91257,2/15/2020 9:07,9:07:00,1,0,1,MONACO STREET NORTH & SIXTH AVENUE EAST,1,1,0,0,1,1, ,0,30,0,0,0,0,1,4,2,14
,2020-43786,39.72564,-104.91245,2/15/2020 10:00,10:00:00,3,0,1,MONACO STREET NORTH & SIXTH AVENUE EAST,1,1,0,0,1,1, ,0,30,0,0,0,0,1,4,2,13
,2020-43787,39.71826,-104.96667,2/15/2020 12:17,12:17:00,12,0,0,FIRST AVENUE EAST & GILPIN STREET NORTH,1,1,0,0,1,1, ,0,30,0,0,0,0,0,4,2,13
,2020-43788,39.75846,-105.02137,2/15/2020 12:20,12:20:00,15,0,0,29TH AVENUE WEST & SPEER BOULEVARD NORTH,1,1,1,0,1,1, ,0,35,0,0,0,0,0,4,2,13
,2020-43789,39.7021,-104.90351,2/15/2020 12:40,12:40:00,12,0,0,QUEBEC STREET 800 SOUTH & LEETSDALE DRIVE,1,1,0,0,1,4, ,0,,0,0,0,0,0,4,3,13
,2020-43790,39.69666254,-104.9929504,2/15/2020 12:55,12:55:00,12,0,0,PLATTE RIVER D 1000 SOUTH & MISSISSIPPI AVENUE WEST,1,1,0,0,1,3, ,0,35,0,0,0,0,0,4,2,3
,2020-43791,39.79827,-104.79552,2/15/2020 15:03,15:03:00,15,0,0,56TH AVENUE EAST & MEMPHIS STREET NORTH,2,1,0,0,1,4, ,0,40,0,0,0,0,0,4,2,1
,2020-43792,39.71821,-104.95328,2/15/2020 19:13,19:13:00,12,0,0,FIRST AVENUE EAST & FILLMORE STREET NORTH,1,1,0,0,1,1, ,0,30,0,0,0,0,0,4,2,13
,2020-43793,39.73113,-105.03213,2/15/2020 19:45,19:45:00,6,0,0,NINTH AVENUE WEST & KNOX COURT NORTH,1,3,1,0,1,4, ,0,35,0,0,0,0,0,4,2,4
,2020-43794,39.71121,-105.03246,2/15/2020 20:00,20:00:00,15,0,0,KNOX COURT 00  & FIRST AVENUE,1,3,0,0,1,1, ,0,25,0,0,0,0,0,4,2,13
,2020-43795,39.7654,-104.9026,2/15/2020 20:58,20:58:00,1,0,0,35TH AVENUE EAST & QUEBEC STREET NORTH,1,3,0,0,1,1, ,0,30,0,0,0,0,0,4,2,7
,2020-43796,39.73303,-105.04274,2/15/2020 21:05,21:05:00,8,0,1,10TH AVENUE WEST & STUART STREET NORTH,1,3,0,0,1,4, ,0,25,0,0,0,0,2,4,2,5
,2020-43797,39.76936,-105.04401,2/15/2020 21:17,21:17:00,1,0,0,TENNYSON STREET NORTH & 38TH AVENUE WEST,1,3,0,0,1,1, ,0,25,0,0,0,0,0,4,2,13
,2020-43798,39.7692,-104.94625,2/15/2020 22:16,22:16:00,5,0,0,38TH AVENUE EAST & MADISON STREET NORTH,9,3,0,0,4,1, ,0,,0,0,0,0,0,4,1,16
,2020-43799,39.73681,-104.95396,2/15/2020 22:20,22:20:00,15,0,0,13TH AVENUE EAST & DETROIT STREET NORTH,1,3,0,0,1,4, ,0,25,0,0,0,0,0,4,2,13
,2020-43800,39.6786,-105.03438,2/15/2020 22:24,22:24:00,3,0,0,EVANS AVENUE WEST & LOWELL B SOUTH,1,3,0,0,1,3, ,0,30,0,0,0,0,0,4,2,7
,2020-43801,39.75691,-104.98572,2/15/2020 23:25,23:25:00,3,0,0,LAWRENCE STREET & 25TH STREET,1,3,0,0,1,1, ,0,25,0,0,0,0,0,4,2,3
,2020-43802,39.77338,-104.7652,2/16/2020 2:35,2:35:00,12,0,0,43RD AVENUE 19000 EAST & 43RD AVENUE EAST,4,4,1,0,1,4, ,0,,0,0,0,0,0,4,2,16
,2020-43803,39.77325,-104.76698,2/16/2020 4:00,4:00:00,12,0,0,43RD AVENUE 18900 EAST & 43RD AVENUE EAST,4,4,1,0,1,4, ,0,,0,0,0,0,0,4,2,16
,2020-43804,39.77336,-104.82087,2/16/2020 9:00,9:00:00,6,0,0,ELKHART STREET NORTH & 43RD AVENUE EAST,9,1,0,2,1,4, ,0,25,0,0,0,0,0,4,2,14
,2020-43805,39.75106,-104.93172,2/16/2020 11:10,11:10:00,12,0,0,23RD AVENUE 4700 EAST & DEXTER STREET NORTH,1,1,0,0,1,4, ,0,35,0,0,0,0,0,4,2,3
,2020-43806,39.71625,-104.94985,2/16/2020 12:34,12:34:00,12,0,0,STEELE STREET 000 NORTH & ELLSWORTH AVENUE EAST,1,1,0,0,1,3, ,0,,0,0,0,0,0,4,2,13
,2020-43807,39.74484,-104.97615,2/16/2020 13:00,13:00:00,6,0,0,EMERSON STREET NORTH & 18TH AVENUE EAST,1,1,0,0,1,4, ,0,30,0,0,0,0,0,4,2,13
,2020-43808,39.69596054,-105.0127009,2/16/2020 13:00,13:00:00,5,0,1,TEJON STREET SOUTH & MOSIER PLACE WEST,1,1,0,0,3,4, ,0,30,0,0,0,0,2,4,1,5
,2020-43809,39.66763,-104.91288,2/16/2020 14:30,14:30:00,1,0,0,MONACO STREET SOUTH & YALE AVENUE EAST,1,1,0,0,1,1, ,0,35,0,0,0,0,0,4,2,13
,2020-43810,39.72894,-104.99286,2/16/2020 14:32,14:32:00,15,0,0,EIGHTH AVENUE WEST & DELAWARE STREET NORTH,1,1,0,0,1,1, ,0,30,0,0,0,0,0,4,2,13
,2020-43811,39.6785,-104.96992,2/16/2020 16:29,16:29:00,12,0,0,EVANS AVENUE EAST & HUMBOLDT STREET SOUTH,1,1,0,0,1,5, ,0,30,0,0,0,0,0,4,2,3
,2020-43812,39.79355,-104.90343,2/16/2020 18:45,18:45:00,12,0,1,QUEBEC STREET 5300 NORTH & 53RD PLACE EAST,1,3,0,0,1,3, ,0,40,0,0,0,0,1,4,2,4
,2020-43813,39.8246065,-104.6779595,2/16/2020 19:58,19:58:00,12,0,0,71ST AVENUE EAST & POWHATAN ROAD NORTH,1,1,0,0,1,1, ,0,35,0,0,0,0,0,4,2,13
,2020-43814,39.69841,-104.98278,2/17/2020 6:00,6:00:00,6,0,0,LOGAN STREET SOUTH & TENNESSEE AVENUE EAST,11,2,0,4,1,4, ,0,30,0,0,0,0,0,4,2,13
,2020-43815,39.77505,-104.8099,2/17/2020 7:15,7:15:00,3,0,1,CHAMBERS ROAD NORTH & ANDREWS DRIVE EAST,1,1,0,0,1,1, ,0,35,0,0,0,0,1,4,2,13
,2020-43816,39.69674,-105.02036,2/17/2020 7:27,7:27:00,3,0,0,MISSISSIPPI AVENUE WEST & CLAY STREET SOUTH,1,1,0,0,1,1, ,0,25,0,0,0,0,0,4,2,13
,2020-43817,39.68228054,-105.0110089,2/17/2020 8:33,8:33:00,3,0,1,JEWELL AVENUE WEST & TEJON STREET SOUTH,1,1,0,0,1,1, ,0,25,0,0,0,0,0,4,3,13
,2020-43818,39.73378,-104.90346,2/17/2020 12:00,12:00:00,12,0,0,QUEBEC STREET 1100 NORTH & 11TH AVENUE EAST,1,1,0,0,1,4, ,0,30,0,0,0,0,0,4,2,3
,2020-43819,39.79254,-104.77206,2/17/2020 12:51,12:51:00,3,0,0,ELMENDORF DRIVE EAST & TOWER ROAD NORTH,1,1,0,0,1,1, ,0,40,0,0,0,0,0,4,2,13
,2020-43820,39.69983,-104.90995,2/17/2020 13:00,13:00:00,12,0,0,LEETSDALE DRIVE 6800  & ONEIDA STREET SOUTH,1,1,1,0,1,4, ,0,40,0,0,0,0,0,4,2,1
,2020-43821,39.74503,-104.98213,2/17/2020 13:30,13:30:00,6,0,0,LOGAN STREET NORTH & 1800 NORTH,1,1,0,0,1,4, ,0,25,0,0,0,0,0,4,2,13
,2020-43822,39.71112,-104.96809,2/17/2020 16:56,16:56:00,12,0,0,ALAMEDA AVENUE 1600 EAST & FRANKLIN STREET SOUTH,1,3,0,0,1,1, ,0,35,0,0,0,0,0,4,3,13
,2020-43823,39.69674354,-105.0226909,2/17/2020 17:58,17:58:00,6,0,0,DECATUR STREET SOUTH & MISSISSIPPI AVENUE WEST,11,2,0,0,1,4, ,0,25,0,0,0,0,0,4,3,13
,2020-43824,39.74824,-104.98647,2/17/2020 20:26,20:26:00,3,0,0,20TH STREET & WELTON STREET,11,3,3,2,1,1, ,0,25,0,0,0,0,0,4,2,13
,2020-43825,39.72568753,-105.0001594,2/18/2020 3:43,3:43:00,3,0,0,SIXTH AVENUE WEST & KALAMATH STREET NORTH,11,3,0,2,1,1, ,0,30,0,0,0,0,0,4,2,8
,2020-43826,39.73716012,-105.0001517,2/18/2020 6:15,6:15:00,15,0,0,KALAMATH STREET 1300 NORTH & 13TH AVENUE WEST,11,4,0,0,1,4, ,0,30,0,0,0,0,0,4,2,13
,2020-43827,39.75019453,-105.0047314,2/18/2020 7:22,7:22:00,12,0,0,SPEER B NORTH & WEWATTA STREET,1,1,1,0,1,4, ,0,35,0,0,0,0,0,4,2,3
,2020-43828,39.75019453,-105.0047314,2/18/2020 7:51,7:51:00,12,0,0,SPEER B NORTH & WEWATTA STREET,1,1,1,0,1,4, ,0,35,0,0,0,0,0,4,2,3
,2020-43829,39.70465,-104.91958,2/18/2020 8:25,8:25:00,6,0,0,JERSEY STREET 600 SOUTH & EXPOSTION AVENUE EAST,9,1,0,0,1,4, ,0,30,0,0,0,0,0,4,2,1
,2020-43830,39.69845,-104.91283,2/18/2020 8:30,8:30:00,12,0,0,MONACO STREET SOUTH & TENNESSEE AVENUE EAST,1,1,0,0,1,1, ,0,35,0,0,0,0,0,4,2,3
,2020-43831,39.63979,-105.05679,2/18/2020 8:35,8:35:00,5,0,1,QUINCY AVENUE 5400 WEST & SHERIDAN B SOUTH,4,1,0,0,3,4, ,0,40,0,0,0,0,1,4,1,7
,2020-43832,39.69669,-104.99915,2/18/2020 8:43,8:43:00,3,0,2,MISSISSIPPI AVENUE WEST & JASON STREET SOUTH,1,1,0,0,1,1, ,0,30,0,0,0,0,2,4,2,13
,2020-43833,39.73563,-104.89903,2/18/2020 9:50,9:50:00,3,0,0,12TH AVENUE EAST & SYRACUSE STREET NORTH,1,1,0,0,1,1, ,0,25,0,0,0,0,0,4,2,7
,2020-43834,39.71828,-104.95922,2/18/2020 14:36,14:36:00,12,0,0,FIRST AVENUE EAST & UNIVERSITY B NORTH,1,1,0,0,1,2, ,0,30,0,0,0,0,0,4,2,1
,2020-43835,39.69676,-104.90347,2/18/2020 17:19,17:19:00,10,0,0,QUEBEC STREET 1000 SOUTH & LEETSDALE DRIVE,1,1,1,0,1,2, ,0,30,0,0,0,0,0,4,2,13
,2020-43836,39.70037,-105.0391,2/18/2020 18:28,18:28:00,3,0,0,PATTON COURT SOUTH & KENTUCKY AVENUE WEST,1,3,0,0,1,1, ,0,25,0,0,0,0,0,4,2,3
,2020-43837,39.74697253,-104.9775694,2/18/2020 18:38,18:38:00,11,0,1,PARK AVENUE WEST & CLARKSON STREET NORTH,1,3,0,0,1,3, ,0,30,0,1,0,0,1,4,2,3
,2020-43838,39.72741,-104.98412,2/18/2020 18:40,18:40:00,6,0,0,SEVENTH AVENUE 225 EAST & SHERMAN STREET NORTH,1,3,0,0,1,4, ,0,25,0,0,0,0,0,4,2,13
,2020-43839,39.74011,-104.99885,2/19/2020 5:55,5:55:00,12,0,0,SPEER B 1400 NORTH & 14TH AVENUE WEST,1,3,0,0,1,4, ,0,35,0,0,0,0,0,4,2,13
,2020-43840,39.73383,-104.9836,2/19/2020 7:15,7:15:00,12,0,0,11TH AVENUE EAST & GRANT STREET NORTH,9,1,0,2,1,3, ,0,35,0,0,0,0,0,4,2,13
,2020-43841,39.74328,-104.98485,2/19/2020 11:31,11:31:00,1,0,0,17TH AVENUE EAST & SHERMAN STREET NORTH,1,1,0,0,1,1, ,0,25,0,0,0,0,0,4,2,13
,2020-43842,39.77834,-104.73456,2/19/2020 12:00,12:00:00,4,0,0,PICADILLY ROAD 4200 NORTH & 42ND AVENUE EAST,11,1,0,0,1,4, ,0,45,0,0,0,0,0,4,1,13
,2020-43843,39.7749,-105.02612,2/19/2020 13:00,13:00:00,6,0,0,GREEN COURT 4200 NORTH & 42ND AVENUE WEST,1,1,0,0,1,4, ,0,25,0,0,0,0,0,4,2,13
,2020-43844,39.74891,-104.98739,2/19/2020 14:40,14:40:00,12,0,0,20TH STREET 600  & BROADWAY STREET NORTH,9,1,0,2,1,3, ,0,25,0,0,0,0,0,4,2,13
,2020-43845,39.63341,-104.89319,2/19/2020 16:16,16:16:00,12,0,0,DTC B SOUTH & TUFTS AVENUE EAST,9,1,0,2,1,4, ,0,35,0,0,0,0,0,4,3,16
,2020-43846,39.74545,-104.9901,2/19/2020 17:15,17:15:00,11,0,0,17TH STREET & WELTON STREET,1,1,0,0,1,1, ,0,25,0,1,0,0,0,4,2,13
,2020-43847,39.77412,-104.80989,2/19/2020 17:55,17:55:00,12,0,0,CHAMBERS ROAD 4000 NORTH & 40TH AVENUE EAST,9,1,0,2,1,4, ,0,45,0,0,0,0,0,4,2,7
,2020-43848,39.70932,-105.02387,2/19/2020 18:52,18:52:00,3,0,0,DAKOTA AVENUE WEST & ELIOT STREET SOUTH,9,1,0,2,1,1, ,0,25,0,0,0,0,0,4,2,1
,2020-43849,39.75366,-104.99342,2/19/2020 19:46,19:46:00,15,0,0,20TH STREET & MARKET STREET,9,3,1,2,1,1, ,0,30,0,0,0,0,0,4,2,14
,2020-43850,39.76262,-104.95975,2/19/2020 22:31,22:31:00,12,0,0,YORK STREET 3200 NORTH & 33RD AVENUE EAST,9,3,0,2,1,4, ,0,35,0,0,0,0,0,4,2,1
,2020-43851,39.77273,-104.95942,2/20/2020 4:51,4:51:00,3,0,2,YORK STREET NORTH & 40TH AVENUE EAST,5,4,0,0,1,1, ,0,35,0,0,0,0,1,4,2,13
,2020-43852,39.7945,-104.86135,2/20/2020 7:29,7:29:00,3,0,0,JOLIET STREET NORTH & 54TH AVENUE EAST,9,1,0,0,1,1, ,0,25,0,0,0,0,0,4,2,7
,2020-43853,39.74294261,-105.0019248,2/20/2020 7:40,7:40:00,12,0,1,AURARIA PARKWAY 1100  & 11TH STREET,4,1,0,0,1,4, ,0,35,0,0,0,0,1,4,2,1
,2020-43854,39.6785,-104.96326,2/20/2020 7:52,7:52:00,12,0,0,EVANS AVENUE 2000 EAST & RACE STREET SOUTH,5,1,0,0,1,4, ,0,35,0,0,0,0,0,4,2,13
,2020-43855,39.74379,-104.89757,2/20/2020 7:55,7:55:00,3,0,0,17TH AVENUE EAST & SPRUCE STREET NORTH,4,1,0,0,1,1, ,0,25,0,0,0,0,0,4,2,1
,2020-43856,39.71121,-104.90869,2/20/2020 8:00,8:00:00,12,0,1,ALAMEDA AVENUE EAST & NEWPORT WAY SOUTH,9,1,0,0,1,1, ,0,30,0,0,0,0,1,4,3,14
,2020-43857,39.67847,-104.92227,2/20/2020 8:20,8:20:00,12,0,0,EVANS AVENUE EAST & HOLLY STREET SOUTH,9,1,0,0,1,1, ,0,35,0,0,0,0,0,4,2,7
,2020-43858,39.73689,-104.9823,2/20/2020 8:29,8:29:00,12,0,0,13TH AVENUE EAST & LOGAN STREET NORTH,11,1,0,0,1,4, ,0,30,0,0,0,0,0,4,2,13
,2020-43859,39.72213,-105.04393,2/20/2020 10:03,10:03:00,6,0,0,FOURTH AVENUE WEST & TENNYSON STREET NORTH,9,1,0,0,1,3, ,0,25,0,0,0,0,0,4,2,1
,2020-43860,39.79835,-104.78613,2/20/2020 11:16,11:16:00,12,0,0,PENA B INBOUND 5500  & 56TH AVENUE EAST,11,1,0,2,1,3, ,0,45,0,0,0,0,0,4,2,1
,2020-43861,39.69299054,-104.9787709,2/20/2020 12:20,12:20:00,3,0,0,LOUISIANA AVENUE EAST & BUCHTEL B SOUTH,1,1,0,0,1,1, ,0,30,0,0,0,0,0,4,2,13
,2020-43862,39.73198,-104.98779,2/20/2020 16:07,16:07:00,11,0,1,10TH AVENUE WEST & BROADWAY STREET NORTH,1,1,0,0,1,3, ,0,30,0,1,0,0,1,4,2,13
,2020-43863,39.76348,-104.9439,2/20/2020 16:29,16:29:00,3,0,0,LAWRENCE STREET & 32ND STREET,1,2,0,0,1,1, ,0,25,0,0,0,0,0,4,2,1
,2020-43864,39.78340885,-104.9313878,2/20/2020 17:20,17:20:00,11,0,1,48TH AVENUE 4800 EAST & DAHLIA STREET NORTH,11,2,0,0,1,4, ,0,,0,1,0,0,2,4,2,13
,2020-43865,39.71843,-104.99858,2/20/2020 17:25,17:25:00,3,0,1,FIRST AVENUE WEST & SANTA FE DRIVE NORTH,1,1,1,0,1,1, ,0,25,0,0,0,0,1,4,2,13
,2020-43866,39.71121,-104.99839,2/20/2020 17:45,17:45:00,1,0,0,ALAMEDA AVENUE WEST & KALAMATH STREET SOUTH,1,3,0,0,1,1, ,0,35,0,0,0,0,0,4,2,3
,2020-43867,39.71119,-104.93278,2/20/2020 18:21,18:21:00,12,0,0,ALAMEDA AVENUE 4700 EAST & DAHLIA STREET SOUTH,1,2,0,0,1,3, ,0,35,0,0,0,0,0,4,2,2
,2020-43868,39.76746,-104.90345,2/20/2020 18:54,18:54:00,12,0,0,QUEBEC STREET 3500 NORTH & 36TH STREET EAST,1,3,0,0,1,4, ,0,40,0,0,0,0,0,4,2,7
,2020-43869,39.74378,-104.88465,2/21/2020 2:05,2:05:00,12,0,0,17TH AVENUE EAST & YOSEMITE STREET NORTH,1,4,0,0,1,1, ,0,25,0,0,0,0,0,4,2,5
,2020-43870,39.76707,-104.97478,2/21/2020 6:32,6:32:00,6,0,0,35TH STREET 1300  & WALNUT STREET,1,1,0,0,1,4, ,0,25,0,0,0,0,0,4,2,14
,2020-43871,39.71887,-104.97615,2/21/2020 7:13,7:13:00,12,0,1,SPEER B 900 EAST & CORONA STREET NORTH,1,2,0,0,1,4, ,0,30,0,0,0,0,1,4,2,13
,2020-43872,39.75941953,-104.9937289,2/21/2020 7:17,7:17:00,3,0,0,PARK AVENUE WEST & DELGANY STREET,1,1,0,0,1,1, ,0,35,0,0,0,0,0,4,2,13
,2020-43873,39.71463,-104.94972,2/21/2020 7:27,7:27:00,5,0,0,STEELE STREET 100 SOUTH & BAYAUD AVENUE EAST,1,2,0,0,3,4, ,0,30,0,0,0,0,0,4,1,3
,2020-43874,39.7547,-104.9223,2/21/2020 7:56,7:56:00,6,0,0,HOLLY STREET NORTH & 26TH AVENUE EAST,4,1,0,0,1,1, ,0,25,0,0,0,0,0,4,2,14
,2020-43875,39.79451,-104.88376,2/21/2020 8:05,8:05:00,3,0,0,53RD AVENUE EAST & CENTRAL PARK B NORTH,1,1,0,0,1,1, ,0,35,0,0,0,0,0,4,2,13
,2020-43876,39.73208,-104.9429,2/21/2020 8:15,8:15:00,3,0,0,JACKSON STREET NORTH & 10TH AVENUE EAST,1,1,0,0,1,1, ,0,25,0,0,0,0,0,4,2,13
,2020-43877,39.71163,-104.95917,2/21/2020 8:27,8:27:00,12,0,0,UNIVERSITY B 200 SOUTH & ALAMEDA AVENUE EAST,1,1,0,0,1,4, ,0,35,0,0,0,0,0,4,3,3
,2020-43878,39.74738653,-104.9257879,2/21/2020 9:00,9:00:00,3,0,0,GLENCOE STREET NORTH & MONTVIEW B,1,1,0,0,1,1, ,0,25,0,0,0,0,0,4,2,7
,2020-43879,39.74654053,-105.0075889,2/21/2020 9:19,9:19:00,15,0,0,AURARIA PARKWAY 900  & NINTH STREET,1,1,1,0,1,4, ,0,35,0,0,0,0,0,4,2,13
,2020-43880,39.73687453,-105.0001684,2/21/2020 10:42,10:42:00,3,0,1,13TH AVENUE WEST & KALAMATH STREET NORTH,1,1,1,0,1,1, ,0,30,0,0,0,0,1,4,3,1
,2020-43881,39.72667,-104.98743,2/21/2020 12:24,12:24:00,3,0,0,BROADWAY STREET NORTH & SPEER B EAST,1,1,0,0,1,1, ,0,35,0,0,0,0,0,4,2,13
,2020-43882,39.78549,-104.89481,2/21/2020 12:30,12:30:00,15,0,0,NORTHFIELD BOULEVARD EAST & ULSTER STREET NORTH,1,1,0,0,1,1, ,0,,0,0,0,0,0,4,2,13
,2020-43883,39.68203,-105.03184,2/21/2020 13:22,13:22:00,6,0,0,KNOX COURT 1900 SOUTH & JEWELL AVENUE WEST,1,1,0,0,1,4, ,0,25,0,0,0,0,0,4,2,7
,2020-43884,39.74619,-104.98486,2/21/2020 13:48,13:48:00,3,0,0,19TH AVENUE EAST & SHERMAN STREET NORTH,1,1,0,0,1,1, ,0,25,0,0,0,0,0,4,2,14
,2020-43885,39.66993,-104.87396,2/21/2020 14:00,14:00:00,12,0,1,DAYTON WAY 2500 SOUTH & HARVARD AVENUE EAST,1,1,1,0,1,2, ,0,25,0,0,0,0,1,4,2,7
,2020-43886,39.71836,-104.9875,2/21/2020 14:16,14:16:00,12,0,0,FIRST AVENUE EAST & BROADWAY STREET NORTH,1,1,0,0,1,4, ,0,25,0,0,0,0,0,4,2,7
,2020-43887,39.74336,-104.98738,2/21/2020 14:38,14:38:00,15,0,0,17TH STREET & BROADWAY STREET NORTH,1,1,0,0,1,1, ,0,30,0,0,0,0,0,4,2,13
,2020-43888,39.75789,-104.89038,2/21/2020 16:09,16:09:00,12,0,1,CENTRAL PARK BOULEVARD NORTH & 29TH AVENUE EAST,1,1,0,0,1,3, ,0,,0,0,0,0,1,4,2,13
,2020-43889,39.70752,-104.98401,2/21/2020 16:38,16:38:00,3,0,0,GRANT STREET SOUTH & VIRGINIA AVENUE EAST,1,1,0,0,1,1, ,0,25,0,0,0,0,0,4,2,1
,2020-43890,39.72093,-104.98261,2/21/2020 16:58,16:58:00,3,0,0,LOGAN STREET NORTH & THIRD AVENUE EAST,1,2,0,0,1,1, ,0,25,0,0,0,0,0,4,2,13
,2020-43891,39.76449,-104.96037,2/21/2020 17:05,17:05:00,6,0,0,BRUCE RANDOLPH AVENUE EAST & GAYLORD STREET NORTH,1,1,0,0,1,4, ,0,30,0,0,0,0,0,4,2,3
,2020-43892,39.72893653,-105.0028279,2/21/2020 17:16,17:16:00,12,0,0,EIGHTH AVENUE WEST & MARIPOSA STREET NORTH,1,1,1,0,1,4, ,0,30,0,0,0,0,0,4,2,3