id,drcog_id,latitude,longitude,crashtime,time,crashtype,numbkilled,numbinjurd,drcoglocat,rdconditin,lightngcon,roadcntgrd,weatherco,location,roaddescrp,schoolzone,constrzone,splimit,bikeinv,pedinv,sctrinv,motoinv,svrty,rdsystem,ttlvehcls,hcf
,2020-43893,39.74646,-104.99746,2/21/2020 18:00,18:00:00,15,0,0,ARAPAHOE STREET 1400  & 14TH STREET,1,3,0,0,1,4, ,0,30,0,0,0,0,0,4,2,7
,2020-43894,39.72726,-104.97756,2/21/2020 18:00,18:00:00,12,0,0,SEVENTH AVENUE EAST & CLARKSON STREET NORTH,1,3,0,0,1,1, ,0,35,0,0,0,0,0,4,2,13
,2020-43895,39.72552,-104.96799,2/21/2020 18:10,18:10:00,6,0,0,SIXTH AVENUE EAST  & 1600 EAST,1,3,0,0,1,3, ,0,30,0,0,0,0,0,4,2,13
,2020-43896,39.74654,-104.99419,2/21/2020 18:18,18:18:00,9,0,1,16TH STREET & 900,1,3,0,0,1,4, ,0,15,0,0,0,1,2,4,1,14
,2020-43897,39.77109,-104.84704,2/21/2020 18:40,18:40:00,1,0,1,PEORIA STREET 3800 NORTH & 39TH AVENUE EAST,1,3,0,0,1,2, ,0,35,0,0,0,0,2,4,2,13
,2020-43898,39.69941,-105.05109,2/21/2020 21:00,21:00:00,6,0,0,YATES STREET 900 SOUTH & KENTUCKY AVENUE,1,1,0,0,1,4, ,0,25,0,0,0,0,0,4,2,13
,2020-43899,39.75473952,-104.8540309,2/21/2020 21:50,21:50:00,11,0,1,MOLINE STREET NORTH & 26TH AVENUE EAST,1,4,0,0,1,4, ,0,,0,1,0,0,2,4,2,13
,2020-43900,39.73606,-104.98613,2/21/2020 22:14,22:14:00,12,0,0,LINCOLN STREET 1200 NORTH & 13TH AVENUE EAST,1,3,0,0,1,4, ,0,,0,0,0,0,0,4,3,16
,2020-43901,39.78745,-105.03457,2/21/2020 23:25,23:25:00,12,0,0,LOWELL B NORTH & 50TH AVENUE WEST,1,3,0,0,1,4, ,0,,0,0,0,0,0,4,2,16
,2020-43902,39.7414,-104.99884,2/21/2020 23:26,23:26:00,12,0,0,SPEER B NORTH & STOUT STREET,1,3,0,0,1,4, ,0,30,0,0,0,0,0,4,2,5
,2020-43903,39.79839,-104.78638,2/22/2020 0:20,0:20:00,5,0,0,56TH AVENUE EAST & PENA B INBOUND,1,3,0,0,3,1, ,0,40,0,0,0,0,0,4,1,13
,2020-43904,39.80057652,-104.8754509,2/22/2020 2:56,2:56:00,5,0,0,DALLAS STREET NORTH & 57TH AVENUE EAST,1,3,0,0,2,1, ,0,25,0,0,0,0,0,4,1,5
,2020-43905,39.71814,-105.0421,2/22/2020 5:13,5:13:00,6,0,0,FIRST AVENUE WEST & RALEIGH STREET NORTH,1,3,1,0,1,4, ,0,,0,0,0,0,0,4,3,5
,2020-43906,39.77025,-105.0486,2/22/2020 10:00,10:00:00,6,0,0,WOLFF STREET 3800 NORTH & 38TH AVENUE EAST,1,1,0,0,1,4, ,0,25,0,0,0,0,0,4,2,3
,2020-43907,39.73606,-104.99165,2/22/2020 11:00,11:00:00,6,0,0,CHEROKEE STREET 1200 NORTH & 13TH AVENUE WEST,1,1,0,0,1,2, ,0,30,0,0,0,0,0,4,2,1
,2020-43908,39.7021,-104.90351,2/22/2020 11:56,11:56:00,8,0,3,QUEBEC STREET 800 SOUTH & VIRGINIA AVENUE EAST,1,1,0,0,1,4, ,0,35,0,0,0,0,3,4,2,8
,2020-43909,39.62546,-104.89474,2/22/2020 12:10,12:10:00,12,0,0,ULSTER STREET 5000 SOUTH & BELLEVIEW AVENUE EAST,1,1,0,0,1,4, ,0,35,0,0,0,0,0,4,2,3
,2020-43910,39.77803,-104.84703,2/22/2020 12:15,12:15:00,15,0,0,PEORIA STREET NORTH & 45TH AVENUE EAST,1,1,0,0,1,1, ,0,45,0,0,0,0,0,4,2,5
,2020-43911,39.66764,-104.90536,2/22/2020 12:30,12:30:00,12,0,0,YALE AVENUE 6900 EAST & QUEBEC STREET SOUTH,1,1,1,0,1,4, ,0,35,0,0,0,0,0,4,3,1
,2020-43912,39.75848,-105.02523,2/22/2020 12:45,12:45:00,12,0,1,29TH AVENUE WEST & FEDERAL B NORTH,1,1,1,0,1,4, ,0,35,0,0,0,0,0,4,2,13
,2020-43913,39.68864,-104.90965,2/22/2020 14:30,14:30:00,5,0,0,CHERRY CREEK SOUTH DRIVE 6900 EAST & MONACO PARKWAY NORTH,1,1,0,0,3,4, ,0,35,0,0,0,0,0,4,1,7
,2020-43914,39.65479,-104.8713,2/22/2020 14:40,14:40:00,8,0,0,GIRARD AVENUE 10000 EAST & GALENA STREET SOUTH,1,1,0,0,1,4, ,0,,0,0,0,0,0,4,2,13
,2020-43915,39.73844,-104.98612,2/22/2020 15:20,15:20:00,12,0,0,14TH AVENUE EAST & LINCLON STREET NORTH,1,1,0,0,1,3, ,0,,0,0,0,0,0,4,2,13
,2020-43916,39.69668954,-105.0015184,2/22/2020 16:23,16:23:00,3,0,5,LIPAN STREET SOUTH & MISSISSIPPI AVENUE WEST,1,1,0,0,1,1, ,0,30,0,0,0,0,1,4,2,3
,2020-43917,39.76763,-104.97536,2/22/2020 17:45,17:45:00,15,0,0,35TH STREET & WALNUT STREET,1,2,0,0,1,4, ,0,25,0,0,0,0,0,4,2,13
,2020-43918,39.65875,-104.91291,2/22/2020 18:00,18:00:00,1,0,0,MONACO STREET SOUTH & EASTMAN AVENUE EAST,1,3,0,0,1,1, ,0,35,0,0,0,0,0,4,2,1
,2020-43919,39.65942055,-105.0654004,2/22/2020 18:08,18:08:00,14,0,0,DARTMOUTH AVENUE SOUTH & JOSLIN COURT WEST,1,3,0,0,1,4, ,0,30,0,0,0,0,0,4,2,13
,2020-43920,39.71146,-104.93821,2/22/2020 18:48,18:48:00,1,0,1,ALAMEDA AVENUE 4200 EAST & ALAMEDA AVENUE 4200 EAST,1,3,0,0,1,1, ,0,35,0,0,0,0,1,4,2,13
,2020-43921,39.65309,-104.92174,2/22/2020 19:51,19:51:00,15,0,0,HAMPDEN AVENUE EAST & IVANHOE STREET SOUTH,1,3,1,0,1,1, ,0,35,0,0,0,0,0,4,2,13
,2020-43922,39.73828,-104.93616,2/22/2020 20:11,20:11:00,10,0,0,14TH AVENUE EAST & BIRCH STREET NORTH,1,3,0,0,1,1, ,0,30,0,0,0,0,0,4,2,8
,2020-43923,39.72731653,-105.0002089,2/22/2020 21:22,21:22:00,15,0,0,KALAMATH STREET NORTH & SEVENTH AVENUE WEST,1,3,0,0,1,4, ,0,35,0,0,0,0,0,4,2,13
,2020-43924,39.72028,-104.90354,2/22/2020 21:55,21:55:00,5,0,0,SECOND AVENUE EAST & QUEBEC STREET NORTH,4,3,0,0,3,4, ,0,20,0,0,0,0,0,4,1,7
,2020-43925,39.79484,-104.82751,2/22/2020 23:00,23:00:00,6,0,0,ZION COURT NORTH & 5545,1,4,0,0,1,3, ,0,25,0,0,0,0,0,4,2,14
,2020-43926,39.76741,-105.03229,2/23/2020 1:48,1:48:00,6,0,0,37TH AVENUE WEST & JULIAN STREET NORTH,1,3,0,0,1,4, ,0,25,0,0,0,0,0,4,3,13
,2020-43927,39.74326,-104.95978,2/23/2020 5:05,5:05:00,3,0,1,YORK STREET NORTH & 17TH AVENUE EAST,1,3,0,0,1,1, ,0,,0,0,0,0,1,4,2,13
,2020-43928,39.71495954,-105.0384814,2/23/2020 8:11,8:11:00,6,0,0,OSCEOLA STREET SOUTH & BAYAUD AVENUE WEST,11,1,1,2,1,4, ,0,25,0,0,0,0,0,4,4,2
,2020-43929,39.8333815,-104.771969,2/23/2020 9:23,9:23:00,12,0,0,TOWER ROAD & PENA B,11,1,0,0,1,3, ,0,45,0,0,0,0,0,4,2,13
,2020-43930,39.71473,-104.98209,2/23/2020 9:36,9:36:00,3,0,0,BAYAUD AVENUE EAST & 400,11,1,0,1,1,5, ,0,15,0,0,0,0,0,4,4,3
,2020-43931,39.65744,-105.02749,2/23/2020 10:31,10:31:00,3,0,0,FLOYD AVENUE WEST & 3100 WEST,11,1,1,2,1,2, ,0,25,0,0,0,0,0,4,2,1
,2020-43932,39.72817,-104.97516,2/23/2020 11:01,11:01:00,6,0,0,OGDEN STREET 700 NORTH & EIGHTH AVENUE WEST,11,1,1,2,1,4, ,0,25,0,0,0,0,0,4,2,13
,2020-43933,39.75093253,-105.0020899,2/23/2020 11:15,11:15:00,1,0,0,15TH STREET & WYNKOOP STREET,11,1,0,2,1,1, ,0,,0,0,0,0,0,4,2,13
,2020-43934,39.79764,-104.83541,2/23/2020 11:50,11:50:00,15,0,0,UVALDA STREET 5500 NORTH & PENSACOLA PLACE EAST,1,1,0,0,1,4, ,0,35,0,0,0,0,0,4,2,14
,2020-43935,39.75355,-104.99095,2/23/2020 11:53,11:53:00,6,0,0,21ST STREET & LARIMER STREET,11,1,0,0,1,4, ,0,25,0,0,0,0,0,4,2,1
,2020-43936,39.75355,-104.99095,2/23/2020 11:53,11:53:00,12,0,0,21ST STREET 1200  & LARIMER STREET,11,1,0,0,1,4, ,0,,0,0,0,0,0,4,2,16
,2020-43937,39.74436,-104.98629,2/23/2020 12:20,12:20:00,5,0,0,LINCOLN STREET NORTH & 1777,1,1,0,0,5,7, ,0,15,0,0,0,0,0,3,1,13
,2020-43938,39.72571,-104.99943,2/23/2020 12:38,12:38:00,15,0,0,SIXTH AVENUE 900 WEST & SANTA FE DRIVE NORTH,11,1,0,0,1,4, ,0,30,0,0,0,0,0,4,2,8
,2020-43939,39.69036,-104.91289,2/23/2020 13:00,13:00:00,12,0,1,MONACO STREET SOUTH & CHERRY CREEK DRIVE SOUTH EAST,11,1,0,0,1,1, ,0,35,0,0,0,0,1,4,2,16
,2020-43940,39.75849,-105.02684,2/23/2020 13:22,13:22:00,12,0,1,29TH AVENUE WEST & NORTH GROVE STREET,1,1,0,0,1,1, ,0,30,0,0,0,0,0,4,3,3
,2020-43941,39.76202,-105.02524,2/23/2020 13:34,13:34:00,6,0,0,32ND AVENUE WEST & FEDERAL BOULEVARD NORTH,1,1,0,0,1,4, ,0,25,0,0,0,0,0,4,2,3
,2020-43942,39.7495,-104.88683,2/23/2020 15:30,15:30:00,3,0,0,21ST AVENUE EAST & CENTRAL PARK B NORTH,1,1,0,0,1,1, ,0,25,0,0,0,0,0,4,2,3
,2020-43943,39.78067,-104.81347,2/23/2020 16:10,16:10:00,3,0,0,BOLLING DRIVE EAST & FONTANA COURT NORTH,1,1,0,0,1,1, ,0,25,0,0,0,0,0,4,2,13
,2020-43944,39.72383,-104.8842,2/23/2020 17:48,17:48:00,15,0,0,YOSEMITE STREET NORTH & LOWRY BOULEVARD EAST,1,3,0,0,1,6, ,0,15,0,0,0,0,0,4,2,14
,2020-43945,39.74104,-104.99407,2/23/2020 18:50,18:50:00,1,0,0,13TH STREET & GLENARM PLACE,1,3,0,0,1,1, ,0,25,0,0,0,0,0,4,2,8
,2020-43946,39.77401,-104.84703,2/23/2020 21:48,21:48:00,12,0,0,PEORIA STREET NORTH & I70 EASTBOUND,1,3,0,0,1,1, ,0,35,0,0,0,0,0,4,3,5
,2020-43947,39.72821,-104.94282,2/23/2020 22:15,22:15:00,6,0,0,JACKSON STREET 700 NORTH & EIGHTH AVENUE EAST,1,4,0,0,1,4, ,0,,0,0,0,0,0,4,2,13
,2020-43948,39.73602,-104.9464,2/23/2020 23:21,23:21:00,6,0,0,MADISON STREET & 1243 NORTH,1,3,0,0,1,4, ,0,25,0,0,0,0,0,4,3,5
,2020-43949,39.69651,-104.87531,2/23/2020 23:25,23:25:00,1,0,0,MISSISSIPPI AVENUE EAST & DAYTON STREET SOUTH,1,3,0,0,1,1, ,0,40,0,0,0,0,0,4,2,14
,2020-43950,39.73681,-104.95979,2/24/2020 0:08,0:08:00,3,0,0,13TH AVENUE EAST & M YORK STREET,1,3,0,0,1,1, ,0,30,0,0,0,0,0,4,2,13
,2020-43951,39.68901,-104.93798,2/24/2020 2:54,2:54:00,6,0,0,ASH STREET & 1510 SOUTH,1,3,0,0,2,2, ,0,,0,0,0,0,0,4,2,13
,2020-43952,39.75549,-104.99105,2/24/2020 5:35,5:35:00,3,0,0,22ND STREET & MARKET STREET,1,3,0,0,1,1, ,0,30,0,0,0,0,0,4,2,1
,2020-43953,39.68874,-104.93798,2/24/2020 7:17,7:17:00,6,0,0,ASH STREET SOUTH & FLORIDA AVENUE EAST,1,1,1,0,1,4, ,0,25,0,0,0,0,0,4,2,13
,2020-43954,39.73919,-104.95978,2/24/2020 8:00,8:00:00,12,0,0,YORK STREET 1400 NORTH & COLFAX AVENUE EAST,1,1,0,0,1,4, ,0,25,0,0,0,0,0,4,2,13
,2020-43955,39.75701,-105.01781,2/24/2020 8:22,8:22:00,12,0,0,SPEER B NORTH & ALCOTT STREET NORTH,1,1,1,0,1,3, ,0,35,0,0,0,0,0,4,2,3
,2020-43956,39.67866,-105.02037,2/24/2020 8:22,8:22:00,3,0,3,EVANS AVENUE WEST & CLAY STREET SOUTH,1,1,0,0,1,1, ,0,25,0,0,0,0,0,4,2,13
,2020-43957,39.72534,-104.91257,2/24/2020 9:15,9:15:00,3,0,0,SIXTH AVENUE EAST & MONACO STREET NORTH,1,1,0,0,1,1, ,0,25,0,0,0,0,0,4,2,8
,2020-43958,39.73686,-104.99998,2/24/2020 9:40,9:40:00,15,0,0,13TH AVENUE WEST & CHEROKEE STREET NORTH,1,1,0,0,1,1, ,0,25,0,0,0,0,0,4,2,13
,2020-43959,39.74324,-104.96722,2/24/2020 10:15,10:15:00,12,0,0,17TH AVENUE 1600 EAST & GILPIN STREET NORTH,1,1,0,0,1,4, ,0,35,0,0,0,0,0,4,2,13
,2020-43960,39.72563,-104.98488,2/24/2020 11:00,11:00:00,10,0,1,SIXTH AVENUE EAST & SHERMAN STREET NORTH,1,1,0,0,1,1, ,0,30,0,0,0,0,1,4,2,8
,2020-43961,39.75115,-104.99494,2/24/2020 11:45,11:45:00,6,0,0,LARIMER STREET & 18TH STREET,1,1,0,0,1,4, ,0,30,0,0,0,0,0,4,2,13
,2020-43962,39.73051153,-105.0001594,2/24/2020 12:00,12:00:00,15,0,0,NINTH AVENUE WEST & KALAMATH STREET NORTH,1,1,0,0,1,1, ,0,30,0,0,0,0,0,4,2,7
,2020-43963,39.73289,-104.90346,2/24/2020 12:47,12:47:00,3,0,0,117TH AVENUE EAST & QUEBEC STREET NORTH,1,1,1,0,1,1, ,0,25,0,0,0,0,0,4,2,7
,2020-43964,39.72567,-104.99282,2/24/2020 13:38,13:38:00,3,0,4,SIXTH AVENUE WEST & DELAWARE STREET NORTH,1,1,0,0,1,1, ,0,35,0,0,0,0,1,4,2,13
,2020-43965,39.74163,-104.96347,2/24/2020 15:00,15:00:00,3,0,1,16TH AVENUE EAST & RACE STREET NORTH,1,1,0,0,1,1, ,0,30,0,0,0,0,1,4,2,7
,2020-43966,39.73296,-105.03623,2/24/2020 15:26,15:26:00,14,0,0,10TH AVENUE WEST & MEADE STREET NORTH,1,1,1,0,1,1, ,0,,0,0,0,0,0,4,2,13
,2020-43967,39.78376,-104.8098,2/24/2020 15:32,15:32:00,1,0,1,CHAMBERS ROAD NORTH & GREEN VALLEY RANCH BOULEVARD EAST,1,1,0,0,1,1, ,0,40,0,0,0,0,1,4,3,3
,2020-43968,39.71119,-104.99714,2/24/2020 15:45,15:45:00,12,0,0,ALAMEDA AVENUE WEST & SANTA FE DRIVE SOUTH,1,1,0,0,1,3, ,0,35,0,0,0,0,0,4,3,3
,2020-43969,39.76199,-104.95975,2/24/2020 15:50,15:50:00,10,0,0,MLK BOULEVARD EAST & YORK STREET NORTH,1,1,0,0,1,1, ,0,30,0,0,0,0,0,4,2,7
,2020-43970,39.65467,-104.87174,2/24/2020 15:55,15:55:00,6,0,3,GIRARD AVENUE EAST & FLORENCE STREET SOUTH,1,1,0,0,1,4, ,0,25,0,0,0,0,2,4,2,7
,2020-43971,39.78364751,-104.767532,2/24/2020 15:57,15:57:00,15,0,0,GREEN VALLEY RANCH B 4800 NORTH & ANDES COURT,1,1,0,0,1,4, ,0,40,0,0,0,0,0,4,2,13
,2020-43972,39.73685,-104.99024,2/24/2020 16:06,16:06:00,3,0,0,13TH AVENUE WEST & BANNOCK STREET NORTH,1,1,0,0,1,1, ,0,30,0,0,0,0,0,4,2,1
,2020-43973,39.74158,-104.9899,2/24/2020 16:11,16:11:00,3,0,2,15TH STREET & COURT PLACE,1,1,0,0,1,1, ,0,30,0,0,0,0,1,4,2,8
,2020-43974,39.76076,-104.97334,2/24/2020 16:11,16:11:00,12,0,0,31ST AVENUE EAST & DOWNING STREET NORTH,1,1,0,0,1,1, ,0,30,0,0,0,0,0,4,2,1
,2020-43975,39.71935,-104.99083,2/24/2020 16:40,16:40:00,3,0,0,SECOND AVENUE WEST & BANNOCK STREET NORTH,1,1,0,0,1,1, ,0,25,0,0,0,0,0,4,2,3
,2020-43976,39.74744,-104.99272,2/24/2020 16:56,16:56:00,12,0,0,CHAMPA STREET & 17TH STREET,1,2,0,0,1,3, ,0,30,0,0,0,0,0,4,2,13
,2020-43977,39.69852631,-104.992685,2/24/2020 17:45,17:45:00,12,0,0,PLATTE RIVER DRIVE 800 SOUTH & TENNESSEE AVENUE WEST,1,2,1,0,1,4, ,0,40,0,0,0,0,0,4,2,13
,2020-43978,39.70219,-105.04085,2/24/2020 18:13,18:13:00,6,0,0,OHIO AVENUE 4000 WEST & QUITMAN STREET SOUTH,1,3,0,0,1,4, ,0,25,0,0,0,0,0,4,3,3
,2020-43979,39.7452,-104.99221,2/24/2020 18:45,18:45:00,15,0,0,16TH STREET & CALIFORNIA STREET,1,3,0,0,1,4, ,0,25,0,0,0,0,0,4,2,13
,2020-43980,39.72068,-104.98265,2/24/2020 19:06,19:06:00,5,0,0,LOGAN STREET 300 NORTH & SPEER B EAST,1,3,0,0,1,4, ,0,30,0,0,0,0,0,4,1,2
,2020-43981,39.79513,-104.84224,2/24/2020 20:26,20:26:00,6,0,1,55TH AVENUE EAST & SALEM STREET NORTH,1,4,0,0,1,4, ,0,25,0,0,0,0,2,4,2,5
,2020-43982,39.64669454,-104.9047504,2/24/2020 20:54,20:54:00,6,0,0,ONEIDA WAY 3700 SOUTH & POPLAR STREET SOUTH,1,4,0,0,1,4, ,0,25,0,0,0,0,0,4,2,5
,2020-43983,39.72662,-104.98743,2/25/2020 1:37,1:37:00,3,0,0,SPEER BOULEVARD NORTH & BROADWAY STREET NORTH,1,3,0,0,1,1, ,0,30,0,0,0,0,0,4,2,8
,2020-43984,39.74746,-104.88466,2/25/2020 2:18,2:18:00,5,0,1,CENTRAL PARK B NORTH & MONTEVIEW B EAST,1,3,0,0,3,1, ,0,,0,0,0,0,0,4,1,16
,2020-43985,39.71349,-104.99828,2/25/2020 2:50,2:50:00,15,0,0,SANTA FE DRIVE SOUTH & CEDAR AVENUE WEST,1,4,0,0,1,4, ,0,35,0,0,0,0,0,4,2,13
,2020-43986,39.73727,-104.90816,2/25/2020 3:00,3:00:00,5,0,0,13TH AVENUE EAST & ONEIDA STREET NORTH,1,3,0,0,3,4, ,0,,0,0,0,0,0,4,1,16
,2020-43987,39.72817,-104.98615,2/25/2020 7:54,7:54:00,12,0,0,LINCOLN STREET 700 NORTH & SEVENTH AVENUE EAST,1,1,0,0,1,4, ,0,30,0,0,0,0,0,4,2,3
,2020-43988,39.74619,-104.98232,2/25/2020 8:10,8:10:00,3,0,0,LOGAN STREET NORTH & 19TH AVENUE EAST,1,1,0,6,1,1, ,0,25,0,0,0,0,0,4,2,13
,2020-43989,39.6677,-104.98285,2/25/2020 8:15,8:15:00,3,0,1,YALE AVENUE EAST & LOGAN STREET SOUTH,1,1,1,6,1,1, ,0,30,0,0,0,0,2,4,2,16
,2020-43990,39.70974,-105.04608,2/25/2020 8:20,8:20:00,6,0,0,UTICA STREET SOUTH & VIRGINIA AVENUE WEST,1,1,1,0,1,4, ,0,25,0,0,0,0,0,4,2,13
,2020-43991,39.74578,-104.9966,2/25/2020 8:22,8:22:00,6,0,0,CURTIS STREET & 1400,1,1,0,0,1,2, ,0,25,0,0,0,0,0,4,2,1
,2020-43992,39.67484,-104.95938,2/25/2020 8:30,8:30:00,12,0,0,UNIVERSITY B SOUTH & ILIFF AVENUE EAST,4,1,0,0,1,1, ,0,35,0,0,0,0,0,4,2,13
,2020-43993,39.69668954,-105.0015184,2/25/2020 10:03,10:03:00,6,0,0,LIPAN STREET SOUTH & MISSISSIPPI AVENUE WEST,1,1,1,0,1,4, ,0,,0,0,0,0,0,4,2,13
,2020-43994,39.68025,-104.95939,2/25/2020 10:20,10:20:00,6,0,0,UNIVERSITY BOULEVARD SOUTH & ASBURY AVENUE EAST,1,1,0,0,1,3, ,0,25,0,0,0,0,0,4,2,13
,2020-43995,39.75313641,-105.0084494,2/25/2020 10:55,10:55:00,12,0,0,SPEER BOULEVARD NORTH & 1800,1,1,1,0,1,3, ,0,35,0,0,0,0,0,4,3,7
,2020-43996,39.71803697,-104.9512392,2/25/2020 11:21,11:21:00,12,0,0,FIRST AVENUE EAST & STREET PAUL STREET NORTH,1,1,0,0,1,3, ,0,30,0,0,0,0,0,4,2,16
,2020-43997,39.76746,-104.90345,2/25/2020 11:55,11:55:00,1,0,0,QUEBEC STREET NORTH & 36TH AVENUE EAST,1,1,0,0,1,1, ,0,35,0,0,0,0,0,4,2,8
,2020-43998,39.73527,-104.9976,2/25/2020 12:03,12:03:00,10,0,0,12TH AVENUE WEST & INCA STREET NORTH,1,1,0,0,1,1, ,0,,0,0,0,0,0,4,2,13
,2020-43999,39.74006,-104.98614,2/25/2020 12:15,12:15:00,15,0,0,LINCOLN STREET 1400 NORTH & COLFAX AVENUE EAST,1,1,0,0,1,4, ,0,30,0,0,0,0,0,4,2,13
,2020-44000,39.73927,-104.99024,2/25/2020 12:45,12:45:00,6,0,0,BANNOCK STREET 1400 NORTH & COLFAX AVENUE WEST,1,1,0,0,1,4, ,0,25,0,0,0,0,0,4,2,13
,2020-44001,39.72731653,-105.0028279,2/25/2020 13:12,13:12:00,6,0,0,SEVENTH AVENUE 1100 WEST & MARIPOSA STREET NORTH,1,1,1,0,1,4, ,0,25,0,0,0,0,0,4,3,13
,2020-44002,39.75084,-104.98141,2/25/2020 13:18,13:18:00,6,0,0,GLENARM PLACE & 2300,1,1,0,0,1,4, ,0,25,0,0,0,0,0,4,2,13
,2020-44003,39.73727,-104.89875,2/25/2020 13:33,13:33:00,3,0,2,SYRACUSE STREET NORTH & 13TH AVENUE EAST,1,1,0,0,1,1, ,0,30,0,0,0,0,1,4,2,3
,2020-44004,39.71969,-104.95804,2/25/2020 14:00,14:00:00,6,0,0,JOSEPHINE STREET NORTH & THIRD AVENUE EAST,1,1,0,0,1,4, ,0,20,0,0,0,0,0,4,2,14
,2020-44005,39.73369753,-105.0040789,2/25/2020 15:19,15:19:00,6,0,0,NAVAJO STREET NORTH & 11TH AVENUE WEST,1,1,1,0,1,4, ,0,25,0,0,0,0,0,4,2,7
,2020-44006,39.8380525,-104.715449,2/25/2020 15:40,15:40:00,12,0,0,78TH AVENUE 23200 EAST & GUN CLUB ROAD NORTH,1,1,0,0,1,3, ,0,45,0,0,0,0,0,4,2,6
,2020-44007,39.74759,-105.01974,2/25/2020 15:52,15:52:00,8,0,1,MILE HIGH STADIUM C 2600  & CLAY STREET NORTH,1,1,1,0,1,4, ,0,30,0,0,0,0,1,4,2,3
,2020-44008,39.72568,-104.99401,2/25/2020 16:00,16:00:00,15,0,0,SIXTH AVENUE WEST & ELATI STREET NORTH,1,1,0,0,1,3, ,0,30,0,0,0,0,0,4,2,3
,2020-44009,39.71816,-105.03491,2/25/2020 16:13,16:13:00,3,0,0,LOWELL B NORTH & FIRST AVENUE WEST,1,1,0,0,1,1, ,0,25,0,0,0,0,0,4,2,3
,2020-44010,39.6313,-104.89234,2/25/2020 16:45,16:45:00,1,0,0,DTC B SOUTH & UNION AVENUE EAST,1,1,0,0,1,1, ,0,35,0,0,0,0,0,4,2,3
,2020-44011,39.73685,-104.99024,2/25/2020 16:50,16:50:00,12,0,0,13TH AVENUE WEST & BANNOCK STREET NORTH,1,1,0,0,1,1, ,0,30,0,0,0,0,0,4,2,16
,2020-44012,39.68949,-105.02506,2/25/2020 17:03,17:03:00,12,0,0,FLORIDA AVENUE WEST & FEDERAL B SOUTH,1,1,0,0,1,4, ,0,30,0,0,0,0,0,4,2,3
,2020-44013,39.74326,-104.97989,2/25/2020 17:07,17:07:00,10,0,0,17TH AVENUE EAST & PEARL STREET NORTH,1,1,1,0,1,1, ,0,30,0,0,0,0,0,4,2,13
,2020-44014,39.77893,-104.94979,2/25/2020 17:14,17:14:00,15,0,0,STEELE STREET NORTH & 45TH AVENUE EAST,1,1,0,0,1,4, ,0,30,0,0,0,0,0,4,2,1
,2020-44015,39.74752153,-104.9782894,2/25/2020 19:00,19:00:00,12,0,1,PARK AVENUE WEST & 20TH AVENUE,1,3,0,6,1,3, ,0,35,0,0,0,0,1,4,2,16
,2020-44016,39.7593,-104.98593,2/25/2020 21:22,21:22:00,6,0,0,WALNUT STREET 2600 & 26TH STREET,1,3,0,0,1,4, ,0,30,0,0,0,0,0,4,2,4
,2020-44017,39.83397414,-104.7295449,2/25/2020 21:55,21:55:00,9,0,1,PENA BOULEVARD & 25803,1,3,0,0,1,4, ,0,55,0,0,0,0,3,4,1,7
,2020-44018,39.74743152,-104.9034499,2/25/2020 23:28,23:28:00,5,0,1,QUEBEC STREET NORTH & MONTVIEW BOULEVARD EAST,1,3,0,0,2,4, ,0,35,0,0,0,0,3,4,3,1
,2020-44019,39.78625109,-104.791086,2/25/2020 23:31,23:31:00,12,0,0,PENA BOULEVARD & 26600,1,3,0,0,1,4, ,0,45,0,0,0,0,0,4,2,3
,2020-44020,39.79839,-104.78638,2/25/2020 23:35,23:35:00,5,0,1,56TH AVENUE EAST & PENA BOULEVARD,1,3,0,0,3,1, ,0,45,0,0,0,0,1,4,1,2
,2020-44021,39.65094,-104.89003,2/26/2020 1:15,1:15:00,6,0,0,JEFFERSON AVENUE 8500 EAST & YOSEMITE STREET SOUTH,1,3,0,0,1,4, ,0,25,0,0,0,0,0,4,3,1
,2020-44022,39.77073,-104.9684,2/26/2020 7:20,7:20:00,12,0,0,LAFAYETTE SOUTH 3800 NORTH & FRANKLIN STREET NORTH,1,4,0,0,1,4, ,0,,0,0,0,0,0,4,2,16
,2020-44023,39.76441453,-105.0127684,2/26/2020 7:45,7:45:00,3,0,0,VALLEJO STREET NORTH & 34TH AVENUE WEST,1,1,0,0,1,1, ,0,25,0,0,0,0,0,4,2,13
,2020-44024,39.69478,-104.96753,2/26/2020 7:50,7:50:00,3,0,0,ARIZONA AVENUE 1700 EAST & WILLIAMS STREET SOUTH,1,1,0,0,1,5, ,0,20,0,0,0,0,0,4,2,3
,2020-44025,39.72928,-104.91279,2/26/2020 8:20,8:20:00,15,0,0,EIGHTH AVENUE EAST & MONACO STREET NORTH,1,1,0,0,1,1, ,0,30,0,0,0,0,0,4,2,1
,2020-44026,39.7498,-104.99577,2/26/2020 9:10,9:10:00,15,0,0,17TH STREET & 1200,1,1,1,0,1,4, ,0,30,0,0,0,0,0,4,2,13
,2020-44027,39.73846753,-104.9964919,2/26/2020 10:00,10:00:00,12,0,0,14TH AVENUE EAST & GALAPASO STREET,1,1,0,0,1,3, ,0,35,0,0,0,0,0,4,3,13