id,drcog_id,latitude,longitude,crashtime,time,crashtype,numbkilled,numbinjurd,drcoglocat,rdconditin,lightngcon,roadcntgrd,weatherco,location,roaddescrp,schoolzone,constrzone,splimit,bikeinv,pedinv,sctrinv,motoinv,svrty,rdsystem,ttlvehcls,hcf
,2020-44028,39.66143,-104.89251,2/26/2020 10:06,10:06:00,12,0,0,VALENTIA STREET 3000 SOUTH & DARTMOUTH AVENUE EAST,1,1,1,0,1,4, ,0,25,0,0,0,0,0,4,2,13
,2020-44029,39.78581,-104.80978,2/26/2020 10:34,10:34:00,9,0,0,CHAMBERS ROAD NORTH & 4800,1,1,0,0,1,4, ,0,40,0,0,0,0,0,4,2,14
,2020-44030,39.73507,-105.02176,2/26/2020 10:53,10:53:00,6,0,0,DECATUR STREET 1100 NORTH & HOLDEN PLACE WEST,1,1,0,0,1,4, ,0,25,0,0,0,0,0,4,2,13
,2020-44031,39.78378,-104.79465,2/26/2020 11:25,11:25:00,6,0,0,GREEN VALLEY RANCH BOULEVARD 16300 EAST & AIRPORT WAY NORTH,1,1,0,0,1,4, ,0,40,0,0,0,0,0,4,2,13
,2020-44032,39.69666,-104.99271,2/26/2020 11:37,11:37:00,12,0,0,MISSISSIPPI AVENUE 300 WEST & SANTA FE DRIVE SOUTH,1,1,0,0,1,4, ,0,30,0,0,0,0,0,4,2,13
,2020-44033,39.67753,-104.95793,2/26/2020 12:11,12:11:00,6,0,0,JOSEPHINE STREET 2100 SOUTH & EVANS AVENUE EAST,1,1,0,0,1,4, ,0,25,0,0,0,0,0,4,2,13
,2020-44034,39.78526,-104.8825,2/26/2020 12:15,12:15:00,3,0,0,NORTHFIELD B EAST & CENTRAL PARK B NORTH,1,1,0,0,1,1, ,0,35,0,0,0,0,0,4,2,13
,2020-44035,39.72074,-104.8989,2/26/2020 12:25,12:25:00,3,0,0,RAMPART WAY NORTH & FIRST PLACE EAST,1,1,0,0,1,1, ,0,25,0,0,0,0,0,4,2,13
,2020-44036,39.72561,-104.99431,2/26/2020 12:30,12:30:00,12,0,0,SIXTH AVENUE & 500 WEST,1,1,0,0,1,4, ,0,,0,0,0,0,0,4,2,13
,2020-44037,39.76144,-105.0393,2/26/2020 12:32,12:32:00,6,0,0,PERRY STREET NORTH & 32ND AVENUE WEST,1,1,1,0,1,4, ,0,25,0,0,0,0,0,4,2,13
,2020-44038,39.73688,-104.97301,2/26/2020 13:08,13:08:00,12,0,0,13TH AVENUE 1200 EAST & DOWNING STREET NORTH,1,1,0,0,1,4, ,0,25,0,0,0,0,0,4,2,14
,2020-44039,39.73828,-104.93616,2/26/2020 13:13,13:13:00,10,0,0,14TH AVENUE EAST & BIRCH STREET NORTH,1,1,0,0,1,1, ,0,30,0,0,0,0,0,4,2,13
,2020-44040,39.68501,-104.94182,2/26/2020 14:00,14:00:00,12,0,0,HARRISON STREET SOUTH & 1700 SOUTH,1,1,0,0,1,4, ,0,25,0,0,0,0,0,4,2,3
,2020-44041,39.77926453,-105.0017119,2/26/2020 14:10,14:10:00,6,0,0,MARIPOSA WAY 4500 NORTH & LIPAN STREET NORTH,1,1,1,0,1,4, ,0,25,0,0,0,0,0,4,2,13
,2020-44042,39.71782,-104.94617,2/26/2020 14:13,14:13:00,3,0,4,FIRST AVENUE EAST & MADISON STREET NORTH,1,1,1,0,1,1, ,0,25,0,0,0,0,2,4,2,1
,2020-44043,39.73442,-104.97987,2/26/2020 14:30,14:30:00,6,0,0,PEARL STREET NORTH & 11TH AVENUE EAST,1,1,0,0,1,2, ,0,,0,0,0,0,0,4,2,13
,2020-44044,39.74667,-104.99896,2/26/2020 15:14,15:14:00,15,0,0,LAWRENCE STREET & 14TH STREET,1,1,1,0,1,4, ,0,30,0,0,0,0,0,4,2,13
,2020-44045,39.69315,-105.04841,2/26/2020 15:17,15:17:00,3,0,0,LOUISIANA AVENUE WEST & WOLFF STREET SOUTH,1,1,0,0,1,1, ,0,25,0,0,0,0,0,4,2,14
,2020-44046,39.71101,-104.94802,2/26/2020 15:34,15:34:00,12,0,0,ALAMEDA AVENUE EAST & CHERRY CREEK DRIVE SOUTH EAST,1,1,0,0,1,1, ,0,30,0,0,0,0,0,4,2,13
,2020-44047,39.70135,-105.04679,2/26/2020 15:51,15:51:00,12,0,0,MORRISON ROAD & ADA PLACE WEST,1,1,1,0,1,1, ,0,30,0,0,0,0,0,4,2,3
,2020-44048,39.73204,-104.98613,2/26/2020 15:56,15:56:00,12,0,0,LINCOLN STREET NORTH & 10TH AVENUE EAST,11,1,0,0,1,4, ,0,30,0,0,0,0,0,4,2,8
,2020-44049,39.68279,-104.95943,2/26/2020 16:00,16:00:00,1,0,0,BUTCHELL B EAST & UNIVERSITY B SOUTH,1,1,0,0,1,1, ,0,25,0,0,0,0,0,4,3,3
,2020-44050,39.78236,-104.88606,2/26/2020 16:41,16:41:00,3,0,0,47TH AVENUE EAST & XENIA STREET NORTH,1,1,0,0,1,1, ,0,25,0,0,0,0,0,4,2,13
,2020-44051,39.73677,-104.94618,2/26/2020 16:57,16:57:00,10,0,0,13TH AVENUE EAST & MADISON STREET NORTH,1,1,0,0,1,1, ,0,30,0,0,0,0,0,4,2,8
,2020-44052,39.69668,-104.99679,2/26/2020 17:03,17:03:00,3,0,0,MISSISSIPPI AVENUE WEST & HURON STREET SOUTH,1,1,0,0,1,1, ,0,,0,0,0,0,0,4,2,13
,2020-44053,39.74378,-104.94304,2/26/2020 17:05,17:05:00,3,0,0,17TH AVENUE EAST & JACKSON STREET NORTH,1,1,0,0,1,1, ,0,30,0,0,0,0,0,4,2,1
,2020-44054,39.72936,-105.02171,2/26/2020 17:08,17:08:00,12,0,0,DECATUR STREET 800 NORTH & NINTH AVENUE WEST,1,1,0,0,1,4, ,0,25,0,0,0,0,0,4,2,8
,2020-44055,39.73285,-104.8847,2/26/2020 17:55,17:55:00,3,0,0,YOSEMITE STREET NORTH & 11TH AVENUE EAST,1,3,0,0,1,2, ,0,25,0,0,0,0,0,4,2,1
,2020-44056,39.68897,-104.97343,2/26/2020 17:55,17:55:00,1,0,0,BUCHTEL B EAST & DOWNING STREET SOUTH,1,2,0,0,1,1, ,0,35,0,0,0,0,0,4,2,4
,2020-44057,39.82457,-104.6734,2/26/2020 19:00,19:00:00,12,0,0,71ST AVENUE EAST & ROBERTSDALE STREET NORTH,1,3,0,0,1,3, ,0,35,0,0,0,0,0,4,2,13
,2020-44058,39.71034,-104.98277,2/26/2020 20:00,20:00:00,6,0,0,LOGAN STREET SOUTH & ALAMEDA AVENUE EAST,1,3,0,0,1,4, ,0,30,0,0,0,0,0,4,2,1
,2020-44059,39.72735,-104.99285,2/26/2020 20:40,20:40:00,6,0,0,SEVENTH AVENUE 400 WEST & DELAWARE STREET NORTH,1,3,0,0,1,4, ,0,25,0,0,0,0,0,4,2,3
,2020-44060,39.74196,-104.9442,2/26/2020 23:59,23:59:00,12,0,0,16TH AVENUE 3600 EAST & GARFIELD STREET NORTH,1,3,0,0,1,4, ,0,,0,0,0,0,0,4,2,16
,2020-44061,39.77205,-105.04852,2/27/2020 0:14,0:14:00,5,0,0,WOLFF STREET 3900  & 40TH AVENUE WEST,1,3,0,0,3,3, ,0,25,0,0,0,0,0,4,1,14
,2020-44062,39.69667,-104.99369,2/27/2020 6:48,6:48:00,12,0,0,MISSISSIPPI AVENUE 400  & PLATTE RIVER DRIVE SOUTH,1,1,0,0,1,4, ,0,30,0,0,0,0,0,4,2,13
,2020-44063,39.69338,-105.02972,2/27/2020 7:20,7:20:00,13,0,1,IRVING STREET SOUTH & LOUISIANA AVENUE WEST,1,1,0,0,1,1, ,0,25,0,1,0,0,1,4,2,13
,2020-44064,39.7401,-104.99808,2/27/2020 7:29,7:29:00,2,0,1,SPEER BOULEVARD NORTH & COLFAX AVENUE WEST,1,1,0,0,1,4, ,0,0,1,0,0,0,3,4,2,16
,2020-44065,39.75932,-104.9937,2/27/2020 7:45,7:45:00,12,0,0,PARK AVENUE WEST & WEWATTA STREET,1,1,0,0,1,4, ,0,30,0,0,0,0,0,4,2,16
,2020-44066,39.73982653,-105.0159094,2/27/2020 7:53,7:53:00,3,0,0,LOWER COLFAX AVENUE WEST  & ZUNI STREET NORTH,1,1,0,0,1,1, ,0,25,0,0,0,0,0,4,2,13
,2020-44067,39.74773753,-104.9861104,2/27/2020 8:13,8:13:00,15,0,0,LINCOLN STREET NORTH & 700 NORTH,1,1,0,0,1,4, ,0,30,0,0,0,0,0,4,2,13
,2020-44068,39.72094453,-105.0028999,2/27/2020 8:41,8:41:00,6,0,0,THIRD AVENUE 1300 WEST & MARIPOSA STREET NORTH,1,1,0,0,1,4, ,0,,0,0,0,0,0,4,5,2
,2020-44069,39.71112,-104.99325,2/27/2020 9:01,9:01:00,15,0,0,ALAMEDA AVENUE 200 WEST & BANNOCK STREET SOUTH,1,1,0,0,1,4, ,0,30,0,0,0,0,0,4,2,13
,2020-44070,39.73200978,-104.982259,2/27/2020 10:02,10:02:00,15,0,0,LOGAN STREET NORTH & 1100,1,1,0,0,1,4, ,0,25,0,0,0,0,0,4,2,13
,2020-44071,39.75107,-104.98289,2/27/2020 10:04,10:04:00,10,0,0,WELTON STREET & PARK AVENUE WEST,1,1,0,0,1,1, ,0,30,0,0,0,0,0,4,2,14
,2020-44072,39.73681,-104.95628,2/27/2020 10:20,10:20:00,10,0,0,13TH AVENUE EAST & ELIZABETH STREET NORTH,1,1,0,0,1,1, ,0,30,0,0,0,0,0,4,2,7
,2020-44073,39.74407453,-104.9882704,2/27/2020 11:24,11:24:00,15,0,0,17TH STREET & TREMONT PLACE,1,1,0,0,1,1, ,0,25,0,0,0,0,0,4,2,13
,2020-44074,39.74379,-104.94884,2/27/2020 11:36,11:36:00,6,0,0,ADAMS STREET NORTH & 17TH AVENUE EAST,1,1,0,0,1,3, ,0,25,0,0,0,0,0,4,2,1
,2020-44075,39.67841,-104.94075,2/27/2020 11:42,11:42:00,1,0,0,COLORADO BOULEVARD SOUTH & EVANS AVENUE EAST,1,1,0,0,1,2, ,0,35,0,0,0,0,0,4,2,13
,2020-44076,39.72667,-104.98743,2/27/2020 12:23,12:23:00,12,0,0,BROADWAY STREET NORTH & SPEER B EAST,1,1,0,0,1,1, ,0,40,0,0,0,0,0,4,3,13
,2020-44077,39.74618,-104.97649,2/27/2020 12:54,12:54:00,10,0,0,PARK AVENUE & 19TH AVENUE EAST,1,1,0,0,1,1, ,0,30,0,0,0,0,0,4,2,14
,2020-44078,39.67409,-104.87531,2/27/2020 13:14,13:14:00,3,0,0,DAYTON WAY SOUTH & ILIFF AVENUE EAST,1,1,0,0,1,2, ,0,25,0,0,0,0,0,4,2,13
,2020-44079,39.71941,-104.94738,2/27/2020 13:47,13:47:00,3,0,1,COOK STREET NORTH & SECOND AVENUE EAST,1,1,1,0,1,2, ,0,25,0,0,0,0,1,4,3,8
,2020-44080,39.74326,-104.95978,2/27/2020 14:00,14:00:00,15,0,0,17TH AVENUE EAST & YORK STREET NORTH,1,1,0,0,1,4, ,0,30,0,0,0,0,0,4,2,1
,2020-44081,39.7703,-104.97192,2/27/2020 14:03,14:03:00,15,0,0,38TH STREET & WALNUT STREET,1,1,1,0,1,3, ,0,30,0,0,0,0,0,4,2,13
,2020-44082,39.72975,-104.99123,2/27/2020 14:10,14:10:00,12,0,0,SPEER B NORTH & BANNOCK STREET NORTH,1,1,0,0,1,1, ,0,35,0,0,0,0,0,4,2,14
,2020-44083,39.71828,-104.95922,2/27/2020 14:12,14:12:00,15,0,0,UNIVERSITY BOULEVARD NORTH & FIRST AVENUE EAST,1,1,0,0,1,1, ,0,30,0,0,0,0,0,4,2,1
,2020-44084,39.79424,-104.84714,2/27/2020 14:35,14:35:00,15,0,0,54TH AVENUE EAST & PEORIA STREET NORTH,1,1,0,0,1,1, ,0,25,0,0,0,0,0,4,2,13
,2020-44085,39.71117054,-105.0062614,2/27/2020 16:16,16:16:00,15,0,0,ALAMEDA AVENUE WEST & PECOS STREET SOUTH,1,1,0,0,1,4, ,0,30,0,0,0,0,0,4,3,7
,2020-44086,39.75775,-104.99858,2/27/2020 16:18,16:18:00,12,0,0,CHESTNUT PLACE & 20TH STREET,1,1,0,0,1,1, ,0,25,0,0,0,0,0,4,2,13
,2020-44087,39.67841,-104.96126,2/27/2020 16:24,16:24:00,12,0,0,EVANS AVENUE EAST & UNIVERSITY BOULEVARD SOUTH,1,1,0,0,1,3, ,0,35,0,0,0,0,0,4,2,1
,2020-44088,39.68499,-104.93733,2/27/2020 16:53,16:53:00,6,0,0,BELLAIRE STREET 1700 SOUTH & MEXICO AVENUE EAST,1,1,0,0,1,4, ,0,25,0,0,0,0,0,4,2,1
,2020-44089,39.68931,-104.94419,2/27/2020 17:08,17:08:00,3,0,1,GARFIELD STREET SOUTH & FLORIDA AVENUE EAST,1,1,0,0,1,1, ,0,25,0,0,0,0,1,4,2,8
,2020-44090,39.76448,-104.94057,2/27/2020 17:38,17:38:00,3,0,0,BRUCE RANDOLPH AVENUE EAST & COLORADO BOULEVARD NORTH,1,2,0,0,1,5, ,0,25,0,0,0,0,0,4,2,14
,2020-44091,39.78059,-104.84171,2/27/2020 18:55,18:55:00,3,0,0,TULSA COURT NORTH & ALBROOK DRIVE EAST,1,3,0,0,1,1, ,0,,0,0,0,0,0,4,2,13
,2020-44092,39.72098,-104.95585,2/27/2020 20:00,20:00:00,6,0,0,THIRD AVENUE EAST & CLAYTON STREET NORTH,1,3,0,0,1,4, ,0,30,0,0,0,0,0,4,2,7
,2020-44093,39.78625109,-104.791086,2/27/2020 22:00,22:00:00,15,0,0,PENA BOULEVARD & 7700,1,3,0,0,1,4, ,0,45,0,0,0,0,0,4,2,13
,2020-44094,39.75471,-104.91757,2/27/2020 22:13,22:13:00,12,0,0,26TH AVENUE EAST & KEARNEY STREET NORTH,1,3,0,0,1,3, ,0,15,0,0,0,0,0,4,2,13
,2020-44095,39.75434,-104.99427,2/27/2020 23:00,23:00:00,1,0,0,20TH STREET & BLAKE STREET,1,3,0,0,1,1, ,0,30,0,0,0,0,0,4,2,8
,2020-44096,39.76213,-105.03227,2/27/2020 23:01,23:01:00,8,0,0,32ND AVENUE WEST & JULIAN STREET NORTH,1,3,0,0,1,4, ,0,25,0,0,0,0,0,4,5,13
,2020-44097,39.76321753,-105.0096004,2/28/2020 1:00,1:00:00,6,0,0,SHOSHONE STREET NORTH & 33RD AVENUE WEST,1,1,0,0,1,4, ,0,25,0,0,0,0,0,4,2,13
,2020-44098,39.67307,-104.96525,2/28/2020 1:51,1:51:00,5,0,0,WESLEY AVENUE EAST & HIGH STREET SOUTH,1,3,1,0,3,1, ,0,25,0,0,0,0,0,4,1,5
,2020-44099,39.71862,-104.97289,2/28/2020 2:20,2:20:00,5,0,2,DOWNING STREET NORTH & SPEER B EAST,1,3,0,0,2,4, ,0,35,0,0,0,0,2,4,1,13
,2020-44100,39.72564,-104.98744,2/28/2020 7:19,7:19:00,10,0,0,SIXTH AVENUE EAST  & BROADWAY NORTH,1,1,0,0,1,1, ,0,35,0,0,0,0,0,4,2,7
,2020-44101,39.75692971,-105.0158257,2/28/2020 8:05,8:05:00,15,0,0,ZUNI STREET 2700 NORTH & 28TH AVENUE WEST,1,1,1,0,1,3, ,0,30,0,0,0,0,0,4,2,13
,2020-44102,39.76189,-104.91057,2/28/2020 8:05,8:05:00,12,0,0,MLK B EAST & NIAGARA STREET NORTH,1,1,0,0,1,4, ,0,30,0,0,0,0,0,4,2,1
,2020-44103,39.67666454,-105.0017479,2/28/2020 8:11,8:11:00,5,0,0,LIPAN STREET 2100 SOUTH & WARREN AVENUE WEST,1,1,0,0,3,3, ,0,25,0,0,0,0,0,4,1,13
,2020-44104,39.73842253,-104.9873794,2/28/2020 8:21,8:21:00,12,0,0,BROADWAY STREET NORTH & 14TH AVENUE EAST,1,1,0,0,1,4, ,0,30,0,0,0,0,0,4,2,13
,2020-44105,39.70114,-104.98279,2/28/2020 8:52,8:52:00,12,0,0,LOGAN STREET 800 SOUTH & OHIO AVENUE EAST,1,1,0,0,1,4, ,0,30,0,0,0,0,0,4,2,8
,2020-44106,39.77392,-104.93827,2/28/2020 9:40,9:40:00,3,0,0,ALBION STREET 4000 NORTH & COLORADO BOULEVARD NORTH,1,1,0,0,1,2, ,0,25,0,0,0,0,0,4,2,13
,2020-44107,39.77781,-104.82413,2/28/2020 10:30,10:30:00,14,0,0,ANDREWS DRIVE 14500 EAST & 44TH AVENUE EAST,1,1,0,0,1,2, ,0,25,0,0,0,0,0,4,2,3
,2020-44108,39.75230027,-105.0003645,2/28/2020 10:40,10:40:00,6,0,0,WYNKOOP STREET & 1500,1,1,0,0,1,4, ,0,25,0,0,0,0,0,4,3,7
,2020-44109,39.7157,-104.99337,2/28/2020 10:42,10:42:00,6,0,0,ARCHER PLACE 400 WEST & ELATI STREET SOUTH,1,1,0,0,1,4, ,0,25,0,0,0,0,0,4,2,13
,2020-44110,39.68487,-104.98754,2/28/2020 10:42,10:42:00,12,0,0,BROADWAY STREET 1700 SOUTH & COLORADO AVENUE EAST,1,1,0,0,1,4, ,0,30,0,0,0,0,0,4,2,13
,2020-44111,39.73049,-104.94183,2/28/2020 10:44,10:44:00,6,0,0,NINTH AVENUE EAST & HARRISON STREET NORTH,1,1,0,0,1,3, ,0,20,0,0,0,0,0,4,2,7
,2020-44112,39.74244,-104.95978,2/28/2020 11:21,11:21:00,15,0,0,YORK STREET 1600 NORTH & COLFAX AVENUE EAST,1,1,0,0,1,4, ,0,30,0,0,0,0,0,4,2,13
,2020-44113,39.68224,-105.02979,2/28/2020 12:19,12:19:00,1,0,0,IRVING STREET SOUTH & JEWELL AVENUE WEST,1,1,0,0,1,1, ,0,25,0,0,0,0,0,4,2,3
,2020-44114,39.7148,-104.99857,2/28/2020 12:53,12:53:00,15,0,0,SANTA FE DRIVE SOUTH & BAYAUD AVENUE WEST,1,1,0,0,1,4, ,0,30,0,0,0,0,0,4,2,13
,2020-44115,39.77712,-104.88279,2/28/2020 13:00,13:00:00,15,0,0,CENTRAL PARK BOULEVARD NORTH & I70 EASTBOUND OFF RAMP,1,1,0,0,1,4, ,0,,0,0,0,0,0,4,2,13
,2020-44116,39.74165,-104.96968,2/28/2020 13:00,13:00:00,5,0,0,16TH AVENUE EAST & HUMBOLDT STREET NORTH,1,1,0,0,2,1, ,0,25,0,0,0,0,0,4,1,14
,2020-44117,39.73766,-104.99531,2/28/2020 13:23,13:23:00,6,0,0,FOX STREET 1300 NORTH & 13TH AVENUE WEST,1,1,0,0,1,4, ,0,,0,0,0,0,0,4,2,13
,2020-44118,39.73047,-104.97179,2/28/2020 13:37,13:37:00,3,0,0,NINTH AVENUE EAST & MARION STREET NORTH,1,1,0,0,1,5, ,0,25,0,0,0,0,0,4,2,1
,2020-44119,39.68758,-104.98751,2/28/2020 14:09,14:09:00,3,0,0,BROADWAY STREET SOUTH & IOWA AVENUE WEST,1,1,0,0,1,1, ,0,30,0,0,0,0,0,4,2,13
,2020-44120,39.69787,-104.98276,2/28/2020 15:11,15:11:00,3,0,0,LOGAN STREET SOUTH & BUCHTEL BOULEVARD EAST,1,1,0,0,1,1, ,0,35,0,0,0,0,0,4,2,7
,2020-44121,39.75071,-104.96099,2/28/2020 15:20,15:20:00,3,0,0,GAYLORD STREET NORTH & 23RD AVENUE EAST,1,1,0,0,1,1, ,0,20,0,0,0,0,0,4,2,3
,2020-44122,39.71606746,-104.9591011,2/28/2020 15:25,15:25:00,15,0,0,UNIVERSITY B 100 SOUTH & CHERRY CREEK SOUTH,1,1,0,0,1,4, ,0,30,0,0,0,0,0,4,2,14
,2020-44123,39.77489957,-105.0322578,2/28/2020 15:26,15:26:00,3,0,0,KNOX COURT NORTH & 100,1,1,0,0,1,2, ,0,25,0,0,0,0,0,4,2,7
,2020-44124,39.73205,-104.99026,2/28/2020 15:45,15:45:00,3,0,2,10TH AVENUE WEST & BANNOCK STREET NORTH,1,1,0,0,1,1, ,0,30,0,0,0,0,0,4,2,8
,2020-44125,39.6331,-105.09,2/28/2020 15:56,15:56:00,5,0,0,BALSAM WAY & 4500 SOUTH,1,1,0,0,2,4, ,0,30,0,0,0,0,0,4,1,14
,2020-44126,39.72114,-104.98598,2/28/2020 16:10,16:10:00,15,0,0,LINCOLN STREET 300 NORTH & FOURTH AVENUE EAST,1,1,0,0,1,4, ,0,30,0,0,0,0,0,4,2,13
,2020-44127,39.69209,-104.98279,2/28/2020 16:27,16:27:00,6,0,1,LOGAN STREET SOUTH & LOUISIANA AVENUE EAST,1,1,0,0,1,4, ,0,25,0,0,0,0,1,4,2,3
,2020-44128,39.82548,-104.77189,2/28/2020 16:40,16:40:00,12,0,0,71ST AVENUE EAST & TOWER ROAD NORTH,1,1,0,0,1,1, ,0,40,0,0,0,0,0,4,2,5
,2020-44129,39.70938,-105.02506,2/28/2020 16:43,16:43:00,12,0,0,DAKOTA AVENUE 2900 WEST & FEDERAL B SOUTH,1,1,0,0,1,4, ,0,25,0,0,0,0,0,4,2,14
,2020-44130,39.67846,-104.9082,2/28/2020 16:43,16:43:00,1,0,0,EVANS AVENUE EAST & ONEIDA STREET SOUTH,1,2,0,0,1,1, ,0,30,0,0,0,0,0,4,2,13
,2020-44131,39.77668,-104.80991,2/28/2020 17:18,17:18:00,12,0,0,CHAMBERS ROAD NORTH & 46TH AVENUE EAST,1,1,0,0,1,4, ,0,40,0,0,0,0,0,4,2,1
,2020-44132,39.71146,-104.93821,2/28/2020 17:27,17:27:00,15,0,0,ALAMEDA AVENUE 4200 EAST & LEETSDALE DRIVE,1,2,0,0,1,2, ,0,35,0,0,0,0,0,4,2,3
,2020-44133,39.70171,-104.87938,2/28/2020 17:28,17:28:00,6,0,0,ALTON WAY SOUTH & CENTER AVENUE EAST,1,1,0,0,1,4, ,0,25,0,0,0,0,0,4,2,1
,2020-44134,39.78794,-104.76963,2/28/2020 17:54,17:54:00,12,0,0,ARGONNE STREET 5000 NORTH & 51ST AVENUE EAST,1,2,0,0,1,3, ,0,25,0,0,0,0,0,4,2,13
,2020-44135,39.73686,-104.97414,2/28/2020 18:28,18:28:00,3,0,3,CORONA STREET NORTH & 13TH AVENUE EAST,1,3,0,0,1,1, ,0,30,0,0,0,0,2,4,2,1
,2020-44136,39.77125,-104.90235,2/28/2020 18:54,18:54:00,15,0,0,QUEBEC STREET 3900 NORTH & 40TH AVENUE EAST,1,3,0,0,1,4, ,0,40,0,0,0,0,0,4,2,13
,2020-44137,39.74339053,-104.9873794,2/28/2020 19:02,19:02:00,12,0,1,17TH AVENUE 100 EAST & BROADWAY STREET,1,3,1,0,1,4, ,0,30,0,0,0,0,1,4,2,3
,2020-44138,39.79838951,-104.7873005,2/28/2020 20:11,20:11:00,12,0,2,PENA B & 56TH AVENUE EAST,1,3,0,0,1,4, ,0,65,0,0,0,0,0,4,4,16
,2020-44139,39.73755,-105.04165,2/28/2020 2:00,2:00:00,6,0,0,RALEIGH STREET 1300 NORTH & 13TH AVENUE WEST,1,3,0,0,1,4, ,0,,0,0,0,0,0,4,2,13
,2020-44140,39.72907,-104.98615,2/28/2020 2:10,2:10:00,15,0,0,LINCOLN STREET NORTH & EIGHTH AVENUE EAST,1,3,1,0,1,4, ,0,30,0,0,0,0,0,4,2,5
,2020-44141,39.70388,-104.98749,2/28/2020 2:13,2:13:00,12,0,0,BROADWAY STREET SOUTH & EXPOSITION AVENUE EAST,1,3,0,0,1,4, ,0,35,0,0,0,0,0,4,2,16
,2020-44142,39.73833,-104.91946,2/28/2020 4:00,4:00:00,12,0,0,14TH AVENUE EAST & JERSEY STREET NORTH,1,4,0,0,1,1, ,0,,0,0,0,0,0,4,3,16
,2020-44143,39.75316,-104.97306,2/28/2020 7:00,7:00:00,6,0,0,25TH AVENUE & 1200 EAST,1,3,0,0,1,4, ,0,25,0,0,0,0,0,4,2,1
,2020-44144,39.76563,-104.93931,2/28/2020 8:36,8:36:00,12,0,0,35TH AVENUE EAST & ALBION STREET NORTH,1,3,0,0,1,4, ,0,,0,0,0,0,0,4,3,16
,2020-44145,39.73528,-104.98612,2/28/2020 9:58,9:58:00,15,0,0,LINCOLN STREET NORTH & 12TH AVENUE EAST,1,1,0,0,1,1, ,0,35,0,0,0,0,0,4,2,13
,2020-44146,39.71119,-104.99714,2/28/2020 10:53,10:53:00,3,0,1,ALAMEDA AVENUE WEST  & SANTA FE DRIVE SOUTH,1,1,0,0,1,1, ,0,35,0,0,0,0,1,2,2,13
,2020-44147,39.72818,-104.97641,2/28/2020 11:50,11:50:00,15,0,0,EMERSON STREET 700 NORTH & SEVENTH AVENUE EAST,1,1,1,0,1,4, ,0,25,0,0,0,0,0,4,3,8
,2020-44148,39.72097,-104.95825,2/28/2020 13:18,13:18:00,6,0,0,JOSEPHINE STREET NORTH & THIRD AVENUE EAST,1,1,0,0,1,4, ,0,30,0,0,0,0,0,4,2,13
,2020-44149,39.74323,-104.96476,2/28/2020 13:46,13:46:00,10,0,0,17TH AVENUE EAST & HIGH STREET NORTH,1,1,0,0,1,1, ,0,30,0,0,0,0,0,4,5,8
,2020-44150,39.76987,-105.03464,2/28/2020 14:25,14:25:00,15,0,0,LOWELL BOULEVARD NORTH & 3800,1,1,0,0,1,4, ,0,30,0,0,0,0,0,4,2,7
,2020-44151,39.69143,-104.91289,2/28/2020 16:46,16:46:00,11,0,1,CHERRY CREEK DRIVE NORTHEAST & MONACO STREET SOUTH,1,1,0,0,1,1, ,0,25,0,1,0,0,1,4,2,10
,2020-44152,39.76682,-104.99501,2/28/2020 16:50,16:50:00,12,0,2,PARK AVENUE WEST 3500  & GLOBEVILLE ROAD NORTH,1,1,0,0,1,4, ,0,35,0,0,0,0,0,4,3,7
,2020-44153,39.75278,-104.98741,2/28/2020 16:54,16:54:00,3,0,0,CURTIS STREET & BROADWAY STREET NORTH,1,1,0,0,1,1, ,0,25,0,0,0,0,0,4,3,8
,2020-44154,39.71479,-104.98997,2/28/2020 16:59,16:59:00,14,0,0,BAYAUD AVENUE WEST & BANNOCK STREET SOUTH,1,1,0,0,1,4, ,0,25,0,0,0,0,0,4,2,5
,2020-44155,39.71111,-104.97923,2/28/2020 18:00,18:00:00,3,0,0,ALAMEDA AVENUE EAST & WASHINGTON STREET SOUTH,1,2,1,0,1,1, ,0,35,0,0,0,0,0,4,2,13
,2020-44156,39.74231,-104.99934,2/28/2020 19:16,19:16:00,3,0,0,SPEER B NORTH & CHAMPA STREET,1,3,0,0,1,1, ,0,35,0,0,0,0,0,4,2,2
,2020-44157,39.84274,-104.67717,2/28/2020 22:30,22:30:00,15,0,0,PENA BOULEVARD 8000  & 78TH AVENUE,1,3,0,0,1,4, ,0,55,0,0,0,0,0,4,2,13
,2020-44158,39.7796,-104.84702,2/28/2020 22:34,22:34:00,10,0,0,PEORIA STREET NORTH & 46TH AVENUE EAST,1,4,0,0,1,2, ,0,25,0,0,0,0,0,4,2,13
,2020-44159,39.75285,-104.99974,2/28/2020 23:18,23:18:00,11,0,0,17TH STREET & WYNKOOP STREET,1,3,0,0,1,1, ,0,30,0,1,0,0,0,4,3,3
,2020-44160,39.66016,-104.90232,3/1/2020 0:28,0:28:00,5,0,1,TAMARAC DRIVE SOUTH & CORNELL AVENUE EAST,1,3,0,0,3,1, ,0,30,0,0,0,0,1,4,1,5
,2020-44161,39.75229,-104.99169,3/1/2020 4:00,4:00:00,3,0,0,20TH STREET & LAWRENCE STREET,1,3,0,0,1,1, ,0,30,0,0,0,0,0,4,2,16