id,drcog_id,latitude,longitude,crashtime,time,crashtype,numbkilled,numbinjurd,drcoglocat,rdconditin,lightngcon,roadcntgrd,weatherco,location,roaddescrp,schoolzone,constrzone,splimit,bikeinv,pedinv,sctrinv,motoinv,svrty,rdsystem,ttlvehcls,hcf
,2020-44435,39.71112,-104.95926,3/9/2020 17:25,17:25:00,15,0,0,UNIVERSITY BOULEVARD SOUTH & ALAMEDA AVENUE EAST,1,1,0,0,1,3, ,0,30,0,0,0,0,0,4,2,3
,2020-44436,39.68489053,-104.9034319,3/9/2020 17:55,17:55:00,12,0,0,QUEBEC STREET 1700 SOUTH & CHERRY SOUTH DRIVE EAST,1,1,0,0,1,4, ,0,35,0,0,0,0,0,4,2,13
,2020-44437,39.69037153,-104.9128999,3/9/2020 18:56,18:56:00,12,0,0,CHERRY CREEK SOUTH DRIVE 6500 EAST & MONACO STREET SOUTH,1,3,0,0,1,3, ,0,35,0,0,0,0,0,4,2,13
,2020-44438,39.78185,-104.98009,3/9/2020 21:51,21:51:00,6,0,0,PEARL STREET NORTH & 47TH AVENUE EAST,1,3,0,0,1,4, ,0,25,0,0,0,1,0,4,2,13
,2020-44439,39.70213,-104.98753,3/9/2020 23:00,23:00:00,5,0,2,BROADWAY STREET SOUTH & OHIO AVENUE EAST,1,3,0,0,2,1, ,0,35,0,0,0,0,2,4,1,5
,2020-44440,39.70213,-104.98753,3/9/2020 23:09,23:09:00,5,0,2,BROADWAY STREET SOUTH & OHIO AVENUE EAST,1,3,0,0,2,1, ,0,35,0,0,0,0,2,4,1,5
,2020-44441,39.77872452,-104.9222779,3/10/2020 5:00,5:00:00,5,0,0,STAPLETON DRIVE NORTH & HOLLY STREET NORTH,1,3,0,0,1,3, ,1,,0,0,0,0,0,4,1,3
,2020-44442,39.70391654,-105.0156709,3/10/2020 6:35,6:35:00,6,0,0,EXPOSITION AVENUE WEST & ZUNI STREET SOUTH,1,3,0,0,1,4, ,0,25,0,0,0,0,0,4,2,13
,2020-44443,39.67853,-104.97575,3/10/2020 7:40,7:40:00,12,0,0,EVANS AVENUE EAST & OGDEN STREET SOUTH,1,1,0,0,1,1, ,0,35,0,0,0,0,0,4,3,13
,2020-44444,39.71121,-104.99839,3/10/2020 9:17,9:17:00,12,0,1,ALAMEDA AVENUE WEST & KALAMATH STREET SOUTH,1,1,0,0,1,3, ,0,35,0,0,0,0,1,4,2,13
,2020-44445,39.77835757,-104.7914786,3/10/2020 10:05,10:05:00,15,0,0,PENA BOULEVARD OUTBOUND 4200  & 40TH AVENUE EAST,1,1,0,0,1,4, ,0,55,0,0,0,0,0,4,2,10
,2020-44446,39.62413,-104.88526,3/10/2020 10:17,10:17:00,12,0,0,YOSEMITE STREET SOUTH & BELLEVIEW AVENUE EAST,1,1,0,0,1,3, ,0,35,0,0,0,0,0,4,2,13
,2020-44447,39.72907,-104.98615,3/10/2020 10:25,10:25:00,15,0,0,LINCOLN STREET NORTH & EIGHTH AVENUE EAST,1,1,0,0,1,1, ,0,30,0,0,0,0,0,4,2,14
,2020-44448,39.73287,-104.93041,3/10/2020 11:24,11:24:00,3,0,0,11TH AVENUE EAST & EUDORA STREET NORTH,1,1,0,0,1,1, ,0,25,0,0,0,0,0,4,2,13
,2020-44449,39.77799,-104.77207,3/10/2020 13:15,13:15:00,5,0,0,45TH AVENUE EAST & TOWER ROAD NORTH,1,1,0,0,2,3, ,0,40,0,0,0,0,0,4,2,7
,2020-44450,39.75016374,-104.9962073,3/10/2020 13:39,13:39:00,15,0,0,LARIMER STREET & 17TH STREET,1,1,0,0,1,1, ,0,30,0,0,0,0,0,4,2,8
,2020-44451,39.74921,-104.99378,3/10/2020 14:00,14:00:00,5,0,0,ARAPAHOE STREET & 18TH STREET,1,1,0,0,2,3, ,0,,0,0,0,0,0,4,1,13
,2020-44452,39.73843,-104.98741,3/10/2020 14:10,14:10:00,12,0,0,14TH AVENUE EAST & BROADWAY STREET NORTH,1,1,0,0,1,3, ,0,30,0,0,0,0,0,4,2,5
,2020-44453,39.71466,-104.94985,3/10/2020 14:38,14:38:00,12,0,0,BAYAUD AVENUE EAST & STEELE STREET SOUTH,1,1,1,0,1,4, ,0,10,0,0,0,0,0,4,2,9
,2020-44454,39.76325,-104.95976,3/10/2020 15:15,15:15:00,15,0,0,YORK STREET NORTH & 33RD AVENUE EAST,1,1,0,0,1,1, ,0,30,0,0,0,0,0,4,2,13
,2020-44455,39.68949,-105.02317,3/10/2020 15:30,15:30:00,15,0,0,FLORIDA AVENUE WEST & ELIOT STREET SOUTH,1,1,0,0,1,4, ,0,30,0,0,0,0,0,4,3,1
,2020-44456,39.76108,-105.02685,3/10/2020 17:06,17:06:00,3,0,0,SPEER BOULEVARD NORTH & GROVE STREET NORTH,1,1,0,0,1,1, ,0,35,0,0,0,0,0,4,2,1
,2020-44457,39.77672,-105.03751,3/10/2020 17:11,17:11:00,10,0,0,44TH AVENUE WEST & LOWELL BOULEVARD NORTH,1,1,0,0,1,2, ,0,25,0,0,0,0,0,4,2,7
,2020-44458,39.77833,-104.97924,3/10/2020 17:26,17:26:00,11,0,1,45TH AVENUE EAST & WASHINGTON STREET NORTH,1,1,0,0,1,1, ,0,35,0,1,0,0,1,4,2,4
,2020-44459,39.64176,-104.885,3/10/2020 19:30,19:30:00,12,0,0,YOSEMITE STREET SOUTH & OXFORD DRIVE EAST,1,3,0,0,1,4, ,0,35,0,0,0,0,0,4,2,13
,2020-44460,39.6894,-104.98873,3/10/2020 20:20,20:20:00,6,0,0,ACOMA STREET SOUTH & FLORIDA AVENUE WEST,1,3,0,0,1,3, ,0,25,0,0,0,0,0,4,2,13
,2020-44461,39.78253351,-104.75253,3/10/2020 20:20,20:20:00,12,0,0,PENA B OUTBOUND 4900  & GREEN VALLEY RANCH B,1,4,1,0,1,4, ,0,55,0,0,0,0,0,4,2,3
,2020-44462,39.78625109,-104.791086,3/10/2020 22:00,22:00:00,12,0,0,PENA BOULEVARD & 4200,1,3,0,0,1,4, ,0,65,0,0,0,0,0,4,2,13
,2020-44463,39.78059,-104.84171,3/11/2020 7:15,7:15:00,1,0,0,ALBROOK DRIVE EAST & TULSA COURT NORTH,1,1,0,0,1,1, ,0,25,0,0,0,0,0,4,2,13
,2020-44464,39.74802553,-105.0006814,3/11/2020 7:31,7:31:00,10,0,0,MARKET STREET & 14TH STREET,1,1,0,0,1,1, ,0,25,0,0,0,0,0,4,2,6
,2020-44465,39.75695353,-104.9874199,3/11/2020 7:49,7:49:00,2,0,0,BROADWAY STREET NORTH & LARIMER STREET,1,1,0,0,1,1, ,0,0,1,0,0,0,0,4,2,16
,2020-44466,39.71383,-104.98039,3/11/2020 8:04,8:04:00,15,0,0,PEARL STREET 100 SOUTH & BAYAUD AVENUE EAST,1,1,0,0,1,4, ,0,25,0,0,0,0,0,4,2,13
,2020-44467,39.75093253,-105.0020899,3/11/2020 8:10,8:10:00,15,0,1,WYNKOOP STREET & 15TH STREET,1,1,0,0,1,4, ,0,25,0,0,0,0,1,4,3,13
,2020-44468,39.70738154,-105.0109684,3/11/2020 8:30,8:30:00,6,0,0,TEJON STREET SOUTH & VIRGINIA AVENUE WEST,1,1,0,0,3,4, ,0,25,0,0,0,0,0,4,2,10
,2020-44469,39.76076,-104.97333,3/11/2020 9:34,9:34:00,15,0,0,31ST AVENUE 1200 EAST & MARION STREET NORTH,1,1,0,0,1,3, ,0,30,0,0,0,0,0,4,2,14
,2020-44470,39.66776,-105.07659,3/11/2020 10:55,10:55:00,15,0,1,YALE AVENUE 7200 WEST & WADSWORTH BOULEVARD SOUTH,1,1,1,0,1,4, ,0,30,0,0,0,0,0,4,2,7
,2020-44471,39.76955,-105.03464,3/11/2020 11:00,11:00:00,3,0,0,LOWELL B NORTH & 38TH AVENUE WEST,1,1,0,0,1,1, ,0,30,0,0,0,0,0,4,2,13
,2020-44472,39.68936,-104.9129,3/11/2020 11:05,11:05:00,3,0,1,MONACO STREET SOUTH & FLORIDA AVENUE EAST,1,1,0,0,1,1, ,0,35,0,0,0,0,2,4,2,3
,2020-44473,39.69298,-104.93173,3/11/2020 12:31,12:31:00,3,0,0,DAHLIA STREET SOUTH & LOUISIANA AVENUE EAST,1,1,0,0,1,1, ,0,30,0,0,0,0,0,4,2,13
,2020-44474,39.73764,-104.98361,3/11/2020 12:53,12:53:00,15,0,0,GRANT STREET NORTH & 13TH AVENUE EAST,1,1,0,0,1,4, ,0,30,0,0,0,0,0,4,2,13
,2020-44475,39.76198,-104.90344,3/11/2020 13:00,13:00:00,15,0,0,QUEBEC STREET NORTH & MLK B EAST,1,1,0,0,1,1, ,0,35,0,0,0,0,0,4,2,8
,2020-44476,39.74411,-104.98836,3/11/2020 13:21,13:21:00,3,0,0,17TH STREET & TREMONT PLACE,1,1,0,0,1,1, ,0,30,0,0,0,0,0,4,2,13
,2020-44477,39.75072,-104.96843,3/11/2020 13:28,13:28:00,3,0,0,FRANKLIN STREET NORTH & 23RD AVENUE EAST,1,1,0,0,1,1, ,0,25,0,0,0,0,0,4,2,13
,2020-44478,39.74767,-104.99421,3/11/2020 13:38,13:38:00,6,0,0,CURTIS STREET & 17TH STREET,1,1,0,0,1,4, ,0,25,0,0,0,0,0,4,2,14
,2020-44479,39.74211,-104.90311,3/11/2020 13:53,13:53:00,12,0,0,QUEBEC STREET 1600 NORTH & 16TH AVENUE EAST,1,1,0,0,1,3, ,0,30,0,0,0,0,0,4,2,5
,2020-44480,39.7818,-104.77918,3/11/2020 14:10,14:10:00,6,0,0,47TH AVENUE EAST & VENTURA STREET NORTH,1,1,0,0,1,3, ,0,15,0,0,0,0,0,4,2,10
,2020-44481,39.76199,-104.95975,3/11/2020 15:15,15:15:00,12,0,0,YORK STREET NORTH & MLK B EAST,1,1,0,0,1,3, ,0,30,0,0,0,0,0,4,3,3
,2020-44482,39.77342,-104.81604,3/11/2020 15:34,15:34:00,5,0,1,ANDREWS DRIVE EAST & 43RD AVENUE EAST,1,1,0,0,3,4, ,0,25,0,0,0,0,1,4,2,2
,2020-44483,39.68224,-105.02979,3/11/2020 16:19,16:19:00,3,0,0,IRVING STREET SOUTH & JEWELL AVENUE WEST,1,1,0,0,1,1, ,0,30,0,0,0,0,0,4,2,7
,2020-44484,39.6895,-105.02131,3/11/2020 16:40,16:40:00,12,0,0,FLORIDA AVENUE WEST & DALE COURT SOUTH,1,1,1,0,1,1, ,0,,0,0,0,0,0,4,2,16
,2020-44485,39.77801,-104.77209,3/11/2020 17:42,17:42:00,15,0,0,TOWER ROAD NORTH & 4500 NORTH,1,1,0,0,1,4, ,0,45,0,0,0,0,0,4,2,13
,2020-44486,39.78481,-104.84074,3/11/2020 18:05,18:05:00,1,0,0,ANDREWS DRIVE EAST & TULSA COURT NORTH,1,1,0,0,1,1, ,0,25,0,0,0,0,0,4,2,7
,2020-44487,39.73849453,-105.0052579,3/11/2020 20:31,20:31:00,6,0,0,OSAGE STREET NORTH & 14TH AVENUE WEST,1,3,1,0,1,4, ,0,25,0,0,0,0,0,4,2,13
,2020-44488,39.66763,-104.91288,3/11/2020 20:36,20:36:00,15,0,0,MONACO STREET SOUTH & YALE AVENUE EAST,1,3,0,0,1,1, ,0,35,0,0,0,0,0,4,2,13
,2020-44489,39.67846,-104.91847,3/12/2020 7:38,7:38:00,12,0,0,EVANS AVENUE 5900 EAST & JASMINE STREET SOUTH,1,1,0,0,1,4, ,0,35,0,0,0,0,0,4,2,13
,2020-44490,39.76926553,-105.0041509,3/12/2020 8:40,8:40:00,12,0,0,38TH AVENUE 1500 WEST & NAVAJO STREET NORTH,1,1,0,0,1,3, ,0,35,0,0,0,0,0,4,3,1
,2020-44491,39.72412,-104.98236,3/12/2020 9:13,9:13:00,15,0,0,LOGAN STREET NORTH & FIFTH AVENUE EAST,1,1,0,0,1,1, ,0,30,0,0,0,0,0,4,2,13
,2020-44492,39.75137,-104.97813,3/12/2020 9:45,9:45:00,6,0,0,WASHINGTON STREET NORTH & 25TH STREET,1,1,0,0,1,4, ,0,30,0,0,0,0,0,4,3,14
,2020-44493,39.73515,-104.9823,3/12/2020 11:18,11:18:00,2,0,1,12TH AVENUE EAST & LOGAN STREET NORTH,1,1,0,0,1,1, ,0,0,1,0,0,0,3,4,2,16
,2020-44494,39.68582654,-105.0063199,3/12/2020 11:27,11:27:00,12,0,0,PECOS STREET 1700 SOUTH & MEXICO AVENUE WEST,1,1,1,0,1,4, ,0,,0,0,0,0,0,4,2,16
,2020-44495,39.76955,-105.03464,3/12/2020 11:56,11:56:00,14,0,0,38TH AVENUE WEST & LOWELL B NORTH,1,1,1,0,1,1, ,0,30,0,0,0,0,0,4,2,16
,2020-44496,39.73871,-104.90115,3/12/2020 12:34,12:34:00,3,0,0,14TH AVENUE EAST & ROSLYN STREET NORTH,1,1,0,0,1,1, ,0,30,0,0,0,0,0,4,2,4
,2020-44497,39.725,-104.94039,3/12/2020 13:19,13:19:00,12,0,0,SIXTH AVENUE 4000 EAST & COLORADO B NORTH,1,1,0,0,1,4, ,0,30,0,0,0,0,0,4,3,13
,2020-44498,39.67849154,-104.9875504,3/12/2020 13:55,13:55:00,15,0,0,BROADWAY STREET SOUTH & EVANS AVENUE EAST,1,1,0,0,1,1, ,0,,0,0,0,0,0,4,2,3
,2020-44499,39.78245,-104.85966,3/12/2020 14:23,14:23:00,12,0,0,47TH AVENUE EAST & KINGSTON STREET,1,1,0,0,1,2, ,0,35,0,0,0,0,0,4,2,13
,2020-44500,39.74891,-104.9874,3/12/2020 14:23,14:23:00,10,0,0,20TH STREET & BROADWAY STREET NORTH,1,1,0,0,1,1, ,0,25,0,0,0,0,0,4,2,13
,2020-44501,39.77296,-104.97543,3/12/2020 15:15,15:15:00,12,0,0,38TH STREET & BRIGHTON B NORTH,1,1,0,0,1,4, ,0,25,0,0,0,0,0,4,3,3
,2020-44502,39.78372,-104.76742,3/12/2020 15:20,15:20:00,1,0,0,GREEN VALLEY RANCH B EAST & ANDES COURT NORTH,1,1,0,0,1,3, ,0,40,0,0,0,0,0,4,2,7
,2020-44503,39.78716,-104.9016,3/12/2020 15:30,15:30:00,12,0,0,QUEBEC STREET 5000 NORTH & NORTHFIELD B,1,1,0,0,1,4, ,0,40,0,0,0,0,0,4,2,13
,2020-44504,39.67843,-104.996,3/12/2020 15:40,15:40:00,2,0,0,EVANS AVENUE WEST & GALAPAGO STREET SOUTH,1,1,0,0,1,1, ,0,0,1,0,0,0,0,4,2,16
,2020-44505,39.74928,-104.99604,3/12/2020 15:50,15:50:00,15,0,0,17TH STREET & LAWRENCE STREET,1,1,0,0,1,4, ,0,25,0,0,0,0,0,4,2,6
,2020-44506,39.67851,-104.97226,3/12/2020 16:10,16:10:00,1,0,0,EVANS AVENUE EAST & MARION STREET SOUTH,1,1,0,0,1,1, ,0,20,0,0,0,0,0,4,3,13
,2020-44507,39.72028,-104.90354,3/12/2020 16:10,16:10:00,1,0,3,QUEBEC STREET NORTH & SECOND AVENUE EAST,1,1,0,0,1,1, ,0,40,0,0,0,0,1,4,2,8
,2020-44508,39.68738,-104.90354,3/12/2020 16:32,16:32:00,3,0,0,QUEBEC STREET SOUTH & IOWA AVENUE EAST,1,1,0,0,1,1, ,0,35,0,0,0,0,0,4,2,7
,2020-44509,39.72523753,-104.9874514,3/12/2020 17:30,17:30:00,12,0,0,BROADWAY STREET NORTH & 1700,1,1,0,0,1,4, ,0,30,0,0,0,0,0,4,2,13
,2020-44510,39.77412,-104.88279,3/12/2020 17:57,17:57:00,12,0,1,CENTRAL PARK B NORTH & 40TH AVENUE EAST,1,1,1,0,1,3, ,0,40,0,0,0,0,0,4,2,4
,2020-44511,39.70397,-105.04306,3/12/2020 18:35,18:35:00,3,0,0,MORRISON ROAD & WALSH PLACE WEST,1,1,0,0,1,1, ,0,25,0,0,0,0,0,4,3,1
,2020-44512,39.69401,-105.02973,3/12/2020 19:15,19:15:00,3,0,0,IRVING STREET 1200 SOUTH & MISSISSIPPI AVENUE WEST,1,2,0,0,1,1, ,0,25,0,0,0,0,0,4,2,13
,2020-44513,39.70552754,-105.0408484,3/12/2020 19:35,19:35:00,5,0,0,QUITMAN STREET SOUTH & MORRISON AVENUE,1,3,0,0,2,1, ,0,35,0,0,0,0,0,4,1,14
,2020-44514,39.75840253,-105.0158689,3/12/2020 20:12,20:12:00,1,0,0,29TH AVENUE WEST & ZUNI STREET NORTH,1,3,0,0,1,1, ,0,30,0,0,0,0,0,4,2,7
,2020-44515,39.83798,-104.69291,3/13/2020 5:47,5:47:00,12,0,0,JACKSON GAP STREET NORTH & 78TH AVENUE EAST,1,4,0,0,1,3, ,0,40,0,0,0,0,0,4,2,14
,2020-44516,39.74379,-104.89991,3/13/2020 8:25,8:25:00,3,0,1,17TH AVENUE EAST & ROSEMARY STREET NORTH,1,1,0,0,1,1, ,0,25,0,0,0,0,1,4,2,13
,2020-44517,39.76928353,-105.0017479,3/13/2020 9:26,9:26:00,1,0,0,38TH AVENUE WEST & LIPAN STREET NORTH,1,1,1,0,1,1, ,0,30,0,0,0,0,0,4,2,16
,2020-44518,39.72563,-104.98362,3/13/2020 10:10,10:10:00,10,0,0,SIXTH AVENUE EAST  & GRANT STREET NORTH,11,1,0,1,1,1, ,0,30,0,0,0,0,0,4,2,13
,2020-44519,39.7796,-104.84702,3/13/2020 10:15,10:15:00,12,0,0,PEORIA STREET NORTH & 46TH AVENUE EAST,11,1,0,0,1,3, ,0,35,0,0,0,0,0,4,2,13
,2020-44520,39.72923,-104.93273,3/13/2020 12:33,12:33:00,3,0,0,EIGHTH AVENUE EAST & DEXTER STREET NORTH,1,1,0,0,1,1, ,0,25,0,0,0,0,0,4,3,8
,2020-44521,39.73861,-105.03795,3/13/2020 12:43,12:43:00,6,0,0,OSCEOLA STREET NORTH & 14TH AVENUE WEST,1,1,1,0,1,4, ,0,25,0,0,0,0,0,4,2,14
,2020-44522,39.69112,-104.99605,3/13/2020 13:14,13:14:00,3,0,0,PLATTE RIVER DRIVE SOUTH  & FLORIDA AVENUE WEST,1,1,0,0,1,2, ,0,30,0,0,0,0,0,2,2,7
,2020-44523,39.71197,-104.95234,3/13/2020 13:14,13:14:00,6,0,0,MILWAUKEE STREET SOUTH & ALAMEDA AVENUE EAST,1,1,0,0,1,4, ,0,25,0,0,0,0,0,4,2,13
,2020-44524,39.68055254,-105.0156799,3/13/2020 13:46,13:46:00,3,0,0,ASBURY AVENUE WEST & ZUNI STREET SOUTH,1,1,0,0,1,1, ,0,25,0,0,0,0,0,4,2,13
,2020-44525,39.69308054,-105.0087319,3/13/2020 13:53,13:53:00,12,0,0,RARITAN STREET SOUTH & LOUISIANA AVENUE WEST,1,1,1,0,1,3, ,0,25,0,0,0,0,0,4,2,3
,2020-44526,39.74758453,-105.0307077,3/13/2020 14:10,14:10:00,6,0,0,20TH AVENUE WEST & 3300 WEST,1,1,1,0,1,5, ,0,20,0,0,0,0,0,4,2,13
,2020-44527,39.74982,-104.90342,3/13/2020 15:10,15:10:00,15,0,0,QUEBEC STREET NORTH & 22ND AVENUE EAST,1,1,0,0,1,4, ,0,35,0,0,0,0,0,4,2,13
,2020-44528,39.77291,-104.95194,3/13/2020 15:52,15:52:00,15,0,0,40TH AVENUE EAST & MILWAUKEE STREET NORTH,1,1,0,0,1,3, ,0,30,0,0,0,0,0,4,2,13
,2020-44529,39.67757,-104.96524,3/13/2020 16:21,16:21:00,6,0,0,HIGH STREET SOUTH & EVANS AVENUE EAST,1,1,0,0,1,2, ,0,25,0,0,0,0,0,4,2,13
,2020-44530,39.7688,-104.84702,3/13/2020 16:36,16:36:00,15,0,0,PEORIA STREET NORTH & 3700 NORTH,1,1,1,0,1,4, ,0,35,0,0,0,0,0,4,3,13
,2020-44531,39.77655553,-105.0158509,3/13/2020 16:36,16:36:00,3,0,0,44TH AVENUE WEST & ZUNI STREET NORTH,1,1,0,0,1,1, ,0,25,0,0,0,0,0,4,2,13
,2020-44532,39.81107,-104.77212,3/13/2020 16:39,16:39:00,3,0,0,63RD AVENUE EAST & TOWER ROAD NORTH,1,1,1,0,1,1, ,0,25,0,0,0,0,0,4,2,14
,2020-44533,39.75079,-104.98492,3/13/2020 16:42,16:42:00,3,0,0,22ND STREET & CALIFORNIA STREET,1,1,0,0,1,1, ,0,30,0,0,0,0,0,4,2,3
,2020-44534,39.7452,-104.99221,3/13/2020 16:43,16:43:00,12,0,0,16TH STREET & CALIFORNIA STREET,1,1,0,0,1,1, ,0,25,0,0,0,0,0,4,2,7
,2020-44535,39.68758,-104.98751,3/13/2020 16:57,16:57:00,15,0,0,IOWA AVENUE EAST & BROADWAY STREET SOUTH,1,1,1,0,1,1, ,0,30,0,0,0,0,0,4,2,1
,2020-44536,39.76483,-104.97325,3/13/2020 17:00,17:00:00,6,0,0,DOWNING STREET NORTH & 35TH STREET,1,1,0,0,1,4, ,0,35,0,0,0,0,0,4,2,13
,2020-44537,39.71116,-105.02217,3/13/2020 17:00,17:00:00,15,0,0,ALAMEDA AVENUE 2700 WEST & CLAY STREET SOUTH,1,1,0,0,1,4, ,0,30,0,0,0,0,0,4,2,13
,2020-44538,39.78499,-104.79037,3/13/2020 17:18,17:18:00,12,0,1,PENA B INBOUND 4700  & GREEN VALLEY RANCH B,1,1,1,0,1,3, ,0,45,0,0,0,0,0,4,2,1
,2020-44539,39.71098,-104.90327,3/13/2020 17:47,17:47:00,12,0,0,QUEBEC STREET 300 SOUTH & ALAMEDA AVENUE EAST,1,2,0,0,1,3, ,0,30,0,0,0,0,0,4,2,14
,2020-44540,39.70043,-105.05229,3/13/2020 17:53,17:53:00,12,0,0,KENTUCKY AVENUE 5100 WEST & SHERIDAN B SOUTH,1,1,0,0,1,4, ,0,30,0,0,0,0,0,4,2,1
,2020-44541,39.693,-104.97881,3/13/2020 19:32,19:32:00,15,0,0,BUCHTEL B EAST & LOUISIANA AVENUE EAST,1,3,0,0,1,1, ,0,30,0,0,0,0,0,4,2,1
,2020-44542,39.69838,-104.98714,3/13/2020 21:00,21:00:00,12,0,0,BROADWAY STREET 1000 SOUTH & TENNESSEE AVENUE WEST,1,3,0,0,1,4, ,0,30,0,0,0,0,0,4,2,5
,2020-44543,39.75633253,-105.0158419,3/13/2020 23:18,23:18:00,12,0,1,SPEER B NORTH & ZUNI STREET NORTH,1,3,1,0,1,3, ,0,35,0,0,0,0,2,4,2,5
,2020-44544,39.73285,-104.89337,3/14/2020 1:40,1:40:00,5,0,0,UINTA WAY NORTH & 11TH AVENUE EAST,1,3,0,0,3,4, ,0,30,0,0,0,0,0,4,1,5
,2020-44545,39.78516,-104.83366,3/14/2020 2:33,2:33:00,3,0,0,ANDREWS DRIVE EAST & BILLINGS STREET NORTH,1,4,0,0,1,1, ,0,25,0,0,0,0,0,4,2,1
,2020-44546,39.71118,-104.9924,3/14/2020 9:40,9:40:00,1,0,0,ALAMEDA AVENUE WEST  & CHEROKEE STREET SOUTH,1,1,0,0,1,1, ,0,40,0,0,0,0,0,4,2,14
,2020-44547,39.72534,-104.91257,3/14/2020 10:40,10:40:00,12,0,0,MONACO STREET NORTH & SIXTH AVENUE EAST,1,1,1,0,1,1, ,0,30,0,0,0,0,0,4,2,3
,2020-44548,39.73687453,-105.0001684,3/14/2020 11:45,11:45:00,3,0,0,KALAMATH STREET NORTH & 13TH AVENUE WEST,1,1,0,0,1,1, ,0,30,0,0,0,0,0,4,2,1
,2020-44549,39.68936,-104.9129,3/14/2020 12:00,12:00:00,12,0,0,MONACO STREET SOUTH & FLORIDA AVENUE EAST,1,1,0,1,1,3, ,0,,0,0,0,0,0,4,2,16
,2020-44550,39.68936,-104.9129,3/14/2020 12:00,12:00:00,12,0,0,MONACO STREET SOUTH & FLORIDA AVENUE EAST,1,1,0,1,1,3, ,0,35,0,0,0,0,0,4,2,14
,2020-44551,39.72808153,-104.9034589,3/14/2020 12:23,12:23:00,15,0,0,QUEBEC STREET NORTH & SEVERNE PLACE EAST,1,1,1,0,1,3, ,0,35,0,0,0,0,0,4,2,13
,2020-44552,39.74651353,-104.9939089,3/14/2020 14:30,14:30:00,15,0,0,CHAMPA STREET NORTH & 16TH STREET,1,3,0,0,1,4, ,0,35,0,0,0,0,0,4,2,4
,2020-44553,39.75641353,-104.9898184,3/14/2020 14:54,14:54:00,15,0,0,PARK AVENUE WEST & WALNUT STREET,1,1,0,0,1,4, ,0,30,0,0,0,0,0,4,2,1
,2020-44554,39.76322653,-105.0041194,3/14/2020 15:05,15:05:00,6,0,0,33RD AVENUE WEST & NAVAJO STREET NORTH,1,1,0,0,1,3, ,0,25,0,0,0,0,0,4,2,13
,2020-44555,39.69658,-104.95991,3/14/2020 15:15,15:15:00,6,0,0,MISSISSIPPI AVENUE EAST & UNIVERSITY BOULEVARD SOUTH,1,1,0,0,1,4, ,0,30,0,0,0,0,0,4,2,7
,2020-44556,39.72254653,-104.9546104,3/14/2020 16:00,16:00:00,6,0,0,DETROIT STREET NORTH & FOURTH AVENUE EAST,1,1,0,0,1,4, ,0,25,0,0,0,0,0,4,2,14
,2020-44557,39.75672,-104.9999,3/14/2020 16:20,16:20:00,1,0,0,19TH STREET & CHESTNUT PLACE,1,1,0,0,1,1, ,0,25,0,0,0,0,0,4,3,1
,2020-44558,39.75651,-104.86456,3/14/2020 16:48,16:48:00,3,0,0,28TH AVENUE EAST & IOLA STREET NORTH,1,1,0,0,1,1, ,0,25,0,0,0,0,0,4,2,3
,2020-44559,39.73173,-104.99197,3/14/2020 17:33,17:33:00,11,0,0,CHEROKEE STREET NORTH & SPEER BOULEVARD NORTH,1,1,0,0,1,1, ,0,0,0,1,0,0,0,4,2,16
,2020-44560,39.7474,-104.93206,3/14/2020 18:00,18:00:00,5,0,0,DAHLIA STREET NORTH & MONTVIEW BOULEVARD EAST,1,1,0,0,2,4, ,0,25,0,0,0,0,0,4,1,5
,2020-44561,39.75474,-104.87429,3/14/2020 18:07,18:07:00,3,0,0,26TH AVENUE EAST & EMPORIA STREET NORTH,1,1,0,0,1,1, ,0,25,0,0,0,0,0,4,2,1
,2020-44562,39.75366,-104.99342,3/14/2020 19:00,19:00:00,12,0,0,20TH STREET & MARKET STREET,1,2,0,0,1,1, ,0,,0,0,0,0,0,4,2,16
,2020-44563,39.75366,-104.99342,3/14/2020 19:00,19:00:00,12,0,0,20TH STREET & MARKET STREET,1,2,0,0,1,1, ,0,25,0,0,0,0,0,4,2,13
,2020-44564,39.72586,-104.98622,3/14/2020 19:19,19:19:00,12,0,0,SPEER BOULEVARD EAST & LINCOLN STREET NORTH,1,1,0,0,1,1, ,0,35,0,1,0,0,0,4,3,1
,2020-44565,39.76296,-104.9814,3/14/2020 19:20,19:20:00,8,0,1,WALNUT STREET & 30TH STREET,1,3,0,0,1,4, ,0,30,0,0,0,0,0,4,2,7
,2020-44566,39.75312,-104.99398,3/14/2020 19:33,19:33:00,12,0,0,MARKET STREET 1900  & 20TH STREET,1,3,0,0,1,4, ,0,30,0,0,0,0,0,4,2,7
,2020-44567,39.67847,-104.92455,3/14/2020 20:22,20:22:00,12,0,0,EVANS AVENUE 5400 EAST & HUDSON STREET SOUTH,1,3,0,0,1,3, ,0,35,0,0,0,0,0,4,2,6
,2020-44568,39.71706,-104.90371,3/14/2020 22:15,22:15:00,1,0,0,QUEBEC STREET SOUTH & LOWRY BOULEVARD EAST,1,3,0,0,1,1, ,0,35,0,0,0,0,0,4,2,13