id,drcog_id,latitude,longitude,crashtime,time,crashtype,numbkilled,numbinjurd,drcoglocat,rdconditin,lightngcon,roadcntgrd,weatherco,location,roaddescrp,schoolzone,constrzone,splimit,bikeinv,pedinv,sctrinv,motoinv,svrty,rdsystem,ttlvehcls,hcf
,2020-44569,39.64787,-104.90423,3/15/2020 1:14,1:14:00,6,0,0,POPLAR STREET SOUTH & ONEIDA WAY SOUTH,1,4,1,0,1,4, ,0,,0,0,0,0,0,4,2,7
,2020-44570,39.77467,-104.77208,3/15/2020 1:45,1:45:00,15,0,1,TOWER ROAD NORTH & 43RD AVENUE EAST,1,3,0,0,1,1, ,0,45,0,0,0,0,1,4,2,14
,2020-44571,39.75707953,-104.9907004,3/15/2020 2:21,2:21:00,12,0,0,PARK AVENUE WEST & BLAKE STREET,1,3,0,0,1,1, ,0,35,0,0,0,0,0,4,2,14
,2020-44572,39.70753,-104.98635,3/15/2020 5:03,5:03:00,3,0,0,LINCOLN STREET SOUTH & VIRGINIA AVENUE EAST,1,4,0,0,1,1, ,0,35,0,0,0,0,0,4,2,13
,2020-44573,39.71025,-105.0203,3/15/2020 9:23,9:23:00,6,0,0,CLAY STREET SOUTH & ALAMEDA AVENUE WEST,1,1,0,0,1,4, ,0,25,0,0,0,0,0,4,2,5
,2020-44574,39.84842,-104.67307,3/15/2020 9:25,9:25:00,5,0,0,PENA BOULEVARD & 8400,1,1,0,0,3,4, ,0,10,0,0,0,0,0,4,1,3
,2020-44575,39.73727,-104.90464,3/15/2020 10:00,10:00:00,3,0,0,13TH AVENUE EAST & POPLAR STREET NORTH,1,1,0,0,1,1, ,0,25,0,0,0,0,0,4,2,13
,2020-44576,39.63828,-104.89479,3/15/2020 10:00,10:00:00,12,0,0,QUINCY AVENUE EAST & TAMARAC STREET SOUTH,1,1,0,0,1,1, ,0,30,0,0,0,0,0,4,2,3
,2020-44577,39.73445,-104.96951,3/15/2020 11:40,11:40:00,12,0,0,HUMBOLDT STREET NORTH & 11TH AVENUE EAST,1,1,1,0,1,2, ,0,30,0,0,0,0,0,4,2,13
,2020-44578,39.85149548,-105.0001884,3/15/2020 12:29,12:29:00,12,0,0,KALAMATH STREET NORTH & 700 NORTH,1,1,0,0,1,4, ,0,30,0,0,0,0,0,4,2,13
,2020-44579,39.74824,-104.98647,3/15/2020 13:30,13:30:00,3,0,0,20TH STREET & WELTON STREET,1,1,0,0,1,1, ,0,30,0,0,0,0,0,4,2,3
,2020-44580,39.73598,-104.95744,3/15/2020 14:00,14:00:00,6,0,0,COLUMBINE STREET NORTH & 13TH AVENUE EAST,1,1,0,0,1,4, ,0,25,0,0,0,0,0,4,2,7
,2020-44581,39.68743,-104.93803,3/15/2020 15:25,15:25:00,6,0,0,IOWA AVENUE EAST & BELLAIRE STREET SOUTH,1,1,0,0,1,4, ,0,35,0,0,0,0,0,4,2,5
,2020-44582,39.71350154,-104.9982694,3/15/2020 20:00,20:00:00,15,0,1,SANTA FE DRIVE SOUTH  & CEDAR AVENUE WEST,1,5,0,0,1,4, ,0,30,0,0,0,1,2,4,2,14
,2020-44583,39.73842,-104.97761,3/16/2020 1:09,1:09:00,15,0,0,14TH AVENUE EAST & CLARKSON STREET NORTH,1,3,0,0,1,1, ,0,30,0,0,0,0,0,4,2,13
,2020-44584,39.78199153,-105.0017209,3/16/2020 2:19,2:19:00,5,0,0,47TH AVENUE WEST & LIPAN STREET NORTH,1,3,0,0,3,4, ,0,25,0,0,0,0,0,4,2,14
,2020-44585,39.76322653,-105.0032014,3/16/2020 2:37,2:37:00,6,0,0,33RD AVENUE WEST & KALAMATH STREET NORTH,1,3,1,0,1,3, ,0,25,0,0,0,0,0,4,3,13
,2020-44586,39.73387,-104.99351,3/16/2020 5:55,5:55:00,1,0,2,SPEER B NORTH & 11TH AVENUE WEST,1,3,0,0,1,1, ,0,25,0,0,0,0,1,4,2,8
,2020-44587,39.72098,-104.95584,3/16/2020 7:10,7:10:00,12,0,0,THIRD AVENUE EAST & CLAYTON STREET NORTH,1,1,0,0,1,5, ,0,25,0,0,0,0,0,4,2,13
,2020-44588,39.69861,-104.98746,3/16/2020 10:35,10:35:00,15,0,0,BROADWAY STREET SOUTH & TENNESSEE AVENUE EAST,1,1,0,0,1,1, ,0,35,0,0,0,0,0,4,2,13
,2020-44589,39.72414,-104.98748,3/16/2020 11:00,11:00:00,11,0,1,FIFTH AVENUE EAST & BROADWAY STREET NORTH,1,1,0,0,1,1, ,0,35,0,1,0,0,1,4,2,3
,2020-44590,39.67129,-104.98758,3/16/2020 11:32,11:32:00,3,0,0,BROADWAY STREET SOUTH & HARVARD AVENUE EAST,1,1,0,0,1,1, ,0,35,0,0,0,0,0,4,2,13
,2020-44591,39.73567341,-105.0252778,3/16/2020 13:20,13:20:00,3,0,0,HOLDEN PLACE WEST & FEDERAL BOULEVARD NORTH,1,1,0,0,1,2, ,0,30,0,0,0,0,0,4,2,14
,2020-44592,39.69492,-105.02973,3/16/2020 14:17,14:17:00,3,0,0,ARIZONA AVENUE WEST & IRVING STREET SOUTH,1,1,0,0,1,1, ,0,25,0,0,0,0,0,4,2,13
,2020-44593,39.72728,-104.97525,3/16/2020 14:30,14:30:00,3,0,0,SEVENTH AVENUE EAST & OGDEN STREET NORTH,1,1,0,0,1,1, ,0,25,0,0,0,0,0,4,2,3
,2020-44594,39.66466,-105.07171,3/16/2020 14:56,14:56:00,3,0,1,PIERCE STREET SOUTH & AMHERST AVENUE WEST,1,1,0,0,1,1, ,0,25,0,0,0,0,1,4,2,3
,2020-44595,39.7983,-104.77212,3/16/2020 17:04,17:04:00,12,0,2,56TH AVENUE EAST & TOWER ROAD NORTH,1,1,0,0,1,4, ,0,45,0,0,0,0,1,4,2,1
,2020-44596,39.77392,-104.93827,3/16/2020 17:18,17:18:00,3,0,0,ALBION STREET NORTH & 4000 NORTH,1,1,0,0,1,2, ,0,30,0,0,0,0,0,4,3,9
,2020-44597,39.73648,-104.93385,3/16/2020 18:11,18:11:00,5,0,0,13TH AVENUE EAST & CHERRY STREET NORTH,1,1,0,0,3,4, ,0,,0,0,0,0,0,4,1,16
,2020-44598,39.73686,-104.99647,3/16/2020 22:32,22:32:00,3,0,0,SPEER BOULEVARD NORTH & 13TH AVENUE WEST,1,3,0,0,1,1, ,0,30,0,0,0,0,0,4,2,8
,2020-44599,39.77766,-104.95083,3/16/2020 22:49,22:49:00,6,0,0,44TH AVENUE EAST & 3000 EAST,1,3,0,0,1,4, ,0,25,0,0,0,0,0,4,3,1
,2020-44600,39.73727,-104.91164,3/17/2020 1:36,1:36:00,5,0,1,13TH AVENUE EAST & MAGNOLIA STREET NORTH,1,3,0,0,2,1, ,0,30,0,0,0,0,1,4,1,5
,2020-44601,39.72558,-104.97291,3/17/2020 6:31,6:31:00,3,0,1,SIXTH AVENUE EAST  & DOWNING STREET NORTH,1,3,0,0,1,1, ,0,30,0,0,0,0,1,4,3,13
,2020-44602,39.77012,-104.74925,3/17/2020 8:45,8:45:00,5,0,0,JERICHO STREET NORTH & 40TH AVENUE EAST,1,1,0,0,2,4, ,0,15,0,0,0,0,0,4,1,13
,2020-44603,39.71815,-105.0397,3/17/2020 10:42,10:42:00,3,0,0,FIRST AVENUE WEST & PEORIA STREET NORTH,1,1,0,0,1,1, ,0,30,0,0,0,0,0,4,2,3
,2020-44604,39.74483,-104.96968,3/17/2020 11:30,11:30:00,1,0,1,HUMBOLDT STREET NORTH & 18TH AVENUE EAST,1,1,0,0,1,1, ,0,30,0,0,0,0,1,4,2,13
,2020-44605,39.7115,-104.94256,3/17/2020 12:21,12:21:00,3,0,2,ALAMEDA AVENUE EAST  & GARFIELD STREET SOUTH,1,1,0,0,1,2, ,0,35,0,0,0,0,0,4,2,13
,2020-44606,39.7456286,-104.9034016,3/17/2020 14:15,14:15:00,6,0,0,QUEBEC WAY SOUTH & 1800 SOUTH,1,1,0,0,1,4, ,0,30,0,0,0,0,0,4,2,3
,2020-44607,39.72093,-104.99858,3/17/2020 15:57,15:57:00,6,0,0,SANTA FE DRIVE NORTH  & THIRD AVENUE WEST,1,1,0,0,1,4, ,0,30,0,0,0,1,0,4,2,7
,2020-44608,39.76649,-104.97335,3/17/2020 16:10,16:10:00,3,0,1,LAWRENCE STREET & DOWNING STREET NORTH,1,1,0,0,1,1, ,0,30,0,0,0,0,2,4,2,13
,2020-44609,39.71116,-104.98637,3/17/2020 16:46,16:46:00,11,0,1,ALAMEDA AVENUE EAST  & LINCOLN STREET SOUTH,1,1,0,0,1,1, ,0,0,0,1,0,0,3,4,2,16
,2020-44610,39.72565,-104.98626,3/17/2020 16:47,16:47:00,10,0,0,SIXTH AVENUE EAST  & LINCOLN STREET NORTH,1,1,0,0,1,1, ,0,35,0,0,0,0,0,2,2,14
,2020-44611,39.67866,-105.02037,3/17/2020 17:12,17:12:00,12,0,0,EVANS AVENUE WEST & CLAY STREET SOUTH,1,1,0,0,1,4, ,0,30,0,0,0,0,0,4,2,5
,2020-44612,39.73052053,-105.0016084,3/17/2020 17:48,17:48:00,6,0,0,NINTH AVENUE WEST & LIPAN STREET NORTH,1,1,0,0,1,4, ,0,,0,0,0,0,0,4,2,13
,2020-44613,39.70676,-105.03871,3/17/2020 18:47,18:47:00,5,0,0,MORRISON ROAD & PERRY STREET SOUTH,1,2,0,0,3,4, ,0,30,0,0,0,0,0,4,1,13
,2020-44614,39.68212,-104.9924,3/17/2020 19:36,19:36:00,5,0,0,SANTA FE DRIVE SOUTH & JEWELL AVENUE WEST,1,3,0,0,3,1, ,0,65,0,0,0,0,0,4,1,16
,2020-44615,39.64778677,-104.8827524,3/17/2020 23:47,23:47:00,5,0,0,LEHIGH AVENUE EAST & YOSEMITE STREET SOUTH,1,3,0,0,4,2, ,0,25,0,0,0,0,0,4,1,5
,2020-44616,39.77801,-104.77821,3/18/2020 7:30,7:30:00,6,0,0,45TH AVENUE EAST & YAMPA STREET NORTH,1,1,0,0,1,4, ,0,30,0,0,0,0,0,4,2,14
,2020-44617,39.77901253,-105.0064279,3/18/2020 7:35,7:35:00,3,0,0,CHAFFEE PLACE WEST & PECOS STREET NORTH,1,1,0,0,1,1, ,0,30,0,0,0,0,0,4,2,1
,2020-44618,39.71717,-104.95904,3/18/2020 9:02,9:02:00,12,0,1,UNIVERSITY B 90 NORTH & CHERRY CREEK DRIVE NORTH,1,1,0,0,1,4, ,0,35,0,0,0,0,1,4,2,1
,2020-44619,39.76880352,-104.8656299,3/18/2020 11:26,11:26:00,3,0,0,CENTRAL PARK B NORTH & MLK B EAST,1,1,0,0,1,1, ,0,45,0,0,0,0,0,4,2,13
,2020-44620,39.74899,-104.98019,3/18/2020 15:43,15:43:00,15,0,0,PARK AVENUE WEST & COURT PLACE,1,1,0,0,1,3, ,0,30,0,0,0,0,0,4,2,1
,2020-44621,39.63813,-104.91245,3/18/2020 17:13,17:13:00,5,0,0,QUINCY AVENUE EAST & MONACO STREET SOUTH,1,1,0,0,3,4, ,0,40,0,0,0,0,0,4,1,10
,2020-44622,39.68229,-105.0532,3/18/2020 19:53,19:53:00,15,0,0,JEWELL AVENUE WEST & SHERIDAN BOULEVARD SOUTH,1,3,0,0,1,3, ,0,30,0,0,0,0,0,4,2,1
,2020-44623,39.69499,-105.05322,3/18/2020 20:22,20:22:00,6,0,0,ARIZONA AVENUE WEST & SHERIDAN BOULEVARD SOUTH,1,4,0,0,1,4, ,0,30,0,0,0,0,0,4,2,1
,2020-44624,39.7482,-104.95977,3/18/2020 20:45,20:45:00,8,0,2,YORK STREET NORTH & 21ST AVENUE EAST,1,3,0,0,1,4, ,0,30,0,0,0,0,1,4,2,4
,2020-44625,39.68949,-105.02506,3/18/2020 20:55,20:55:00,12,0,1,FLORIDA AVENUE WEST & FEDERAL B SOUTH,1,3,0,0,1,4, ,0,30,0,0,0,0,2,4,2,8
,2020-44626,39.74328,-104.98485,3/19/2020 1:09,1:09:00,3,0,0,17TH AVENUE EAST & SHERMAN STREET NORTH,11,3,0,1,1,1, ,0,30,0,0,0,0,0,4,2,13
,2020-44627,39.67843,-104.95939,3/19/2020 5:52,5:52:00,1,0,0,EVANS AVENUE EAST & UNIVERSITY B SOUTH,11,3,0,1,1,1, ,0,35,0,0,0,0,0,4,2,13
,2020-44628,39.69219,-105.02972,3/19/2020 9:09,9:09:00,12,0,0,IRVING STREET SOUTH & ARKANSAS AVENUE WEST,11,1,0,2,1,4, ,0,25,0,0,0,0,0,4,4,13
,2020-44629,39.75443,-104.94531,3/19/2020 10:41,10:41:00,6,0,0,26TH AVENUE EAST & MADISON STREET NORTH,1,3,0,0,1,4, ,0,30,0,0,0,0,0,4,2,14
,2020-44630,39.76746,-104.90345,3/19/2020 11:45,11:45:00,3,0,1,QUEBEC STREET NORTH & 36TH AVENUE EAST,11,1,0,2,1,1, ,0,35,0,0,0,0,1,4,2,4
,2020-44631,39.75898,-104.86851,3/19/2020 12:45,12:45:00,15,0,0,29TH DRIVE EAST & GENEVA STREET NORTH,9,1,0,2,1,1, ,0,35,0,0,0,0,0,4,2,8
,2020-44632,39.83312,-104.77302,3/19/2020 13:01,13:01:00,5,0,0,PENA BOULEVARD & TOWER ROAD NORTH,9,1,0,2,3,4, ,0,65,0,0,0,0,0,4,1,1
,2020-44633,39.73765,-104.98604,3/19/2020 13:14,13:14:00,15,0,0,LINCOLN STREET NORTH & 1300 NORTH,11,1,0,2,1,4, ,0,30,0,0,0,0,0,4,2,13
,2020-44634,39.8320135,-104.71553,3/19/2020 14:10,14:10:00,12,0,0,75TH AVENUE EAST & GUN CLUB ROAD,9,1,1,2,1,1, ,0,,0,0,0,0,0,4,2,14
,2020-44635,39.67665553,-104.9129179,3/19/2020 14:58,14:58:00,5,0,0,MONACO PARKWAY SOUTH & WARREN AVENUE EAST,9,1,0,2,3,4, ,0,35,0,0,0,0,0,4,1,13
,2020-44636,39.76198,-104.90344,3/19/2020 15:00,15:00:00,3,0,0,QUEBEC STREET NORTH & MLK B EAST,9,1,0,2,1,1, ,0,35,0,0,0,0,0,4,2,16
,2020-44637,39.72354,-104.91274,3/19/2020 16:09,16:09:00,12,0,0,MONACO STREET 500 NORTH & SIXTH AVENUE EAST,9,1,0,2,1,3, ,0,35,0,0,0,0,0,4,2,13
,2020-44638,39.71497,-105.03247,3/19/2020 16:13,16:13:00,3,0,1,BAYAUD AVENUE WEST & KNOX COURT SOUTH,11,1,0,2,1,1, ,0,25,0,0,0,0,1,4,2,13
,2020-44639,39.71132353,-104.8929019,3/19/2020 16:35,16:35:00,3,0,0,ALAMEDA AVENUE EAST & FAIRMOUNT STREET SOUTH,9,1,0,2,1,1, ,0,40,0,0,0,0,0,4,2,3
,2020-44640,39.78625109,-104.791086,3/19/2020 16:43,16:43:00,6,0,0,PENA BOULEVARD & 7500,9,1,0,2,1,4, ,0,,0,0,0,0,0,4,2,7
,2020-44641,39.76198,-104.90344,3/19/2020 17:40,17:40:00,3,0,2,QUEBEC STREET NORTH & MLK B EAST,7,1,0,2,1,1, ,0,40,0,0,0,0,3,4,2,7
,2020-44642,39.83424697,-104.77119,3/19/2020 18:30,18:30:00,15,0,1,PENA BOULEVARD & TOWER ROAD NORTH,9,3,0,2,1,4, ,0,65,0,0,0,0,0,4,2,1
,2020-44643,39.76696,-104.96221,3/19/2020 19:00,19:00:00,6,0,0,36TH AVENUE EAST & VINE STREET NORTH,9,2,0,2,1,4, ,0,25,0,0,0,0,0,4,2,14
,2020-44644,39.85181,-104.67349,3/20/2020 5:09,5:09:00,12,0,0,PENA BOULEVARD & 8500,9,3,1,0,1,4, ,0,25,0,0,0,0,0,4,2,13
,2020-44645,39.77608752,-104.9380009,3/20/2020 6:48,6:48:00,14,0,0,ALBION STREET NORTH & SMITH ROAD,4,1,1,0,1,1, ,0,25,0,0,0,0,0,4,2,7
,2020-44646,39.65378,-104.88478,3/20/2020 7:05,7:05:00,15,0,0,YOSEMITE STREET 3400 SOUTH & HAMPDEN AVENUE EAST,4,1,0,0,1,4, ,0,30,0,0,0,0,0,4,2,13
,2020-44647,39.74006,-104.98614,3/20/2020 7:42,7:42:00,15,0,0,LINCOLN STREET NORTH & COLFAX AVENUE EAST,7,1,0,0,1,4, ,0,30,0,0,0,0,0,4,2,13
,2020-44648,39.79833,-104.76269,3/20/2020 9:50,9:50:00,1,0,0,56TH AVENUE EAST & DUNKIRK STREET NORTH,10,1,0,0,1,1, ,0,45,0,0,0,0,0,4,3,1
,2020-44649,39.78360251,-104.791382,3/20/2020 10:25,10:25:00,9,0,1,PENA BOULEVARD & GREEN VALLEY RANCH BOULEVARD,7,1,0,0,1,14, ,0,65,0,0,0,0,1,4,2,13
,2020-44650,39.76746,-104.90345,3/20/2020 10:55,10:55:00,3,0,0,QUEBEC STREET NORTH & 36TH AVENUE EAST,11,1,0,0,1,1, ,0,45,0,0,0,0,0,4,2,7
,2020-44651,39.69219,-105.02972,3/20/2020 11:30,11:30:00,3,0,0,IRVING STREET SOUTH & ARKANSAS AVENUE WEST,11,1,0,0,1,2, ,0,10,0,0,0,0,0,4,2,13
,2020-44652,39.75773,-104.97944,3/20/2020 11:46,11:46:00,5,0,0,CHAMPA STREET & 28TH STREET,14,5,0,7,3,3, ,0,,0,0,0,0,0,4,1,16
,2020-44653,39.83207294,-104.7718486,3/20/2020 12:15,12:15:00,3,0,2,TOWER ROAD NORTH & PENA BOULEVARD EASTBOUND OFF RAMP,12,1,1,0,1,1, ,0,40,0,0,0,0,2,4,2,14
,2020-44654,39.76746,-104.90345,3/20/2020 13:48,13:48:00,3,0,1,QUEBEC STREET NORTH & 36TH AVENUE EAST,11,1,0,0,1,1, ,0,35,0,0,0,0,1,4,2,14
,2020-44655,39.7837,-104.77212,3/20/2020 14:15,14:15:00,3,0,0,TOWER ROAD NORTH & GREEN VALLEY RANCH BOULEVARD EAST,11,1,0,0,1,1, ,0,45,0,0,0,0,0,4,2,14
,2020-44656,39.78239,-104.84701,3/20/2020 15:20,15:20:00,3,0,0,PEORIA STREET NORTH & ALBROOK DRIVE EAST,11,1,0,0,1,1, ,0,35,0,0,0,0,0,4,2,16
,2020-44657,39.6677,-104.98285,3/20/2020 15:45,15:45:00,3,0,0,YALE AVENUE EAST & LOGAN STREET SOUTH,8,1,0,2,1,1, ,0,30,0,0,0,0,0,4,2,13
,2020-44658,39.77505,-104.8099,3/20/2020 15:46,15:46:00,3,0,0,ANDREWS DRIVE EAST & CHAMBERS ROAD NORTH,11,1,0,0,1,1, ,0,45,0,0,0,0,0,4,3,13
,2020-44659,39.77502551,-104.8097285,3/20/2020 15:48,15:48:00,12,0,1,CHAMBERS ROAD NORTH & ANDREWS DRIVE EAST,9,1,0,0,1,4, ,0,25,0,0,0,0,1,4,2,13
,2020-44660,39.76929,-105.03498,3/20/2020 16:31,16:31:00,15,0,0,38TH AVENUE 3600 WEST & LOWELL B NORTH,1,1,0,0,1,4, ,0,30,0,0,0,0,0,4,2,3
,2020-44661,39.76004,-104.86582,3/20/2020 16:43,16:43:00,3,0,0,MLK BOULEVARD EAST & HAVANA STREET,9,1,0,0,1,1, ,0,35,0,0,0,0,0,4,3,13
,2020-44662,39.72565,-104.98888,3/20/2020 17:04,17:04:00,2,0,1,SIXTH AVENUE WEST  & ACOMA STREET NORTH,1,1,0,0,1,1, ,0,0,1,0,0,0,2,4,2,16
,2020-44663,39.78915,-104.81226,3/20/2020 20:42,20:42:00,6,0,1,FAIRPLAY STREET NORTH & 5200 NORTH,4,3,0,2,1,2, ,0,25,0,0,0,0,0,4,4,14
,2020-44664,39.74933,-104.98671,3/21/2020 1:05,1:05:00,11,0,2,CALIFORNIA STREET & 21ST STREET,4,3,0,0,2,1, ,0,35,0,1,0,0,2,4,3,5
,2020-44665,39.71466,-104.98007,3/21/2020 5:51,5:51:00,6,0,0,BAYAUD AVENUE EAST & WASHINGTON STREET SOUTH,11,3,0,0,1,4, ,0,30,0,0,0,0,0,4,2,13
,2020-44666,39.73839553,-104.9730289,3/21/2020 8:46,8:46:00,3,0,1,DOWNING STREET NORTH & 14TH AVENUE EAST,11,1,0,0,1,1, ,0,30,0,0,0,0,1,4,2,13
,2020-44667,39.69757,-104.99271,3/21/2020 9:27,9:27:00,12,0,0,PLATTE RIVER D 1000 SOUTH & MISSISSIPPI AVENUE WEST,1,1,0,0,1,3, ,0,40,0,0,0,0,0,4,3,13
,2020-44668,39.75616,-104.99191,3/21/2020 9:32,9:32:00,3,0,1,22ND STREET & BLAKE STREET,1,1,0,0,1,1, ,0,25,0,0,0,0,2,4,2,13
,2020-44669,39.76746,-104.90583,3/21/2020 11:00,11:00:00,3,0,0,PONTIAC STREET NORTH & 36TH AVENUE EAST,1,1,0,0,1,1, ,0,30,0,0,0,0,0,4,2,3
,2020-44670,39.73649,-104.92807,3/21/2020 14:00,14:00:00,5,0,0,13TH AVENUE EAST & FAIRFAX STREET NORTH,1,1,0,0,3,1, ,0,30,0,0,0,0,0,4,1,1
,2020-44671,39.64585,-104.88157,3/21/2020 15:52,15:52:00,6,0,0,MANSFIELD AVENUE EAST & 9200 EAST,1,1,0,0,1,4, ,0,25,0,0,0,0,0,4,2,14
,2020-44672,39.67848,-104.99851,3/21/2020 17:54,17:54:00,3,0,2,PLATTE RIVER DRIVE SOUTH & EVANS AVENUE WEST,1,1,1,0,1,1, ,0,30,0,0,0,0,2,4,4,5
,2020-44673,39.64343,-104.91226,3/21/2020 18:20,18:20:00,5,0,1,MONACO STREET SOUTH & MAGNOLIA WAY SOUTH,1,1,0,0,2,4, ,0,35,0,0,0,0,2,4,1,6
,2020-44674,39.66617,-105.06931,3/22/2020 0:39,0:39:00,6,0,0,NEWLAND STREET SOUTH & LINVALE PLACE WEST,1,4,0,0,1,4, ,0,25,0,0,0,0,0,4,2,5
,2020-44675,39.76201153,-105.0052804,3/22/2020 1:10,1:10:00,5,0,0,OSAGE STREET NORTH & 32ND AVENUE WEST,1,3,0,0,4,1, ,0,25,0,0,0,0,0,4,1,14
,2020-44676,39.75571,-104.94993,3/22/2020 2:30,2:30:00,6,0,0,STEELE STREET NORTH & 27TH AVENUE EAST,1,3,0,0,1,4, ,0,30,0,0,0,0,0,4,2,5
,2020-44677,39.73788,-104.99628,3/22/2020 9:46,9:46:00,5,0,0,SPEER BOULEVARD NORTH & 1350 NORTH SPEER BOULEVARD,1,1,1,0,3,2, ,0,30,0,0,0,0,0,4,1,5
,2020-44678,39.73367053,-105.0001504,3/22/2020 10:01,10:01:00,6,0,0,KALAMATH STREET NORTH & 11TH AVENUE WEST,1,1,0,0,1,4, ,0,30,0,0,0,0,0,4,2,5
,2020-44679,39.73047,-104.97179,3/22/2020 14:21,14:21:00,15,0,0,NINTH AVENUE EAST & MARION STREET NORTH,1,1,0,0,1,1, ,0,25,0,0,0,0,0,4,2,1
,2020-44680,39.73829,-104.93501,3/22/2020 16:00,16:00:00,5,0,0,14TH AVENUE EAST & CLERMONT STREET NORTH,1,1,0,0,2,1, ,0,,0,0,0,0,0,4,1,16
,2020-44681,39.78543,-104.8932,3/22/2020 20:29,20:29:00,12,0,0,NORTHFIELD B EAST & UINTA STREET NORTH,1,4,0,0,1,4, ,0,35,0,0,0,0,0,4,2,5
,2020-44682,39.73203,-104.98103,3/22/2020 23:47,23:47:00,5,0,0,10TH AVENUE EAST & PENNSYLVANIA STREET NORTH,1,3,0,0,3,1, ,0,30,0,0,0,0,0,4,1,13
,2020-44683,39.7531,-104.98794,3/23/2020 1:28,1:28:00,8,0,0,22ND STREET & CURTIS STREET,1,3,0,0,1,4, ,0,30,0,0,0,0,0,4,2,2
,2020-44684,39.6387,-104.89269,3/23/2020 2:34,2:34:00,5,0,1,QUINCY AVENUE EAST & TAMARAC DRIVE SOUTH,1,3,0,0,3,1, ,0,35,0,0,0,0,1,4,1,14
,2020-44685,39.73287,-104.90204,3/23/2020 6:01,6:01:00,3,0,2,11TH AVENUE EAST & ROSLYN STREET NORTH,1,1,0,0,1,1, ,0,25,0,0,0,0,1,4,2,1
,2020-44686,39.72568753,-105.0001594,3/23/2020 7:15,7:15:00,3,0,0,SIXTH AVENUE WEST  & KALAMATH STREET NORTH,1,1,0,0,1,1, ,0,30,0,0,0,0,0,2,3,13
,2020-44687,39.69113,-104.94539,3/23/2020 10:35,10:35:00,6,0,0,MONROE STREET SOUTH & FLORIDA AVENUE EAST,1,1,0,0,1,4, ,0,25,0,0,0,0,0,4,2,2
,2020-44688,39.73846,-104.99689,3/23/2020 10:40,10:40:00,3,0,0,14TH AVENUE WEST & SPEER B NORTH,1,1,0,0,1,1, ,0,30,0,0,0,0,0,4,2,13
,2020-44689,39.73388,-105.02427,3/23/2020 11:12,11:12:00,14,0,0,11TH AVENUE WEST & FEDERAL BOULEVARD NORTH,1,1,1,0,1,4, ,0,25,0,0,0,0,0,4,2,13
,2020-44690,39.74000353,-104.9920099,3/23/2020 12:10,12:10:00,3,0,0,45TH AVENUE EAST & STREET PAUL STREET NORTH,1,1,0,0,1,1, ,0,25,0,0,0,0,0,4,2,7
,2020-44691,39.71304254,-105.0062389,3/23/2020 13:00,13:00:00,5,0,0,PECOS STREET & CEDAR AVENUE WEST,1,3,0,0,2,5, ,0,25,0,0,0,0,0,4,1,3
,2020-44692,39.74843953,-105.0033589,3/23/2020 13:45,13:45:00,3,0,2,SPEER B NORTH & AURARIA PARKWAY,1,1,0,0,1,1, ,0,30,0,0,0,0,2,4,3,13
,2020-44693,39.72558,-104.97176,3/23/2020 15:30,15:30:00,6,0,0,MARION STREET NORTH & SIXTH AVENUE EAST,1,1,0,0,1,3, ,0,25,0,0,0,0,0,4,2,13
,2020-44694,39.78178,-104.77447,3/23/2020 18:49,18:49:00,3,0,0,47TH AVENUE EAST & YAMPA STREET NORTH,1,1,0,0,1,1, ,0,25,0,0,0,0,0,4,2,13
,2020-44695,39.72587,-104.89879,3/23/2020 21:00,21:00:00,12,0,0,SIXTH AVENUE EAST  & SYRACUSE STREET NORTH,1,2,0,0,1,3, ,0,30,0,0,0,0,0,4,2,13
,2020-44696,39.65408,-104.90886,3/24/2020 1:25,1:25:00,6,0,0,GIRARD AVENUE EAST & ONEIDA WAY SOUTH,1,4,0,0,1,4, ,0,25,0,0,0,0,0,4,2,1
,2020-44697,39.79024,-104.86591,3/24/2020 6:16,6:16:00,15,0,0,51ST AVENUE EAST & HAVANA STREET NORTH,1,1,0,0,1,1, ,0,35,0,0,0,0,0,4,2,3
,2020-44698,39.8333815,-104.771969,3/24/2020 7:05,7:05:00,12,0,1,PENA BOULEVARD INBOUND 6700  & TOWER ROAD NORTH,1,1,0,0,1,4, ,0,65,0,0,0,0,1,4,2,1
,2020-44699,39.74377,-104.91243,3/24/2020 11:15,11:15:00,12,0,1,MONACO STREET NORTH & 17TH AVENUE EAST,1,1,0,0,1,3, ,0,30,0,0,0,0,1,4,2,1
,2020-44700,39.7859,-104.77213,3/24/2020 11:15,11:15:00,12,0,0,49TH AVENUE EAST & TOWER ROAD NORTH,1,1,0,0,1,4, ,0,30,0,0,0,0,0,4,2,13
,2020-44701,39.71119,-104.99714,3/24/2020 16:30,16:30:00,1,0,3,ALAMEDA AVENUE WEST & SANTA FE DRIVE SOUTH,1,1,0,0,1,1, ,0,35,0,0,0,0,0,4,2,13
,2020-44702,39.73051,-104.9592,3/24/2020 17:10,17:10:00,6,0,1,NINTH AVENUE EAST & JOSEPHINE STREET NORTH,1,1,1,0,1,3, ,0,30,0,0,0,0,0,4,3,7
,2020-44703,39.77006,-104.96594,3/24/2020 23:17,23:17:00,6,0,0,38TH AVENUE EAST & WILLIAMS STREET NORTH,1,4,0,0,1,4, ,0,25,0,0,0,0,0,4,2,6