id,drcog_id,latitude,longitude,crashtime,time,crashtype,numbkilled,numbinjurd,drcoglocat,rdconditin,lightngcon,roadcntgrd,weatherco,location,roaddescrp,schoolzone,constrzone,splimit,bikeinv,pedinv,sctrinv,motoinv,svrty,rdsystem,ttlvehcls,hcf
,2020-44704,39.76809,-104.97179,3/25/2020 9:13,9:13:00,6,0,0,37TH AVENUE EAST & MARION STREET NORTH,1,1,1,0,1,5, ,0,25,0,0,0,0,0,4,2,1
,2020-44705,39.62412,-104.88977,3/25/2020 10:02,10:02:00,3,0,1,DTC B SOUTH & BELLEVIEW AVENUE EAST,1,1,1,0,1,1, ,0,40,0,0,0,0,2,4,2,3
,2020-44706,39.79015,-104.85488,3/25/2020 10:05,10:05:00,10,0,1,51ST AVENUE EAST & MOLINE STREET NORTH,1,1,0,0,1,1, ,0,35,0,0,0,0,1,4,2,13
,2020-44707,39.71418,-105.02755,3/25/2020 10:25,10:25:00,6,0,1,HAZEL COURT SOUTH & CEDAR AVENUE WEST,1,1,1,0,1,4, ,0,25,0,0,0,0,3,4,2,1
,2020-44708,39.71471653,-104.9734294,3/26/2020 9:06,9:06:00,6,0,0,DOWNING STREET SOUTH & BAYAUD AVENUE EAST,1,5,0,1,1,4, ,0,30,0,0,0,0,0,4,3,13
,2020-44709,39.73669,-104.91891,3/26/2020 15:45,15:45:00,6,0,0,13TH AVENUE EAST & JERSEY STREET NORTH,1,1,0,0,1,4, ,0,35,0,0,0,0,0,4,3,4
,2020-44710,39.72669,-104.90164,3/26/2020 22:15,22:15:00,6,0,0,QUINCE STREET NORTH & SEVENTH AVENUE EAST,1,3,0,0,1,3, ,0,25,0,0,0,0,0,4,2,13
,2020-44711,39.67475,-104.9412,3/27/2020 2:24,2:24:00,5,0,3,ILIFF AVENUE 3900 EAST & HENRY PLACE SOUTH,1,3,0,0,2,3, ,0,25,0,0,0,0,1,4,1,1
,2020-44712,39.74016,-104.88582,3/27/2020 12:00,12:00:00,6,0,0,XENIA STREET NORTH & COLFAX AVENUE EAST,1,1,0,0,1,4, ,0,25,0,0,0,0,0,4,2,5
,2020-44713,39.73838653,-104.9672014,3/27/2020 17:32,17:32:00,3,0,1,GILPIN STREET NORTH & 14TH AVENUE EAST,1,1,0,0,1,1, ,0,30,0,0,0,0,0,4,3,13
,2020-44714,39.66028453,-104.8850989,3/27/2020 19:15,19:15:00,5,0,1,YOSEMITE STREET & SYRACUSE WAY SOUTH,9,3,0,2,3,3, ,0,35,0,0,0,0,2,4,1,6
,2020-44715,39.68948,-105.02623,3/27/2020 20:18,20:18:00,3,0,0,FLORIDA AVENUE WEST & FEDERAL BOULEVARD SOUTH,11,3,0,2,1,2, ,0,30,0,0,0,0,0,4,2,5
,2020-44716,39.63927,-105.05331,3/28/2020 14:23,14:23:00,3,0,0,SHERIDAN BOULEVARD SOUTH  & QUINCY AVENUE WEST,1,1,0,0,1,1, ,0,35,0,0,0,0,0,4,2,3
,2020-44717,39.74373,-104.93379,3/28/2020 21:14,21:14:00,6,0,0,17TH AVENUE EAST & CHERRY STREET NORTH,1,3,0,0,1,4, ,0,35,0,0,0,0,0,4,2,5
,2020-44718,39.78932,-104.84019,3/28/2020 21:28,21:28:00,3,0,0,51ST AVENUE EAST & TITAN COURT NORTH,1,3,0,0,1,1, ,0,25,0,0,0,0,0,4,2,1
,2020-44719,39.7983,-104.77212,3/28/2020 21:34,21:34:00,12,0,0,56TH AVENUE EAST & TOWER ROAD NORTH,1,3,0,0,1,1, ,0,45,0,0,0,0,0,4,2,7
,2020-44720,39.72264553,-104.8795189,3/29/2020 9:48,9:48:00,6,0,0,ALTON WAY NORTH & FIFTH AVENUE EAST,1,1,0,0,1,4, ,0,30,0,0,0,0,0,4,3,9
,2020-44721,39.70804,-105.04203,3/29/2020 12:18,12:18:00,3,0,0,VIRGINIA AVENUE WEST & RALEIGH STREET SOUTH,1,1,0,0,1,1, ,0,25,0,0,0,0,0,4,2,13
,2020-44722,39.7645,-104.96595,3/29/2020 12:46,12:46:00,6,0,1,BRUCE RANDOLPH AVENUE EAST & WILLIAMS STREET NORTH,1,1,0,0,1,4, ,0,30,0,0,0,0,1,4,3,14
,2020-44723,39.74467,-104.99635,3/29/2020 14:56,14:56:00,10,0,0,14TH STREET & CHAMPA STREET,1,1,0,0,1,1, ,0,30,0,0,0,0,0,4,2,13
,2020-44724,39.74843953,-105.0033589,3/29/2020 15:35,15:35:00,3,0,0,SPEER B NORTH & AURARIA PARKWAY,1,1,0,0,1,1, ,0,35,0,0,0,0,0,4,2,3
,2020-44725,39.73206,-104.96949,3/29/2020 17:04,17:04:00,3,0,0,10TH AVENUE EAST & HUMBOLDT STREET NORTH,1,1,0,0,1,1, ,0,30,0,0,0,0,0,4,2,13
,2020-44726,39.77283,-104.80163,3/29/2020 17:40,17:40:00,10,0,0,40TH AVENUE EAST & KITTREDGE STREET NORTH,1,1,0,0,1,1, ,0,35,0,0,0,0,0,4,2,14
,2020-44727,39.71009,-104.90351,3/29/2020 18:29,18:29:00,1,0,1,QUEBEC STREET SOUTH  & ALAMEDA AVENUE EAST,1,1,0,0,1,1, ,0,45,0,0,0,0,1,4,2,1
,2020-44728,39.79258451,-104.7721895,3/29/2020 19:47,19:47:00,5,0,0,TOWER ROAD NORTH & ELMENDORF DRIVE EAST,1,1,0,0,3,1, ,0,45,0,0,0,0,0,4,1,13
,2020-44729,39.71706,-104.90371,3/29/2020 20:56,20:56:00,1,0,1,LOWRY BOULEVARD EAST & QUEBEC STREET NORTH,1,3,0,0,1,1, ,0,35,0,0,0,0,1,4,2,13
,2020-44730,39.77319,-104.80988,3/29/2020 21:36,21:36:00,1,0,0,CHAMBERS ROAD NORTH & 40TH AVENUE EAST,1,3,0,0,1,1, ,0,40,0,0,0,0,0,4,2,13
,2020-44731,39.68495,-105.02979,3/29/2020 23:13,23:13:00,6,0,0,IRVING STREET SOUTH & BAILS PLACE WEST,1,4,0,0,1,4, ,0,25,0,0,0,0,0,4,2,3
,2020-44732,39.76178,-104.95336,3/30/2020 7:17,7:17:00,12,0,0,MLK BOULEVARD & 2900 EAST,1,1,0,0,1,4, ,0,,0,0,0,0,0,4,2,13
,2020-44733,39.66268,-105.03153,3/30/2020 11:07,11:07:00,5,0,0,IRVING STREET SOUTH & DARTMOUTH AVENUE WEST,1,1,0,0,2,4, ,0,25,0,0,0,0,0,4,1,13
,2020-44734,39.78239,-104.84701,3/30/2020 11:16,11:16:00,3,0,1,PEORIA STREET NORTH & ALBROOK DRIVE EAST,1,1,0,0,1,1, ,0,40,0,0,0,0,0,4,2,13
,2020-44735,39.71017,-104.9966,3/30/2020 12:55,12:55:00,12,0,0,SANTA FE DRIVE 300 SOUTH & ALAMEDA AVENUE WEST,1,1,0,0,1,4, ,0,30,0,0,0,0,0,4,2,7
,2020-44736,39.75305653,-104.9854804,3/30/2020 13:35,13:35:00,1,0,2,PARK AVENUE WEST & CHAMPA STREET,1,1,0,0,1,1, ,0,30,0,0,0,0,2,4,2,13
,2020-44737,39.70749,-104.97338,3/30/2020 17:25,17:25:00,11,0,1,VIRGINIA AVENUE EAST & DOWNING STREET SOUTH,1,1,0,0,1,1, ,0,25,0,1,0,0,1,4,2,14
,2020-44738,39.78579094,-105.0089302,3/30/2020 19:21,19:21:00,12,0,0,RARITAN STREET & 1100 SOUTH,1,3,1,0,1,5, ,0,15,0,0,0,0,0,4,2,7
,2020-44739,39.73563153,-104.8969473,3/30/2020 19:30,19:30:00,6,0,0,12TH AVENUE EAST & TAMARAC STREET,1,5,0,0,1,4, ,0,25,0,0,0,0,0,4,6,13
,2020-44740,39.74812453,-105.0042589,3/30/2020 21:38,21:38:00,5,0,1,AURARIA PARKWAY & 12TH STREET,1,3,0,0,3,1, ,0,30,0,0,0,0,1,4,1,8
,2020-44741,39.72128,-105.02543,3/31/2020 5:56,5:56:00,6,0,0,THIRD AVENUE WEST & GROVE STREET NORTH,1,3,0,0,1,4, ,0,25,0,0,0,0,0,4,2,14
,2020-44742,39.73062,-105.03947,3/31/2020 7:20,7:20:00,3,0,0,PERRY STREET NORTH & NINTH AVENUE WEST,1,1,1,0,1,1, ,0,25,0,0,0,0,0,4,2,13
,2020-44743,39.70235,-105.04016,3/31/2020 7:58,7:58:00,5,0,0,OHIO AVENUE WEST & PATTON COURT SOUTH,1,1,0,0,3,4, ,0,,0,0,0,0,0,4,1,13
,2020-44744,39.62809,-104.89088,3/31/2020 8:26,8:26:00,5,0,0,DTC P 4900 SOUTH & UNION AVENUE EAST,1,1,0,0,3,4, ,0,,0,0,0,0,0,4,1,16
,2020-44745,39.72094,-104.98745,3/31/2020 14:00,14:00:00,3,0,0,BROADWAY STREET NORTH & THIRD AVENUE EAST,1,1,0,0,1,1, ,0,35,0,0,0,1,0,4,2,1
,2020-44746,39.67484,-104.9188,3/31/2020 16:20,16:20:00,5,0,0,ILIFF AVENUE EAST & JASMINE STREET SOUTH,1,1,0,0,4,1, ,0,25,0,0,0,0,0,4,1,14
,2020-44747,39.76338,-104.9508,3/31/2020 18:21,18:21:00,6,0,0,STREET PAUL STREET NORTH & 3300 NORTH,1,3,0,0,1,4, ,0,30,0,0,0,0,0,4,2,1
,2020-44748,39.67866,-105.02037,3/31/2020 18:47,18:47:00,12,0,4,EVANS AVENUE WEST & CLAY STREET SOUTH,1,1,0,0,1,4, ,0,30,0,0,0,0,1,4,4,3
,2020-44749,39.73369,-104.98105,3/31/2020 21:45,21:45:00,3,0,0,11TH AVENUE 400 EAST & LOGAN STREET NORTH,1,3,0,0,1,2, ,0,15,0,0,0,0,0,4,2,13
,2020-44750,39.67858154,-105.0063919,4/1/2020 5:54,5:54:00,15,0,0,EVANS AVENUE WEST & PECOS STREET SOUTH,1,3,0,0,1,4, ,0,30,0,0,0,0,0,4,2,13
,2020-44751,39.71833,-104.97391,4/1/2020 6:32,6:32:00,12,0,1,SPEER B EAST & CORONA STREET NORTH,1,1,0,0,1,1, ,0,30,0,0,0,0,1,4,2,13
,2020-44752,39.70215,-105.03557,4/1/2020 7:00,7:00:00,6,0,0,OHIO AVENUE WEST & NEWTON STREET SOUTH,1,1,0,0,1,4, ,0,25,0,0,0,0,0,4,2,7
,2020-44753,39.75761,-104.95977,4/1/2020 8:25,8:25:00,15,0,0,YORK STREET NORTH & 29TH STREET EAST,1,1,0,0,1,4, ,0,30,0,0,0,0,0,4,2,14
,2020-44754,39.79816,-104.84697,4/1/2020 9:05,9:05:00,12,0,0,56TH AVENUE 12100 EAST & PEORIA STREET NORTH,1,1,0,0,1,4, ,0,40,0,0,0,0,0,4,2,16
,2020-44755,39.65212,-104.8848,4/1/2020 9:10,9:10:00,15,0,0,YOSEMITE STREET SOUTH & JEFFERSON AVENUE EAST,1,1,1,0,1,3, ,0,35,0,0,0,0,0,4,2,13
,2020-44756,39.6313,-104.89234,4/1/2020 13:40,13:40:00,3,0,0,UNION AVENUE EAST & DTC B SOUTH,1,1,0,0,1,1, ,0,30,0,0,0,0,0,4,2,1
,2020-44757,39.68230754,-105.0133489,4/1/2020 15:57,15:57:00,6,0,0,VALLEJO STREET SOUTH & JEWELL AVENUE WEST,1,1,0,0,1,4, ,0,25,0,0,0,0,0,4,2,3
,2020-44758,39.73124,-104.98486,4/1/2020 17:00,17:00:00,12,0,0,SHERMAN STREET 950 NORTH & 10TH AVENUE,1,1,0,0,1,4, ,0,,0,0,0,0,0,4,2,16
,2020-44759,39.71471,-104.98721,4/1/2020 19:00,19:00:00,15,0,0,BAYAUD AVENUE O EAST & BROADWAY STREET SOUTH,1,2,1,0,1,4, ,0,20,0,0,0,0,0,4,2,14
,2020-44760,39.77799,-104.77207,4/1/2020 19:40,19:40:00,1,0,1,TOWER ROAD NORTH & 45TH AVENUE EAST,1,3,0,0,1,1, ,0,40,0,0,0,0,1,4,2,13
,2020-44761,39.78239,-104.84701,4/1/2020 22:00,22:00:00,15,0,0,47TH AVENUE EAST & PEORIA STREET NORTH,1,2,0,0,1,1, ,0,35,0,0,0,0,0,4,2,13
,2020-44762,39.73688353,-105.0104104,4/2/2020 2:34,2:34:00,5,0,0,13TH AVENUE WEST & SHOSHONE STREET NORTH,11,3,0,1,2,4, ,0,,0,0,0,0,0,4,1,13
,2020-44763,39.75319,-104.98732,4/2/2020 5:57,5:57:00,11,0,1,BROADWAY STREET NORTH & ARAPAHOE STREET,11,3,0,1,1,4, ,0,0,0,1,0,0,3,4,2,16
,2020-44764,39.74011,-104.99885,4/2/2020 8:52,8:52:00,5,0,1,SPEER B 1400 NORTH & COLFAX AVENUE WEST,11,1,0,2,2,4, ,0,35,0,0,0,0,2,4,1,16
,2020-44765,39.79831,-104.81255,4/2/2020 9:00,9:00:00,3,0,0,56TH AVENUE EAST & FAIRPLAY STREET NORTH,11,1,0,1,1,1, ,0,25,0,0,0,0,0,4,2,13
,2020-44766,39.67484,-104.95996,4/2/2020 12:22,12:22:00,12,0,0,ILIFF AVENUE 2300 EAST & UNIVERSITY B SOUTH,11,1,0,0,1,4, ,0,30,0,0,0,0,0,4,3,5
,2020-44767,39.67865,-105.02271,4/2/2020 17:14,17:14:00,5,0,1,EVANS AVENUE WEST & CLAY AVENUE SOUTH,11,1,0,1,3,4, ,0,25,0,0,0,0,2,4,1,1
,2020-44768,39.71447353,-104.9037694,4/2/2020 22:51,22:51:00,5,0,1,QUEBEC STREET SOUTH & BAYAUD AVENUE EAST,4,3,0,2,3,4, ,0,30,0,0,0,0,1,4,1,7
,2020-44769,39.76868,-104.97296,4/3/2020 0:00,0:00:00,6,0,0,DOWNING STREET NORTH & 3724 NORTH DOWNING STREET,10,4,0,2,1,4, ,0,25,0,0,0,0,0,4,2,7
,2020-44770,39.69651,-104.89705,4/3/2020 5:50,5:50:00,6,0,2,MISSISSIPPI AVENUE 7800 EAST & PARKER ROAD SOUTH,4,2,0,0,1,4, ,0,35,0,0,0,0,1,4,2,8
,2020-44771,39.69661,-104.89619,4/3/2020 5:50,5:50:00,6,0,0,MISSISSIPPI AVENUE 7900 EAST & PARKER ROAD SOUTH,4,2,0,0,1,4, ,0,35,0,0,0,0,0,4,3,13
,2020-44772,39.69654,-104.89816,4/3/2020 5:50,5:50:00,12,0,0,MISSISSIPPI AVENUE EAST & PARKER ROAD SOUTH,4,1,0,0,1,1, ,0,30,0,0,0,0,0,4,2,14
,2020-44773,39.67846,-104.99716,4/3/2020 5:58,5:58:00,5,0,0,EVANS AVENUE WEST & HURON STREET SOUTH,4,2,0,2,2,3, ,0,35,0,0,0,0,0,4,1,7
,2020-44774,39.67856354,-105.0052084,4/3/2020 6:05,6:05:00,8,0,0,EVANS AVENUE WEST & OSAGE STREET SOUTH,4,3,1,2,1,1, ,0,35,0,0,0,0,0,4,2,7
,2020-44775,39.67892,-105.03742,4/3/2020 6:27,6:27:00,5,0,0,EVANS AVENUE WEST & OSCEOLA STREET SOUTH,4,1,0,0,3,3, ,0,30,0,0,0,0,0,4,1,3
,2020-44776,39.67856354,-105.0052084,4/3/2020 6:49,6:49:00,14,0,0,EVANS AVENUE WEST & OSAGE STREET SOUTH,4,2,1,0,1,3, ,0,30,0,0,0,0,0,4,3,7
,2020-44777,39.77288,-104.94169,4/3/2020 7:10,7:10:00,3,0,1,40TH AVENUE EAST & HARRISON STREET NORTH,4,1,1,0,1,1, ,0,25,0,0,0,0,1,4,2,7
,2020-44778,39.69668954,-105.0015184,4/3/2020 7:17,7:17:00,5,0,0,LIPAN STREET SOUTH & MISSISSIPPI AVENUE WEST,11,1,1,0,3,1, ,0,35,0,0,0,0,0,4,1,13
,2020-44779,39.75104953,-104.9828704,4/3/2020 8:46,8:46:00,12,0,0,PARK AVENUE WEST & WELTON STREET,1,1,0,0,1,1, ,0,35,0,0,0,0,0,4,2,13
,2020-44781,39.72728,-104.98362,4/3/2020 10:33,10:33:00,3,0,0,SEVENTH AVENUE EAST & GRANT STREET NORTH,1,1,0,0,1,1, ,0,30,0,0,0,0,0,4,2,13
,2020-44782,39.74036,-105.04867,4/3/2020 15:40,15:40:00,3,0,0,WOLFF STREET NORTH & COLFAX AVENUE WEST,1,1,1,0,1,2, ,0,35,0,0,0,0,0,4,2,13
,2020-44783,39.74485,-104.97754,4/3/2020 17:09,17:09:00,3,0,0,18TH AVENUE EAST & CLARKSON STREET NORTH,1,1,0,0,1,1, ,0,25,0,0,0,0,0,4,3,13
,2020-44784,39.78376,-105.03457,4/3/2020 20:09,20:09:00,3,0,0,48TH AVENUE WEST & LOWELL B NORTH,1,3,0,0,1,1, ,0,30,0,0,0,0,0,4,2,8
,2020-44785,39.68836,-104.90335,4/3/2020 21:18,21:18:00,12,0,1,QUEBEC STREET SOUTH & FLORIDA AVENUE EAST,1,3,0,0,1,1, ,0,35,0,0,0,0,1,4,2,14
,2020-44786,39.70579,-104.867,4/4/2020 4:04,4:04:00,5,0,0,GALENA WAY SOUTH & HAVANA STREET SOUTH,1,1,0,0,3,4, ,0,25,0,0,0,0,0,4,1,14
,2020-44787,39.73686,-104.99572,4/4/2020 8:20,8:20:00,3,0,0,13TH AVENUE WEST & SPEER B NORTH,1,1,0,0,1,1, ,0,35,0,0,0,0,0,4,2,16
,2020-44788,39.73848,-105.04166,4/4/2020 8:38,8:38:00,3,0,0,14TH AVENUE WEST & RALEIGH STREET NORTH,1,1,0,0,1,1, ,0,25,0,0,0,0,0,4,2,13
,2020-44789,39.70035,-105.02954,4/4/2020 10:37,10:37:00,6,0,0,KENTUCKY AVENUE WEST & HAZEL COURT SOUTH,1,1,0,0,1,4, ,0,25,0,0,0,0,0,4,3,13
,2020-44790,39.73517,-104.97124,4/4/2020 13:36,13:36:00,3,0,1,12TH AVENUE EAST & LAFAYETTE STREET NORTH,1,1,0,0,1,5, ,0,25,0,0,0,1,2,4,2,13
,2020-44791,39.79839,-104.90339,4/4/2020 15:30,15:30:00,1,0,1,QUEBEC STREET NORTH & 56TH AVENUE EAST,1,1,0,0,1,1, ,0,40,0,0,0,0,1,4,2,13
,2020-44792,39.72935,-104.93008,4/4/2020 16:30,16:30:00,6,0,0,EUDORA STREET NORTH & 800 NORTH,1,1,0,0,1,4, ,0,,0,0,0,0,0,4,2,3
,2020-44793,39.757,-104.92078,4/5/2020 9:44,9:44:00,6,0,0,IVANHOE STREET NORTH & 28TH AVENUE EAST,1,1,0,0,1,4, ,0,25,0,0,0,0,0,4,2,13
,2020-44794,39.70394,-105.03951,4/5/2020 10:20,10:20:00,6,0,0,EXPOSITION AVENUE WEST & PATTON COURT SOUTH,1,1,0,0,1,4, ,0,25,0,0,0,1,0,4,2,1
,2020-44795,39.71654354,-105.0372889,4/5/2020 11:34,11:34:00,6,0,0,NEWTON STREET NORTH & 467 NORTH NEWTON STREET,1,1,0,0,1,4, ,0,25,0,0,0,0,0,4,2,9
,2020-44796,39.67865354,-105.0110179,4/5/2020 19:54,19:54:00,3,0,0,EVANS AVENUE WEST & TEJON STREET SOUTH,1,3,0,0,1,2, ,0,35,0,0,0,0,0,4,2,5
,2020-44797,39.71143153,-104.9413536,4/6/2020 2:00,2:00:00,5,0,0,ALAMEDA AVENUE EAST  & 9500 EAST,1,3,0,0,3,4, ,0,40,0,0,0,0,0,4,1,5
,2020-44798,39.8333815,-104.771969,4/6/2020 8:06,8:06:00,5,0,0,PENA BOULEVARD & TOWER ROAD NORTH,1,1,0,0,2,4, ,0,65,0,0,0,0,0,4,1,7
,2020-44799,39.6552,-104.8799,4/6/2020 12:12,12:12:00,6,0,0,BOSTON COURT SOUTH & HAMPDEN AVENUE EAST,1,1,0,0,1,4, ,0,25,0,0,0,0,0,4,2,13
,2020-44800,39.78016453,-105.0064279,4/6/2020 14:23,14:23:00,2,0,1,PECOS STREET NORTH & 46TH AVENUE WEST,1,1,0,0,1,5, ,0,0,1,0,0,0,1,4,2,16
,2020-44801,39.76177302,-104.8975909,4/6/2020 15:30,15:30:00,6,0,0,SPRUCE STREET NORTH & 1745 NORTH SPRUCE STREET,1,1,0,0,1,4, ,0,25,0,0,0,0,0,4,2,13
,2020-44802,39.71301,-105.02034,4/6/2020 15:50,15:50:00,3,0,1,CLAY STREET SOUTH & CEDAR AVENUE WEST,1,1,0,0,1,1, ,0,20,0,0,0,0,2,4,2,1
,2020-44803,39.72489,-104.98617,4/6/2020 16:00,16:00:00,10,0,1,LINCOLN STREET NORTH & SPEER BOULEVARD,1,1,0,0,1,2, ,0,35,0,0,0,1,1,4,2,1
,2020-44804,39.72908,-104.98973,4/6/2020 19:00,19:00:00,12,0,2,EIGHTH AVENUE 100 WEST & SPEER B NORTH,1,1,0,0,1,3, ,0,25,0,0,0,0,1,4,2,13
,2020-44805,39.71118,-104.9924,4/6/2020 19:40,19:40:00,5,0,0,ALAMEDA AVENUE WEST & CHEROKEE STREET SOUTH,1,3,1,0,3,3, ,0,30,0,0,0,0,0,4,1,5
,2020-44806,39.70567,-104.97337,4/6/2020 23:30,23:30:00,5,0,0,DOWNING STREET SOUTH & CENTER AVENUE EAST,1,3,0,0,1,4, ,0,30,0,0,0,0,0,4,1,5
,2020-44807,39.75932,-104.9937,4/7/2020 7:40,7:40:00,12,0,0,WEWATTA STREET & PARK AVENUE,1,1,0,0,1,1, ,0,35,0,0,0,0,0,4,2,2
,2020-44808,39.71118,-104.93525,4/7/2020 13:13,13:13:00,5,0,0,ALAMEDA AVENUE EAST  & CLERMONT STREET SOUTH,1,1,2,0,1,3, ,0,35,0,0,0,0,0,4,4,13
,2020-44809,39.7531,-104.98794,4/7/2020 20:10,20:10:00,6,0,0,22ND STREET & ARAPAHOE STREET,1,3,0,0,1,4, ,0,30,0,0,0,0,0,4,2,14
,2020-44810,39.74746,-104.88466,4/7/2020 20:37,20:37:00,8,0,1,MONTVIEW B EAST & CENTRAL PARK B NORTH,1,3,1,0,1,4, ,0,35,0,0,0,0,1,4,2,7
,2020-44811,39.71026,-105.01691,4/7/2020 20:40,20:40:00,6,0,0,ALCOTT STREET SOUTH & DAKOTA PLACE WEST,1,3,0,0,1,4, ,0,25,0,0,0,0,0,4,3,7
,2020-44812,39.68948,-105.02623,4/7/2020 20:41,20:41:00,12,0,1,FLORIDA AVENUE WEST & 3000 WEST,1,4,0,0,1,4, ,0,35,0,0,0,0,1,4,2,5
,2020-44813,39.67552,-105.05243,4/7/2020 21:45,21:45:00,5,0,0,ZURICH COURT SOUTH & 2209 SOUTH ZURICH COURT,1,3,0,0,3,4, ,0,25,0,0,0,0,0,4,1,9
,2020-44814,39.69531,-104.91289,4/8/2020 0:20,0:20:00,6,0,2,MONACO STREET SOUTH & ARIZONA AVENUE EAST,1,3,0,0,1,4, ,0,35,0,0,0,0,0,4,2,5
,2020-44815,39.74946,-104.96595,4/8/2020 6:48,6:48:00,5,0,1,22ND AVENUE EAST & 1700 EAST,1,1,0,0,1,4, ,0,,0,0,0,0,0,4,1,13
,2020-44816,39.78487,-105.02989,4/8/2020 10:04,10:04:00,6,0,0,IRVING STREET NORTH & 48TH AVENUE WEST,1,1,0,0,1,4, ,0,25,0,0,0,0,0,4,2,13
,2020-44817,39.77651,-105.04426,4/8/2020 10:48,10:48:00,15,0,0,44TH AVENUE WEST & TENNYSON STREET NORTH,1,1,0,0,1,4, ,0,25,0,0,0,0,0,4,2,14
,2020-44818,39.77067,-105.03151,4/8/2020 12:06,12:06:00,11,0,0,JULIAN STREET NORTH & 39TH AVENUE WEST,1,1,0,0,1,1, ,0,25,0,1,0,0,0,4,2,13
,2020-44819,39.76809,-104.94171,4/8/2020 13:24,13:24:00,5,0,0,37TH AVENUE EAST & HARRISON STREET NORTH,1,1,0,0,3,1, ,0,25,0,0,0,0,0,4,1,13
,2020-44820,39.72343753,-104.9837794,4/8/2020 13:52,13:52:00,15,0,0,GRANT STREET NORTH & SPEER BOULEVARD,1,1,0,0,1,4, ,0,30,0,0,0,0,0,4,2,13
,2020-44821,39.7103,-105.0264,4/8/2020 14:40,14:40:00,6,0,0,GROVE STREET SOUTH & DAKOTA AVENUE WEST,1,1,0,0,1,4, ,0,25,0,0,0,0,0,4,2,3
,2020-44822,39.7494,-104.97305,4/8/2020 17:50,17:50:00,6,0,0,22ND AVENUE EAST & DOWNING STREET NORTH,1,1,0,0,1,4, ,0,25,0,0,0,0,0,4,2,7
,2020-44823,39.67851,-104.97343,4/8/2020 21:50,21:50:00,12,0,0,DOWNING STREET SOUTH & EVANS AVENUE EAST,1,3,0,0,1,1, ,0,30,0,0,0,0,0,4,2,1
,2020-44824,39.70896,-105.04734,4/8/2020 22:27,22:27:00,6,0,0,ALASKA PLACE WEST & WOLF STREET SOUTH,1,3,0,0,1,4, ,0,25,0,0,0,0,0,4,2,5
,2020-44825,39.77352,-105.02053,4/8/2020 23:18,23:18:00,6,0,0,CLAY STREET NORTH & 42ND AVENUE WEST,1,3,1,0,1,4, ,0,25,0,0,0,0,0,4,2,14
,2020-44826,39.77152453,-104.9737579,4/9/2020 2:08,2:08:00,15,0,0,38TH STREET & WAZEE STREET,1,3,1,0,1,1, ,0,30,0,0,0,0,0,4,2,13
,2020-44827,39.74139,-104.93979,4/9/2020 6:46,6:46:00,6,0,0,16TH AVENUE EAST & ALBION STREET NORTH,1,3,0,1,1,4, ,0,25,0,0,0,0,0,4,2,1
,2020-44828,39.7705,-104.99941,4/9/2020 11:11,11:11:00,6,0,0,39TH AVENUE WEST & JASON STREET NORTH,1,1,0,0,1,4, ,0,25,0,0,0,0,0,4,2,14
,2020-44829,39.66501,-105.02989,4/9/2020 16:06,16:06:00,3,0,0,AMHERST AVENUE WEST & IRVING STREET SOUTH,1,1,0,0,1,1, ,0,25,0,0,0,0,0,4,2,14
,2020-44830,39.71004,-104.9975,4/9/2020 16:29,16:29:00,10,0,0,KALAMATH STREET SOUTH & ALAMEDA AVENUE WEST,1,1,0,0,1,2, ,0,30,0,0,0,0,0,4,2,14
,2020-44831,39.7111,-104.97808,4/9/2020 16:33,16:33:00,15,0,0,ALAMEDA AVENUE EAST  & CLARKSON STREET SOUTH,1,1,0,0,1,1, ,0,30,0,0,0,0,0,1,2,13
,2020-44832,39.74378,-104.88465,4/9/2020 17:17,17:17:00,3,0,0,17TH AVENUE EAST & YOSEMITE STREET NORTH,1,1,0,0,1,1, ,0,30,0,0,0,0,0,4,2,3
,2020-44833,39.66694,-105.02278,4/9/2020 17:48,17:48:00,12,0,1,DECATUR STREET SOUTH & YALE AVENUE WEST,1,1,0,0,1,4, ,0,,0,0,0,0,0,4,2,16
,2020-44834,39.70748053,-104.9723899,4/9/2020 18:21,18:21:00,2,0,1,MARION PARKWAY SOUTH & VIRGINIA AVENUE EAST,1,1,0,0,1,1, ,0,0,1,0,0,0,2,4,2,16
,2020-44835,39.76927453,-105.0158509,4/10/2020 1:29,1:29:00,5,0,0,38TH AVENUE & ZUNI STREET NORTH,1,3,0,0,2,1, ,0,30,0,0,0,0,0,4,1,5
,2020-44836,39.76928,-104.75343,4/10/2020 2:14,2:14:00,5,0,1,38TH AVENUE EAST & HIMALAYA ROAD NORTH,1,3,0,0,3,3, ,0,35,0,0,0,0,2,4,1,5
,2020-44837,39.73846,-104.99764,4/10/2020 7:00,7:00:00,3,0,1,SPEER BOULEVARD NORTH & 14TH AVENUE WEST,1,1,0,0,1,1, ,0,35,0,0,0,0,1,4,2,13
,2020-44838,39.68931,-104.99659,4/10/2020 11:58,11:58:00,15,0,1,PLATTE RIVER DRIVE SOUTH & FLORIDA AVENUE WEST,1,1,0,0,1,1, ,0,35,0,0,0,0,1,4,2,13
,2020-44839,39.72702,-105.03838,4/10/2020 12:05,12:05:00,6,0,0,OSCEOLA STREET NORTH & SIXTH AVENUE WEST,1,1,0,0,1,4, ,0,25,0,0,0,0,0,4,2,13