id,drcog_id,latitude,longitude,crashtime,time,crashtype,numbkilled,numbinjurd,drcoglocat,rdconditin,lightngcon,roadcntgrd,weatherco,location,roaddescrp,schoolzone,constrzone,splimit,bikeinv,pedinv,sctrinv,motoinv,svrty,rdsystem,ttlvehcls,hcf
,2020-44840,39.74326,-104.97754,4/10/2020 15:39,15:39:00,3,0,0,17TH AVENUE EAST & CLARKSON STREET NORTH,1,1,0,0,1,1, ,0,30,0,0,0,0,0,4,2,14
,2020-44841,39.65924,-105.04339,4/10/2020 17:15,17:15:00,3,0,0,DARTMOUTH AVENUE WEST & RALEIGH STREET SOUTH,1,1,0,0,1,1, ,0,30,0,0,0,0,0,4,2,7
,2020-44842,39.63859,-105.03471,4/10/2020 18:31,18:31:00,15,0,1,QUINCY AVENUE WEST & LOWELL BOULEVARD SOUTH,1,1,0,0,1,3, ,0,30,0,0,0,0,1,4,2,10
,2020-44843,39.78379,-104.79797,4/10/2020 19:13,19:13:00,15,0,0,GREEN VALLEY RANCH B EAST & MEMPHIS STREET NORTH,1,1,0,0,1,4, ,0,30,0,0,0,0,0,4,2,13
,2020-44844,39.76325,-104.96098,4/11/2020 2:30,2:30:00,6,0,0,33RD AVENUE EAST & GAYLORD STREET NORTH,1,4,0,0,1,4, ,0,25,0,0,0,0,0,4,2,7
,2020-44845,39.78046,-104.93164,4/11/2020 8:24,8:24:00,10,0,0,STAPELTON DRIVE NORTHEAST & DAHLIA STREET NORTH,1,1,0,0,1,1, ,0,25,0,0,0,0,0,4,2,13
,2020-44846,39.78018253,-105.0158194,4/11/2020 15:39,15:39:00,1,0,0,46TH AVENUE WEST & ZUNI STREET NORTH,1,1,0,0,1,1, ,0,30,0,0,0,0,0,4,2,1
,2020-44847,39.72452,-105.03248,4/11/2020 16:06,16:06:00,10,0,1,KNOX COURT NORTH & FIFTH AVENUE WEST,1,1,0,0,1,4, ,0,30,0,0,0,0,1,4,2,1
,2020-44848,39.73515,-104.97987,4/11/2020 16:47,16:47:00,6,0,0,12TH AVENUE EAST & PEARL STREET NORTH,1,1,0,0,2,1, ,0,30,0,0,0,0,0,4,4,5
,2020-44849,39.71657,-105.0337,4/11/2020 18:21,18:21:00,5,0,0,ELLSWORTH AVENUE WEST & KING STREET NORTH,1,1,0,0,2,4, ,0,25,0,0,0,0,0,4,1,14
,2020-44850,39.78372,-104.76491,4/11/2020 19:14,19:14:00,3,0,1,GREEN VALLEY RANCH BOULEVARD EAST & TOWER ROAD NORTH,1,1,0,0,1,2, ,0,35,0,0,0,1,3,4,2,13
,2020-44851,39.77223551,-104.766992,4/12/2020 1:02,1:02:00,5,0,0,40TH AVENUE 19100 EAST & ARGONNE STREET NORTH,11,3,0,2,3,4, ,0,,0,0,0,0,0,4,1,16
,2020-44852,39.74571,-104.98803,4/12/2020 14:51,14:51:00,1,0,0,18TH STREET & GLENARM PLACE,1,1,0,2,1,1, ,0,30,0,0,0,0,0,4,2,13
,2020-44853,39.76005,-104.86586,4/12/2020 18:35,18:35:00,12,0,0,HAVANA STREET NORTH  & MLK BOULEVARD EAST,11,1,0,0,1,1, ,0,35,0,0,0,0,0,4,2,6
,2020-44854,39.76746,-104.90345,4/12/2020 18:55,18:55:00,3,0,0,QUEBEC STREET NORTH & 36TH AVENUE EAST,11,2,0,2,1,1, ,0,40,0,0,0,0,0,4,2,13
,2020-44856,39.84416,-104.67699,4/13/2020 4:55,4:55:00,5,0,1,PENA BOULEVARD & 8148 PENA BOULEVARD,9,3,1,2,3,4, ,0,45,0,0,0,0,1,4,1,13
,2020-44857,39.71131,-104.89379,4/13/2020 6:45,6:45:00,5,0,1,ALAMEDA AVENUE EAST  & FAIRMOUNT DRIVE EAST,4,4,0,2,2,4, ,0,35,0,0,0,0,2,4,1,1
,2020-44858,39.71532,-104.95923,4/13/2020 7:58,7:58:00,3,0,0,UNIVERSITY BOULEVARD SOUTH & CHERRY CREEK DRIVE SOUTH,4,1,0,2,1,1, ,0,30,0,0,0,0,0,4,4,13
,2020-44859,39.71706,-104.90371,4/13/2020 8:25,8:25:00,3,0,1,LOWRY BOULEVARD EAST & QUEBEC STREET NORTH,4,2,0,2,1,1, ,0,35,0,0,0,0,1,4,2,13
,2020-44860,39.73203,-104.97868,4/13/2020 8:29,8:29:00,3,0,1,WASHINGTON STREET NORTH & 10TH AVENUE EAST,11,1,0,2,1,2, ,0,30,0,0,0,0,1,4,2,13
,2020-44861,39.72513074,-105.1159414,4/13/2020 9:30,9:30:00,5,0,0,KALAMATH STREET 600 NORTH & SIXTH AVENUE WEST,6,1,0,0,1,4, ,0,30,0,0,0,0,0,4,1,16
,2020-44862,39.67868954,-105.0156709,4/13/2020 12:55,12:55:00,3,0,0,EVANS AVENUE WEST & ZUNI STREET SOUTH,9,1,0,2,1,1, ,0,30,0,0,0,0,0,4,2,13
,2020-44863,39.75903,-104.98473,4/13/2020 19:35,19:35:00,12,0,0,LARIMER STREET & 2600,11,2,0,0,1,4, ,0,25,0,0,0,0,0,4,2,13
,2020-44864,39.69497,-105.04839,4/14/2020 1:42,1:42:00,6,0,1,ARIZONA AVENUE WEST & WINONA COURT SOUTH,4,4,0,0,1,3, ,0,25,0,0,0,0,1,4,2,5
,2020-44865,39.8333815,-104.771969,4/14/2020 3:29,3:29:00,9,0,0,PENA BOULEVARD & TOWER ROAD,4,3,1,0,2,4, ,0,65,0,0,0,0,0,4,1,7
,2020-44866,39.70038,-105.04085,4/14/2020 6:29,6:29:00,1,0,1,KENTUCKY AVENUE WEST & QUITMAN STREET SOUTH,1,1,0,0,1,1, ,0,30,0,0,0,0,1,4,2,13
,2020-44867,39.73686,-104.99572,4/14/2020 7:02,7:02:00,3,0,0,13TH AVENUE WEST & SPEER B NORTH,1,1,1,0,1,1, ,0,25,0,0,0,0,0,4,3,14
,2020-44868,39.74327,-104.98359,4/14/2020 7:10,7:10:00,3,0,1,17TH AVENUE EAST & GRANT STREET NORTH,1,1,0,0,1,1, ,0,30,0,0,0,0,1,4,3,13
,2020-44869,39.76928353,-105.0017479,4/14/2020 9:36,9:36:00,3,0,0,LIPAN STREET NORTH & 38TH AVENUE WEST,1,1,1,0,1,2, ,0,25,0,0,0,0,0,4,2,13
,2020-44870,39.75442,-104.98738,4/14/2020 9:42,9:42:00,15,0,0,PARK AVENUE WEST & ARAPAHOE STREET,1,1,0,0,1,1, ,0,25,0,0,0,0,0,4,2,8
,2020-44871,39.76927453,-105.0146899,4/14/2020 10:26,10:26:00,6,0,0,WYANDOT STREET NORTH & 38TH AVENUE WEST,1,1,1,0,1,4, ,0,25,0,0,0,0,0,4,2,10
,2020-44872,39.78561,-105.02703,4/14/2020 12:42,12:42:00,6,0,0,49TH AVENUE WEST & FEDERAL BOULEVARD NORTH,1,1,1,0,1,4, ,0,25,0,0,0,0,0,4,2,13
,2020-44873,39.71862,-104.97289,4/14/2020 13:16,13:16:00,3,0,0,DOWNING STREET NORTH & SPEER B EAST,1,1,0,0,1,1, ,0,30,0,0,0,0,0,4,2,13
,2020-44874,39.70754,-104.98762,4/14/2020 13:26,13:26:00,3,0,0,BROADWAY STREET SOUTH & VIRGINIA AVENUE WEST,1,1,0,0,1,1, ,0,30,0,0,0,0,0,4,2,3
,2020-44875,39.75832153,-105.0068599,4/14/2020 13:29,13:29:00,11,0,1,PLATTE STREET & 17TH STREET,1,1,1,0,1,4, ,1,,0,1,0,0,1,4,2,13
,2020-44876,39.76075,-104.96843,4/14/2020 14:55,14:55:00,15,0,0,31ST AVENUE EAST & FRANKLIN STREET NORTH,1,1,0,0,1,1, ,0,30,0,0,0,0,0,4,2,3
,2020-44877,39.77109,-104.84704,4/14/2020 16:55,16:55:00,1,0,0,PEORIA STREET NORTH & 39TH AVENUE EAST,1,1,0,0,1,2, ,0,35,0,0,0,0,0,4,2,1
,2020-44878,39.73659,-105.03693,4/14/2020 17:26,17:26:00,6,0,0,13TH AVENUE WEST & MEADE STREET NORTH / 3700 WEST,1,1,0,0,1,4, ,0,25,0,0,0,0,0,4,2,13
,2020-44879,39.75949656,-104.9733652,4/14/2020 19:00,19:00:00,12,0,1,30TH AVENUE EAST & DOWNING STREET NORTH,1,1,0,0,1,5, ,0,25,0,0,0,0,2,4,2,13
,2020-44880,39.71495054,-105.0396784,4/14/2020 19:28,19:28:00,6,0,0,PERRY STREET 62 SOUTH & BAYAUD AVENUE WEST,1,3,0,0,1,4, ,0,25,0,0,0,0,0,4,2,16
,2020-44881,39.67173,-104.95891,4/15/2020 4:15,4:15:00,11,0,1,UNIVERSITY BOULEVARD SOUTH & EVANS AVENUE EAST,1,1,1,0,1,4, ,0,10,0,1,0,0,1,4,2,13
,2020-44882,39.71104,-104.97309,4/15/2020 7:51,7:51:00,12,0,0,ALAMEDA AVENUE EAST  & DOWNING STREET SOUTH,1,1,0,0,1,4, ,0,30,0,0,0,0,0,4,2,13
,2020-44883,39.77799,-104.77207,4/15/2020 8:09,8:09:00,3,0,0,45TH AVENUE EAST & TOWER ROAD NORTH,1,1,0,0,1,1, ,0,40,0,0,0,0,0,4,2,13
,2020-44884,39.68903054,-104.9992909,4/15/2020 9:00,9:00:00,12,0,0,PLATTE RIVER DRIVE 1500 SOUTH & FLORIDA AVENUE WEST,1,1,0,0,1,4, ,0,35,0,0,0,0,0,4,2,14
,2020-44885,39.7387,-104.90816,4/15/2020 11:45,11:45:00,15,0,0,14TH AVENUE EAST & ONEIDA STREET NORTH,1,1,0,0,1,4, ,0,30,0,0,0,0,0,4,2,1
,2020-44886,39.65379,-104.88141,4/15/2020 20:36,20:36:00,3,0,0,AKRON STREET SOUTH & GIRARD AVENUE EAST,11,3,0,2,1,1, ,0,45,0,0,0,0,0,4,2,5
,2020-44887,39.78378251,-104.798069,4/15/2020 22:09,22:09:00,5,0,0,GREEN VALLEY RANCH BOULEVARD EAST & MEMPHIS STREET NORTH,11,3,0,2,3,1, ,0,35,0,0,0,0,0,4,1,5
,2020-44888,39.76447,-104.93684,4/16/2020 0:05,0:05:00,5,0,1,BRUCE RANDOLPH AVENUE EAST & BELLAIRE STREET NORTH,11,3,0,2,2,4, ,0,30,0,0,0,0,1,4,1,5
,2020-44889,39.76074,-104.96595,4/16/2020 2:51,2:51:00,3,0,0,31ST AVENUE EAST & WILLIAMS STREET NORTH,11,3,0,2,1,1, ,0,,0,0,0,0,0,4,2,13
,2020-44890,39.75129,-104.99647,4/16/2020 6:35,6:35:00,12,0,0,MARKET STREET & 1700,9,1,0,2,1,4, ,0,30,0,0,0,0,0,4,3,13
,2020-44891,39.76191,-104.91262,4/16/2020 6:53,6:53:00,3,0,1,MLK BOULEVARD EAST & MONACO STREET NORTH,4,2,0,2,1,1, ,0,30,0,0,0,0,2,4,2,13
,2020-44892,39.71031,-105.02981,4/16/2020 8:24,8:24:00,3,0,0,IRVING STREET SOUTH & NEVADA P WEST,4,2,1,2,1,1, ,0,25,0,0,0,0,0,4,2,14
,2020-44893,39.73647,-104.9373,4/16/2020 10:22,10:22:00,3,0,0,13TH AVENUE EAST & BELLAIRE STREET NORTH,4,1,0,2,1,1, ,0,30,0,0,0,0,0,4,2,1
,2020-44894,39.72561,-104.96017,4/16/2020 11:19,11:19:00,3,0,1,YORK STREET NORTH & SIXTH AVENUE EAST,11,1,0,2,1,1, ,0,30,0,0,0,0,1,4,2,13
,2020-44895,39.75239,-104.98461,4/16/2020 14:28,14:28:00,3,0,2,PARK AVENUE WEST & STOUT STREET,7,2,0,2,1,1, ,0,30,0,0,0,0,2,4,2,8
,2020-44896,39.76384,-104.91285,4/16/2020 15:33,15:33:00,6,0,0,36TH AVENUE EAST & MONACO STREET NORTH,11,1,0,2,1,4, ,0,25,0,0,0,0,0,4,3,14
,2020-44897,39.64719,-105.06267,4/16/2020 16:54,16:54:00,5,0,0,HARLAN STREET 3800 SOUTH & LEHIGH AVENUE WEST,11,1,0,0,2,4, ,0,,0,0,0,0,0,4,1,16
,2020-44898,39.67399,-104.98758,4/16/2020 18:50,18:50:00,6,0,1,BROADWAY STREET 2300 SOUTH & ILIFF AVENUE EAST,10,1,0,2,1,4, ,0,30,0,0,0,0,1,4,2,5
,2020-44899,39.77036,-104.84703,4/16/2020 23:50,23:50:00,5,0,1,PEORIA STREET 3800 NORTH & 39TH AVENUE EAST,11,3,1,0,2,4, ,0,35,0,0,0,0,3,4,1,5
,2020-44900,39.73134,-104.90346,4/17/2020 5:35,5:35:00,12,0,0,QUEBEC STREET NORTH & 10TH AVENUE EAST,1,2,1,0,1,1, ,0,30,0,0,0,0,0,4,2,7
,2020-44901,39.78911,-104.80976,4/17/2020 8:47,8:47:00,12,0,0,5200 NORTH CHAMBERS ROAD & 53RD AVENUE EAST,1,1,0,0,1,3, ,0,40,0,0,0,0,0,4,2,3
,2020-44902,39.74478,-104.9892,4/17/2020 9:15,9:15:00,12,0,1,17TH STREET & 400,4,1,0,0,1,2, ,0,25,0,0,0,0,1,4,2,13
,2020-44903,39.75213,-104.98668,4/17/2020 9:28,9:28:00,3,0,0,22ND STREET & CHAMPA STREET,1,1,0,0,1,1, ,0,25,0,0,0,0,0,4,2,13
,2020-44904,39.73516,-104.98106,4/17/2020 9:40,9:40:00,12,0,0,PENNSYLVANIA STREET NORTH & 12TH AVENUE EAST,4,1,0,0,1,1, ,0,25,0,0,0,0,0,4,2,13
,2020-44905,39.75698,-104.95977,4/17/2020 10:03,10:03:00,3,0,0,YORK STREET NORTH & 28TH AVENUE EAST,1,1,0,0,1,1, ,0,30,0,0,0,0,0,4,2,13
,2020-44906,39.73834,-104.91395,4/17/2020 11:10,11:10:00,3,0,0,LOCUST STREET NORTH & 14TH AVENUE EAST,1,1,0,0,1,1, ,0,25,0,0,0,0,0,4,2,13
,2020-44907,39.78004,-104.94981,4/17/2020 11:16,11:16:00,12,0,1,STEELE STREET NORTH & 46TH AVENUE EAST,1,1,0,0,1,3, ,0,30,0,0,0,0,0,4,2,3
,2020-44908,39.70676,-105.03244,4/17/2020 11:29,11:29:00,15,0,0,KNOX COURT SOUTH & VIRGINIA AVENUE WEST,1,1,0,0,1,4, ,0,25,0,0,0,0,0,4,2,13
,2020-44909,39.7645,-104.97854,4/17/2020 12:35,12:35:00,6,0,0,32ND STREET & WALNUT STREET,1,1,0,0,1,2, ,0,25,0,0,0,0,0,4,2,13
,2020-44910,39.72566,-104.99047,4/17/2020 15:10,15:10:00,3,0,1,SIXTH AVENUE WEST & BANNOCK STREET NORTH,1,1,0,0,1,1, ,0,30,0,0,0,0,2,4,2,1
,2020-44911,39.67846,-104.91281,4/17/2020 15:11,15:11:00,3,0,0,MONACO STREET SOUTH & EVANS AVENUE EAST,1,1,1,0,1,1, ,0,30,0,0,0,0,0,4,3,13
,2020-44912,39.72894553,-105.0001684,4/17/2020 16:26,16:26:00,11,0,1,EIGHTH AVENUE WEST & KALAMATH STREET NORTH,1,1,0,0,1,1, ,0,30,0,1,0,0,1,4,2,13
,2020-44913,39.67865,-105.02271,4/17/2020 16:36,16:36:00,11,0,1,EVANS AVENUE WEST & FEDERAL BOULEVARD SOUTH,1,1,0,0,1,2, ,0,15,0,1,0,0,1,4,2,14
,2020-44914,39.62858,-105.03482,4/17/2020 18:43,18:43:00,12,0,0,LOWELL BOULEVARD SOUTH & SARATOGA AVENUE WEST,1,1,0,0,1,1, ,0,25,0,0,0,0,0,4,2,1
,2020-44915,39.78383653,-105.0051184,4/17/2020 19:30,19:30:00,5,0,0,48TH AVENUE WEST & OSAGE STREET NORTH,1,1,0,0,3,4, ,0,35,0,0,0,0,0,4,1,5
,2020-44916,39.75194953,-105.0147619,4/17/2020 21:30,21:30:00,15,0,0,23RD AVENUE WEST & SEVENTH STREET,1,3,1,0,1,4, ,0,30,0,0,0,0,0,4,2,5
,2020-44917,39.71117954,-105.0396919,4/18/2020 0:00,,3,0,0,PERRY STREET SOUTH & ALAMEDA AVENUE WEST,1,2,0,0,1,1, ,0,35,0,0,0,0,0,4,2,9
,2020-44919,39.73602,-104.97175,4/18/2020 9:30,9:30:00,6,0,0,MARION STREET NORTH & 13TH AVENUE EAST,1,1,0,0,1,4, ,0,25,0,0,0,0,0,4,2,13
,2020-44920,39.72943,-105.03721,4/18/2020 12:00,12:00:00,6,0,0,NEWTON STREET NORTH & NINTH AVENUE WEST,1,1,0,0,1,4, ,0,25,0,0,0,0,0,4,2,5
,2020-44921,39.67847,-104.94182,4/18/2020 12:01,12:01:00,12,0,1,EVANS AVENUE 3900 EAST & COLORADO B SOUTH,1,1,0,0,1,4, ,0,35,0,0,0,0,2,4,2,16
,2020-44922,39.76946,-105.03816,4/18/2020 14:31,14:31:00,3,0,1,38TH AVENUE WEST & OSCEOLA STREET NORTH,1,1,0,0,1,1, ,0,25,0,0,0,0,1,4,3,7
,2020-44923,39.74378,-104.94304,4/18/2020 14:50,14:50:00,1,0,0,17TH AVENUE EAST & JACKSON STREET NORTH,1,1,0,0,1,1, ,0,30,0,0,0,0,0,4,2,14
,2020-44924,39.72645,-104.97985,4/18/2020 16:00,16:00:00,6,0,0,PEARL STREET NORTH & SIXTH AVENUE EAST,1,1,0,0,1,2, ,0,10,0,0,0,1,0,4,2,13
,2020-44925,39.71832,-104.9797,4/18/2020 17:00,17:00:00,6,0,0,FIRST AVENUE EAST & PEARL STREET NORTH,1,1,0,0,1,4, ,0,30,0,0,0,0,0,4,2,3
,2020-44926,39.75988,-104.8908,4/18/2020 19:42,19:42:00,3,0,0,MLK B EAST & CENTRAL PARK B NORTH,1,1,0,0,1,1, ,0,35,0,0,0,0,0,4,2,13
,2020-44927,39.78194,-104.96668,4/19/2020 1:01,1:01:00,5,0,0,BRIGHTON BOULEVARD NORTH  & 47TH AVENUE EAST,1,3,0,0,3,4, ,0,35,0,0,0,0,0,4,1,15
,2020-44928,39.73818,-104.99744,4/19/2020 7:24,7:24:00,12,0,0,SPEER B 1300 NORTH & 13TH AVENUE WEST,1,1,0,0,1,4, ,0,35,0,0,0,0,0,4,2,16
,2020-44929,39.73443,-104.98229,4/19/2020 11:52,11:52:00,6,0,0,LOGAN STREET NORTH & 11TH AVENUE EAST,1,1,1,0,1,5, ,0,15,0,0,0,0,0,4,2,13
,2020-44930,39.71089,-104.92205,4/19/2020 13:13,13:13:00,9,0,1,ALAMEDA AVENUE EAST  & HOLLY STREET SOUTH,1,1,0,0,2,4, ,0,35,0,0,0,1,3,4,1,3
,2020-44931,39.66216,-105.04409,4/19/2020 13:33,13:33:00,2,0,0,RALEIGH STREET SOUTH & DARTMOUNTH AVENUE WEST,1,1,1,0,1,1, ,0,25,1,0,0,0,0,4,2,13
,2020-44932,39.78918,-104.90317,4/19/2020 15:25,15:25:00,1,0,1,QUEBEC STREET 5000 NORTH & 53TH PLACE EAST,1,1,0,0,1,3, ,0,45,0,0,0,0,1,4,2,8
,2020-44933,39.63807,-104.89929,4/19/2020 15:30,15:30:00,6,0,0,SYACUSE STREET SOUTH & QUINCY AVENUE EAST,1,1,0,0,1,4, ,0,10,0,0,0,0,0,4,2,5
,2020-44934,39.73526,-104.9874,4/19/2020 15:30,15:30:00,12,0,0,12TH AVENUE EAST & BROADWAY STREET NORTH,1,1,0,1,1,1, ,0,30,0,0,0,0,0,4,2,14
,2020-44935,39.78621252,-104.8469614,4/19/2020 18:56,18:56:00,15,0,0,PEORIA STREET NORTH & ANDREWS DRIVE EAST,1,1,0,0,1,4, ,0,40,0,0,0,0,0,4,2,5
,2020-44936,39.73677,-104.94728,4/19/2020 19:39,19:39:00,3,0,0,COOK STREET NORTH & 13TH AVENUE EAST,1,1,1,0,1,3, ,0,30,0,0,0,0,0,4,2,13
,2020-44937,39.69666,-104.99294,4/20/2020 6:06,6:06:00,3,0,0,MISSISSIPPI AVENUE WEST & PLATTE RIVER DRIVE SOUTH,1,1,0,0,1,1, ,0,30,0,0,0,0,0,4,2,13
,2020-44938,39.76302,-105.04401,4/20/2020 8:35,8:35:00,6,0,0,TENNYSON STREET NORTH & 32ND AVENUE WEST,1,1,0,0,1,4, ,0,25,0,0,0,0,0,4,2,13
,2020-44939,39.68578,-104.98753,4/20/2020 9:50,9:50:00,3,0,0,BROADWAY STREET SOUTH & MEXICO AVENUE WEST,1,1,0,0,1,1, ,0,25,0,0,0,0,0,4,2,13
,2020-44940,39.67868954,-105.0156709,4/20/2020 14:46,14:46:00,12,0,0,EVANS AVENUE 2300 WEST & ZUNI STREET SOUTH,1,1,0,0,1,4, ,0,30,0,0,0,0,0,4,2,13
,2020-44941,39.7474,-104.93505,4/20/2020 16:12,16:12:00,5,0,0,MONTVIEW B EAST & CLERMONT STREET NORTH,1,1,0,0,3,4, ,0,30,0,0,0,0,0,4,1,2
,2020-44942,39.79323,-104.83568,4/20/2020 18:45,18:45:00,3,0,1,UVALDA STREET NORTH & 55TH AVENUE EAST,1,1,0,0,1,1, ,0,25,0,0,0,0,1,4,2,8
,2020-44943,39.67847,-104.96523,4/20/2020 22:40,22:40:00,5,0,0,EVANS AVENUE EAST & HIGH STREET SOUTH,1,3,0,0,3,4, ,1,30,0,0,0,0,0,4,1,1
,2020-44944,39.75349,-105.02997,4/21/2020 1:40,1:40:00,6,0,0,IRVING STREET NORTH & 24TH AVENUE WEST,1,3,0,0,1,4, ,0,30,0,0,0,0,0,4,2,5
,2020-44945,39.70041,-105.04616,4/21/2020 5:24,5:24:00,6,0,0,KENTUCKY AVENUE 4500 WEST & UTICIA STREET SOUTH,1,1,0,0,1,4, ,0,,0,0,0,0,0,4,2,13
,2020-44946,39.77018,-105.03925,4/21/2020 9:40,9:40:00,6,0,0,PERRY STREET NORTH & 3800 NORTH,1,1,0,0,1,4, ,0,25,0,0,0,0,0,4,2,7
,2020-44947,39.75802,-104.90339,4/21/2020 9:45,9:45:00,6,0,1,QUEBEC STREET NORTH & 29TH AVENUE EAST,1,1,0,0,1,4, ,0,35,0,0,0,0,1,4,2,10
,2020-44948,39.71567,-104.98751,4/21/2020 10:00,10:00:00,6,0,0,BROADWAY STREET SOUTH & ARCHER PLACE WEST,1,1,0,0,1,4, ,0,30,0,0,0,0,0,4,2,14
,2020-44949,39.70753,-105.01691,4/21/2020 10:22,10:22:00,6,0,0,IRGINIA AVENUE WEST WEST & ALCOTT STREET SOUTH,1,1,0,0,1,4, ,0,,0,0,0,0,0,4,2,13
,2020-44950,39.80182,-104.76479,4/21/2020 13:00,13:00:00,12,0,0,58TH AVENUE EAST & CEYLON STREET NORTH,1,1,0,0,1,2, ,0,,0,0,0,0,0,4,2,13
,2020-44951,39.74506,-104.98741,4/21/2020 13:05,13:05:00,15,0,0,18TH STREET & BROADWAY STREET NORTH,1,1,0,0,1,1, ,0,35,0,0,0,0,0,4,2,13
,2020-44952,39.74736,-104.9874,4/21/2020 14:55,14:55:00,10,0,0,WELTON STREET & BROADWAY STREET NORTH,1,1,0,0,1,1, ,0,35,0,0,0,0,0,4,2,13
,2020-44953,39.79846,-104.86606,4/21/2020 20:39,20:39:00,15,0,1,56TH AVENUE EAST & HAVANA STREET NORTH,1,3,0,0,1,1, ,0,40,0,0,0,0,2,4,2,5
,2020-44954,39.74403,-104.97213,4/22/2020 7:52,7:52:00,6,0,0,MARION STREET NORTH & 18TH AVENUE EAST,1,1,0,0,1,4, ,0,25,0,0,0,0,0,4,3,13
,2020-44955,39.73386,-104.98742,4/22/2020 10:22,10:22:00,2,0,1,11TH AVENUE WEST & BROADWAY STREET NORTH,1,1,1,0,1,1, ,0,0,1,0,0,0,1,4,2,16
,2020-44956,39.73844,-104.98359,4/22/2020 10:25,10:25:00,3,0,0,14TH AVENUE EAST & GRANT STREET NORTH,1,1,1,0,1,1, ,0,25,0,0,0,0,0,4,2,13
,2020-44957,39.7729213,-104.8617994,4/22/2020 14:57,14:57:00,3,0,0,40TH AVENUE 10707 EAST & JOILET STREET NORTH,1,1,0,0,1,3, ,0,45,0,0,0,0,0,4,2,5
,2020-44958,39.77651,-105.01753,4/22/2020 15:00,15:00:00,15,0,0,44TH AVENUE WEST & 2500 WEST 44TH AVENUE,1,1,0,0,1,4, ,0,,0,0,0,0,0,4,2,13
,2020-44959,39.70766,-104.86858,4/22/2020 16:31,16:31:00,6,0,1,GALENA WAY SOUTH & DAKOTA AVENUE EAST,1,1,0,0,1,4, ,0,30,0,0,0,0,0,4,2,13
,2020-44960,39.74983,-104.89873,4/22/2020 20:36,20:36:00,3,0,2,SYRACUSE STREET NORTH & 22ND AVENUE EAST,1,3,0,0,1,1, ,0,30,0,0,0,0,1,4,2,5
,2020-44961,39.78331,-104.96328,4/22/2020 22:00,22:00:00,6,0,0,RACE STREET NORTH & 4772 NORTH RACE STREET,1,3,0,0,1,4, ,0,,0,0,0,0,0,4,2,13
,2020-44962,39.67664,-104.92552,4/23/2020 0:38,0:38:00,6,0,0,WARREN AVENUE EAST & 5200 EAST,1,3,0,0,1,4, ,0,25,0,0,0,0,0,4,3,5
,2020-44963,39.76646653,-105.0299089,4/23/2020 3:20,3:20:00,6,0,0,36TH AVENUE 3325 WEST & IRVING STREET NORTH,1,3,0,0,1,4, ,0,,0,0,0,0,0,4,2,13
,2020-44964,39.73833,-104.94343,4/23/2020 6:50,6:50:00,15,0,0,14TH AVENUE EAST & 3700 EAST,1,1,0,0,1,4, ,0,30,0,0,0,0,0,4,2,13
,2020-44965,39.71834,-104.9844,4/23/2020 7:20,7:20:00,3,0,1,FIRST AVENUE EAST & SHERMAN STREET NORTH,1,1,0,0,1,2, ,0,25,0,0,0,0,1,4,2,13
,2020-44966,39.72092653,-104.9874919,4/23/2020 8:05,8:05:00,3,0,0,BROADWAY NORTH & THIRD AVENUE,1,1,0,0,1,1, ,0,30,0,0,0,0,0,4,2,3
,2020-44967,39.76684,-105.02053,4/23/2020 10:20,10:20:00,3,0,1,36TH AVENUE WEST & CLAY STREET NORTH,1,1,0,0,1,1, ,0,30,0,0,0,0,2,4,2,14
,2020-44968,39.79841,-104.77773,4/23/2020 14:30,14:30:00,15,0,0,56TH AVENUE 17700 EAST & PENA B NORTH,1,1,0,0,1,4, ,0,35,0,0,0,0,0,4,2,1
,2020-44969,39.71652553,-104.9769079,4/23/2020 16:38,16:38:00,3,0,0,EMERSON STREET NORTH & ELLSWORTH AVENUE WEST,1,1,0,0,1,1, ,0,25,0,0,0,1,0,4,2,3
,2020-44970,39.68354,-104.96272,4/23/2020 17:36,17:36:00,3,0,1,BUCHTEL BOULEVARD EAST & UNIVERSITY BOULEVARD SOUTH,1,1,0,0,1,2, ,0,25,0,0,0,1,2,4,2,13
,2020-44971,39.70622954,-105.0097714,4/23/2020 18:13,18:13:00,6,0,0,CENTER AVENUE WEST & SHOSHONE STREET SOUTH,1,1,1,0,1,4, ,0,25,0,0,0,0,0,4,3,1
,2020-44972,39.71834,-104.97576,4/23/2020 19:16,19:16:00,3,0,0,FIRST AVENUE EAST & OGDEN STREET NORTH,1,2,0,0,1,1, ,0,25,0,0,0,0,0,4,2,13
,2020-44973,39.78781,-104.79704,4/23/2020 19:42,19:42:00,6,0,0,MEMPHIS STREET NORTH & 53RD AVENUE EAST,1,3,0,0,1,4, ,0,30,0,0,0,0,0,4,3,13
,2020-44974,39.75236353,-104.9846209,4/23/2020 20:44,20:44:00,11,0,1,PARK AVENUE WEST & STOUT STREET,1,3,0,0,1,4, ,0,0,0,1,0,0,2,4,2,16
,2020-44975,39.76143,-104.90346,4/24/2020 8:48,8:48:00,3,0,0,MLK B EAST & QUEBEC STREET NORTH,1,1,0,0,1,1, ,0,35,0,0,0,0,0,4,2,13