id,drcog_id,latitude,longitude,crashtime,time,crashtype,numbkilled,numbinjurd,drcoglocat,rdconditin,lightngcon,roadcntgrd,weatherco,location,roaddescrp,schoolzone,constrzone,splimit,bikeinv,pedinv,sctrinv,motoinv,svrty,rdsystem,ttlvehcls,hcf
,2020-44976,39.77729,-104.91288,4/24/2020 9:39,9:39:00,6,0,0,MONACO STREET NORTH & STAPLETON DRIVE,1,1,0,0,1,4, ,0,30,0,0,0,0,0,4,2,1
,2020-44977,39.72019,-104.9522,4/24/2020 10:51,10:51:00,5,0,0,MILWAUKEE STREET NORTH & SECOND AVENUE EAST,1,1,0,0,3,4, ,0,25,0,0,0,0,0,4,1,13
,2020-44978,39.75884352,-104.8658119,4/24/2020 12:40,12:40:00,3,0,2,MLK BOULEVARD EAST & HAVANA STREET NORTH,1,1,0,0,1,1, ,0,35,0,0,0,0,1,4,2,13
,2020-44979,39.75434,-104.99427,4/24/2020 12:58,12:58:00,15,0,0,20TH STREET & BLAKE STREET,1,1,1,0,1,4, ,1,25,0,0,0,0,0,4,2,14
,2020-44980,39.77656453,-105.0017389,4/24/2020 13:00,13:00:00,6,0,0,LIPAN STREET NORTH & 44TH AVENUE WEST,1,1,0,0,1,4, ,0,25,0,0,0,0,0,4,2,13
,2020-44981,39.74326453,-104.9787214,4/24/2020 17:26,17:26:00,6,0,0,WASHINGTON STREET NORTH & 17TH AVENUE EAST,1,1,0,0,1,4, ,0,25,0,0,0,0,0,4,2,1
,2020-44982,39.77516,-104.74247,4/24/2020 19:27,19:27:00,1,0,4,42ND AVENUE EAST & MALAYA STREET NORTH,1,2,0,0,1,2, ,0,25,0,0,0,0,3,4,2,14
,2020-44983,39.71816,-105.02634,4/24/2020 21:36,21:36:00,3,0,0,FIRST AVENUE 3000 WEST & FEDERAL B NORTH,1,3,1,0,1,5, ,0,,0,0,0,0,0,4,2,1
,2020-44984,39.67852,-104.98757,4/24/2020 21:40,21:40:00,12,0,0,BROADWAY STREET SOUTH & EVANS AVENUE EAST,1,3,0,0,1,1, ,0,35,0,0,0,0,0,4,2,1
,2020-44985,39.76996,-104.76391,4/24/2020 23:17,23:17:00,6,0,1,39TH PLACE EAST & 39TH AVENUE EAST,1,4,0,0,1,3, ,0,20,0,0,0,0,1,4,2,5
,2020-44986,39.74339,-104.93207,4/24/2020 23:59,23:59:00,3,0,0,DAHLIA STREET NORTH & 17TH AVENUE EAST,1,3,0,0,1,1, ,0,30,0,0,0,0,0,4,2,13
,2020-44987,39.76058953,-105.0038944,4/25/2020 1:23,1:23:00,6,0,0,ROCKMONT DRIVE & 19TH STREET,1,3,0,0,1,4, ,0,35,0,0,0,0,0,4,5,14
,2020-44988,39.71321,-105.03643,4/25/2020 5:04,5:04:00,5,0,1,MEADE STREET SOUTH & 201 SOUTH MEADE STREET,1,4,0,0,2,4, ,0,30,0,0,0,0,2,4,1,7
,2020-44989,39.699,-105.04023,4/25/2020 6:22,6:22:00,6,0,0,PERRY STREET SOUTH & KENTUCKY AVENUE WEST,1,1,0,0,1,4, ,0,25,0,0,0,0,0,4,2,13
,2020-44990,39.72387,-105.0524,4/25/2020 12:40,12:40:00,3,0,1,FIFTH AVENUE 5100 WEST & SHERIDAN BOULEVARD SOUTH,1,1,0,0,1,3, ,0,30,0,0,0,0,1,4,2,13
,2020-44991,39.76898,-105.01939,4/25/2020 13:00,13:00:00,12,0,0,38TH AVENUE WEST & CLAY STREET SOUTH,1,1,0,0,1,4, ,0,35,0,0,0,0,0,4,2,5
,2020-44992,39.83115,-104.77946,4/25/2020 14:10,14:10:00,5,0,0,PENA BOULEVARD & 6400,11,3,0,1,3,4, ,0,65,0,0,0,0,0,4,1,7
,2020-44993,39.77431334,-104.9382832,4/25/2020 14:55,14:55:00,5,0,0,41ST AVENUE EAST & ALBION STREET NORTH,1,1,0,0,3,4, ,0,35,0,0,0,0,0,4,1,3
,2020-44994,39.83792,-104.68558,4/25/2020 17:03,17:03:00,5,0,0,78TH AVENUE EAST & 25700 EAST,1,1,0,0,3,4, ,0,45,0,0,0,0,0,4,1,3
,2020-44995,39.67856,-104.98289,4/25/2020 17:12,17:12:00,3,0,0,LOGAN STREET SOUTH & EVANS AVENUE EAST,1,1,0,0,1,1, ,0,30,0,0,0,0,0,4,2,13
,2020-44996,39.76143,-104.90346,4/25/2020 19:21,19:21:00,2,0,1,MLK BOULEVARD EAST & QUEBEC STREET NORTH,1,2,0,0,1,1, ,0,35,1,0,0,0,2,4,2,14
,2020-44997,39.78398,-104.95379,4/25/2020 22:30,22:30:00,12,0,0,CLAYTON STREET 4800 NORTH & CLAYTON STREET NORTH,1,3,0,0,1,1, ,0,30,0,0,0,0,0,4,2,13
,2020-44998,39.74482153,-104.9775514,4/26/2020 9:03,9:03:00,6,0,1,18TH AVENUE EAST & CLARKSON STREET NORTH,1,1,0,0,1,4, ,0,30,0,0,0,0,2,4,4,13
,2020-44999,39.77901253,-105.0064279,4/26/2020 11:20,11:20:00,3,0,1,CHAFFEE PLACE WEST & PECOS STREET NORTH,1,1,0,0,1,1, ,0,25,0,0,0,1,3,4,2,13
,2020-45000,39.78016453,-105.0095689,4/26/2020 12:15,12:15:00,12,0,0,46TH AVENUE 1900 WEST & SHOSHONE STREET NORTH,1,1,0,0,1,4, ,0,,0,0,0,0,0,4,3,16
,2020-45001,39.72667,-104.98743,4/26/2020 15:42,15:42:00,3,0,1,BROADWAY STREET NORTH & SPEER BOULEVARD EAST,1,1,0,0,1,1, ,0,30,0,0,0,0,1,4,2,2
,2020-45002,39.70513,-104.88887,4/27/2020 11:53,11:53:00,12,0,0,FAIRMOUNT DRIVE EAST & 8300 EAST,1,1,0,0,1,4, ,0,25,0,0,0,0,0,4,2,13
,2020-45003,39.66771,-105.02887,4/27/2020 12:25,12:25:00,6,0,0,HOOKER STREET SOUTH & YALE AVENUE WEST,1,1,0,0,1,4, ,0,25,0,0,0,0,0,4,2,3
,2020-45004,39.75409,-104.98685,4/27/2020 13:00,13:00:00,2,0,1,PARK AVENUE WEST & CURTIS STREET,1,1,0,0,1,4, ,0,0,1,0,0,0,2,4,2,16
,2020-45005,39.74221,-104.98742,4/27/2020 14:14,14:14:00,3,0,1,CLEVELAND PLACE & BROADWAY STREET NORTH,1,1,1,0,1,1, ,0,30,0,0,0,0,1,4,2,1
,2020-45006,39.67523,-104.92226,4/27/2020 14:29,14:29:00,3,0,0,HOLLY STREET 2200 SOUTH & PRIVATE DRIVE,1,1,0,0,1,3, ,0,,0,0,0,0,0,4,2,13
,2020-45007,39.76746,-104.90345,4/27/2020 15:35,15:35:00,15,0,0,36TH AVENUE EAST & QUEBEC STREET NORTH,1,1,0,0,1,2, ,0,35,0,0,0,0,0,4,2,1
,2020-45008,39.6931,-105.0291,4/27/2020 17:29,17:29:00,9,0,1,LOUISIANA AVENUE 3200 WEST & HOOKER STREET SOUTH,1,1,0,0,1,1, ,0,25,0,0,0,1,2,4,1,7
,2020-45009,39.77291,-104.94983,4/27/2020 17:50,17:50:00,1,0,0,40TH AVENUE EAST & STEELE STREET NORTH,1,1,0,0,1,1, ,0,30,0,0,0,0,0,4,2,13
,2020-45010,39.67974254,-105.0403579,4/27/2020 18:18,18:18:00,12,0,0,EVANS AVENUE WEST & PERRY STREET SOUTH,1,1,0,0,1,4, ,0,30,0,0,0,0,0,4,2,1
,2020-45011,39.7838,-104.80171,4/27/2020 18:51,18:51:00,3,0,1,GREEN VALLEY RANCH B EAST & KITTREDGE STREET NORTH,1,1,0,0,1,1, ,0,25,0,0,0,0,0,4,2,7
,2020-45012,39.72189849,-104.9651906,4/27/2020 19:23,19:23:00,5,0,0,HIGH STREET NORTH & 1600 NORTH,1,1,0,0,3,5, ,0,15,0,0,0,0,0,4,1,14
,2020-45013,39.75941,-105.04401,4/27/2020 19:59,19:59:00,6,0,0,TENNYSON STREET NORTH & HAYWARD PLACE WEST,1,1,0,0,1,3, ,0,25,0,0,0,0,0,4,2,3
,2020-45014,39.67845,-104.9385,4/27/2020 20:53,20:53:00,12,0,0,EVANS AVENUE EAST & ASH STREET SOUTH,1,3,0,0,1,4, ,0,,0,0,0,0,0,4,2,16
,2020-45015,39.87088912,-104.7149793,4/27/2020 23:40,23:40:00,5,0,0,GUN CLUB ROAD & 9200,1,4,0,0,4,3, ,0,30,0,0,0,0,0,4,1,13
,2020-45016,39.70205,-104.91412,4/28/2020 2:02,2:02:00,6,0,0,LOCUST STREET SOUTH & OHIO AVENUE EAST,1,3,1,0,1,3, ,0,25,0,0,0,0,0,4,2,5
,2020-45017,39.72907,-104.97525,4/28/2020 7:50,7:50:00,11,0,1,OGDEN STREET NORTH & EIGHTH AVENUE EAST,1,1,0,0,1,1, ,0,25,0,1,0,0,2,4,2,13
,2020-45018,39.72414,-104.98748,4/28/2020 10:58,10:58:00,15,0,0,FIFTH AVENUE EAST & BROADWAY STREET NORTH,1,1,0,0,1,4, ,0,30,0,0,0,0,0,4,2,13
,2020-45019,39.73829,-104.92578,4/28/2020 11:44,11:44:00,10,0,0,14TH AVENUE EAST & GLENCOE STREET NORTH,1,1,0,0,1,1, ,0,30,0,0,0,0,0,4,2,1
,2020-45020,39.70295,-104.87662,4/28/2020 13:32,13:32:00,6,0,0,CLINTON STREET SOUTH & ALTON WAY SOUTH,1,1,0,0,1,4, ,0,20,0,0,0,0,0,4,2,14
,2020-45021,39.69668954,-105.0002989,4/28/2020 14:48,14:48:00,11,0,1,MISSISSIPPI AVENUE WEST & KALAMATH STREET SOUTH,1,1,1,0,1,1, ,0,35,0,1,0,0,3,4,2,14
,2020-45022,39.67958,-105.04409,4/28/2020 16:38,16:38:00,3,0,0,TENNYSON STREET SOUTH & EVANS AVENUE WEST,1,1,0,0,1,1, ,0,25,0,0,0,0,0,4,2,13
,2020-45023,39.75108,-104.91755,4/28/2020 17:15,17:15:00,1,0,1,23RD AVENUE EAST & KEARNEY STREET NORTH,1,1,0,0,1,1, ,0,35,0,0,0,0,1,4,2,13
,2020-45024,39.71304254,-105.0144604,4/28/2020 17:45,17:45:00,6,0,0,YUMA STREET SOUTH & CEDAR AVENUE WEST,1,1,0,0,1,3, ,0,25,0,0,0,0,0,4,2,14
,2020-45025,39.78112,-105.02281,4/28/2020 20:20,20:20:00,12,0,0,ELM COURT 4600 NORTH & 46TH AVENUE WEST,1,3,0,0,1,4, ,0,,0,0,0,0,0,4,2,16
,2020-45026,39.72577754,-105.0426799,4/28/2020 21:30,21:30:00,6,0,0,STUART STREET NORTH & SIXTH AVENUE WEST,1,3,0,0,1,4, ,0,25,0,0,0,0,0,4,2,3
,2020-45027,39.67843,-104.95939,4/28/2020 22:00,22:00:00,1,0,3,EVANS AVENUE EAST & UNIVERSITY B SOUTH,1,4,0,0,1,1, ,0,35,0,0,0,0,1,4,2,1
,2020-45028,39.73641,-104.91365,4/28/2020 23:12,23:12:00,6,0,0,LOCUST STREET & 1268 NORTH LOCUST STREET,1,4,0,0,1,4, ,0,,0,0,0,0,0,4,2,13
,2020-45029,39.65908,-104.92639,4/29/2020 2:25,2:25:00,6,0,0,EASTMAN AVENUE EAST & FLAMINGO WAY SOUTH,1,3,0,0,1,4, ,0,25,0,0,0,0,0,4,2,2
,2020-45030,39.70021,-104.98748,4/29/2020 7:19,7:19:00,12,0,0,BROADWAY STREET SOUTH & KENTUCKY AVENUE WEST,1,1,0,0,1,3, ,0,35,0,0,0,0,0,4,2,13
,2020-45031,39.70024454,-104.9875009,4/29/2020 7:19,7:19:00,12,0,0,BROADWAY STREET SOUTH & KENTUCKY AVENUE WEST,1,1,0,0,1,3, ,0,35,0,0,0,0,0,4,2,13
,2020-45032,39.75562,-104.98739,4/29/2020 10:09,10:09:00,3,0,0,BROADWAY STREET NORTH & LAWRENCE STREET,1,1,0,0,1,1, ,0,30,0,0,0,0,0,4,2,1
,2020-45034,39.77631,-105.05229,4/29/2020 14:40,14:40:00,12,0,0,44TH AVENUE 5100 WEST & SHERIDAN BOULEVARD NORTH,1,1,0,0,1,4, ,0,,0,0,0,0,0,4,2,13
,2020-45035,39.74744,-104.90345,4/29/2020 15:15,15:15:00,12,0,0,QUEBEC STREET NORTH & MONTEVIEW B EAST,1,1,0,0,1,4, ,0,30,0,0,0,0,0,4,2,1
,2020-45036,39.73661,-105.03931,4/29/2020 18:03,18:03:00,11,0,1,13TH AVENUE WEST & PERRY STREET NORTH,1,1,0,0,2,1, ,0,25,0,1,0,0,2,4,2,9
,2020-45037,39.79286,-104.83908,4/29/2020 18:15,18:15:00,6,0,0,TULSA WAY NORTH & 55TH AVENUE EAST,1,1,1,0,1,4, ,0,25,0,0,0,0,0,4,2,14
,2020-45038,39.6931,-105.02972,4/29/2020 20:21,20:21:00,3,0,0,LOUISIANA AVENUE WEST & IRVING STREET SOUTH,1,3,0,0,1,1, ,0,25,0,0,0,0,0,4,2,13
,2020-45039,39.67303,-104.95939,4/30/2020 2:08,2:08:00,9,0,2,UNIVERSITY BOULEVARD SOUTH & WESLEY AVENUE EAST,1,3,1,0,3,1, ,0,30,0,0,0,0,3,4,1,1
,2020-45040,39.78572652,-104.8830784,4/30/2020 6:17,6:17:00,3,0,1,CENTRAL PARK BOULEVARD EAST & NORTHFIELD BOULEVARD NORTH,1,1,0,0,1,1, ,0,35,0,0,0,0,2,4,2,13
,2020-45041,39.62701,-104.89474,4/30/2020 11:29,11:29:00,12,0,0,ULSTER STREET SOUTH & CARRIAGE PLACE EAST,1,1,0,0,1,4, ,0,25,0,0,0,0,0,4,2,13
,2020-45042,39.73846,-104.99689,4/30/2020 13:44,13:44:00,3,0,0,14TH AVENUE WEST & SPEER B NORTH,1,1,0,0,1,1, ,0,30,0,0,0,0,0,4,2,13
,2020-45043,39.74015,-104.92578,4/30/2020 15:00,15:00:00,6,0,0,GLENCOE STREET NORTH & COLFAX AVENUE EAST,1,1,0,0,1,4, ,0,,0,0,0,0,0,4,2,13
,2020-45044,39.76685353,-105.0005779,4/30/2020 16:54,16:54:00,5,0,1,KALAMATH STREET NORTH & 36TH AVENUE WEST,1,1,0,0,3,4, ,0,25,0,0,0,1,3,4,1,7
,2020-45045,39.68062,-105.03855,5/1/2020 0:20,0:20:00,6,0,0,PATTON COURT SOUTH & 2001 SOUTH PATTON COURT,1,4,0,0,1,4, ,0,25,0,0,0,0,0,4,3,5
,2020-45046,39.69302,-104.98626,5/1/2020 0:24,0:24:00,6,0,0,LINCOLN STREET SOUTH & LOUISIANA AVENUE EAST,1,3,0,0,1,4, ,0,25,0,0,0,0,0,4,2,13
,2020-45047,39.73438,-105.03565,5/1/2020 0:37,0:37:00,5,0,1,12TH AVENUE 3600 WEST & LOWELL B NORTH,1,5,0,0,3,4, ,0,25,0,0,0,0,1,4,1,5
,2020-45048,39.74819,-105.03152,5/1/2020 10:56,10:56:00,6,0,1,JULIAN STREET NORTH & 20TH AVENUE WEST,1,1,0,0,1,4, ,0,25,0,0,0,0,0,4,3,13
,2020-45049,39.68072,-105.05211,5/1/2020 12:22,12:22:00,6,0,0,ZENOBIA STREET & EVANS AVENUE WEST,1,1,0,0,1,4, ,0,25,0,0,0,0,0,4,2,13
,2020-45050,39.73685,-104.91279,5/1/2020 16:30,16:30:00,3,0,0,MONACO STREET NORTH & 13TH AVENUE EAST,1,1,0,0,1,1, ,0,30,0,0,0,0,0,4,2,1
,2020-45051,39.72578654,-105.0394309,5/1/2020 16:36,16:36:00,15,0,0,SIXTH AVENUE FWY WEST & PERRY STREET NORTH,1,1,0,0,1,4, ,0,,0,0,0,0,0,4,2,13
,2020-45052,39.79833,-104.76269,5/1/2020 22:10,22:10:00,3,0,0,56TH AVENUE EAST & DUNKIRK STREET NORTH,1,3,0,0,1,1, ,0,40,0,0,0,0,0,4,2,13
,2020-45053,39.66213,-105.0204,5/2/2020 3:24,3:24:00,6,0,0,CORNELL AVENUE WEST & BRYANT STREET SOUTH,1,3,0,0,1,4, ,0,25,0,0,0,0,0,4,3,3
,2020-45054,39.69566,-104.90413,5/2/2020 12:05,12:05:00,15,0,0,MISSISSIPPI AVENUE EAST & QUEBEC STREET SOUTH,1,1,0,0,1,4, ,0,25,0,0,0,0,0,4,3,1
,2020-45055,39.79642,-104.79916,5/2/2020 14:06,14:06:00,5,0,0,MAXWELL PLACE EAST & LAREDO COURT NORTH,1,1,0,0,2,1, ,0,25,0,0,0,0,0,4,1,14
,2020-45056,39.76199,-104.95975,5/2/2020 14:07,14:07:00,3,0,0,MLK B EAST & YORK STREET NORTH,1,1,0,0,1,1, ,0,30,0,0,0,0,0,4,2,14
,2020-45057,39.73686,-104.99572,5/2/2020 14:30,14:30:00,3,0,2,13TH AVENUE WEST & SPEER B NORTH,1,1,0,0,1,1, ,0,30,0,0,0,0,2,4,2,5
,2020-45058,39.73294,-104.98613,5/2/2020 16:38,16:38:00,3,0,0,LINCOLN STREET NORTH & 11TH AVENUE EAST,1,1,0,0,1,1, ,0,30,0,0,0,0,0,4,2,13
,2020-45059,39.70517,-104.90351,5/2/2020 16:43,16:43:00,12,0,1,QUEBEC STREET 500 SOUTH & VIRGINIA AVENUE EAST,1,1,0,0,1,4, ,0,35,0,0,0,0,1,4,2,7
,2020-45060,39.72894553,-105.0001684,5/2/2020 16:49,16:49:00,15,0,0,EIGHTH AVENUE WEST & KALAMATH STREET NORTH,1,1,0,0,1,1, ,0,,0,0,0,0,0,4,2,13
,2020-45061,39.76928353,-105.0029494,5/2/2020 18:00,18:00:00,6,0,0,MARIPOSA STREET NORTH & 38TH AVENUE WEST,1,1,1,0,1,4, ,0,25,0,0,0,0,0,4,2,5
,2020-45062,39.76905356,-105.0029769,5/2/2020 18:00,18:00:00,6,0,0,MARIPOSA STREET 3700 NORTH & 38TH AVENUE WEST,1,1,1,0,1,4, ,0,25,0,0,0,0,0,4,2,5
,2020-45063,39.77050753,-105.0158509,5/2/2020 19:12,19:12:00,3,0,0,39TH AVENUE & ZUNI STREET NORTH,1,1,0,0,1,1, ,0,20,0,0,0,0,0,4,2,1
,2020-45065,39.69674354,-105.0127099,5/2/2020 20:52,20:52:00,3,0,1,TEJON STREET SOUTH & MISSISSIPPI AVENUE WEST,11,4,0,1,1,1, ,0,35,0,0,0,0,1,4,2,13
,2020-45066,39.69663,-104.98743,5/3/2020 2:09,2:09:00,3,0,3,BROADWAY STREET SOUTH & MISSISSIPPI AVENUE WEST,1,3,0,0,1,1, ,0,35,0,0,0,0,3,4,3,1
,2020-45067,39.66759,-104.91585,5/3/2020 13:05,13:05:00,3,0,2,YALE AVENUE EAST & LOCUST STREET SOUTH,1,1,0,0,1,1, ,0,30,0,0,0,0,1,4,2,13
,2020-45068,39.71561,-104.97795,5/3/2020 13:30,13:30:00,6,0,0,CLARKSON STREET SOUTH & ELLSWORTH AVENUE EAST,1,1,0,0,1,4, ,0,25,0,0,0,0,0,4,2,5
,2020-45069,39.76927453,-105.0146899,5/3/2020 14:36,14:36:00,6,0,0,WYANDOT STREET NORTH & 38TH STREET WEST,1,1,0,0,1,4, ,0,25,0,0,0,0,0,4,3,13
,2020-45070,39.72601,-104.99519,5/3/2020 17:11,17:11:00,9,0,0,SIXTH AVENUE WEST  & FOX STREET NORTH,1,1,0,0,1,4, ,0,30,0,0,0,0,0,4,3,13
,2020-45071,39.78379,-104.79797,5/3/2020 23:05,23:05:00,6,0,1,MEMPHIS STREET NORTH & GREEN VALLEY RANCH BOULEVARD EAST,1,3,0,0,1,4, ,0,30,0,0,0,0,1,4,3,7
,2020-45072,39.70037954,-105.0275284,5/4/2020 2:58,2:58:00,6,0,1,KENTUCKY AVENUE WEST & HAZEL COURT SOUTH,1,3,0,0,1,4, ,0,30,0,0,0,0,2,4,2,2
,2020-45073,39.78768,-104.97793,5/4/2020 9:28,9:28:00,5,0,0,WASHINGTON 5000 NORTH & 51ST AVENUE EAST,1,1,0,0,3,4, ,0,,0,0,0,0,0,4,1,16
,2020-45074,39.78768,-104.97793,5/4/2020 9:28,9:28:00,5,0,0,WASHINGTON STREET 5000 NORTH & 51ST AVENUE EAST,1,1,0,0,3,4, ,0,30,0,0,0,0,0,4,1,5
,2020-45075,39.7717,-104.90299,5/4/2020 10:03,10:03:00,1,0,0,SMITH ROAD EAST & QUEBEC STREET NORTH,1,1,0,0,1,1, ,0,35,0,0,0,0,0,4,2,13
,2020-45076,39.67916,-105.05269,5/4/2020 12:21,12:21:00,12,0,0,EVANS AVENUE 5100 WEST & SHERIDAN B SOUTH,1,1,0,0,1,4, ,0,25,0,0,0,0,0,4,2,7
,2020-45077,39.74624,-104.99603,5/4/2020 14:00,14:00:00,12,0,0,CURTIS STREET & 15TH STREET,1,1,0,0,1,1, ,0,25,0,0,0,0,0,4,2,14
,2020-45078,39.71291,-104.97691,5/4/2020 14:31,14:31:00,6,0,0,CEDAR AVENUE EAST & OGDEN STREET SOUTH,1,1,0,0,1,4, ,0,25,0,0,0,0,0,4,2,13
,2020-45079,39.65304,-104.92993,5/4/2020 15:33,15:33:00,12,0,2,HAMPDEN AVENUE 4900 EAST & ELM STREET SOUTH,1,1,0,0,1,4, ,0,40,0,0,0,0,1,4,2,13
,2020-45080,39.67847,-104.92841,5/4/2020 15:39,15:39:00,12,0,0,EVANS AVENUE 5300 EAST & GRAPE STREET SOUTH,1,1,0,0,1,4, ,0,30,0,0,0,0,0,4,2,13
,2020-45081,39.76001,-104.87053,5/4/2020 15:55,15:55:00,11,0,0,FULTON STREET NORTH & MLK BOULEVARD EAST,1,1,0,0,1,1, ,0,35,0,1,0,0,0,4,2,14
,2020-45082,39.7248,-105.03239,5/4/2020 17:19,17:19:00,12,0,0,KNOX COURT 500 NORTH & FIFTH AVENUE WEST,1,1,0,0,1,4, ,0,,0,0,0,0,0,4,2,16
,2020-45084,39.62419,-105.09446,5/4/2020 22:31,22:31:00,1,0,0,BELLEVIEW AVENUE WEST & DUDLEY STREET SOUTH,1,3,0,0,1,1, ,0,35,0,0,0,1,0,4,2,13
,2020-45085,39.76766,-104.84293,5/5/2020 4:25,4:25:00,6,0,1,REVERE STREET NORTH & 37TH AVENUE EAST,1,3,0,0,1,4, ,0,30,0,0,0,0,3,4,2,1
,2020-45086,39.72562,-104.95671,5/5/2020 7:13,7:13:00,15,0,0,SIXTH AVENUE EAST & ELIZABETH STREET NORTH,1,1,0,0,1,1, ,0,30,0,0,0,0,0,4,2,14
,2020-45087,39.70213,-104.98753,5/5/2020 9:24,9:24:00,3,0,0,OHIO AVENUE EAST & BROADWAY STREET SOUTH,1,1,0,0,1,1, ,0,30,0,0,0,0,0,4,2,13
,2020-45088,39.72586,-104.98622,5/5/2020 12:01,12:01:00,3,0,0,SPEER BOULEVARD EAST & LINCOLN STREET NORTH,1,1,0,0,1,1, ,0,35,0,0,0,0,0,4,3,8
,2020-45089,39.681777,-104.9922714,5/5/2020 13:01,13:01:00,15,0,0,SANTA FE DRIVE SOUTH & OHIO AVENUE WEST,1,1,0,0,1,3, ,0,35,0,0,0,0,0,4,2,1
,2020-45090,39.74819,-104.99005,5/5/2020 14:00,14:00:00,15,0,0,STOUT STREET & 19TH STREET,1,1,0,0,1,4, ,0,25,0,0,0,0,0,4,2,14
,2020-45091,39.77283,-104.79059,5/5/2020 16:02,16:02:00,3,0,1,40TH AVENUE EAST & PENA BOULEVARD INBOUND,1,1,0,0,1,1, ,0,35,0,0,0,0,3,4,2,13
,2020-45092,39.75794,-104.90155,5/5/2020 18:20,18:20:00,6,0,0,29TH AVENUE 7400 EAST & 29TH PLACE EAST,1,1,0,0,1,4, ,0,,0,0,0,0,0,4,2,13
,2020-45093,39.7356,-104.88468,5/5/2020 20:52,20:52:00,6,0,0,YOSEMITE STREET NORTH & 1100 NORTH,1,3,0,0,1,4, ,0,25,0,0,0,0,0,4,2,4
,2020-45094,39.70388,-104.9857,5/6/2020 1:59,1:59:00,6,0,0,EXPOSITION AVENUE EAST & BROADWAY STREET SOUTH,1,4,0,0,1,4, ,0,25,0,0,0,0,0,4,2,5
,2020-45095,39.71836,-104.9875,5/6/2020 11:46,11:46:00,3,0,0,FIRST AVENUE EAST & BROADWAY STREET NORTH,1,1,0,0,1,1, ,0,30,0,0,0,0,0,4,2,14
,2020-45096,39.72493,-104.94375,5/6/2020 12:40,12:40:00,6,0,0,GARFIELD STREET NORTH & FIFTH AVENUE EAST,1,1,0,0,1,4, ,0,25,0,0,0,0,0,4,2,13
,2020-45097,39.73842,-104.97761,5/6/2020 14:58,14:58:00,6,0,0,14TH AVENUE EAST & CLARKSON STREET NORTH,1,1,0,0,1,4, ,0,30,0,0,0,0,0,4,4,8
,2020-45098,39.79839,-104.90339,5/6/2020 15:29,15:29:00,12,0,0,56TH AVENUE EAST & QUEBEC STREET NORTH,1,1,0,1,1,1, ,0,40,0,0,0,0,0,4,2,13
,2020-45099,39.71661553,-105.0001819,5/6/2020 16:30,16:30:00,5,0,0,ELLSWORTH AVENUE WEST & KALAMATH STREET SOUTH,1,1,1,0,3,4, ,0,30,0,0,0,0,0,4,1,2
,2020-45100,39.75471,-104.89805,5/6/2020 16:45,16:45:00,5,0,2,SYRACUSE COURT NORTH & 26TH AVENUE EAST,1,1,0,0,3,3, ,0,30,0,0,0,0,3,4,1,14
,2020-45101,39.63872,-105.08303,5/6/2020 17:25,17:25:00,2,0,0,QUINCY AVENUE WEST & WADSWORTH WAY SOUTH,1,1,0,0,1,2, ,0,15,1,0,0,0,0,4,2,3
,2020-45102,39.77287451,-104.795999,5/6/2020 17:46,17:46:00,3,0,0,40TH AVENUE EAST & AIRPORT B NORTH,1,1,0,0,1,1, ,0,40,0,0,0,0,0,4,2,13
,2020-45103,39.67179554,-105.0156799,5/6/2020 18:41,18:41:00,3,0,0,HARVARD AVENUE WEST & ZUNI STREET SOUTH,1,1,1,0,1,1, ,0,25,0,0,0,0,0,4,2,8
,2020-45104,39.73661,-105.03931,5/6/2020 18:53,18:53:00,3,0,1,PERRY STREET NORTH & 13TH AVENUE WEST,1,1,0,0,1,1, ,0,25,0,0,0,0,1,4,3,7
,2020-45105,39.78625109,-104.791086,5/7/2020 4:10,4:10:00,4,0,0,PENA BOULEVARD & 7400,1,4,0,0,1,4, ,0,65,0,0,0,0,0,4,1,13
,2020-45106,39.75932,-104.9937,5/7/2020 11:29,11:29:00,3,0,0,WEWATTA STREET & PARK AVENUE WEST,1,1,0,0,1,1, ,0,30,0,0,0,0,0,4,2,13
,2020-45107,39.7303,-104.92576,5/7/2020 11:34,11:34:00,3,0,1,GLENCOE STREET NORTH & HALE PARKWAY EAST,1,1,0,0,1,1, ,0,25,0,0,0,1,1,4,2,14
,2020-45108,39.77237184,-104.9222724,5/7/2020 11:52,11:52:00,12,0,0,HOLLY STREET 4000 NORTH & SMITH ROAD,1,1,0,0,1,4, ,0,,0,0,0,0,0,4,2,16
,2020-45109,39.75761,-104.95976,5/7/2020 12:11,12:11:00,15,0,0,YORK STREET 2800 NORTH & 28TH AVENUE EAST,1,1,0,0,1,4, ,0,30,0,0,0,0,0,4,2,13
,2020-45110,39.6784,-104.92366,5/7/2020 15:52,15:52:00,12,0,0,EVANS AVENUE 5500 EAST & HOLLY STREET SOUTH,1,1,0,0,1,4, ,0,,0,0,0,0,0,4,2,13
,2020-45111,39.75443,-104.94414,5/7/2020 18:15,18:15:00,5,0,0,26TH AVENUE EAST & GARFIELD STREET NORTH,1,2,0,0,3,1, ,0,30,0,0,0,0,0,4,1,13
,2020-45112,39.77560486,-104.9029388,5/7/2020 19:30,19:30:00,5,0,0,41ST AVENUE & 7415 EAST,6,2,2,0,3,4, ,0,,0,0,0,0,0,4,1,13