id,drcog_id,latitude,longitude,crashtime,time,crashtype,numbkilled,numbinjurd,drcoglocat,rdconditin,lightngcon,roadcntgrd,weatherco,location,roaddescrp,schoolzone,constrzone,splimit,bikeinv,pedinv,sctrinv,motoinv,svrty,rdsystem,ttlvehcls,hcf
,2020-45113,39.77505,-104.8099,5/7/2020 19:54,19:54:00,12,0,2,CHAMBERS ROAD NORTH & ANDREWS DRIVE EAST,1,2,0,0,1,3, ,0,40,0,0,0,0,2,4,2,6
,2020-45114,39.77664,-104.82021,5/8/2020 0:56,0:56:00,6,0,0,DEARBORN STREET NORTH & 4516 NORTH DEARBORN STREET,1,4,0,0,1,4, ,0,25,0,0,0,0,0,4,4,1
,2020-45115,39.71465353,-104.9485804,5/8/2020 0:59,0:59:00,12,0,0,ADAMS STREET 000 SOUTH & BAYAUD AVENUE EAST,1,3,0,0,1,4, ,0,,0,0,0,0,0,4,2,16
,2020-45116,39.73456,-104.98741,5/8/2020 4:15,4:15:00,5,0,0,BROADWAY STREET & 1100 NORTH,1,3,0,0,2,4, ,0,30,0,0,0,0,0,4,1,3
,2020-45117,39.71656154,-105.0275419,5/8/2020 8:41,8:41:00,6,0,0,HAZEL COURT & ELLSWORTH AVENUE WEST,1,1,0,0,1,4, ,0,,0,0,0,0,0,4,2,13
,2020-45118,39.79482,-104.83029,5/8/2020 15:01,15:01:00,5,0,3,MAXWELL PLACE EAST & VICTOR STREET NORTH,1,1,0,0,1,1, ,0,25,0,0,0,0,1,4,1,1
,2020-45119,39.73515,-104.9787,5/8/2020 17:15,17:15:00,12,0,0,12TH AVENUE EAST & WASHINGTON STREET NORTH,1,1,0,0,1,1, ,0,,0,0,0,0,0,4,2,13
,2020-45120,39.75474,-104.86457,5/8/2020 17:32,17:32:00,3,0,0,HAVANA STREET NORTH & 26TH AVENUE EAST,1,1,0,1,1,1, ,0,25,0,0,0,0,0,4,2,9
,2020-45121,39.72721,-104.98583,5/8/2020 18:26,18:26:00,6,0,0,SEVENTH AVENUE EAST & SHERMAN STREET NORTH,1,1,0,0,1,4, ,0,,0,0,0,1,0,4,2,13
,2020-45122,39.76928353,-105.0029494,5/9/2020 0:45,0:45:00,9,0,0,38TH AVENUE WEST & MARIPOSA STREET NORTH,1,4,0,0,1,4, ,0,,0,0,0,1,0,4,1,13
,2020-45123,39.66894,-104.90838,5/9/2020 8:26,8:26:00,6,0,0,NEWPORT STREET 2600 SOUTH & VILLANOVA PLACE EAST,1,1,0,1,1,4, ,0,,0,0,0,0,0,4,2,13
,2020-45124,39.72668,-104.98743,5/9/2020 10:28,10:28:00,10,0,0,SPEER BOULEVARD EAST & BROADWAY STREET NORTH,1,1,0,0,1,1, ,0,35,0,0,0,0,0,4,2,13
,2020-45125,39.63654,-105.03831,5/9/2020 11:04,11:04:00,6,0,0,RADCLIFF AVENUE 3900 WEST & QUIGLEY DRIVE WEST,1,1,0,0,1,2, ,0,25,0,0,0,0,0,4,3,7
,2020-45126,39.63241,-105.03539,5/9/2020 11:49,11:49:00,6,0,0,UNION AVENUE WEST & LOWELL BOULEVARD SOUTH,1,1,1,0,1,4, ,0,25,0,0,0,1,0,4,3,13
,2020-45127,39.76210153,-105.0428194,5/9/2020 13:06,13:06:00,3,0,2,32ND AVENUE WEST & NORTH STUART STREET,1,1,0,0,1,1, ,0,,0,0,0,0,2,4,2,13
,2020-45128,39.74198,-104.88934,5/9/2020 15:50,15:50:00,15,0,0,16TH AVENUE EAST & WABASH STREET NORTH,1,1,0,0,1,4, ,0,,0,0,0,0,0,4,3,13
,2020-45129,39.76192,-104.92939,5/9/2020 17:17,17:17:00,5,0,1,MLK B EAST & ELM STREET NORTH,1,1,0,0,2,1, ,0,35,0,0,0,0,1,4,1,3
,2020-45130,39.69297,-104.97341,5/9/2020 20:21,20:21:00,2,0,1,LOUISIANA AVENUE EAST & DOWNING STREET SOUTH,1,3,0,0,1,1, ,0,30,1,0,0,0,3,4,2,3
,2020-45131,39.69589753,-104.9222194,5/9/2020 21:03,21:03:00,5,0,0,CHERRY CREEK SOUTH DRIVE 5600 EAST & HOLLY STREET SOUTH,1,3,0,0,4,3, ,0,35,0,0,0,0,0,4,1,10
,2020-45132,39.79837,-104.89722,5/9/2020 23:45,23:45:00,12,0,0,SPRUCE STREET NORTH & 56TH AVENUE EAST,1,3,0,0,1,3, ,0,,0,0,0,0,0,4,2,13
,2020-45133,39.78396,-104.9516,5/10/2020 7:30,7:30:00,11,0,1,MILWAUKEE STREET & 4808 NORTH,1,1,0,0,3,4, ,0,20,0,1,0,0,3,4,2,14
,2020-45134,39.68230754,-105.0133489,5/10/2020 9:03,9:03:00,6,0,0,VALLEJO STREET 1800 SOUTH & JEWELL AVENUE WEST,1,1,0,0,1,4, ,0,,0,0,0,0,0,4,2,13
,2020-45135,39.7229,-105.02306,5/10/2020 9:49,9:49:00,12,0,0,SHORT PLACE 2900 WEST & FEDERAL B NORTH,1,1,0,0,1,4, ,0,,0,0,0,0,0,4,3,16
,2020-45136,39.7517,-104.99942,5/10/2020 11:13,11:13:00,2,0,1,WAZEE STREET 1600  & 16TH STREET,1,1,0,0,1,4, ,0,0,1,0,0,0,2,4,2,16
,2020-45137,39.66764,-104.90536,5/10/2020 13:35,13:35:00,12,0,0,YALE AVENUE 6900 EAST & QUEBEC STREET SOUTH,1,1,1,0,1,4, ,0,30,0,0,0,0,0,4,2,3
,2020-45138,39.71294,-104.98216,5/10/2020 14:46,14:46:00,6,0,0,CEDAR AVENUE 400 EAST & LOGAN STREET SOUTH,1,1,0,0,1,4, ,0,25,0,0,0,0,0,4,3,13
,2020-45139,39.77489,-104.7594,5/10/2020 15:32,15:32:00,2,0,1,42ND AVENUE EAST & ENSENADA STREET NORTH,1,1,0,0,1,4, ,0,0,1,0,0,0,1,4,2,16
,2020-45140,39.74439,-104.98315,5/10/2020 16:15,16:15:00,6,0,0,GRANT STREET & 1776 NORTH GRANT STREET,1,1,0,0,1,4, ,0,,0,0,0,0,0,4,2,13
,2020-45141,39.67868954,-105.0156709,5/10/2020 16:45,16:45:00,3,0,2,EVANS AVENUE WEST & ZUNI STREET SOUTH,1,1,0,0,1,1, ,0,30,0,0,0,0,3,4,2,3
,2020-45142,39.67678,-105.03584,5/10/2020 16:58,16:58:00,6,0,0,MEADE STREET 2200 SOUTH & EVANS AVENUE WEST,1,1,1,0,1,4, ,0,,0,0,0,0,0,4,2,13
,2020-45143,39.73727,-104.90581,5/10/2020 17:35,17:35:00,3,0,1,13TH AVENUE EAST & PONTIACE STREET NORTH,1,1,0,0,1,1, ,0,25,0,0,0,1,2,4,2,13
,2020-45144,39.73309,-105.04985,5/10/2020 18:23,18:23:00,3,0,2,18TH AVENUE WEST & XAVIER STREET NORTH,1,1,0,0,1,1, ,0,30,0,0,0,0,1,4,2,13
,2020-45145,39.67846,-104.91281,5/10/2020 19:26,19:26:00,12,0,1,EVANS AVENUE EAST & MONACO STREET SOUTH,1,1,0,0,1,1, ,0,35,0,0,0,0,1,4,2,13
,2020-45146,39.69686,-104.91486,5/10/2020 21:20,21:20:00,12,0,0,MISSISSIPPI AVENUE 6321 EAST & LEYDEN STREET SOUTH,1,3,0,0,1,4, ,0,,0,0,0,0,0,4,2,16
,2020-45147,39.66996,-104.90762,5/10/2020 21:50,21:50:00,6,0,0,ONEIDA STREET SOUTH & LASALLE PLACE EAST,1,4,0,0,1,4, ,0,25,0,0,0,0,0,4,2,13
,2020-45148,39.68315,-105.02737,5/11/2020 1:11,1:11:00,5,0,0,HAZEL COURT 1800 SOUTH & JEWELL AVENUE WEST,1,3,0,0,4,4, ,0,,0,0,0,0,0,4,2,13
,2020-45149,39.75486,-105.03639,5/11/2020 5:35,5:35:00,6,0,0,26TH AVENUE 3700 WEST & MEADE STREET NORTH,1,3,0,0,1,4, ,0,30,0,0,0,0,0,4,2,3
,2020-45150,39.77073,-104.9684,5/11/2020 9:25,9:25:00,3,0,0,FRANKLIN STREET NORTH & LAFAYETTE STREET NORTH,1,1,0,0,1,1, ,0,25,0,0,0,0,0,4,2,7
,2020-45151,39.7385414,-105.0027989,5/11/2020 10:20,10:20:00,6,0,0,MARIPOSA STREET 1400 NORTH & 14TH AVENUE WEST,1,1,1,0,1,4, ,0,,0,0,0,0,0,4,2,13
,2020-45152,39.71833,-104.97391,5/11/2020 10:50,10:50:00,3,0,1,SPEER BOULEVARD EAST & CORONA STREET NORTH,1,1,0,0,1,1, ,0,30,0,0,0,0,1,4,2,3
,2020-45153,39.73679,-104.99061,5/11/2020 12:00,12:00:00,3,0,0,13TH AVENUE 200 WEST & CHEROKEE STREET NORTH,1,1,0,0,1,5, ,0,25,0,0,0,0,0,4,2,9
,2020-45154,39.77608752,-104.9380009,5/11/2020 12:21,12:21:00,5,0,0,SMITH ROAD EAST & ALBION STREET NORTH,11,1,1,1,3,4, ,0,25,0,0,0,0,0,4,1,13
,2020-45155,39.73713,-104.91244,5/11/2020 14:00,14:00:00,15,0,0,13TH AVENUE EAST & MONACO STREET NORTH,14,1,0,0,1,1, ,0,,0,0,0,0,0,4,2,13
,2020-45156,39.75848353,-105.0439894,5/11/2020 15:09,15:09:00,3,0,0,TENNYSON STREET NORTH & 29TH AVENUE WEST,11,1,1,0,1,1, ,0,,0,0,0,0,0,4,2,13
,2020-45157,39.78363,-104.76503,5/11/2020 15:26,15:26:00,12,0,0,GREEN VALLEY RANCH BOULEVARD EAST & TELLURIDE STREET NORTH,11,1,0,1,1,3, ,0,,0,0,0,0,0,4,2,13
,2020-45158,39.71030654,-105.0324379,5/11/2020 16:44,16:44:00,3,0,1,KNOX COURT SOUTH & NEVADA P WEST,1,1,1,0,1,1, ,0,25,0,0,0,0,1,4,2,13
,2020-45159,39.71300654,-105.0168004,5/11/2020 20:58,20:58:00,6,0,0,CEDAR AVENUE 2400 WEST & ALCOTT STREET SOUTH,1,4,1,0,1,4, ,0,25,0,0,0,0,0,4,2,13
,2020-45160,39.73842,-104.97761,5/12/2020 0:19,0:19:00,3,0,1,CLARKSON STREET NORTH & 14TH AVENUE EAST,1,3,0,0,1,1, ,0,30,0,0,0,0,1,4,2,13
,2020-45161,39.66768,-104.97349,5/12/2020 6:10,6:10:00,3,0,0,YALE AVENUE EAST & DOWNING STREET SOUTH,1,2,1,0,1,1, ,0,30,0,0,0,0,0,4,2,13
,2020-45162,39.75663283,-105.0157449,5/12/2020 8:57,8:57:00,12,0,1,ZUNI STREET 2700 NORTH & SPEER B NORTH,1,1,1,0,1,3, ,0,30,0,0,0,0,2,4,2,10
,2020-45163,39.74248,-104.98612,5/12/2020 9:30,9:30:00,15,0,0,LINCOLN STREET 1600 NORTH & 17TH AVENUE WEST,1,1,0,0,1,4, ,0,30,0,0,0,0,0,4,2,13
,2020-45164,39.78623,-104.84889,5/12/2020 10:16,10:16:00,3,0,0,49TH AVENUE EAST & PARIS STREET NORTH,1,1,0,0,1,1, ,0,35,0,0,0,0,0,4,2,13
,2020-45165,39.74377,-104.91243,5/12/2020 10:45,10:45:00,3,0,0,MONACO STREET NORTH & 17TH AVENUE EAST,1,1,0,0,1,1, ,0,30,0,0,0,0,0,4,2,7
,2020-45166,39.69659,-104.96405,5/12/2020 10:55,10:55:00,3,0,0,RACE STREET SOUTH & MISSISSIPPI AVENUE EAST,1,1,0,0,1,1, ,0,25,0,0,0,0,0,4,2,13
,2020-45167,39.65296755,-105.0625204,5/12/2020 12:07,12:07:00,12,0,0,HAMPDEN FRTG ROAD SOUTH WEST & HARLAN STREET SOUTH,1,1,0,0,1,4, ,0,35,0,0,0,0,0,4,2,4
,2020-45168,39.69654,-104.89816,5/12/2020 13:42,13:42:00,12,0,0,PARKER ROAD 1098 SOUTH & MISSISSIPPI AVENUE EAST,1,1,1,0,1,1, ,0,35,0,0,0,0,0,4,2,13
,2020-45169,39.72949,-105.03411,5/12/2020 14:57,14:57:00,6,0,0,LINLEY COURT 800 NORTH & NINTH AVENUE WEST,1,1,1,0,1,4, ,0,,0,0,0,0,0,4,4,13
,2020-45170,39.791,-104.81723,5/12/2020 16:54,16:54:00,5,0,0,53RD AVENUE EAST & DURHAM COURT NORTH,1,1,0,0,3,1, ,0,,0,0,0,0,0,4,1,13
,2020-45171,39.76031,-105.04049,5/12/2020 17:50,17:50:00,6,0,1,QUITMAN STREET NORTH & 30TH AVENUE WEST,1,1,0,0,1,4, ,0,25,0,0,0,0,1,4,4,14
,2020-45172,39.77551153,-105.0029584,5/12/2020 18:06,18:06:00,6,0,0,43RD AVENUE WEST & MARIPOSA STREET NORTH,1,1,0,0,1,4, ,0,30,0,0,0,0,0,4,2,13
,2020-45173,39.67865,-105.02271,5/12/2020 18:43,18:43:00,3,0,0,EVANS AVENUE 2700 WEST & CLAY STREET SOUTH,1,1,0,0,1,2, ,0,40,0,0,0,0,0,4,2,1
,2020-45174,39.75054553,-104.9991514,5/12/2020 20:25,20:25:00,11,0,1,16TH STREET & BLAKE STREET,1,3,1,0,1,1, ,0,0,0,1,0,0,2,4,2,16
,2020-45175,39.78146,-104.96112,5/12/2020 20:48,20:48:00,6,0,0,GAYLORD STREET & 4678 NORTH,1,3,0,0,1,4, ,0,,0,0,0,0,0,4,2,13
,2020-45176,39.80463,-104.76276,5/12/2020 22:30,22:30:00,6,0,0,DUNKIRK STREET & 5900 NORTH,1,3,1,0,1,4, ,0,,0,0,0,0,0,4,2,13
,2020-45177,39.67486,-104.9164,5/13/2020 7:50,7:50:00,10,0,1,ILIFF AVENUE 6100 EAST & KEARNEY STREET SOUTH,1,1,0,0,1,2, ,0,30,0,0,0,1,2,4,2,1
,2020-45178,39.76734,-104.89436,5/13/2020 12:22,12:22:00,12,0,0,ULSTER STREET NORTH & 36TH AVENUE EAST,1,1,0,0,1,1, ,0,35,0,0,0,0,0,4,2,3
,2020-45179,39.73204,-104.9874,5/13/2020 12:35,12:35:00,15,0,0,10TH AVENUE EAST & BROADWAY STREET NORTH,1,1,1,0,1,1, ,0,30,0,0,0,0,0,4,2,7
,2020-45180,39.78364,-104.79048,5/13/2020 16:06,16:06:00,1,0,1,GREEN VALLEY RANCH BOULEVARD EAST & PENA BOULEVARD INBOUND,1,1,0,0,1,1, ,0,40,0,0,0,0,1,4,2,13
,2020-45181,39.75462,-104.97456,5/13/2020 16:09,16:09:00,2,0,1,26TH AVENUE EAST & OGDEN STREET NORTH,1,1,0,0,1,5, ,0,0,1,0,0,0,1,4,2,16
,2020-45182,39.76931,-104.99942,5/13/2020 17:18,17:18:00,3,0,0,38TH AVENUE 1100 WEST & KALAMATH STREET NORTH,1,1,0,0,1,5, ,0,,0,0,0,0,0,4,2,13
,2020-45183,39.71117054,-105.0156709,5/13/2020 18:50,18:50:00,15,0,0,ALAMEDA AVENUE WEST & ZUNI STREET SOUTH,1,1,1,0,1,3, ,0,30,0,0,0,0,0,4,2,1
,2020-45184,39.75823,-104.96098,5/13/2020 19:23,19:23:00,1,0,0,29TH AVENUE EAST & GAYLORD STREET NORTH,1,2,1,0,1,3, ,0,,0,0,0,0,0,4,2,13
,2020-45185,39.71706,-104.90371,5/13/2020 19:52,19:52:00,12,0,0,LOWRY BOULEVARD EAST & QUEBEC STREET NORTH,1,2,0,0,1,3, ,0,,0,0,0,0,0,4,2,13
,2020-45186,39.75158,-104.98738,5/13/2020 20:09,20:09:00,3,0,0,BROADWAY STREET NORTH & CHAMPA STREET,1,4,0,0,1,1, ,0,25,0,0,0,0,0,4,2,13
,2020-45187,39.76392,-105.04284,5/13/2020 21:33,21:33:00,6,0,0,STUART STREET NORTH & 33RD AVENUE WEST,1,3,0,0,1,4, ,0,,0,0,0,0,0,4,3,13
,2020-45188,39.73369,-104.97528,5/13/2020 22:17,22:17:00,6,0,0,11TH AVENUE EAST & OGDEN STREET NORTH,1,4,0,0,1,4, ,0,,0,0,0,0,0,4,3,13
,2020-45189,39.77423351,-104.770781,5/14/2020 1:00,1:00:00,6,0,0,42ND PLACE 18600 EAST & ANDES COURT NORTH,1,3,0,0,1,4, ,0,,0,0,0,0,0,4,2,13
,2020-45190,39.72440954,-105.1173709,5/14/2020 2:20,2:20:00,5,0,0,UMATILLA STREET 200 NORTH & SECOND AVENUE WEST,1,4,0,0,3,4, ,0,30,0,0,0,0,0,4,1,13
,2020-45191,39.69037153,-104.9128999,5/14/2020 6:58,6:58:00,10,0,0,CHERRY CREEK SOUTH DRIVE 6300  & MONACO STREET SOUTH,1,1,0,0,1,4, ,0,30,0,0,0,0,0,4,2,3
,2020-45192,39.78034,-104.80985,5/14/2020 8:25,8:25:00,3,0,0,BOLLING DRIVE EAST & CHAMBERS ROAD NORTH,1,1,1,0,1,1, ,0,25,0,0,0,0,0,4,2,14
,2020-45193,39.75161653,-105.0029809,5/14/2020 9:05,9:05:00,15,0,0,15TH STREET 1700  & WEWATTA STREET,1,1,0,0,1,4, ,0,,0,0,0,0,0,4,2,13
,2020-45194,39.70948,-105.0432,5/14/2020 13:51,13:51:00,6,0,0,DAKOTA AVENUE 4200 WEST & RALEIGH STREET SOUTH,1,1,0,0,1,4, ,0,,0,0,0,0,0,4,2,13
,2020-45195,39.71974754,-105.0324604,5/14/2020 15:03,15:03:00,6,0,0,SECOND AVENUE WEST & KNOX COURT NORTH,1,1,1,0,1,4, ,0,30,0,0,0,0,0,4,2,3
,2020-45196,39.73514,-104.95281,5/14/2020 15:17,15:17:00,2,0,1,12TH AVENUE EAST & FILLMORE STREET NORTH,1,1,0,0,1,1, ,0,30,1,0,0,0,2,4,2,4
,2020-45197,39.74002,-104.97874,5/14/2020 15:45,15:45:00,15,0,0,WASHINGTON STREET NORTH & COLFAX AVENUE EAST,1,1,0,0,1,4, ,0,30,0,0,0,1,0,4,2,8
,2020-45198,39.76737,-104.90081,5/14/2020 15:47,15:47:00,3,0,0,36TH AVENUE EAST & ROSLYN STREET NORTH,1,1,1,0,1,3, ,0,30,0,0,0,0,0,4,3,8
,2020-45199,39.76075,-104.95976,5/14/2020 17:04,17:04:00,3,0,2,YORK STREET NORTH & 31ST AVENUE EAST,1,1,0,0,1,1, ,0,30,0,0,0,0,1,4,2,1
,2020-45200,39.73294,-105.03214,5/14/2020 17:27,17:27:00,3,0,2,KNOX COURT NORTH & 10TH AVENUE WEST,1,1,1,0,1,1, ,0,30,0,0,0,0,1,4,3,13
,2020-45201,39.69843,-105.02237,5/14/2020 17:37,17:37:00,14,0,0,DECATUR STREET 1000 SOUTH & TENNESSEE AVENUE WEST,1,1,0,0,1,4, ,0,,0,0,0,0,0,4,2,13
,2020-45202,39.65446,-104.89469,5/14/2020 18:59,18:59:00,12,0,0,GIRARD AVENUE EAST & TULARE COURT SOUTH,1,2,1,0,1,4, ,0,,0,0,0,0,0,4,3,16
,2020-45203,39.74746,-104.88466,5/14/2020 21:22,21:22:00,1,0,1,MONTVIEW BOULEVARD EAST & YOSEMITE STREET NORTH,1,3,0,0,1,1, ,0,30,0,0,0,0,1,4,2,13
,2020-45204,39.70049208,-104.9875049,5/14/2020 23:04,23:04:00,5,0,0,BROADWAY STREET SOUTH & HOYE PLACE WEST,1,3,1,0,3,4, ,0,35,0,0,0,0,0,4,1,3
,2020-45205,39.74946,-104.96594,5/14/2020 23:25,23:25:00,5,0,0,22ND AVENUE EAST & WILLIAM STREET NORTH,1,3,0,0,3,1, ,0,,0,0,0,0,0,4,1,13
,2020-45206,39.76181,-104.99059,5/14/2020 23:28,23:28:00,6,0,0,WEWATTA WAY & 2500,1,3,0,0,1,4, ,0,25,0,0,0,0,0,4,2,3
,2020-45207,39.72562,-104.98236,5/14/2020 23:39,23:39:00,3,0,1,SIXTH AVENUE EAST & LOGAN STREET NORTH,1,3,0,0,1,1, ,0,30,0,0,0,0,2,4,2,3
,2020-45208,39.67751,-104.90563,5/15/2020 1:49,1:49:00,9,0,0,EVANS AVENUE 7100 EAST & PONTIAC WEST SOUTH,1,3,0,0,2,4, ,0,,0,0,0,0,0,4,1,16
,2020-45209,39.73842253,-104.9811019,5/15/2020 3:36,3:36:00,6,0,0,PENNSYLVANIA STREET 1400 NORTH & 14TH AVENUE EAST,1,3,0,0,1,4, ,0,30,0,0,0,0,0,4,2,8
,2020-45210,39.74327,-104.98108,5/15/2020 9:35,9:35:00,3,0,0,PENNSYLVANIA STREET NORTH & 17TH AVENUE EAST,1,1,0,0,1,1, ,0,30,0,0,0,0,0,4,2,13
,2020-45211,39.70113,-104.97693,5/15/2020 10:46,10:46:00,6,0,0,EMERSON STREET 800 SOUTH & KENTUCKY AVENUE EAST,14,1,0,0,1,4, ,0,25,0,0,0,0,0,4,2,13
,2020-45212,39.77291,-104.94983,5/15/2020 11:04,11:04:00,3,0,0,40TH AVENUE EAST & STEELE STREET NORTH,1,1,0,0,1,1, ,0,30,0,0,0,0,0,4,2,3
,2020-45213,39.72411,-104.98113,5/15/2020 11:35,11:35:00,8,0,0,FIFTH AVENUE EAST & PENNSYLVANIA STREET NORTH,1,1,0,0,1,1, ,0,25,0,0,0,0,0,4,2,13
,2020-45214,39.76199,-104.96098,5/15/2020 12:47,12:47:00,5,0,1,MLK B EAST & GAYLORD STREET NORTH,1,1,0,0,2,3, ,0,30,0,0,0,0,2,4,1,14
,2020-45215,39.73843,-104.98741,5/15/2020 12:56,12:56:00,12,0,0,BROADWAY STREET NORTH & 14TH AVENUE EAST,1,1,0,0,1,4, ,0,30,0,0,0,0,0,4,2,1
,2020-45216,39.73541,-104.99686,5/15/2020 14:01,14:01:00,5,0,0,13TH AVENUE WEST & GALAPAGO STREET NORTH,1,1,1,0,3,1, ,0,25,0,0,0,0,0,4,1,13
,2020-45217,39.74411,-104.98836,5/15/2020 14:07,14:07:00,3,0,2,TREMONT PLACE & 17TH STREET,1,1,0,0,1,1, ,0,30,0,0,0,0,1,4,2,8
,2020-45218,39.76448,-104.94057,5/15/2020 14:23,14:23:00,3,0,0,BRUCE RANDOLPH AVENUE EAST & COLORADO BOULEVARD NORTH,1,1,0,0,1,2, ,0,,0,0,0,0,0,4,2,13
,2020-45219,39.75649,-104.93722,5/15/2020 15:03,15:03:00,6,0,0,28TH AVENUE EAST & BELLAIRE STREET NORTH,1,1,0,0,1,4, ,0,25,0,0,0,0,0,4,2,5
,2020-45220,39.65304,-104.93169,5/15/2020 15:58,15:58:00,1,0,0,HAMPDEN AVENUE EAST & DAHLIA STREET SOUTH,1,1,1,0,1,1, ,0,35,0,0,0,0,0,4,2,13
,2020-45221,39.78095,-104.88282,5/15/2020 17:23,17:23:00,1,0,0,CENTRAL PARK B NORTH & 46TH PLACE EAST,1,1,0,0,1,1, ,0,30,0,0,0,0,0,4,2,13
,2020-45222,39.64955,-104.91301,5/15/2020 17:25,17:25:00,15,0,0,MONACO STREET SOUTH & NIAGARA WAY SOUTH,11,1,0,1,1,4, ,0,,0,0,0,0,0,4,2,13
,2020-45223,39.71657,-105.03124,5/15/2020 19:53,19:53:00,6,0,0,ELLSWORTH AVENUE WEST & JULIAN STREET SOUTH,11,1,0,1,1,4, ,0,,0,0,0,0,0,4,2,13
,2020-45224,39.78561,-105.02703,5/15/2020 20:48,20:48:00,5,0,0,49TH AVENUE & 3000 WEST,11,4,0,1,3,4, ,0,,0,0,0,0,0,4,1,13
,2020-45225,39.7821,-104.81976,5/15/2020 22:00,22:00:00,6,0,0,BOLLING DRIVE EAST & DEARBORN STREET NORTH,11,3,0,1,3,4, ,0,30,0,0,0,0,0,4,3,1
,2020-45226,39.75597,-104.99044,5/15/2020 23:14,23:14:00,6,0,1,MARKET STREET & 2200 MARKET STREET,1,3,0,0,1,4, ,0,25,0,0,0,0,1,4,3,1
,2020-45227,39.73052053,-105.0028189,5/15/2020 23:21,23:21:00,6,0,0,MARIPOSA STREET 900 NORTH & NINTH AVENUE WEST,1,3,0,0,1,4, ,0,,0,0,0,0,0,4,3,13
,2020-45228,39.73369753,-105.0040789,5/15/2020 23:30,23:30:00,11,0,1,11TH AVENUE WEST & NAVAJO STREET NORTH,1,3,0,0,1,4, ,0,,0,1,0,0,2,4,2,13
,2020-45229,39.72376,-105.04162,5/15/2020 23:39,23:39:00,6,0,0,RALEIGH STREET 400 NORTH & FOURTH AVENUE WEST,11,3,0,0,5,4, ,0,25,0,0,0,0,0,3,2,1
,2020-45230,39.67117,-105.02985,5/16/2020 1:19,1:19:00,12,0,0,IRVING STREET SOUTH & VASSAR AVENUE WEST,1,3,0,0,1,1, ,0,25,0,0,0,0,0,4,2,4
,2020-45231,39.69674354,-105.0127099,5/16/2020 8:09,8:09:00,3,0,0,MISSISSIPPI AVENUE WEST & TEJON STREET SOUTH,1,1,0,0,1,1, ,0,,0,0,0,0,0,4,2,13
,2020-45232,39.77096,-104.83307,5/16/2020 9:58,9:58:00,5,0,0,39TH AVENUE EAST & WHEELING STREET NORTH,1,1,0,0,1,4, ,0,35,0,0,0,0,0,4,1,3
,2020-45233,39.72094,-104.98625,5/16/2020 11:30,11:30:00,3,0,1,THIRD AVENUE EAST & LINCOLN STREET NORTH,1,1,0,0,1,1, ,0,30,0,0,0,1,2,4,2,1
,2020-45234,39.67843,-104.95939,5/16/2020 11:30,11:30:00,3,0,0,UNIVERSITY B SOUTH & EVANS AVENUE EAST,1,1,0,0,1,1, ,0,30,0,0,0,0,0,4,2,13
,2020-45235,39.67844,-104.99027,5/16/2020 12:13,12:13:00,15,0,0,EVANS AVENUE 100 WEST & ACOMA STREET SOUTH,1,1,0,0,1,4, ,0,,0,0,0,0,0,4,2,13
,2020-45236,39.71476,-104.98627,5/16/2020 14:21,14:21:00,15,0,0,LINCOLN STREET SOUTH & BAYAUD AVENUE EAST,1,1,0,0,1,4, ,0,30,0,0,0,0,0,4,2,1
,2020-45237,39.76001,-104.8724,5/16/2020 15:05,15:05:00,3,0,1,MLK BOULEVARD EAST & ELMIRA STREET NORTH,1,1,0,0,1,1, ,0,30,0,0,0,0,1,4,2,13
,2020-45238,39.78625109,-104.791086,5/16/2020 16:00,16:00:00,4,0,0,PENA BOULEVARD & 20985,1,1,0,0,1,4, ,0,55,0,0,0,0,0,4,1,13
,2020-45239,39.66762,-104.90065,5/16/2020 16:40,16:40:00,6,0,0,YALE AVENUE 7600 EAST & SIDNEY COURT SOUTH,1,1,1,0,3,4, ,0,30,0,0,0,0,0,4,3,2
,2020-45240,39.6734,-105.0194,5/16/2020 16:45,16:45:00,3,0,0,CLAY STREET SOUTH & WESLEY AVENUE WEST,1,1,0,0,1,1, ,0,,0,0,0,0,0,4,2,13
,2020-45241,39.77901253,-105.0069499,5/16/2020 18:51,18:51:00,6,0,0,CHAFFEE PLACE 1700 WEST & QUIETO COURT,1,1,0,0,1,4, ,0,25,0,0,0,0,0,4,2,1
,2020-45242,39.70344,-104.87534,5/16/2020 19:30,19:30:00,5,0,0,DAYTON STREET SOUTH & EXPOSITION AVENUE EAST,1,1,0,0,2,4, ,0,,0,0,0,0,0,4,1,16
,2020-45243,39.80182,-104.76479,5/16/2020 20:03,20:03:00,6,0,0,CEYLON STREET NORTH & 58TH AVENUE EAST,1,1,0,0,1,1, ,0,25,0,0,0,0,0,4,2,13
,2020-45244,39.79506,-104.83449,5/16/2020 20:41,20:41:00,6,0,0,MAXWELL PLACE & 13183 EAST,1,3,0,0,1,4, ,0,,0,0,0,0,0,4,3,13
,2020-45245,39.70213,-104.98753,5/16/2020 22:45,22:45:00,5,0,1,OHIO AVENUE EAST & BROADWAY STREET SOUTH,1,3,0,0,3,4, ,0,30,0,0,0,0,1,4,1,3
,2020-45246,39.71308753,-104.9222509,5/17/2020 1:25,1:25:00,6,0,1,HOLLY STREET 200 SOUTH & CEDAR AVENUE EAST,1,3,1,0,1,4, ,0,25,0,0,0,0,1,4,3,3