id,drcog_id,latitude,longitude,crashtime,time,crashtype,numbkilled,numbinjurd,drcoglocat,rdconditin,lightngcon,roadcntgrd,weatherco,location,roaddescrp,schoolzone,constrzone,splimit,bikeinv,pedinv,sctrinv,motoinv,svrty,rdsystem,ttlvehcls,hcf
,2020-45247,39.71813,-104.95462,5/17/2020 7:35,7:35:00,5,0,0,FIRST AVENUE 2700 EAST & UNIVERSITY BOULEVARD NORTH,1,1,0,0,2,4, ,0,,0,0,0,0,0,4,1,13
,2020-45248,39.71112,-104.96575,5/17/2020 8:15,8:15:00,15,0,0,ALAMEDA AVENUE 1800 EAST & HIGH STREET SOUTH,1,1,0,0,1,4, ,0,,0,0,0,0,0,4,2,13
,2020-45249,39.71479,-104.98753,5/17/2020 10:37,10:37:00,12,0,0,BROADWAY 100 SOUTH & CEDAR AVENUE EAST,1,1,0,0,1,4, ,0,30,0,0,0,0,0,4,2,13
,2020-45250,39.73686,-104.99647,5/17/2020 11:18,11:18:00,3,0,0,SPEER B NORTH & 13TH AVENUE WEST,1,1,0,0,1,1, ,0,35,0,0,0,0,0,4,2,8
,2020-45251,39.68947154,-105.0063919,5/17/2020 11:51,11:51:00,5,0,0,PECOS STREET 1700 SOUTH & FLORIDA AVENUE WEST,1,1,1,0,1,7, ,0,,0,0,0,0,0,4,1,5
,2020-45252,39.72362,-104.96797,5/17/2020 12:23,12:23:00,5,0,0,FRANKLIN STREET & 490 NORTH FRANKLIN STREET,1,1,0,0,3,4, ,0,,0,0,0,0,0,4,1,13
,2020-45253,39.69556,-104.90821,5/17/2020 14:26,14:26:00,3,0,2,ONEIDA STREET 1100 SOUTH & MISSISSIPPI AVENUE EAST,1,1,1,0,1,2, ,0,30,0,0,0,0,1,4,2,13
,2020-45254,39.76956,-105.02119,5/17/2020 14:43,14:43:00,5,0,0,38TH AVENUE & 2725 WEST,1,1,0,0,4,5, ,0,10,0,0,0,0,0,4,1,13
,2020-45255,39.69316,-105.04956,5/17/2020 16:55,16:55:00,3,0,0,LOUISIANA AVENUE WEST & XAVIER STREET SOUTH,1,1,0,0,1,1, ,0,30,0,0,0,0,0,4,2,3
,2020-45256,39.78738252,-104.9782804,5/17/2020 17:28,17:28:00,5,0,2,50TH AVENUE EAST & WASHINGTON STREET NORTH,1,1,0,0,3,1, ,0,30,0,0,0,0,0,4,2,14
,2020-45257,39.78398952,-104.8466104,5/17/2020 18:54,18:54:00,15,0,0,ALBROOK DRIVE EAST & PEORIA STREET NORTH,1,1,0,0,1,1, ,0,25,0,0,0,0,0,4,2,13
,2020-45258,39.68576,-104.98458,5/17/2020 19:20,19:20:00,6,0,1,MEXICO AVENUE 200 EAST & GRANT STREET SOUTH,1,2,0,0,1,4, ,0,25,0,0,0,0,0,4,2,3
,2020-45259,39.78239,-104.95846,5/17/2020 20:01,20:01:00,6,0,1,JOSEPHINE STREET & 4719 NORTH,1,1,0,0,1,4, ,0,25,0,0,0,0,1,4,4,6
,2020-45260,39.75807,-104.94253,5/17/2020 22:47,22:47:00,6,0,0,29TH AVENUE & 3810 EAST,1,3,0,0,1,4, ,0,35,0,0,0,0,0,4,2,13
,2020-45261,39.78195,-104.96028,5/17/2020 23:44,23:44:00,6,0,0,YORK LANE NORTH & YORK STREET NORTH,1,3,0,0,1,4, ,0,15,0,0,0,0,0,4,2,13
,2020-45262,39.74382,-105.03333,5/18/2020 13:36,13:36:00,6,0,0,17TH AVENUE 3500 WEST & NORTH LOWELL BOULEVARD,1,1,1,0,1,4, ,0,,0,0,0,0,0,4,2,13
,2020-45263,39.75761199,-105.0077783,5/18/2020 14:19,14:19:00,3,0,1,PLATTE STREET & 1700 SOUTH,1,1,0,0,1,2, ,0,,0,0,0,0,1,4,2,13
,2020-45264,39.76927453,-105.0158509,5/18/2020 16:10,16:10:00,12,0,0,ZUNI STREET NORTH & 38TH AVENUE WEST,1,1,0,0,1,1, ,0,30,0,0,0,0,0,4,2,3
,2020-45265,39.70931,-104.98341,5/18/2020 16:25,16:25:00,6,0,0,DAKOTA AVENUE 300 EAST & GRANT STREET SOUTH,1,1,0,0,1,4, ,0,25,0,0,0,0,0,4,2,3
,2020-45266,39.73538,-104.9705,5/18/2020 17:00,17:00:00,6,0,0,LAFAYETTE STREET 1200 BK NORTH & 13TH AVENUE EAST,1,1,0,0,1,4, ,0,,0,0,0,0,0,4,2,13
,2020-45267,39.72907,-104.98112,5/18/2020 17:15,17:15:00,12,0,0,PENNSYLVANIA STREET NORTH & EIGHTH AVENUE EAST,1,1,0,0,1,4, ,0,,0,0,0,0,0,4,2,16
,2020-45268,39.74812453,-105.0042589,5/18/2020 17:44,17:44:00,15,0,0,AURARIA PARKWAY & 12TH STREET,1,1,0,0,1,4, ,0,30,0,0,0,0,0,4,2,13
,2020-45269,39.63949,-105.05764,5/18/2020 20:20,20:20:00,5,0,0,QUINCY AVENUE 5600 WEST & SHERIDAN BOULEVARD SOUTH,1,2,0,0,3,4, ,0,,0,0,0,1,0,4,1,13
,2020-45270,39.71886,-104.9875,5/18/2020 20:30,20:30:00,6,0,1,BROADWAY STREET 100 NORTH & FIRST AVENUE EAST,1,3,0,0,1,4, ,0,30,0,0,0,0,2,4,3,13
,2020-45271,39.71896,-105.02634,5/18/2020 21:15,21:15:00,6,0,0,GROVE STREET 100 NORTH & FIRST AVENUE WEST,1,3,0,0,1,4, ,0,15,0,0,0,0,0,4,3,3
,2020-45272,39.77971452,-104.9317099,5/18/2020 23:30,23:30:00,5,0,0,STAPLETON NORTH DRIVE & DAHLIA STREET NORTH,1,3,0,0,1,1, ,1,25,0,0,0,0,0,4,1,5
,2020-45273,39.67846,-104.90723,5/19/2020 2:09,2:09:00,8,0,2,EVANS AVENUE 6900 EAST & ONEIDA STREET SOUTH,1,3,1,0,1,4, ,0,35,0,0,0,0,1,4,2,5
,2020-45274,39.79755251,-104.8324984,5/19/2020 7:00,7:00:00,12,0,0,RANDOLPH PLACE 13300 EAST & VICTOR STREET NORTH,1,1,0,0,1,2, ,0,25,0,0,0,0,0,4,2,13
,2020-45275,39.79300788,-104.816703,5/19/2020 7:45,7:45:00,5,0,0,MAXWELL PLACE & 14500 EAST,1,1,1,0,2,4, ,0,30,0,0,0,0,0,4,1,2
,2020-45276,39.63582,-105.03945,5/19/2020 8:00,8:00:00,6,0,0,RUTGERS PLACE 4000 WEST & QUITMAN STREET SOUTH,1,1,0,0,1,4, ,0,,0,0,0,0,0,4,2,13
,2020-45277,39.72731653,-105.0016219,5/19/2020 8:50,8:50:00,6,0,0,LIPAN STREET NORTH & SEVENTH AVENUE WEST,1,1,0,0,1,1, ,0,25,0,0,0,0,0,4,2,7
,2020-45278,39.7547,-104.92113,5/19/2020 10:30,10:30:00,5,0,0,IVANHOE STREET NORTH & 26TH AVENUE EAST,1,1,0,0,1,5, ,0,,0,0,0,0,0,4,1,13
,2020-45279,39.77452,-104.92232,5/19/2020 11:34,11:34:00,15,0,0,HOLLY STREET NORTH & SMITH ROAD EAST,1,1,0,0,1,1, ,0,30,0,0,0,0,0,4,2,7
,2020-45280,39.74824,-104.98647,5/19/2020 12:10,12:10:00,3,0,0,WELTON STREET & 20TH STREET,1,1,0,0,1,1, ,0,,0,0,0,0,0,4,2,13
,2020-45281,39.75146,-104.98581,5/19/2020 14:00,14:00:00,11,0,1,STOUT STREET & 22ND STREET,1,1,0,0,1,1, ,0,0,0,1,0,0,3,4,2,16
,2020-45282,39.74637,-105.02916,5/19/2020 14:09,14:09:00,6,0,0,19TH AVENUE 3200 WEST & HOOKER STREET NORTH,1,1,1,0,1,4, ,0,30,0,0,0,0,0,4,2,13
,2020-45283,39.72909,-104.9874,5/19/2020 15:26,15:26:00,3,0,1,EIGHTH AVENUE EAST & BROADWAY STREET NORTH,1,1,0,0,1,1, ,0,30,0,0,0,0,2,4,2,3
,2020-45284,39.75633253,-105.0158419,5/19/2020 19:49,19:49:00,15,0,0,SPEER B NORTHBOUND & ZUNI STREET NORTH,1,2,1,0,1,1, ,0,35,0,0,0,0,0,4,2,8
,2020-45285,39.64002,-104.90655,5/19/2020 23:18,23:18:00,6,0,0,OLIVE STREET 4200 SOUTH & PRINCETON AVENUE EAST,1,4,0,0,1,4, ,0,25,0,0,0,0,0,4,2,5
,2020-45286,39.65441653,-104.872292,5/20/2020 1:30,1:30:00,6,0,0,GIRARD AVENUE 9800 EAST & FLORENCE AVENUE EAST,1,4,0,0,1,2, ,0,30,0,0,0,0,0,4,2,14
,2020-45287,39.74268,-105.03181,5/20/2020 2:02,2:02:00,6,0,0,16TH AVENUE & 3400 WEST 16TH AVENUE,1,3,0,0,1,4, ,0,,0,0,0,0,0,4,6,13
,2020-45288,39.7837,-104.77212,5/20/2020 5:40,5:40:00,1,0,1,GREEN VALLEY RANCH B EAST & TOWER ROAD NORTH,1,3,0,0,1,1, ,0,35,0,0,0,0,2,4,2,13
,2020-45289,39.65618,-105.05136,5/20/2020 8:59,8:59:00,5,0,0,DARTMOUTH AVENUE 5100 WEST & LIGHT POLE 31/468/23/88,1,1,0,0,3,4, ,0,25,0,0,0,0,0,4,1,16
,2020-45290,39.75923,-104.93721,5/20/2020 9:49,9:49:00,6,0,0,BELLAIRE STREET 2900 NORTH & 30TH AVENUE EAST,1,1,1,0,1,4, ,0,25,0,0,0,0,0,4,3,1
,2020-45291,39.73604,-104.99587,5/20/2020 10:07,10:07:00,15,0,0,SPEER BOULEVARD 1200 NORTH & DOWNING STREET NORTH,1,1,0,0,1,4, ,0,,0,0,0,0,0,4,2,13
,2020-45292,39.7594,-104.98774,5/20/2020 12:13,12:13:00,11,0,1,BLAKE STREET & BROADWAY STREET NORTH,1,1,0,0,1,1, ,0,,0,1,0,0,2,4,2,13
,2020-45293,39.69674354,-105.0127099,5/20/2020 14:00,14:00:00,3,0,0,MISSISSIPPI AVENUE WEST & TEJON STREET SOUTH,1,1,0,0,1,1, ,0,30,0,0,0,0,0,4,2,3
,2020-45294,39.71128,-104.90349,5/20/2020 14:42,14:42:00,12,0,1,QUEBEC STREET SOUTH & ALAMEDA AVENUE EAST,1,1,0,0,1,1, ,0,35,0,0,0,0,1,4,2,13
,2020-45295,39.75079,-104.98493,5/20/2020 15:10,15:10:00,11,0,0,22ND STREET 700  & STOUT STREET,1,1,0,0,1,5, ,0,0,0,1,0,0,0,4,2,16
,2020-45296,39.79824,-104.84718,5/20/2020 17:15,17:15:00,3,0,0,56TH AVENUE EAST & PEORIA STREET NORTH,1,1,0,0,1,1, ,0,,0,0,0,0,0,4,2,13
,2020-45297,39.76513,-104.89047,5/20/2020 17:55,17:55:00,15,0,0,CENTRAL PARK BOULEVARD 3400 NORTH & 35TH AVENUE EAST,1,1,0,0,1,4, ,0,,0,0,0,0,0,4,2,13
,2020-45298,39.78005,-104.95413,5/20/2020 19:04,19:04:00,3,0,0,46TH AVENUE EAST & CLAYTON STREET NORTH,1,1,0,0,1,1, ,0,25,0,0,0,0,0,4,2,13
,2020-45299,39.79350252,-104.9033194,5/20/2020 21:03,21:03:00,1,0,1,QUEBEC STREET NORTH & 53RD AVENUE EAST,1,3,0,0,1,1, ,0,35,0,0,0,0,2,4,2,13
,2020-45300,39.78016453,-105.0064279,5/20/2020 21:52,21:52:00,11,0,1,46TH AVENUE WEST & PECOS STREET NORTH,1,3,0,0,1,1, ,0,0,0,1,0,0,3,4,2,16
,2020-45301,39.74743,-104.91281,5/21/2020 8:05,8:05:00,12,0,1,MONACO STREET NORTH & MONTEVIEW B EAST,1,1,0,0,1,3, ,0,30,0,0,0,0,1,4,2,1
,2020-45302,39.75944,-104.97303,5/21/2020 10:34,10:34:00,6,0,0,30TH AVENUE 1200 EAST & DOWNING STREET NORTH,1,1,0,0,1,4, ,0,25,0,0,0,0,0,4,2,13
,2020-45303,39.74083,-104.97617,5/21/2020 11:00,11:00:00,6,0,0,EMERSON STREET & 1500 NORTH EMERSON STREET,1,1,0,0,1,4, ,0,,0,0,0,0,0,4,2,13
,2020-45304,39.73941,-105.04048,5/21/2020 16:00,16:00:00,6,0,0,QUITMAN STREET 1400 NORTH & COLFAX AVENUE WEST,1,1,0,0,1,4, ,0,,0,0,0,0,0,4,2,13
,2020-45305,39.74378653,-104.9488279,5/21/2020 16:09,16:09:00,8,0,0,17TH AVENUE EAST & ADAMS STREET NORTH,1,1,0,0,6,1, ,0,35,0,0,0,0,0,4,7,2
,2020-45306,39.76618,-104.97336,5/21/2020 16:57,16:57:00,12,0,0,DOWNING STREET 3500 NORTH & LAWRENCE STREET,1,1,0,0,1,4, ,0,25,0,0,0,0,0,4,2,13
,2020-45307,39.75171,-104.98374,5/21/2020 17:17,17:17:00,3,0,0,PARK AVENUE WEST & CALIFORNIA STREET,1,1,1,0,1,1, ,0,30,0,0,0,0,0,4,2,8
,2020-45308,39.72906,-104.97759,5/21/2020 17:19,17:19:00,6,0,0,CLARKSON STREET NORTH & EIGHTH AVENUE EAST,1,1,1,0,1,4, ,0,,0,0,0,0,0,4,2,13
,2020-45310,39.79401,-104.84422,5/22/2020 2:10,2:10:00,6,0,0,54TH AVENUE & 12365 EAST,1,3,0,0,1,4, ,0,,0,0,0,0,0,4,3,13
,2020-45311,39.68754,-104.92169,5/22/2020 8:12,8:12:00,6,0,0,IOWA AVENUE 5600 EAST & HOLLY STREET SOUTH,1,1,0,0,1,4, ,0,25,0,0,0,0,0,4,2,13
,2020-45312,39.70706653,-104.8854004,5/22/2020 8:35,8:35:00,12,0,0,XENIA STREET 300 SOUTH & ALAMEDA AVENUE EAST,1,5,0,0,1,4, ,0,,0,0,0,0,0,4,3,16
,2020-45313,39.65051,-105.05302,5/22/2020 10:36,10:36:00,3,0,0,SHERIDAN BOULEVARD SOUTH & KENYON AVENUE WEST,1,1,0,0,1,1, ,0,30,0,0,0,0,0,4,2,13
,2020-45314,39.70394354,-105.0133219,5/22/2020 11:42,11:42:00,6,0,0,EXPOSITION AVENUE 2100 WEST & VALLEJO STREET SOUTH,1,1,1,0,1,4, ,0,,0,0,0,0,0,4,2,13
,2020-45315,39.77748,-105.04398,5/22/2020 13:45,13:45:00,12,0,0,TENNYSON STREET 4400 NORTH & FOURTH AVENUE WEST,1,1,0,0,1,4, ,0,,0,0,0,0,0,4,2,16
,2020-45316,39.74325,-104.97339,5/22/2020 14:54,14:54:00,3,0,0,17TH AVENUE EAST & DOWNING STREET NORTH,1,1,0,0,1,1, ,0,30,0,0,0,0,0,4,2,8
,2020-45317,39.67848,-104.96699,5/22/2020 15:25,15:25:00,12,0,0,EVANS AVENUE 1700 EAST & WILLIAMS STREET SOUTH,1,1,0,0,1,4, ,0,35,0,0,0,0,0,4,5,13
,2020-45318,39.78238,-104.84902,5/22/2020 15:44,15:44:00,10,0,0,47TH AVENUE EAST & PARIS STREET NORTH,1,1,0,0,1,2, ,0,35,0,0,0,0,0,4,2,8
,2020-45319,39.68569,-104.93839,5/22/2020 16:15,16:15:00,6,0,0,MEXICO AVENUE 4100 EAST & ALBION STREET SOUTH,1,1,0,0,1,4, ,0,25,0,0,0,0,0,4,2,13
,2020-45320,39.72975,-104.99123,5/22/2020 18:12,18:12:00,15,0,0,SPEER BOULEVARD NORTH & BANNOCK STREET NORTH,1,1,1,0,1,3, ,0,30,0,0,0,1,0,4,2,13
,2020-45321,39.69675254,-105.0156484,5/22/2020 18:33,18:33:00,1,0,0,MISSISSIPPI AVENUE WEST & ZUNI STREET SOUTH,1,1,0,0,1,1, ,0,35,0,0,0,0,0,4,2,13
,2020-45322,39.73843,-104.9753,5/22/2020 18:40,18:40:00,2,0,1,14TH AVENUE 900 EAST & OGDEN STREET NORTH,1,1,0,0,1,4, ,0,0,1,0,0,0,2,4,2,16
,2020-45323,39.71018,-105.0486,5/22/2020 18:52,18:52:00,12,0,0,WOLFF STREET 300 SOUTH & NEVADA P WEST,1,1,0,0,1,4, ,0,,0,0,0,0,0,4,2,16
,2020-45324,39.75014,-104.99621,5/22/2020 19:20,19:20:00,10,0,0,17TH STREET & LARIMER STREET,1,1,0,0,1,1, ,0,,0,0,0,0,0,4,2,13
,2020-45325,39.70093,-104.87468,5/23/2020 0:35,0:35:00,6,0,0,EMPORIA STREET SOUTH & OHIO AVENUE EAST,1,4,0,0,1,4, ,0,,0,0,0,0,0,4,2,13
,2020-45326,39.7981,-104.83551,5/23/2020 1:25,1:25:00,5,0,1,56TH AVENUE EAST & UVALDA STREET NORTH,1,4,0,0,2,1, ,0,40,0,0,0,0,0,4,1,5
,2020-45327,39.72394,-104.88402,5/23/2020 2:43,2:43:00,5,0,0,LOWRY BOULEVARD EAST & YOSEMITE STREET NORTH,1,3,0,0,3,6, ,0,30,0,0,0,0,0,4,1,5
,2020-45328,39.72174,-104.98747,5/23/2020 10:04,10:04:00,15,0,0,BROADWAY STREET 300 NORTH & THIRD AVENUE EAST,1,1,0,0,1,4, ,0,30,0,0,0,1,0,4,2,13
,2020-45329,39.79035,-104.83728,5/23/2020 12:10,12:10:00,6,0,1,51ST AVENUE 13000 EAST & UVALDA STREET NORTH,1,1,0,0,1,4, ,0,30,0,1,0,0,3,4,3,14
,2020-45330,39.71305154,-105.0110314,5/23/2020 13:08,13:08:00,5,0,0,TEJON STREET 100 SOUTH & CEDAR AVENUE WEST,1,1,0,0,3,4, ,0,,0,0,0,0,0,4,1,13
,2020-45331,39.78740053,-105.0135199,5/23/2020 14:49,14:49:00,6,0,0,50TH AVENUE WEST & VALLEJO STREET NORTH,1,1,0,0,1,4, ,0,25,0,0,0,0,0,4,3,5
,2020-45332,39.71707453,-104.8955412,5/23/2020 15:47,15:47:00,3,0,0,LOWRY B EAST & FAIRMOUNT DRIVE EAST,1,1,0,0,1,1, ,0,35,0,0,0,0,0,4,2,7
,2020-45333,39.75549,-104.99105,5/23/2020 17:11,17:11:00,3,0,0,22ND STREET & MARKET STREET,1,1,0,0,1,1, ,0,30,0,0,0,0,0,4,3,3
,2020-45334,39.78362951,-104.809832,5/23/2020 20:00,20:00:00,1,0,1,CHAMBERS ROAD NORTH & GATEWAY AVENUE EAST,1,2,0,0,1,1, ,0,45,0,0,0,0,0,4,2,1
,2020-45335,39.72413,-104.98748,5/23/2020 21:28,21:28:00,12,0,0,BROADWAY STREET NORTH & FIFTH AVENUE EAST,1,3,0,0,1,1, ,0,,0,0,0,0,0,4,3,13
,2020-45336,39.82189,-104.77195,5/23/2020 23:17,23:17:00,3,0,0,69TH AVENUE EAST & TOWER ROAD NORTH,1,3,0,0,1,1, ,0,15,0,0,0,0,0,4,2,5
,2020-45337,39.71657,-105.02634,5/23/2020 23:34,23:34:00,3,0,0,ELLSWORTH AVENUE WEST & GROVE STREET NORTH,1,3,1,0,1,1, ,0,25,0,0,0,0,0,4,2,5
,2020-45338,39.74744052,-104.8940089,5/23/2020 23:50,23:50:00,6,0,0,ULSTER STREET 2000 NORTH & MONTVIEW BOULEVARD EAST,1,3,0,0,1,4, ,0,,0,0,0,0,0,4,2,13
,2020-45340,39.68030054,-104.9971399,5/24/2020 1:32,1:32:00,12,0,0,HURON STREET 2000 SOUTH & ASBURY STREET WEST,1,4,0,0,1,4, ,0,,0,0,0,0,0,4,2,16
,2020-45341,39.77499,-105.03461,5/24/2020 1:59,1:59:00,5,0,0,LOWELL B NORTH & 42ND AVENUE WEST,1,3,1,0,3,4, ,0,,0,0,0,0,0,4,1,16
,2020-45342,39.77586,-104.81152,5/24/2020 5:00,5:00:00,6,0,0,FULLERTON COURT 4500 NORTH & 46TH AVENUE EAST,1,3,0,0,1,4, ,0,,0,0,0,0,0,4,2,13
,2020-45344,39.73842,-104.9128,5/24/2020 6:35,6:35:00,10,0,0,14TH AVENUE EAST & MONACO STREET NORTH,1,1,0,0,1,1, ,0,,0,0,0,0,0,4,2,13
,2020-45345,39.75724,-105.02208,5/24/2020 7:08,7:08:00,6,0,0,DECATUR STREET 2800 NORTH & 28TH AVENUE WEST,1,1,1,0,1,4, ,0,,0,0,0,0,0,4,2,13
,2020-45346,39.74111,-104.99051,5/24/2020 18:39,18:39:00,6,0,0,COURT PLACE 1400  & 14TH STREET,1,1,0,0,1,4, ,0,,0,0,0,0,0,4,2,13
,2020-45347,39.74425,-104.99341,5/24/2020 21:30,21:30:00,12,0,0,15TH STREET & CALIFORNIA STREET,1,3,0,1,1,1, ,0,30,0,0,0,0,0,4,2,5
,2020-45348,39.70206,-104.92164,5/25/2020 0:18,0:18:00,12,0,0,HOLLY STREET 700 SOUTH & EXPOSITION AVENUE EAST,1,3,0,0,1,4, ,0,,0,0,0,0,0,4,2,16
,2020-45349,39.75603,-105.02761,5/25/2020 7:00,7:00:00,6,0,0,HAZEL COURT NORTH & 27TH AVENUE WEST,11,2,0,1,1,4, ,0,,0,0,0,0,0,4,2,13
,2020-45350,39.74848,-104.97696,5/25/2020 14:30,14:30:00,3,0,0,CLARKSON STREET 2000 NORTH & 20TH AVENUE EAST,1,1,0,0,1,3, ,0,25,0,0,0,0,0,4,2,13
,2020-45351,39.7838,-104.80171,5/25/2020 15:21,15:21:00,3,0,0,GREEN VALLEY RANCH BOULEVARD EAST & KITTREDGE STREET NORTH,1,1,0,0,1,1, ,0,45,0,0,0,0,0,4,2,13
,2020-45352,39.70938,-105.02506,5/25/2020 15:29,15:29:00,12,0,0,DAKOTA AVENUE 2900 WEST & FEDERAL B SOUTH,1,1,0,0,1,4, ,0,25,0,0,0,0,0,4,2,13
,2020-45353,39.76469,-104.92697,5/25/2020 17:53,17:53:00,6,0,0,34TH AVENUE EAST & FOREST STREET NORTH,1,1,0,0,1,4, ,0,25,0,0,0,0,0,4,3,6
,2020-45354,39.73286,-104.97643,5/25/2020 19:55,19:55:00,6,0,0,EMERSON STREET 1000BLK NORTH & 10TH AVENUE EAST,1,3,0,0,1,4, ,0,,0,0,0,0,0,4,2,13
,2020-45355,39.75792,-104.99177,5/25/2020 20:29,20:29:00,5,0,0,PARK AVENUE WEST & WAZEE STREET,1,3,0,0,3,1, ,0,30,0,0,0,0,0,4,1,14
,2020-45356,39.68227,-105.02563,5/25/2020 20:52,20:52:00,1,0,1,JEWELL AVENUE 3000 WEST & GROVE STREET SOUTH,1,2,0,0,1,2, ,0,30,0,0,0,0,0,4,2,3
,2020-45357,39.71655253,-104.9875009,5/26/2020 0:10,0:10:00,5,0,0,BROADWAY STREET 000 SOUTH & ELLSWORTH AVENUE EAST,1,3,0,0,2,4, ,0,,0,0,0,0,0,4,1,16
,2020-45358,39.77767,-104.95716,5/26/2020 1:42,1:42:00,6,0,1,44TH AVENUE EAST & COLUMBINE STREET NORTH,1,4,0,0,1,4, ,0,25,0,0,0,0,1,4,2,13
,2020-45359,39.74081,-104.96347,5/26/2020 8:50,8:50:00,6,0,0,RACE STREET 1500 NORTH & COLFAX AVENUE EAST,1,1,0,0,1,4, ,0,25,0,0,0,0,0,4,2,14
,2020-45360,39.75158,-104.98738,5/26/2020 9:45,9:45:00,3,0,0,CHAMPA STREET & BROADWAY STREET NORTH,1,1,0,0,1,1, ,0,25,0,0,0,0,0,4,2,16
,2020-45361,39.77227153,-104.9745499,5/26/2020 9:59,9:59:00,5,0,1,38TH STREET 1400 EAST & WYNKOOP STREET,1,1,0,0,2,4, ,0,30,0,0,0,0,1,4,1,3
,2020-45362,39.67846,-104.91439,5/26/2020 10:33,10:33:00,12,0,0,EVANS AVENUE 6300 EAST & MONACO PARKWAY SOUTH,1,1,0,0,1,4, ,0,35,0,0,0,0,0,4,2,3
,2020-45363,39.72571,-104.99856,5/26/2020 11:28,11:28:00,12,0,1,SIXTH AVENUE 800 WEST & SANTA FE DRIVE NORTH,1,1,1,0,1,4, ,0,30,0,0,0,0,1,4,2,16
,2020-45364,39.71836,-104.91278,5/26/2020 12:07,12:07:00,12,0,1,MONACO STREET NORTH & FIRST AVENUE EAST,1,1,0,0,1,3, ,0,35,0,0,0,0,1,4,3,13
,2020-45365,39.77050753,-105.0135199,5/26/2020 12:27,12:27:00,3,0,1,39TH AVENUE & VALLEJO STREET NORTH,1,1,1,0,1,1, ,0,25,0,0,0,0,1,4,2,13
,2020-45366,39.75708,-104.99645,5/26/2020 13:00,13:00:00,3,0,2,21ST STREET & WEWATTA STREET,1,1,1,0,1,1, ,0,25,0,0,0,0,1,4,2,13
,2020-45367,39.73766,-104.98231,5/26/2020 13:22,13:22:00,12,0,1,LOGAN STREET & 1300 NORTH LOGAN STREET,1,1,0,0,1,4, ,0,30,0,0,0,0,0,4,3,13
,2020-45368,39.75293,-104.98047,5/26/2020 14:15,14:15:00,7,0,2,25TH STREET & WELTON STREET,1,1,0,0,1,1, ,0,,0,0,0,0,0,4,2,7
,2020-45369,39.72891,-104.99861,5/26/2020 14:40,14:40:00,3,0,0,EIGHTH AVENUE WEST & SANTA FE DRIVE NORTH,1,2,1,0,1,1, ,0,35,0,0,0,0,0,4,3,13
,2020-45370,39.76922,-104.92817,5/26/2020 15:57,15:57:00,6,0,0,38TH AVENUE EAST & FAIRFAX STREET NORTH,1,1,0,0,1,3, ,0,30,0,0,0,0,0,4,2,1
,2020-45371,39.73681,-104.95979,5/26/2020 16:06,16:06:00,15,0,0,YORK STREET NORTH & 13TH AVENUE EAST,1,1,1,0,1,4, ,0,,0,0,0,0,0,4,2,13
,2020-45372,39.72565,-104.98626,5/26/2020 16:30,16:30:00,12,0,0,LINCOLN STREET NORTH & SPEER BOULEVARD EAST,1,1,1,0,1,4, ,0,,0,0,0,0,0,4,2,13
,2020-45373,39.75716,-104.98716,5/26/2020 16:50,16:50:00,10,0,0,LARIMER STREET & 2400 LARIMER STREET,1,1,0,0,1,4, ,0,25,0,0,0,0,0,4,2,13
,2020-45374,39.8333815,-104.771969,5/26/2020 18:15,18:15:00,5,0,0,PENA BOULEVARD INBOUND & NORTH TOWER ROAD,1,1,0,0,3,4, ,0,65,0,0,0,0,0,4,1,3
,2020-45375,39.63234,-105.03556,5/26/2020 19:00,19:00:00,6,0,0,UNION AVENUE 3600 WEST & LOWELL BOULEVARD SOUTH,1,2,0,0,1,4, ,0,25,0,0,0,0,0,4,2,5
,2020-45376,39.78391303,-105.0062389,5/26/2020 20:30,20:30:00,5,0,0,48TH AVENUE WEST & PECOS STREET NORTH,1,2,0,0,3,1, ,0,35,0,0,0,0,0,4,1,8
,2020-45377,39.67486,-104.91758,5/26/2020 21:49,21:49:00,6,0,0,ILIFF AVENUE EAST & KEARNEY STREET SOUTH,1,4,0,0,1,4, ,0,25,0,0,0,0,0,4,2,3
,2020-45378,39.73676,-105.05207,5/27/2020 0:10,0:10:00,6,0,0,ZENOBIA STREET NORTH & 13TH AVENUE WEST,1,4,1,0,1,4, ,0,,0,0,0,0,0,4,5,13
,2020-45379,39.76759,-104.92429,5/27/2020 0:25,0:25:00,6,0,0,GRAPE STREET & 3600 NORTH,1,3,0,0,1,4, ,0,,0,0,0,0,0,4,5,13
,2020-45380,39.73829,-104.92578,5/27/2020 8:02,8:02:00,5,0,0,14TH AVENUE EAST & GLENCOE STREET NORTH,1,1,0,0,2,1, ,0,30,0,0,0,0,0,4,1,3
,2020-45381,39.72413,-104.95221,5/27/2020 8:38,8:38:00,2,0,1,FIFTH AVENUE EAST & MILWAUKEE STREET NORTH,1,1,0,0,1,1, ,0,0,1,0,0,0,2,4,2,16
,2020-45382,39.76323553,-105.0112204,5/27/2020 9:24,9:24:00,12,0,1,33RD AVENUE 1900 WEST & TEJON STREET NORTH,1,1,1,0,1,5, ,0,20,0,0,0,0,1,4,2,13