id,drcog_id,latitude,longitude,crashtime,time,crashtype,numbkilled,numbinjurd,drcoglocat,rdconditin,lightngcon,roadcntgrd,weatherco,location,roaddescrp,schoolzone,constrzone,splimit,bikeinv,pedinv,sctrinv,motoinv,svrty,rdsystem,ttlvehcls,hcf
,2020-45383,39.74406,-104.97864,5/27/2020 10:49,10:49:00,6,0,0,WASHINGTON STREET 1700 NORTH & 18TH AVENUE EAST,1,1,0,0,1,5, ,0,15,0,0,0,0,0,4,2,14
,2020-45384,39.63137,-105.08986,5/27/2020 11:40,11:40:00,3,0,0,BALSAM WEST SOUTH & UNION AVENUE WEST,1,1,0,0,1,1, ,0,30,0,0,0,0,0,4,2,3
,2020-45385,39.71116,-104.98637,5/27/2020 13:20,13:20:00,3,0,0,ALAMEDA AVENUE EAST & LINCOLN STREET SOUTH,1,1,0,0,1,1, ,0,30,0,0,0,0,0,4,3,1
,2020-45386,39.79428,-104.76266,5/27/2020 14:21,14:21:00,5,0,0,DUNKIRK STREET 5500 NORTH & 56TH AVENUE EAST,1,1,0,0,3,4, ,0,,0,0,0,0,0,4,1,13
,2020-45387,39.78103,-104.74581,5/27/2020 17:45,17:45:00,6,0,1,GREEN VALLEY RANCH BOULEVARD EAST & KIRK STREET NORTH,1,1,0,0,1,4, ,0,35,0,0,0,0,1,4,2,3
,2020-45388,39.78911,-104.81908,5/27/2020 17:49,17:49:00,3,0,1,52ND AVENUE EAST & DEEPHAVEN COURT NORTH,1,1,0,0,1,1, ,0,25,0,0,0,0,1,4,2,7
,2020-45389,39.63872955,-105.0722314,5/27/2020 19:40,19:40:00,5,0,0,QUINCY AVENUE 5800 OF WEST & PIERCE STREET SOUTH,1,1,0,0,3,4, ,0,40,0,0,0,0,0,4,1,14
,2020-45390,39.79826,-104.82004,5/27/2020 20:25,20:25:00,3,0,0,56TH AVENUE EAST & CROWN BOULEVARD NORTH,11,4,0,1,1,1, ,0,45,0,0,0,0,0,4,2,7
,2020-45391,39.76562953,-105.0204679,5/27/2020 21:35,21:35:00,6,0,1,35TH AVENUE WEST & CLAY STREET NORTH,1,2,0,0,1,4, ,0,25,0,0,0,0,2,4,2,5
,2020-45392,39.68432,-105.02411,5/27/2020 21:40,21:40:00,6,0,0,COLORADO AVENUE 2929 WEST & FEDERAL BOULEVARD SOUTH,1,4,0,0,1,4, ,0,,0,0,0,0,0,4,4,13
,2020-45393,39.75508,-104.9512,5/27/2020 21:51,21:51:00,6,0,0,STREET PAUL STREET 2600 NORTH & 26TH AVENUE EAST,11,3,1,1,1,4, ,0,25,0,0,0,0,0,4,2,13
,2020-45394,39.78196,-104.95703,5/27/2020 22:12,22:12:00,6,0,0,COLUMBINE STREET NORTH & 47TH AVENUE EAST,1,3,0,0,3,4, ,0,25,0,0,0,0,0,4,2,13
,2020-45395,39.71496,-105.0397,5/28/2020 0:25,0:25:00,3,0,1,BAYAUD AVENUE WEST & PERRY STREET SOUTH,1,3,1,0,1,1, ,0,25,0,0,0,0,0,4,2,15
,2020-45396,39.76925652,-104.9097589,5/28/2020 4:00,4:00:00,5,0,0,NEWPORT STREET NORTH & 38TH AVENUE EAST,1,3,0,0,3,4, ,0,25,0,0,0,0,0,4,1,14
,2020-45397,39.67934,-104.95793,5/28/2020 6:00,6:00:00,6,0,0,JOSEPHINE STREET 2000 SOUTH & EVANS AVENUE EAST,1,1,0,0,1,4, ,0,25,0,0,0,0,0,4,2,13
,2020-45398,39.78017353,-105.0016894,5/28/2020 11:34,11:34:00,12,0,0,46TH AVENUE WEST & LIPAN STREET NORTH,1,1,0,0,1,1, ,0,,0,0,0,0,0,4,2,13
,2020-45399,39.66763,-104.91288,5/28/2020 11:55,11:55:00,3,0,0,YALE AVENUE EAST & MONACO STREET SOUTH,1,1,0,0,1,1, ,0,45,0,0,0,0,0,4,2,15
,2020-45400,39.76446,-104.94503,5/28/2020 13:19,13:19:00,6,0,0,BRUCE RANDOLPH AVENUE EAST & MONROE STREET NORTH,1,1,0,0,1,4, ,0,30,0,0,0,0,0,4,2,3
,2020-45401,39.67847,-104.92227,5/28/2020 14:32,14:32:00,6,0,1,EVANS AVENUE EAST & HOLLY STREET SOUTH,1,1,0,0,1,4, ,0,,0,0,0,0,1,4,3,13
,2020-45402,39.75186,-104.98878,5/28/2020 15:11,15:11:00,3,0,0,21ST STREET & CURTIS STREET,1,1,0,0,1,1, ,0,30,0,0,0,0,0,4,2,13
,2020-45403,39.64945754,-104.8968979,5/28/2020 15:29,15:29:00,6,0,0,KENYON AVENUE & 4300 WEST KENYON AVENUE,1,1,0,0,1,4, ,0,25,0,0,0,0,0,4,2,5
,2020-45404,39.70037954,-105.0425809,5/28/2020 15:46,15:46:00,12,0,1,KENTUCKY AVENUE WEST & RALEIGH STREET SOUTH,1,1,0,0,1,1, ,0,30,0,0,0,0,0,4,2,13
,2020-45405,39.78554,-104.9783,5/28/2020 16:00,16:00:00,12,0,1,WASHINGTON 4800 NORTH & 49TH AVENUE WEST,1,1,0,0,1,4, ,0,35,0,0,0,0,1,4,4,3
,2020-45406,39.71085,-104.94346,5/28/2020 16:35,16:35:00,15,0,0,ALAMEDA AVENUE 3700 EAST & GARFIELD AVENUE SOUTH,1,1,0,0,1,4, ,0,,0,0,0,0,0,4,2,13
,2020-45407,39.75996,-104.8753,5/28/2020 16:58,16:58:00,12,0,1,MLK B EAST & CLINTON STREET NORTH,1,1,0,0,1,1, ,0,35,0,0,0,0,1,4,2,1
,2020-45408,39.7694,-105.02997,5/28/2020 17:04,17:04:00,12,0,0,38TH AVENUE WEST & IRVING STREET NORTH,1,1,0,0,1,4, ,0,35,0,0,0,0,0,4,2,1
,2020-45409,39.71438,-104.89504,5/28/2020 17:39,17:39:00,6,0,0,ULSTER STREET & 100 SOUTH,1,1,0,0,1,4, ,0,25,0,0,0,0,0,4,2,13
,2020-45410,39.73044,-104.9836,5/28/2020 19:48,19:48:00,3,0,1,GRANT STREET NORTH & NINTH AVENUE EAST,1,1,0,0,1,1, ,0,,0,0,0,0,1,4,2,13
,2020-45411,39.71247,-105.03368,5/28/2020 19:49,19:49:00,6,0,0,KING STREET 200 SOUTH & CEDAR AVENUE WEST,1,2,1,0,1,4, ,0,,0,0,0,0,0,4,2,13
,2020-45412,39.73387,-104.99351,5/28/2020 19:50,19:50:00,3,0,0,SPEER B NORTH & 11TH AVENUE WEST,1,2,0,0,1,3, ,0,25,0,0,0,0,0,4,2,4
,2020-45413,39.73529968,-104.9994122,5/28/2020 21:28,21:28:00,5,0,0,SANTA FEKALAMATH ALLEY 1200 NORTH & 12TH AVENUE WEST,1,3,0,0,3,5, ,0,,0,0,0,0,0,4,1,5
,2020-45414,39.71832553,-104.9825914,5/28/2020 21:33,21:33:00,6,0,0,FIRST AVENUE 300 EAST & LOGAN STREET NORTH,1,3,0,0,1,4, ,0,,0,0,0,0,0,4,3,13
,2020-45415,39.73526,-104.9874,5/29/2020 0:50,0:50:00,12,0,1,BROADWAY STREET NORTH & 12TH AVENUE EAST,1,3,0,0,1,1, ,0,25,0,0,0,0,0,4,2,5
,2020-45416,39.65457,-104.90689,5/29/2020 2:21,2:21:00,6,0,0,GIRARD AVENUE 6900 EAST & OLEANDER COURT SOUTH,11,3,0,0,1,4, ,0,25,0,0,0,0,0,4,4,10
,2020-45417,39.67484653,-104.9140789,5/29/2020 7:20,7:20:00,3,0,0,ILIFF AVENUE EAST & LOCUST AVENUE SOUTH,1,1,1,0,1,1, ,0,25,0,0,0,0,0,4,2,13
,2020-45418,39.7256,-104.97639,5/29/2020 8:11,8:11:00,3,0,0,SIXTH AVENUE EAST & EMERSON STREET NORTH,1,1,0,0,1,1, ,0,25,0,0,0,0,0,4,2,13
,2020-45419,39.75230027,-105.0003645,5/29/2020 9:41,9:41:00,6,0,0,WYNKOOP & 1536,1,1,0,0,1,4, ,0,,0,0,0,0,0,4,2,13
,2020-45420,39.74575753,-105.0001594,5/29/2020 10:58,10:58:00,15,0,0,SPEER B 1200 NORTH & LAWRENCE STREET,1,1,1,0,1,4, ,0,35,0,0,0,0,0,4,2,13
,2020-45421,39.76142,-104.90346,5/29/2020 11:08,11:08:00,8,0,0,QUEBEC STREET NORTH & MLK BOULEVARD EAST,1,1,0,0,1,3, ,0,35,0,0,0,0,0,4,2,10
,2020-45422,39.72534,-104.91257,5/29/2020 12:03,12:03:00,3,0,1,SIXTH AVENUE EAST & MONACO STREET NORTH,1,1,3,0,1,1, ,0,25,0,0,0,0,2,4,2,13
,2020-45423,39.67943,-104.98757,5/29/2020 12:32,12:32:00,12,0,0,BROADWAY STREET 2000 SOUTH & EVANS AVENUE WEST,1,1,0,0,1,4, ,0,35,0,0,0,0,0,4,2,13
,2020-45424,39.78380951,-104.781671,5/29/2020 12:33,12:33:00,3,0,0,GREEN VALLEY RANCH BOULEVARD EAST & TELLURIDE STREET NORTH,1,1,0,0,1,1, ,0,40,0,0,0,0,0,4,2,13
,2020-45425,39.67484,-104.95938,5/29/2020 13:11,13:11:00,15,0,1,UNIVERSITY BOULEVARD SOUTH & ILIFF AVENUE EAST,1,1,1,0,1,1, ,0,35,0,0,0,0,1,4,2,13
,2020-45426,39.73689,-104.9823,5/29/2020 13:45,13:45:00,10,0,0,LOGAN STREET NORTH & 13TH AVENUE EAST,1,1,0,0,1,1, ,0,35,0,0,0,0,0,4,2,13
,2020-45427,39.74197,-104.88465,5/29/2020 15:15,15:15:00,3,0,0,16TH AVENUE EAST & YOSEMITE STREET NORTH,1,1,0,0,1,1, ,0,25,0,0,0,0,0,4,2,8
,2020-45428,39.71969454,-105.0028863,5/29/2020 18:30,18:30:00,6,0,0,MARIPOSA STREET & 3737,1,1,0,0,1,2, ,0,,0,0,0,0,0,4,2,13
,2020-45429,39.71114,-105.02754,5/29/2020 21:10,21:10:00,3,0,1,ALAMEDA AVENUE WEST & HAZEL COURT SOUTH,1,3,0,0,1,1, ,0,25,0,0,0,0,1,4,2,14
,2020-45430,39.73686,-104.99679,5/29/2020 21:40,21:40:00,12,0,0,13TH AVENUE 700 WEST & FOX STREET,1,3,0,0,1,4, ,0,,0,0,0,0,0,4,2,13
,2020-45431,39.73044,-104.98298,5/29/2020 21:41,21:41:00,2,0,1,NINTH AVENUE EAST & LOGAN STREET NORTH,1,3,0,0,1,1, ,0,0,1,0,0,0,2,4,2,16
,2020-45432,39.70083,-105.0298,5/30/2020 0:10,0:10:00,6,0,0,IRVING STREET & 800 SOUTH,1,4,0,0,1,4, ,0,,0,0,0,0,0,4,2,13
,2020-45433,39.69659,-104.96289,5/30/2020 1:04,1:04:00,6,0,0,MISSISSIPPI AVENUE 2000 EAST & VINE STREET SOUTH,1,4,0,0,1,4, ,0,25,0,0,0,0,0,4,2,3
,2020-45434,39.72565153,-104.9862994,5/30/2020 4:58,4:58:00,15,0,0,LINCOLN STREET 600 NORTH & SPEER BOULEVARD EAST,1,2,0,0,1,1, ,0,30,0,0,0,0,0,4,3,14
,2020-45435,39.74843953,-105.0033589,5/30/2020 7:01,7:01:00,3,0,4,SPEER B NORTH & AURARIA PARKWAY,1,1,0,0,1,1, ,0,35,0,0,0,0,2,4,2,13
,2020-45436,39.65483,-105.04,5/30/2020 8:41,8:41:00,6,0,0,PATTON WAY 3446 SOUTH & GIRARD AVENUE WEST,1,1,0,0,1,4, ,0,,0,0,0,0,0,4,2,13
,2020-45437,39.72932353,-105.0139789,5/30/2020 11:44,11:44:00,5,0,1,EIGHTH AVENUE WEST & WYANDOT STREET NORTH,1,1,0,0,3,4, ,0,35,0,0,0,0,2,4,1,13
,2020-45438,39.74248,-104.98109,5/30/2020 13:00,13:00:00,6,0,0,PENNSYLVANIA STREET 1600 NORTH & 17TH AVENUE EAST,1,1,0,0,1,4, ,0,25,0,0,0,0,0,4,3,13
,2020-45439,39.67921,-105.04642,5/30/2020 13:50,13:50:00,5,0,0,EVANS AVENUE 4600 WEST & VRAIN STREET SOUTH,1,1,0,0,1,4, ,0,30,0,0,0,0,0,4,1,14
,2020-45440,39.69668954,-105.0002989,5/30/2020 16:09,16:09:00,12,0,0,MISSISSIPPI AVENUE 1100 WEST & KALAMATH STREET SOUTH,1,1,0,0,1,4, ,0,,0,0,0,0,0,4,2,13
,2020-45441,39.72586,-104.98622,5/30/2020 17:48,17:48:00,3,0,0,SPEER B EAST & LINCOLN STREET NORTH,1,1,1,0,1,1, ,0,30,0,0,0,0,0,4,2,13
,2020-45442,39.73204,-104.98358,5/30/2020 21:00,21:00:00,3,0,1,10TH AVENUE & 300 EAST 10TH AVENUE,1,4,0,0,1,5, ,0,,0,0,0,1,2,4,2,13
,2020-45443,39.72821,-104.96366,5/31/2020 6:24,6:24:00,6,0,0,RACE STREET 700 NORTH & SEVENTH AVENUE EAST,1,1,1,0,1,4, ,0,,0,0,0,0,0,4,2,13
,2020-45444,39.65311,-105.05293,5/31/2020 8:04,8:04:00,5,0,0,5200 WEST HAMPDEN AVENUE & SHERIDAN B SOUTH,1,1,0,0,3,4, ,0,35,0,0,0,0,0,4,1,16
,2020-45445,39.76915502,-105.0143564,5/31/2020 9:52,9:52:00,12,0,0,WYANDOT STREET 3700 NORTH & 38TH AVENUE WEST,1,1,0,0,1,4, ,0,,0,0,0,0,0,4,3,16
,2020-45446,39.74014,-104.91946,5/31/2020 13:21,13:21:00,6,0,0,JERSEY STREET NORTH & COLFAX AVENUE EAST,1,1,0,0,1,4, ,0,35,0,0,0,0,0,4,2,8
,2020-45447,39.77657,-105.04978,5/31/2020 14:55,14:55:00,5,0,0,44TH AVENUE WEST & XAVIER STREET NORTH,1,1,0,0,3,1, ,0,,0,0,0,0,0,4,1,16
,2020-45448,39.73687453,-105.0001684,5/31/2020 19:23,19:23:00,3,0,2,13TH AVENUE WEST & KALAMATH STREET NORTH,1,1,0,0,1,1, ,0,30,0,0,0,0,2,4,2,4
,2020-45449,39.71338,-105.03246,5/31/2020 19:35,19:35:00,15,0,1,KNOX COURT SOUTH & CEDAR AVENUE WEST,1,1,0,0,1,1, ,0,30,0,0,0,1,3,4,2,10
,2020-45450,39.68858054,-105.0156709,5/31/2020 22:50,22:50:00,5,0,0,GUNNISON DRIVE 2700 WEST & ZUNI STREET SOUTH,1,3,0,0,2,4, ,0,,0,0,0,0,0,4,1,13
,2020-45451,39.71114,-105.02754,5/31/2020 23:02,23:02:00,15,0,1,ALAMEDA AVENUE WEST & HAZEL COURT SOUTH,1,3,0,0,1,1, ,0,35,0,0,0,0,0,4,2,13
,2020-45452,39.72093,-104.99858,5/31/2020 23:19,23:19:00,3,0,0,THIRD AVENUE WEST & SANTA FE DRIVE NORTH,1,3,0,0,1,1, ,0,25,0,0,0,0,0,4,2,3
,2020-45453,39.7283,-105.04627,6/1/2020 1:01,1:01:00,6,0,0,VRAIN STREET NORTH & SEVENTH AVENUE WEST,1,3,0,0,1,4, ,0,,0,0,0,0,0,4,2,13
,2020-45454,39.67851,-104.97343,6/1/2020 6:48,6:48:00,3,0,0,EVANS AVENUE EAST & DOWNING STREET SOUTH,1,1,0,0,1,1, ,0,,0,0,0,0,0,4,3,13
,2020-45455,39.67679,-105.02038,6/1/2020 9:46,9:46:00,3,0,0,WARREN AVENUE WEST & CLAY STREET SOUTH,1,1,0,0,1,1, ,0,25,0,0,0,0,0,4,2,1
,2020-45456,39.72016,-104.98379,6/1/2020 10:07,10:07:00,6,0,0,GRANT STREET 200 NORTH & THIRD AVENUE EAST,1,1,0,0,1,4, ,0,25,0,0,0,0,0,4,2,13
,2020-45457,39.7113,-104.91286,6/1/2020 10:20,10:20:00,12,0,0,ALAMEDA AVENUE EAST & MONACO STREET SOUTH,1,1,0,0,1,3, ,0,35,0,0,0,0,0,4,2,13
,2020-45458,39.79104,-104.97771,6/1/2020 11:00,11:00:00,15,0,0,52ND AVENUE EAST & WASHINGTON NORTH / CLARKSON ALY,1,1,0,0,1,1, ,0,,0,0,0,0,0,4,2,13
,2020-45459,39.77958,-104.84435,6/1/2020 12:17,12:17:00,15,0,0,46TH AVENUE 12100 EAST & PEORIA STREET NORTH,1,1,0,0,1,4, ,0,25,0,0,0,0,0,4,2,13
,2020-45460,39.72822,-104.95903,6/1/2020 12:23,12:23:00,6,0,0,JOSEPHINE STREET 700 NORTH & SEVENTH AVENUE WEST,1,1,1,0,1,4, ,0,25,0,0,0,0,0,4,2,13
,2020-45461,39.70663,-104.98759,6/1/2020 12:53,12:53:00,15,0,0,BROADWAY STREET 500 SOUTH & WEST VIRGINIA AVENUE,1,1,0,0,1,4, ,0,,0,0,0,0,0,4,2,13
,2020-45462,39.74379,-104.95005,6/1/2020 15:45,15:45:00,5,0,1,17TH AVENUE EAST & STEELE STREET NORTH,1,1,0,0,3,1, ,0,30,0,0,0,0,3,4,1,5
,2020-45463,39.74506387,-104.999154,6/1/2020 16:20,16:20:00,5,0,1,LAWRENCE STREET 1300  & ARAPAHOE STREET,1,1,0,0,1,5, ,0,15,0,0,0,0,1,4,1,5
,2020-45464,39.63977,-105.05327,6/1/2020 16:41,16:41:00,12,0,0,SHERIDAN BOULEVARD SOUTH & QUINCY AVENUE WEST,1,1,0,0,1,4, ,0,,0,0,0,0,0,2,2,13
,2020-45465,39.63977,-105.05327,6/1/2020 16:41,16:41:00,12,0,0,SHERIDAN BOULEVARD SOUTH & QUINCY AVENUE WEST,1,1,0,0,1,4, ,0,40,0,0,0,0,0,2,2,14
,2020-45466,39.72932,-105.0179,6/1/2020 17:00,17:00:00,5,0,0,EIGHTH AVENUE 2500 WEST & BRYANT STREET NORTH,1,1,0,0,3,4, ,0,30,0,0,0,0,0,4,1,16
,2020-45467,39.78377351,-104.7744395,6/1/2020 17:15,17:15:00,12,0,3,GREEN VALLEY RANCH BOULEVARD 18200 EAST & YAMPA STREET NORTH,1,1,0,0,1,4, ,0,40,0,0,0,0,1,4,2,3
,2020-45468,39.77837352,-104.8372504,6/1/2020 17:32,17:32:00,8,0,1,ALBROOK DRIVE 14100 EAST & ABILENE STREET NORTH,1,1,0,0,1,4, ,0,30,0,0,0,0,2,4,5,10
,2020-45469,39.73868,-104.98196,6/1/2020 18:58,18:58:00,15,0,0,LOGAN STREET & 1400 NORTH,1,1,0,0,1,4, ,0,,0,0,0,0,0,4,3,13
,2020-45470,39.75654,-104.98272,6/1/2020 19:48,19:48:00,6,0,1,CURTIS STREET & 26TH STREET,1,1,0,0,1,4, ,0,35,0,0,0,0,1,4,2,10
,2020-45471,39.65213,-104.91263,6/1/2020 19:50,19:50:00,6,0,0,MONACO STREET & 3530 SOUTH MONACO STREET,1,1,0,0,2,7, ,0,30,0,0,0,0,0,4,2,14
,2020-45472,39.72975,-104.99123,6/1/2020 20:37,20:37:00,3,0,0,SPEER B NORTH & BANNOCK STREET NORTH,1,3,0,0,1,1, ,0,35,0,0,0,0,0,4,2,8
,2020-45473,39.77753,-105.04042,6/2/2020 7:00,7:00:00,12,0,0,QUITMAN STREET 4400 NORTH & 45TH AVENUE WEST,1,1,0,0,1,4, ,0,,0,0,0,0,0,4,2,16
,2020-45474,39.77266,-104.903,6/2/2020 10:01,10:01:00,12,0,0,QUEBEC STREET NORTH & 40TH AVENUE EAST,1,1,1,0,1,4, ,0,45,0,0,0,0,0,4,3,13
,2020-45475,39.73846753,-104.9993719,6/2/2020 13:21,13:21:00,3,0,2,SANTA FE DRIVE NORTH & 14TH AVENUE WEST,6,1,0,0,1,1, ,0,30,0,0,0,0,2,4,2,13
,2020-45476,39.71653454,-105.0348904,6/2/2020 14:09,14:09:00,6,0,0,LOWELL BOULEVARD & 100 SOUTH LOWELL BOULEVARD,1,1,1,0,1,4, ,0,25,0,0,0,0,0,4,3,3
,2020-45477,39.74015,-104.94654,6/2/2020 14:15,14:15:00,5,0,0,MADISON STREET NORTH & COLFAX AVENUE EAST,1,1,0,0,1,5, ,0,,0,0,0,0,0,4,1,13
,2020-45478,39.75494,-104.98306,6/2/2020 14:21,14:21:00,3,0,2,25TH STREET & CHAMPA STREET,1,1,0,0,1,1, ,0,25,0,0,0,0,1,4,2,2
,2020-45479,39.71816,-105.03247,6/2/2020 14:22,14:22:00,3,0,1,FIRST AVENUE WEST & KNOX COURT NORTH,1,1,0,0,1,1, ,0,30,0,0,0,0,1,4,2,13
,2020-45480,39.69995654,-105.0140689,6/2/2020 14:55,14:55:00,6,0,0,KENTUCKY AVENUE 2300 WEST & VALLEJO STREET SOUTH,1,1,0,0,1,4, ,0,,0,0,0,0,0,4,2,16
,2020-45481,39.74273,-104.99016,6/2/2020 15:05,15:05:00,11,0,0,TREMONT PLACE & 1500 TREMONT PLACE,1,1,0,0,1,4, ,0,0,0,1,0,0,0,4,2,16
,2020-45482,39.71843,-104.97435,6/2/2020 15:47,15:47:00,3,0,0,SPEER BOULEVARD EAST & FIRST AVENUE EAST,1,1,0,0,1,1, ,0,30,0,0,0,0,0,4,2,14
,2020-45483,39.73602,-104.98221,6/2/2020 16:45,16:45:00,15,0,0,LOGAN STREET 1200 NORTH & 12TH AVENUE EAST,1,1,0,0,1,4, ,0,,0,0,0,0,0,4,2,13
,2020-45484,39.75073,-104.97576,6/2/2020 17:24,17:24:00,3,0,0,23RD STREET EAST & EMERSON STREET NORTH,1,1,0,0,1,1, ,0,,0,0,0,0,0,4,2,13
,2020-45485,39.74425,-104.99341,6/2/2020 18:00,18:00:00,5,0,1,15TH STREET & CALIFORNIA STREET,1,1,0,0,1,1, ,0,,0,0,0,0,0,4,1,13
,2020-45486,39.73426,-104.96349,6/2/2020 18:15,18:15:00,6,0,0,RACE STREET 1100 NORTH & 11TH AVENUE EAST,1,1,0,0,1,4, ,0,,0,0,0,0,0,4,2,13
,2020-45487,39.75804,-105.02054,6/2/2020 18:15,18:15:00,3,0,1,SPEER BOULEVARD NORTH & CLAY STREET NORTH,1,1,1,0,1,3, ,0,35,0,0,0,0,1,4,3,13
,2020-45488,39.73854,-104.95524,6/3/2020 4:20,4:20:00,6,0,0,DETRONT STREET & 1400 NORTH,1,1,0,0,1,4, ,0,25,0,0,0,0,0,4,2,5
,2020-45489,39.72564,-104.98511,6/3/2020 8:44,8:44:00,12,0,0,SPEER B EAST & SIXTH AVENUE EAST,1,1,0,0,1,3, ,0,35,0,0,0,0,0,4,2,13
,2020-45490,39.66764,-104.91093,6/3/2020 11:19,11:19:00,12,0,0,YALE AVENUE EAST & MAGNOLIA STREET SOUTH,1,1,1,0,1,4, ,0,35,0,0,0,0,0,4,3,13
,2020-45491,39.76746,-104.90345,6/3/2020 12:20,12:20:00,15,0,0,36TH AVENUE EAST & QUEBEC STREET NORTH,1,1,0,0,1,3, ,0,,0,0,0,0,0,4,2,13
,2020-45492,39.75241,-105.02043,6/3/2020 13:00,13:00:00,6,0,0,24TH AVENUE 2600 WEST & CLAY STREET NORTH,1,1,0,0,1,4, ,0,,0,0,0,0,0,4,2,13
,2020-45493,39.74150053,-105.0330499,6/3/2020 14:50,14:50:00,3,0,0,KING STREET NORTH & CONEJOS PLACE WEST,1,1,0,0,1,1, ,0,25,0,0,0,0,0,4,3,13
,2020-45494,39.74865,-104.98945,6/3/2020 15:49,15:49:00,12,0,2,STOUT STREET & 19TH STREET,1,1,0,0,1,3, ,0,,0,0,0,0,1,4,2,13
,2020-45495,39.63264,-105.03476,6/3/2020 17:12,17:12:00,6,0,1,LOWELL BOULEVARD SOUTH & PIMLICO AVENUE WEST,1,1,0,0,1,4, ,0,25,0,0,0,0,2,4,4,5
,2020-45496,39.77894,-104.95824,6/3/2020 17:36,17:36:00,12,0,0,45TH AVENUE EAST & JOSEPHINE STREET NORTH,1,1,0,0,1,1, ,0,,0,0,0,0,0,4,2,16
,2020-45497,39.73689,-104.9823,6/3/2020 22:45,22:45:00,3,0,0,13TH AVENUE EAST & LOGAN STREET NORTH,1,3,0,0,1,1, ,0,30,0,0,0,0,0,4,2,13
,2020-45498,39.75449,-104.96965,6/3/2020 22:52,22:52:00,3,0,0,26TH AVENUE EAST & HUMBOLDT STREET NORTH,1,3,0,0,1,1, ,0,,0,0,0,0,0,4,2,13
,2020-45499,39.78758,-105.03951,6/4/2020 0:00,0:00:00,6,0,0,PERRY STREET & 5005 NORTH,1,3,0,0,1,4, ,0,,0,0,0,0,0,4,2,13
,2020-45500,39.75236353,-104.9846209,6/4/2020 7:26,7:26:00,3,0,0,PARK AVENUE WEST & STOUT STREET,1,1,0,0,1,1, ,0,35,0,0,0,0,0,4,2,13
,2020-45501,39.69669,-104.99915,6/4/2020 7:53,7:53:00,3,0,0,JASON STREET SOUTH & MISSISSIPPI AVENUE WEST,1,1,0,0,1,1, ,0,30,0,0,0,0,0,4,2,13
,2020-45502,39.69658,-104.95932,6/4/2020 9:50,9:50:00,3,0,1,MISSISSIPPI AVENUE EAST & UNIVERSITY B SOUTH,1,1,0,0,1,1, ,0,,0,0,0,0,2,4,2,3
,2020-45503,39.75512,-104.9827,6/4/2020 10:26,10:26:00,6,0,0,CHAMPA STREET 2500  & 26TH STREET,1,1,0,0,1,3, ,0,25,0,0,0,0,0,4,2,14
,2020-45504,39.76682,-104.99501,6/4/2020 13:08,13:08:00,5,0,1,GLOBEVILLIE ROAD NORTH & 3500 AVENUE WEST,1,1,1,0,3,4, ,0,35,0,0,0,0,2,4,1,10
,2020-45505,39.71894,-105.0421,6/4/2020 15:05,15:05:00,6,0,0,RALEIGH STREET & 100 NORTH,1,1,0,0,1,5, ,0,,0,0,0,0,0,4,2,13
,2020-45506,39.73298,-105.02519,6/4/2020 15:21,15:21:00,3,0,1,10TH AVENUE 3000 WEST & FEDERAL BOULEVARD NORTH,1,1,1,0,1,5, ,0,,0,0,0,1,2,4,2,13
,2020-45507,39.87574449,-104.675678,6/4/2020 16:00,16:00:00,3,0,0,99TH AVENUE 27200 EAST & QUEENSBURG STREET NORTH,1,1,0,0,1,1, ,0,35,0,0,0,0,0,4,2,1
,2020-45508,39.63341,-104.89319,6/4/2020 16:58,16:58:00,3,0,0,TUFTS AVENUE EAST & DTC BOULEVARD SOUTH,1,1,0,0,1,1, ,0,35,0,0,0,0,0,4,3,14
,2020-45509,39.67865354,-105.0110179,6/4/2020 17:30,17:30:00,12,0,0,EVANS AVENUE WEST & TEJON STREET SOUTH,1,1,0,0,1,4, ,0,30,0,0,0,0,0,4,3,2
,2020-45510,39.74016,-104.89875,6/4/2020 19:07,19:07:00,5,0,0,SYRACUSE STREET / SPRUCE STREET ALLEY & COLFAX AVENUE EAST,1,1,0,0,1,5, ,0,10,0,0,0,0,0,4,1,13
,2020-45511,39.73686,-104.98358,6/4/2020 19:45,19:45:00,15,0,0,13TH AVENUE 300 EAST & GRANT STREET NORTH,1,1,0,0,1,4, ,0,30,0,0,0,0,0,4,2,13
,2020-45512,39.78745,-105.03457,6/4/2020 20:00,20:00:00,1,0,0,50TH AVENUE WEST & LOWELL B NORTH,1,2,0,0,1,1, ,0,35,0,0,0,0,0,4,2,3
,2020-45513,39.74158,-104.96999,6/4/2020 21:00,21:00:00,6,0,0,16TH AVENUE 1400 EAST & HUMBOLDT STREET NORTH,1,1,0,0,1,4, ,0,25,0,0,0,0,0,4,2,5
,2020-45514,39.67851,-104.97226,6/4/2020 23:16,23:16:00,3,0,0,EVANS AVENUE EAST & MARION STREET SOUTH,1,3,0,0,1,1, ,0,35,0,0,0,0,0,4,2,1
,2020-45515,39.71111,-104.97101,6/5/2020 9:56,9:56:00,12,0,0,ALAMEDA AVENUE EAST & LAFAYETTE STREET SOUTH,1,1,0,0,1,3, ,0,30,0,0,0,0,0,4,2,13
,2020-45516,39.75723402,-104.9981969,6/5/2020 10:29,10:29:00,6,0,0,LITTLE RAVEN STREET 1900  & 20TH STREET,1,1,0,0,1,4, ,0,25,0,0,0,0,0,4,2,13