id,drcog_id,latitude,longitude,crashtime,time,crashtype,numbkilled,numbinjurd,drcoglocat,rdconditin,lightngcon,roadcntgrd,weatherco,location,roaddescrp,schoolzone,constrzone,splimit,bikeinv,pedinv,sctrinv,motoinv,svrty,rdsystem,ttlvehcls,hcf
,2020-45517,39.70572553,-104.8904697,6/5/2020 10:30,10:30:00,2,0,0,VALENTIA STREET SOUTH & FAIRMONT DRIVE EAST,1,1,0,1,1,6, ,0,35,1,0,0,0,0,4,2,3
,2020-45518,39.70224,-105.03112,6/5/2020 10:43,10:43:00,1,0,0,OHIO AVENUE 3300 WEST & IRVING STREET SOUTH,1,1,0,0,1,3, ,0,25,0,0,0,0,0,4,2,13
,2020-45519,39.73727,-104.90346,6/5/2020 11:08,11:08:00,10,0,0,13TH AVENUE EAST & QUEBEC STREET NORTH,1,1,0,0,1,1, ,0,25,0,0,0,0,0,4,2,13
,2020-45520,39.67822,-104.93129,6/5/2020 11:37,11:37:00,12,0,0,EVANS AVENUE 4800 EAST & DAHLIA STREET SOUTH,1,1,0,0,1,4, ,0,35,0,0,0,0,0,4,2,13
,2020-45521,39.65724,-105.03373,6/5/2020 12:07,12:07:00,3,0,1,JULIAN WAY SOUTH & LOWELL BOULEVARD SOUTH,1,1,1,0,1,1, ,0,25,0,0,0,1,2,4,2,13
,2020-45522,39.78227052,-104.8659109,6/5/2020 12:15,12:15:00,12,0,0,47TH EAST & HAVANA STREET,1,1,0,0,1,4, ,0,45,0,0,0,0,0,4,2,13
,2020-45523,39.67865354,-105.0110179,6/5/2020 12:45,12:45:00,12,0,1,EVANS AVENUE 1900 WEST & TEJON STREET SOUTH,1,1,0,0,1,4, ,0,30,0,0,0,0,2,4,2,1
,2020-45524,39.67848,-104.99823,6/5/2020 13:25,13:25:00,12,0,0,EVANS AVENUE 800 WEST & PLATTE RIVER DRIVE SOUTH,1,1,0,0,1,4, ,0,30,0,0,0,0,0,4,2,1
,2020-45525,39.78743684,-105.0111979,6/5/2020 13:30,13:30:00,6,0,0,TEJON STREET & 3618 NORTH,1,1,0,0,1,4, ,0,25,0,0,0,0,0,4,2,13
,2020-45526,39.74891,-104.9874,6/5/2020 15:15,15:15:00,12,0,0,BROADWAY STREET NORTH & 20TH STREET,1,1,1,0,1,3, ,0,,0,0,0,0,0,4,2,13
,2020-45527,39.75320053,-105.0025804,6/5/2020 15:49,15:49:00,15,0,0,WEWATTA STREET & 16TH STREET,1,1,0,0,1,4, ,0,30,0,0,0,0,0,4,2,16
,2020-45528,39.74336,-104.98738,6/5/2020 19:20,19:20:00,11,0,1,17TH AVENUE EAST & BROADWAY STREET NORTH,1,1,0,0,1,4, ,0,0,0,1,0,0,2,4,2,16
,2020-45529,39.73682,-104.96226,6/5/2020 20:35,20:35:00,6,0,1,13TH AVENUE 2000 EAST & RACE STREET NORTH,1,3,0,0,1,5, ,0,30,0,0,0,0,1,4,2,13
,2020-45530,39.73844053,-104.9916499,6/5/2020 21:10,21:10:00,2,0,1,14TH WEST & CHEROKEE STREET,1,3,0,0,1,1, ,0,0,1,0,0,0,1,4,2,16
,2020-45531,39.7703,-104.97192,6/6/2020 3:19,3:19:00,3,0,0,38TH STREET & WALNUT STREET,1,3,1,0,1,1, ,0,,0,0,0,0,0,4,2,13
,2020-45532,39.71091,-105.046,6/6/2020 10:11,10:11:00,12,0,0,UTICA STREET 300 SOUTH & ALAMEDA AVENUE WEST,1,1,1,0,1,4, ,0,,0,0,0,0,0,4,2,13
,2020-45533,39.75847,-105.05038,6/6/2020 10:55,10:55:00,1,0,2,29TH AVENUE 4900 WEST & XAVIER STREET,1,1,0,0,1,2, ,0,30,0,0,0,0,0,4,2,7
,2020-45534,39.76927,-105.02052,6/6/2020 13:46,13:46:00,3,0,0,38TH AVENUE WEST & CLAY STREET NORTH,1,1,0,0,1,1, ,0,30,0,0,0,0,0,4,2,13
,2020-45535,39.74324,-104.96845,6/6/2020 15:10,15:10:00,1,0,0,17TH AVENUE EAST & FRANKLIN STREET NORTH,1,1,0,0,1,1, ,0,30,0,0,0,0,0,4,2,13
,2020-45536,39.69129,-105.02972,6/6/2020 16:00,16:00:00,3,0,0,IRVING STREET SOUTH & ARKANSAS AVENUE WEST,11,1,0,1,1,1, ,0,,0,0,0,0,0,4,2,13
,2020-45537,39.65689,-105.03293,6/6/2020 23:41,23:41:00,9,0,0,LOWELL B SOUTH & FLOYD AVENUE WEST,1,3,1,0,1,1, ,0,,0,0,0,0,0,4,1,16
,2020-45538,39.73713,-104.91244,6/7/2020 0:15,0:15:00,5,0,0,13TH AVENUE EAST & MONACO STREET NORTH,1,3,0,0,2,1, ,0,30,0,0,0,0,0,4,1,5
,2020-45539,39.75411,-104.99283,6/7/2020 1:32,1:32:00,12,0,0,MARKET STREET 2000  & 20TH STREET,1,3,0,0,1,4, ,0,,0,0,0,0,0,4,2,13
,2020-45540,39.76576,-104.96964,6/7/2020 2:26,2:26:00,12,0,0,HUMBOLDT STREET NORTH & 35TH AVENUE EAST,1,4,0,0,1,4, ,0,,0,0,0,0,0,4,2,16
,2020-45541,39.70398,-105.03606,6/7/2020 8:28,8:28:00,6,0,0,EXPOSITION AVENUE 3700 WEST & MEADE STREET SOUTH,1,1,0,0,1,4, ,0,25,0,0,0,0,0,4,3,13
,2020-45542,39.72651,-104.99859,6/7/2020 9:18,9:18:00,12,0,0,SANTA FE DRIVE 600 NORTH & SEVENTH AVENUE WEST,1,1,0,0,1,4, ,0,30,0,0,0,0,0,4,2,16
,2020-45543,39.71112,-104.95926,6/7/2020 11:00,11:00:00,5,0,1,UNIVERSITY B SOUTH & ALAMEDA AVENUE EAST,1,1,1,0,3,3, ,0,30,0,0,0,0,2,4,1,3
,2020-45544,39.71832,-104.97913,6/7/2020 11:05,11:05:00,3,0,0,FIRST AVENUE EAST & WASHINGTON AVENUE NORTH,1,1,0,0,1,1, ,0,30,0,0,0,0,0,4,2,13
,2020-45545,39.78178,-104.77447,6/7/2020 11:09,11:09:00,3,0,0,47TH AVENUE EAST & YAMPA STREET TOWER ALLEY,1,1,0,0,1,1, ,0,25,0,0,0,0,0,4,2,7
,2020-45546,39.76568,-104.99495,6/7/2020 12:11,12:11:00,2,0,1,PARK AVENUE WEST & GLOBEVILLE ROAD NORTH,1,1,1,0,1,1, ,0,35,1,0,0,0,2,4,2,13
,2020-45547,39.75473953,-105.0024094,6/7/2020 14:08,14:08:00,12,0,0,17TH STREET 2000  & CHESTNUT PLACE,1,1,0,0,1,4, ,0,,0,0,0,0,0,4,2,13
,2020-45548,39.74327,-104.98108,6/7/2020 14:57,14:57:00,3,0,0,17TH AVENUE EAST & PENNSYLVANIA STREET NORTH,1,1,0,0,1,1, ,0,30,0,0,0,0,0,4,2,5
,2020-45549,39.74335,-105.02995,6/7/2020 17:00,17:00:00,5,0,0,IRVING STREET 1600 NORTH & 16TH AVENUE WEST,1,1,0,0,3,4, ,0,,0,0,0,0,0,4,1,16
,2020-45550,39.73455,-104.98359,6/7/2020 17:52,17:52:00,12,0,0,GRANT STREET & 1100 NORTH,1,1,0,0,1,4, ,0,35,0,0,0,0,0,4,2,13
,2020-45551,39.73689,-104.9823,6/7/2020 18:45,18:45:00,3,0,0,13TH AVENUE EAST & LOGAN STREET NORTH,1,1,0,0,1,1, ,0,25,0,0,0,0,0,4,2,13
,2020-45552,39.79179,-104.84021,6/7/2020 19:19,19:19:00,6,0,0,ELMENDORF PLACE 12900 EAST & TOPEKA COURT NORTH,1,1,0,0,1,4, ,0,25,0,0,0,0,0,4,3,2
,2020-45553,39.80182,-104.76479,6/7/2020 20:00,20:00:00,2,0,1,CEYLON STREET NORTH & 58TH AVENUE EAST,1,1,0,0,1,1, ,0,0,1,0,0,0,2,4,2,16
,2020-45554,39.78412,-104.81169,6/7/2020 20:42,20:42:00,3,0,0,GATEWAY AVENUE EAST & FRASER WAY NORTH,1,3,0,0,1,1, ,0,,0,0,0,0,0,4,2,13
,2020-45555,39.78675,-104.86585,6/7/2020 20:45,20:45:00,3,0,2,HAVANA STREET NORTH & 49TH AVENUE EAST,1,3,0,0,1,1, ,0,40,0,0,0,0,1,4,2,7
,2020-45556,39.68949,-105.02411,6/7/2020 21:46,21:46:00,1,0,0,FLORIDA 2900 WEST & FEDERAL BOULEVARD SOUTH,1,2,0,0,1,2, ,0,35,0,0,0,0,0,4,2,13
,2020-45557,39.75928453,-104.9938819,6/7/2020 23:00,23:00:00,3,0,0,PARK VIEW & WEWATTA STREET,1,3,0,0,1,1, ,0,,0,0,0,0,0,4,2,13
,2020-45558,39.71028,-105.02754,6/8/2020 0:07,0:07:00,6,0,1,HAZEL COURT & 300 SOUTH,1,4,0,0,1,4, ,0,25,0,0,0,0,2,4,4,5
,2020-45559,39.66502754,-105.0260479,6/8/2020 3:57,3:57:00,6,0,1,AMHERST AVENUE 3000 WEST & GREEN COURT SOUTH,1,3,0,0,1,4, ,0,25,0,0,0,0,1,4,2,2
,2020-45560,39.75485653,-105.0469279,6/8/2020 6:59,6:59:00,1,0,0,26TH AVENUE WEST & VRAIN STREET NORTH,1,1,0,0,1,1, ,0,30,0,0,0,0,0,4,2,13
,2020-45562,39.66762,-104.89681,6/8/2020 15:30,15:30:00,12,0,1,YALE AVENUE 7700 EAST & SIDNEY COURT SOUTH,1,1,0,0,1,4, ,0,35,0,0,0,0,0,4,3,3
,2020-45563,39.78024553,-105.0298909,6/8/2020 16:49,16:49:00,12,0,0,46TH AVENUE WEST & IRVING STREET NORTH,1,1,0,0,1,3, ,0,,0,0,0,0,0,4,2,16
,2020-45564,39.702,-104.98279,6/8/2020 18:03,18:03:00,1,0,0,OHIO AVENUE EAST & LOGAN STREET SOUTH,1,1,0,0,1,1, ,0,30,0,0,0,0,0,4,2,13
,2020-45565,39.76928,-104.90349,6/8/2020 18:26,18:26:00,12,0,0,38TH AVENUE EAST & QUEBEC STREET NORTH,1,1,0,0,1,1, ,0,25,0,0,0,0,0,4,2,13
,2020-45566,39.74379552,-104.8857919,6/8/2020 19:54,19:54:00,3,0,1,17TH AVENUE EAST & XENIA STREET NORTH,1,1,0,0,1,1, ,0,25,0,0,0,0,2,4,2,13
,2020-45567,39.73124,-104.98359,6/8/2020 20:55,20:55:00,6,0,0,GRANT STREET 900 NORTH & 10TH AVENUE EAST,1,3,0,0,1,4, ,0,,0,0,0,0,0,4,4,13
,2020-45568,39.7706,-104.74768,6/9/2020 0:20,0:20:00,6,0,0,39TH AVENUE & 20700 EAST,1,3,0,0,1,4, ,0,,0,0,0,0,0,4,3,13
,2020-45569,39.8356495,-104.6717495,6/9/2020 7:00,7:00:00,5,0,0,PENA B 7600 & SHADY GROVE STREET NORTH,11,1,1,1,2,4, ,0,25,0,0,0,0,0,4,1,1
,2020-45570,39.77508,-104.90337,6/9/2020 8:10,8:10:00,10,0,0,QUEBEC STREET 4100 NORTH & SANDOWN ROAD,11,1,1,1,1,4, ,0,30,0,0,0,0,0,4,2,13
,2020-45571,39.78193,-104.9858,6/9/2020 8:11,8:11:00,2,0,1,47TH AVENUE EAST & LINCOLN STREET NORTH,11,1,1,1,1,1, ,0,0,1,0,0,0,2,4,2,16
,2020-45572,39.71116,-104.98758,6/9/2020 8:36,8:36:00,15,0,0,BROADWAY STREET SOUTH & ALAMEDA AVENUE EAST,11,1,0,1,1,3, ,0,,0,0,0,0,0,4,3,13
,2020-45573,39.74374,-104.93989,6/9/2020 12:58,12:58:00,12,0,1,17TH AVENUE 4000 EAST & BELLAIRE STREET NORTH,1,1,0,0,1,4, ,0,30,0,0,0,0,1,4,3,7
,2020-45574,39.73841,-104.96953,6/9/2020 14:00,14:00:00,10,0,0,14TH AVENUE EAST & HUMBOLDT STREET NORTH,1,1,0,0,1,1, ,0,30,0,0,0,0,0,4,2,13
,2020-45575,39.68224,-105.02979,6/9/2020 18:56,18:56:00,3,0,0,IRVING STREET SOUTH & JEWELL AVENUE WEST,1,1,0,0,1,1, ,0,,0,0,0,0,0,4,2,13
,2020-45576,39.76199,-104.96345,6/9/2020 21:50,21:50:00,3,0,2,MLK B EAST & RACE STREET NORTH,1,3,0,0,1,1, ,0,25,0,0,0,0,2,4,3,4
,2020-45577,39.72891,-104.99861,6/10/2020 6:59,6:59:00,3,0,0,EIGHTH AVENUE WEST & SANTA FE DRIVE NORTH,1,1,0,0,1,1, ,0,35,0,0,0,0,0,4,2,8
,2020-45578,39.79838951,-104.7873005,6/10/2020 7:10,7:10:00,3,0,1,56TH AVENUE EAST & PENA BOULEVARD,1,1,0,0,1,1, ,0,30,0,0,0,0,1,4,2,14
,2020-45579,39.72806,-104.92501,6/10/2020 10:36,10:36:00,2,0,1,SEVERN PLACE EAST & GRAPE STREET NORTH,1,1,0,0,1,1, ,0,25,1,0,0,0,2,4,2,13
,2020-45580,39.68308,-104.97694,6/10/2020 11:30,11:30:00,5,0,1,EMERSON STREET 1800 SOUTH & COLORADO AVENUE EAST,1,1,0,0,3,4, ,0,25,0,0,0,0,2,4,1,13
,2020-45581,39.7088,-105.03621,6/10/2020 12:12,12:12:00,12,0,1,MORRISON ROAD & MEADE STREET SOUTH,1,1,0,0,1,1, ,0,,0,0,0,0,1,4,3,3
,2020-45582,39.65579,-104.93169,6/10/2020 12:50,12:50:00,10,0,0,DAHLIA STREET & 3361 SOUTH,1,1,0,0,1,2, ,0,30,0,0,0,0,0,4,2,1
,2020-45583,39.7256,-104.94101,6/10/2020 13:17,13:17:00,12,0,1,SIXTH AVENUE 3900 EAST & COLORADO B NORTH,1,1,0,0,1,4, ,0,30,0,0,0,0,1,4,2,13
,2020-45584,39.69297,-104.97341,6/10/2020 15:06,15:06:00,3,0,0,LOUISIANA AVENUE EAST & DOWNING STREET SOUTH,1,1,0,0,1,1, ,0,30,0,0,0,0,0,4,2,1
,2020-45585,39.73871,-104.88701,6/10/2020 16:16,16:16:00,3,0,1,14TH AVENUE EAST & XANTHIA STREET NORTH,1,1,0,0,1,1, ,0,25,0,0,0,0,1,4,2,1
,2020-45586,39.71131,-104.89291,6/10/2020 17:28,17:28:00,12,0,1,ALAMEDA AVENUE EAST & FAIRMOUNT DRIVE EAST,1,1,0,1,1,4, ,0,30,0,0,0,0,2,4,3,8
,2020-45587,39.78797,-104.8657,6/10/2020 18:50,18:50:00,3,0,1,HAVANA STREET 5000 NORTH & 51ST AVENUE EAST,1,1,0,0,1,1, ,0,40,0,0,0,0,3,4,2,9
,2020-45588,39.70813754,-105.0431884,6/10/2020 23:07,23:07:00,6,0,0,STUART STREET 500 SOUTH & VIRGINIA AVENUE WEST,1,3,0,0,1,4, ,0,25,0,0,0,0,0,4,3,2
,2020-45589,39.73514653,-104.9741179,6/11/2020 2:53,2:53:00,5,0,0,12TH AVENUE EAST & CORONA STREET NORTH,1,3,0,0,3,1, ,0,30,0,0,0,0,0,4,1,13
,2020-45590,39.67846,-104.9082,6/11/2020 8:38,8:38:00,12,0,0,EVANS AVENUE EAST & ONEIDA STREET SOUTH,1,1,0,0,1,3, ,0,35,0,0,0,0,0,4,2,16
,2020-45591,39.75508,-104.9881,6/11/2020 8:40,8:40:00,3,0,1,PARK AVENUE WEST & LAWRENCE STREET,1,1,0,0,1,1, ,0,30,0,0,0,1,3,4,2,3
,2020-45592,39.73368,-104.99763,6/11/2020 9:01,9:01:00,11,0,1,11TH AVENUE & 900 WEST ALLEY,1,1,1,0,1,5, ,0,,0,1,0,0,2,4,2,13
,2020-45593,39.70312,-105.02753,6/11/2020 10:13,10:13:00,6,0,0,WALSH PLACE WEST & HAZEL COURT SOUTH,1,1,0,0,1,4, ,0,25,0,0,0,0,0,4,2,3
,2020-45594,39.74373,-104.95581,6/11/2020 10:49,10:49:00,6,0,0,17TH AVENUE 2700 EAST & JACKSON STREET NORTH,1,1,0,0,1,4, ,0,30,0,0,0,0,0,4,2,13
,2020-45595,39.76927453,-105.0005599,6/11/2020 11:25,11:25:00,10,0,0,38TH AVENUE WEST & KALAMATH STREET NORTH,1,1,0,0,1,1, ,0,,0,0,0,0,0,4,2,13
,2020-45596,39.75848,-104.90346,6/11/2020 11:40,11:40:00,12,0,0,QUEBEC STREET 2900 NORTH & 29TH AVENUE EAST,1,1,0,0,1,4, ,0,35,0,0,0,0,0,4,2,13
,2020-45597,39.73843,-104.98741,6/11/2020 11:51,11:51:00,15,0,0,BROADWAY STREET NORTH & 14TH AVENUE EAST,1,1,0,0,1,1, ,0,30,0,0,0,0,0,4,2,13
,2020-45598,39.76536,-104.97482,6/11/2020 12:40,12:40:00,3,0,1,34TH STREET & LAWRENCE STREET,1,1,0,0,1,1, ,0,25,0,0,0,0,0,4,2,8
,2020-45599,39.70749,-104.97044,6/11/2020 13:14,13:14:00,6,0,0,VIRGINIA AVENUE 1400 EAST & HUMBOLDT STREET,1,1,0,0,1,4, ,0,25,0,0,0,0,0,4,3,3
,2020-45600,39.7441,-104.98836,6/11/2020 14:23,14:23:00,3,0,0,17TH STREET & TREMONT PLACE,1,1,0,0,1,1, ,0,,0,0,0,0,0,4,2,13
,2020-45601,39.75278,-104.98741,6/11/2020 14:25,14:25:00,12,0,0,22ND STREET & BROADWAY STREET NORTH,1,1,0,0,1,1, ,0,30,0,0,0,0,0,2,2,13
,2020-45602,39.7983,-104.77212,6/11/2020 16:48,16:48:00,1,0,1,TOWER ROAD NORTH & 56TH AVENUE EAST,1,1,0,0,1,1, ,0,45,0,0,0,0,1,4,3,13
,2020-45603,39.78553,-104.73756,6/11/2020 16:58,16:58:00,5,0,1,ORLEANS STREET NORTH & STOLL PLACE EAST,1,1,0,0,2,4, ,0,35,0,0,0,1,3,4,1,7
,2020-45604,39.72911,-104.95903,6/11/2020 17:04,17:04:00,3,0,0,EIGHTH AVENUE EAST & JOSEPHINE STREET NORTH,1,1,0,0,1,1, ,0,25,0,0,0,0,0,4,2,13
,2020-45605,39.7764,-104.95084,6/11/2020 19:30,19:30:00,6,0,2,43RD AVENUE EAST & STREET PAUL STREET NORTH,1,1,0,0,1,4, ,0,25,0,0,0,0,1,4,2,5
,2020-45606,39.66502,-105.02843,6/11/2020 22:13,22:13:00,6,0,0,AMHERST AVENUE 3100 WEST & HAZEL COURT SOUTH,1,3,0,0,1,4, ,0,25,0,0,0,0,0,4,2,14
,2020-45607,39.76095,-104.97877,6/12/2020 2:36,2:36:00,6,0,2,ARAPAHOE STREET & 30TH STREET,1,3,0,0,1,1, ,0,30,0,0,0,0,2,4,3,5
,2020-45608,39.68948,-104.99666,6/12/2020 6:35,6:35:00,15,0,0,PLATTE RIVER DRIVE 1300 SOUTH & MISSISSIPPI AVENUE EAST,1,1,0,0,1,4, ,0,40,0,0,0,0,0,4,2,13
,2020-45609,39.71112,-104.96401,6/12/2020 11:52,11:52:00,12,0,0,ALAMEDA AVENUE EAST  & RACE STREET SOUTH,1,1,0,0,1,4, ,0,30,0,0,0,0,0,4,3,13
,2020-45610,39.68055254,-105.0156799,6/12/2020 11:57,11:57:00,3,0,1,ASBURY AVENUE WEST & ZUNI STREET SOUTH,1,1,0,0,1,1, ,0,30,0,0,0,0,2,4,2,8
,2020-45611,39.74347153,-104.9128009,6/12/2020 12:35,12:35:00,3,0,1,17TH AVENUE EAST & MONACO STREET PARKWAY NORTH,1,1,0,0,1,1, ,0,30,0,0,0,0,1,4,2,13
,2020-45612,39.7683386,-105.0299595,6/12/2020 12:38,12:38:00,1,0,0,CLYDE PLACE WEST & IRVING STREET NORTH,1,1,0,0,1,1, ,0,25,0,0,0,0,0,4,2,13
,2020-45613,39.7112,-104.99839,6/12/2020 13:09,13:09:00,2,0,0,KALAMATH STREET SOUTH & ALAMEDA AVENUE WEST,1,1,0,0,1,4, ,0,30,1,0,0,0,0,4,2,14
,2020-45614,39.66829,-104.95939,6/12/2020 14:46,14:46:00,5,0,1,UNIVERSITY B 2600 SOUTH & YALE AVENUE EAST,1,1,0,0,3,4, ,0,35,0,0,0,0,2,4,1,10
,2020-45615,39.74692753,-104.9622199,6/12/2020 17:16,17:16:00,5,0,0,VINE STREET 1273 NORTH & RACE/VINE ALLEY,1,1,0,0,3,5, ,0,15,0,0,0,0,0,4,1,13
,2020-45616,39.69036,-104.91289,6/12/2020 17:33,17:33:00,15,0,0,MONACO STREET SOUTH & CHERRY CREEK SOUTH DRIVE EAST,1,1,0,0,1,3, ,0,30,0,0,0,0,0,4,2,8
,2020-45617,39.78581,-104.80978,6/12/2020 18:27,18:27:00,12,0,1,CHAMBERS ROAD 5100 NORTH & 52ND AVENUE EAST,1,1,0,0,1,4, ,0,40,0,0,0,0,2,4,2,3
,2020-45618,39.70386,-104.95936,6/12/2020 18:53,18:53:00,5,0,0,UNIVERSITY BOULEVARD SOUTH & EXPOSITION AVENUE EAST,1,1,0,0,2,1, ,0,30,0,0,0,0,0,4,1,13
,2020-45619,39.75484,-105.03343,6/12/2020 22:00,22:00:00,5,0,0,26TH AVENUE WEST & KING STREET NORTH,1,3,0,0,3,3, ,0,25,0,0,0,0,0,4,1,5
,2020-45620,39.72907153,-104.9823889,6/12/2020 23:34,23:34:00,6,0,0,LOGAN STREET 600 NORTH & EIGHTH AVENUE EAST,1,3,0,0,1,4, ,0,30,0,0,0,0,0,4,3,5
,2020-45621,39.7784,-105.02051,6/13/2020 0:28,0:28:00,6,0,0,CLAY STREET NORTH & 45TH AVENUE WEST,1,3,0,0,1,4, ,0,25,0,0,0,0,0,4,2,13
,2020-45622,39.78174,-104.73911,6/13/2020 2:20,2:20:00,5,0,0,GREEN VALLEY RANCH B EAST & ODESSA STREET NORTH,1,3,0,0,3,4, ,0,35,0,0,0,0,0,4,1,1
,2020-45623,39.74746,-104.88466,6/13/2020 3:28,3:28:00,5,0,0,MONTVIEW BOULEVARD EAST & YOSEMITE STREET NORTH,1,3,0,0,3,1, ,0,30,0,0,0,0,0,4,1,13
,2020-45624,39.77682,-104.7946,6/13/2020 6:33,6:33:00,5,0,0,AIRPORT WAY 4500 NORTH & 45TH AVENUE EAST,1,4,0,0,2,4, ,0,25,0,0,0,0,0,4,1,14
,2020-45625,39.7875,-104.82901,6/13/2020 10:59,10:59:00,5,0,1,CROWN B 5000 NORTH & 50TH AVENUE EAST,1,1,0,0,2,4, ,0,30,0,0,0,0,2,4,1,2
,2020-45626,39.73947,-104.91428,6/13/2020 11:05,11:05:00,6,0,0,LOCUST STREET 1461 NORTH & COLFAX AVENUE EAST,1,1,0,0,1,4, ,0,25,0,0,0,0,0,4,2,3
,2020-45627,39.63208,-105.10991,6/13/2020 12:16,12:16:00,12,0,1,KIPLING STREET 4600 SOUTH & STANFORD AVENUE WEST,1,1,0,0,1,4, ,0,,0,0,0,0,0,4,3,13
,2020-45628,39.72555,-104.8939,6/13/2020 14:20,14:20:00,3,0,0,SIXTH AVENUE EAST & ULSTER WAY NORTH,1,1,0,1,1,1, ,0,25,0,0,0,0,0,4,2,13
,2020-45629,39.74197,-104.88465,6/13/2020 14:45,14:45:00,3,0,2,YOSEMITE STREET NORTH & 16TH AVENUE EAST,1,1,0,0,1,1, ,0,15,0,0,0,0,2,4,2,13
,2020-45630,39.72563,-104.97878,6/13/2020 16:45,16:45:00,15,0,0,SIXTH AVENUE EAST & WASHINGTON STREET NORTH,1,1,0,0,1,3, ,0,35,0,0,0,0,0,4,5,3
,2020-45631,39.78625109,-104.791086,6/13/2020 17:26,17:26:00,5,0,0,PENA BOULEVARD & 5196,1,1,0,0,3,4, ,0,65,0,0,0,0,0,4,1,14
,2020-45632,39.7585,-104.93472,6/13/2020 21:32,21:32:00,6,0,0,CLERMONT STREET & 2900 NORTH CLERMONT STREET,1,4,0,0,3,4, ,0,30,0,0,0,0,0,4,2,14
,2020-45633,39.72926953,-104.9128009,6/13/2020 22:08,22:08:00,3,0,1,EIGHTH AVENUE EAST & MONACO STREET NORTH,1,3,0,0,1,1, ,0,35,0,0,0,0,1,4,2,7
,2020-45634,39.75639,-104.9777,6/14/2020 1:25,1:25:00,3,0,2,28TH STREET & CALIFORNIA STREET,1,3,0,0,1,1, ,0,,0,0,0,0,0,4,2,13
,2020-45635,39.7611,-104.98381,6/14/2020 2:09,2:09:00,6,0,0,28TH STREET & WALNUT STREET,1,3,0,0,1,1, ,0,30,0,0,0,0,0,4,4,5
,2020-45636,39.65786,-105.03896,6/14/2020 4:30,4:30:00,6,0,0,GREENWOOD PLACE 3971 WEST & PRIVATE PROPERTY,1,4,1,0,2,2, ,0,,0,0,0,0,0,4,3,13
,2020-45637,39.73838,-104.95628,6/14/2020 8:04,8:04:00,15,0,0,14TH AVENUE 2500 EAST & ELIZABETH STREET NORTH,1,1,0,0,1,4, ,0,,0,0,0,0,0,4,2,13
,2020-45638,39.67958,-105.04409,6/14/2020 11:41,11:41:00,3,0,0,EVANS AVENUE WEST & TENNYSON STREET SOUTH,1,1,0,0,1,1, ,0,30,0,0,0,0,0,4,2,13
,2020-45639,39.71111,-104.97923,6/14/2020 12:28,12:28:00,3,0,0,WASHINGTON STREET SOUTH & ALAMEDA AVENUE EAST,1,1,0,0,1,1, ,0,30,0,0,0,0,0,4,2,14
,2020-45640,39.77873,-104.98016,6/14/2020 13:10,13:10:00,6,0,0,PEARL STREET 4500 NORTH & 45TH AVENUE EAST,1,1,0,0,1,3, ,0,,0,0,0,0,0,4,2,13
,2020-45641,39.74479,-104.98921,6/14/2020 13:37,13:37:00,3,0,1,17TH STREET & GLENARM PLACE,1,1,0,0,1,1, ,0,,0,0,0,1,2,4,2,3
,2020-45642,39.72571,-104.99857,6/14/2020 15:00,15:00:00,15,0,0,SIXTH AVENUE WEST & SANTA FE DRIVE NORTH,1,1,0,0,1,1, ,0,35,0,0,0,0,0,4,2,13
,2020-45643,39.76338,-104.98779,6/14/2020 15:14,15:14:00,5,0,0,28TH STREET & BROADWAY STREET NORTH,1,1,0,0,3,4, ,0,,0,0,0,0,0,4,1,13
,2020-45644,39.72532,-104.93454,6/14/2020 17:24,17:24:00,3,0,0,SIXTH AVENUE EAST & CLERMONT STREET NORTH,1,1,0,0,1,1, ,0,30,0,0,0,0,0,4,2,13
,2020-45645,39.75846,-105.02137,6/14/2020 18:47,18:47:00,5,0,0,29TH AVENUE WEST & SPEER B NORTH,1,1,0,0,3,4, ,0,35,0,0,0,0,0,4,1,4
,2020-45646,39.77319,-105.04285,6/14/2020 19:50,19:50:00,6,0,0,4200 NORTH STUART STREET & WEST 42ND AVENUE,1,1,0,0,1,4, ,0,,0,0,0,0,0,4,2,13
,2020-45647,39.71809724,-105.0263924,6/14/2020 21:35,21:35:00,3,0,1,FIRST AVENUE 3100 EAST & STREET PAUL STREET,1,3,0,0,1,3, ,0,30,0,0,0,0,1,4,3,5
,2020-45648,39.69730154,-105.0065719,6/14/2020 22:03,22:03:00,6,0,0,QUIVAS STREET 1000 SOUTH & HOYE PLACE WEST,1,3,0,0,1,4, ,0,25,0,0,0,0,0,4,5,1
,2020-45649,39.74563,-104.89168,6/14/2020 23:45,23:45:00,3,0,0,19TH AVENUE EAST & VALENTIA STREET NORTH,1,3,0,0,1,1, ,0,25,0,0,0,0,0,4,2,1
,2020-45650,39.73124,-105.04514,6/15/2020 1:58,1:58:00,6,0,0,UTICA STREET NORTH & NINTH AVENUE WEST,1,3,0,0,1,4, ,0,25,0,0,0,0,0,4,3,5
,2020-45651,39.79629,-104.84716,6/15/2020 3:45,3:45:00,5,0,1,PEORIA STREET NORTH & 55TH AVENUE EAST,1,3,0,0,2,4, ,0,35,0,0,0,0,1,4,1,3
,2020-45652,39.75787,-105.0276,6/15/2020 4:42,4:42:00,6,0,0,HAZEL COURT 2800 NORTH & 29TH AVENUE WEST,1,1,0,0,1,4, ,0,,0,0,0,0,0,4,2,13