id,drcog_id,latitude,longitude,crashtime,time,crashtype,numbkilled,numbinjurd,drcoglocat,rdconditin,lightngcon,roadcntgrd,weatherco,location,roaddescrp,schoolzone,constrzone,splimit,bikeinv,pedinv,sctrinv,motoinv,svrty,rdsystem,ttlvehcls,hcf
,2020-45653,39.78526,-104.8825,6/15/2020 7:35,7:35:00,15,0,0,NORTHFIELD BOULEVARD EAST & CENTRAL PARK BOULEVARD NORTH,1,1,0,0,1,1, ,0,30,0,0,0,0,0,4,2,13
,2020-45654,39.69730154,-105.0065719,6/15/2020 8:30,8:30:00,6,0,0,HOYE PLACE 1600 WEST & QUIVAS STREET SOUTH,1,1,0,0,1,4, ,0,,0,0,0,0,0,4,2,13
,2020-45655,39.71707453,-104.8955412,6/15/2020 11:01,11:01:00,15,0,0,LOWRY BOULEVARD EAST & FAIRMOUNT DRIVE NORTH,1,1,0,0,1,6, ,0,15,0,0,0,0,0,4,2,13
,2020-45656,39.69768,-105.02273,6/15/2020 14:30,14:30:00,6,0,0,DECATUR STREET 1000 SOUTH & TENNESSEE AVENUE WEST,1,1,0,0,1,4, ,0,25,0,0,0,0,0,4,2,13
,2020-45657,39.67574,-104.95939,6/15/2020 15:21,15:21:00,12,0,0,UNIVERSITY B 2200 SOUTH & WARREN AVENUE EAST,1,1,0,0,1,4, ,0,30,0,0,0,0,0,4,2,3
,2020-45658,39.73713,-104.91244,6/15/2020 15:48,15:48:00,12,0,1,13TH AVENUE EAST & MONACO STREET NORTH,1,1,0,0,1,1, ,0,30,0,0,0,0,2,4,3,13
,2020-45659,39.63462554,-104.9016994,6/15/2020 16:33,16:33:00,5,0,1,ULSTER STREET SOUTH & QUEBEC STREET SOUTH,1,1,1,0,2,4, ,0,35,0,0,0,0,2,4,1,10
,2020-45660,39.71163,-104.95917,6/15/2020 17:29,17:29:00,12,0,2,UNIVERSITY B 200 SOUTH & ALAMEDA AVENUE EAST,1,1,0,0,1,3, ,0,30,0,0,0,0,1,4,4,3
,2020-45661,39.76177302,-104.8975909,6/15/2020 19:58,19:58:00,6,0,0,SPRUCE STREET & 1900 NORTH SPRUCE STREET,1,3,0,0,1,4, ,0,25,0,0,0,0,0,4,2,13
,2020-45662,39.68029,-104.96522,6/16/2020 1:19,1:19:00,6,0,0,HIGH STREET SOUTH & ASBURY AVENUE EAST,1,3,0,0,1,4, ,0,25,0,0,0,0,0,4,3,5
,2020-45663,39.76746,-104.90345,6/16/2020 5:50,5:50:00,12,0,0,QUEBEC STREET NORTH & 36TH STREET EAST,1,1,0,0,1,1, ,0,35,0,0,0,0,0,4,2,1
,2020-45664,39.66764,-104.90858,6/16/2020 7:00,7:00:00,5,0,1,YALE AVENUE 6700 EAST & NORMAN COURT SOUTH,1,1,0,0,2,4, ,0,30,0,0,0,0,1,4,1,14
,2020-45665,39.69592,-104.90313,6/16/2020 7:01,7:01:00,3,0,0,QUEBEC STREET 1050 SOUTH & MISSISSIPPI AVENUE EAST,1,1,0,0,1,1, ,0,30,0,0,0,0,0,4,2,13
,2020-45666,39.75923,-104.98622,6/16/2020 8:35,8:35:00,3,0,0,WALNUT STREET & 26TH STREET,1,1,0,0,1,1, ,0,30,0,0,0,0,0,4,2,13
,2020-45667,39.79408,-104.8119,6/16/2020 10:40,10:40:00,12,0,0,LACKLAND PLACE 14900 EAST & ALTURA STREET NORTH,1,1,0,0,1,4, ,0,25,0,0,0,0,0,4,2,1
,2020-45668,39.74405,-104.97615,6/16/2020 11:59,11:59:00,3,0,0,EMERSON STREET & 1700 NORTH EMERSON STREET,1,1,0,0,1,5, ,0,30,0,0,0,0,0,4,2,13
,2020-45669,39.71754,-105.02361,6/16/2020 13:00,13:00:00,12,0,0,IRVINGTON PLACE 2800 WEST & FEDERAL B NORTH,1,1,0,0,1,4, ,0,,0,0,0,0,0,4,2,16
,2020-45670,39.75435,-104.99078,6/16/2020 13:01,13:01:00,6,0,0,LARIMER STREET & 2100 LARIMER STREET,1,1,0,0,1,4, ,0,25,0,0,0,0,0,4,2,13
,2020-45671,39.71118,-104.9924,6/16/2020 14:49,14:49:00,12,0,1,ALAMEDA AVENUE WEST & CHEROKEE STREET SOUTH,1,1,0,0,1,1, ,0,30,0,0,0,0,2,4,4,14
,2020-45672,39.71116154,-104.9923699,6/16/2020 15:00,15:00:00,6,0,0,ALAMEDA AVENUE EAST & CHEROKEE STREET SOUTH,1,1,1,0,1,4, ,0,,0,0,0,0,0,4,2,14
,2020-45673,39.63425,-105.10995,6/16/2020 16:08,16:08:00,3,0,1,KIPLING STREET SOUTH & STANFORD AVENUE WEST,1,1,0,0,1,1, ,0,45,0,0,0,0,3,4,2,3
,2020-45674,39.7445,-104.99133,6/16/2020 16:09,16:09:00,11,0,1,WELTON STREET & 16TH STREET,1,1,0,0,1,4, ,0,25,0,0,0,0,0,4,3,13
,2020-45675,39.68948,-105.04216,6/16/2020 17:15,17:15:00,2,0,1,FLORIDA AVENUE WEST & RALEIGH STREET SOUTH,1,1,0,0,1,1, ,0,25,1,0,0,0,2,4,2,5
,2020-45676,39.73682,-104.96102,6/16/2020 18:55,18:55:00,3,0,1,13TH AVENUE 2100 EAST & GAYLORD NORTH  VINE STREETS ALLEY,1,1,0,0,1,5, ,0,15,0,0,0,1,2,4,2,14
,2020-45677,39.76753,-104.94625,6/16/2020 19:00,19:00:00,6,0,0,MADISON STREET & 3600 NORTH,1,1,0,0,1,4, ,0,,0,0,0,0,0,4,2,13
,2020-45678,39.67836554,-104.9593894,6/16/2020 20:41,20:41:00,3,0,1,UNIVERSITY B SOUTH & EVANS AVENUE EAST,1,3,0,0,1,1, ,0,35,0,0,0,0,2,4,3,1
,2020-45679,39.71497,-105.0445,6/16/2020 22:57,22:57:00,3,0,0,BAYAUD AVENUE WEST & UTICA STREET SOUTH,1,3,0,0,1,1, ,0,,0,0,0,0,0,4,2,13
,2020-45680,39.6804,-104.93163,6/16/2020 23:56,23:56:00,5,0,0,DAHLIA STREET SOUTH & ASBURY AVENUE EAST,1,4,0,0,3,1, ,0,25,0,0,0,0,0,4,1,14
,2020-45681,39.67849,-104.96816,6/17/2020 6:30,6:30:00,3,0,0,EVANS AVENUE 1600 EAST & FRANKLIN STREET SOUTH,1,1,0,0,1,5, ,0,35,0,0,0,0,0,4,2,13
,2020-45682,39.71927,-105.04566,6/17/2020 6:50,6:50:00,15,0,0,VRAIN STREET & 100 NORTH VRAIN STREET,1,1,1,0,1,4, ,0,25,0,0,0,0,0,4,2,7
,2020-45683,39.76563,-104.91968,6/17/2020 6:52,6:52:00,6,0,0,35TH AVENUE 5800 EAST & JASMINE STREET NORTH,1,1,0,0,1,4, ,0,30,0,0,0,0,0,4,2,14
,2020-45684,39.78787,-104.80977,6/17/2020 8:42,8:42:00,11,0,1,CHAMBERS ROAD NORTH & 52ND AVENUE EAST,1,1,0,0,1,1, ,0,35,0,1,0,0,1,4,2,14
,2020-45685,39.72731653,-105.0002089,6/17/2020 10:54,10:54:00,3,0,0,KALAMATH STREET NORTH & SEVENTH AVENUE WEST,1,1,0,0,1,1, ,0,30,0,0,0,0,0,4,2,4
,2020-45686,39.78186,-105.02365,6/17/2020 12:00,12:00:00,6,0,0,ELIOT STREET & 4694 NORTH ELIOT STREET,1,1,0,0,1,3, ,0,,0,0,0,0,0,4,2,13
,2020-45687,39.76564,-104.93182,6/17/2020 15:05,15:05:00,15,0,0,35TH AVENUE EAST & DAHLIA STREET NORTH,1,1,0,0,1,1, ,0,30,0,0,0,0,0,4,2,8
,2020-45688,39.7964239,-104.9033174,6/17/2020 16:15,16:15:00,12,0,3,QUEBEC STREET 5400 NORTH & 56TH AVENUE EAST,1,1,0,0,1,4, ,0,40,0,0,0,0,1,4,4,7
,2020-45689,39.73728,-104.88467,6/17/2020 23:21,23:21:00,3,0,1,13TH AVENUE EAST & YOSEMITE STREET NORTH,1,3,0,0,1,1, ,0,30,0,0,0,0,2,4,2,5
,2020-45690,39.70213,-104.98753,6/18/2020 0:03,0:03:00,5,0,0,OHIO AVENUE EAST & BROADWAY STREET SOUTH,1,3,0,0,3,1, ,0,35,0,0,0,0,0,4,1,5
,2020-45691,39.75073,-104.97088,6/18/2020 1:24,1:24:00,5,0,0,23RD AVENUE EAST & LAFAYETTE STREET NORTH,1,3,0,0,2,1, ,0,,0,0,0,0,0,4,1,13
,2020-45692,39.76442353,-105.0111709,6/18/2020 6:30,6:30:00,6,0,0,34TH AVENUE WEST & TEJON STREET NORTH,1,1,0,0,1,4, ,0,30,0,0,0,0,0,4,2,4
,2020-45693,39.66756,-104.9428,6/18/2020 9:11,9:11:00,3,0,0,JACKSON STREET SOUTH & YALE AVENUE EAST,1,1,0,0,1,1, ,0,25,0,0,0,0,0,4,2,13
,2020-45694,39.67863554,-105.0086509,6/18/2020 10:10,10:10:00,3,0,0,RARITAN STREET SOUTH & EVANS AVENUE WEST,1,1,1,0,1,1, ,0,25,0,0,0,0,0,4,2,13
,2020-45695,39.75885,-104.86587,6/18/2020 12:25,12:25:00,3,0,0,HAVANA STREET NORTH & 29TH DRIVE EAST,1,1,0,0,1,1, ,0,35,0,0,0,0,0,4,2,13
,2020-45696,39.70754,-104.87537,6/18/2020 12:40,12:40:00,12,0,0,DAYTON STREET 400 SOUTH & ALAMEDA AVENUE EAST,1,1,0,0,1,4, ,0,30,0,0,0,0,0,4,2,3
,2020-45697,39.74211,-104.99236,6/18/2020 13:15,13:15:00,15,0,0,GLENARM PLACE & 1400 GLENARM PLACE,1,1,0,0,1,4, ,0,30,0,0,0,0,0,4,2,13
,2020-45698,39.77293752,-104.8656994,6/18/2020 14:35,14:35:00,1,0,1,40TH AVENUE & HAVANA STREET,1,1,0,0,1,1, ,0,40,0,0,0,0,0,4,2,7
,2020-45699,39.78203652,-104.9018299,6/18/2020 15:55,15:55:00,15,0,0,QUEBEC STREET 4600 NORTH & SAND CREEK ROAD NORTH,1,1,1,0,1,3, ,0,35,0,0,0,0,0,4,2,13
,2020-45700,39.70961,-105.03504,6/18/2020 16:06,16:06:00,10,0,0,LOWELL BOULEVARD SOUTH & MORRISON ROAD,1,1,0,0,1,3, ,0,25,0,0,0,0,0,4,2,1
,2020-45701,39.79810151,-104.8355989,6/18/2020 17:24,17:24:00,12,0,1,UVALDA STREET NORTH & 56TH AVENUE EAST,1,1,0,0,1,4, ,0,20,0,0,0,0,1,4,2,13
,2020-45702,39.63828,-104.8948,6/18/2020 18:15,18:15:00,8,0,3,QUINCY AVENUE EAST & TAMARAC STREET SOUTH,1,1,0,0,1,1, ,0,35,0,0,0,0,3,4,2,5
,2020-45703,39.70401,-105.02753,6/18/2020 19:41,19:41:00,6,0,0,EXPOSITION AVENUE WEST & HAZEL COURT SOUTH,11,2,0,1,1,4, ,0,35,0,0,0,0,0,4,2,3
,2020-45704,39.77768,-104.95824,6/18/2020 22:04,22:04:00,3,0,0,44TH AVENUE EAST & JOSEPHINE STREET NORTH,1,3,0,0,1,1, ,0,35,0,0,0,0,0,4,2,1
,2020-45705,39.79838951,-104.7873005,6/18/2020 23:18,23:18:00,5,0,0,PENA BOULEVARD 5500  & 56TH AVENUE,1,3,0,0,3,4, ,0,65,0,0,0,0,0,4,1,2
,2020-45706,39.70767,-105.02868,6/19/2020 5:36,5:36:00,6,0,0,VIRGINIA AVENUE 3200 WEST & IRVING STREET SOUTH,1,2,0,0,1,4, ,0,,0,0,0,0,0,4,2,13
,2020-45707,39.64446,-104.91296,6/19/2020 7:14,7:14:00,5,0,0,MONACO STREET 3900 SOUTH & HAMPDEN AVENUE EAST,1,1,0,0,2,4, ,0,,0,0,0,0,0,4,1,13
,2020-45708,39.7387,-104.89286,6/19/2020 8:00,8:00:00,6,0,0,UINTA STREET NORTH & 14TH AVENUE EAST,1,3,0,0,1,4, ,0,,0,0,0,0,0,4,2,13
,2020-45709,39.83195,-104.69295,6/19/2020 11:50,11:50:00,12,0,0,75TH AVENUE 25200 EAST & JACKSON GAP STREET NORTH,1,1,0,0,1,3, ,0,35,0,0,0,0,0,4,2,1
,2020-45710,39.72742,-104.9401,6/19/2020 11:59,11:59:00,2,0,1,SEVENTH AVENUE 4000 EAST HELP & COLORADO BOULEVARD NORTH,1,1,0,0,1,4, ,0,25,0,0,0,0,2,4,2,13
,2020-45711,39.72105349,-105.0071162,6/19/2020 14:30,14:30:00,6,0,0,RARITAN WAY 300 NORTH & THIRD AVENUE WEST,1,1,0,0,1,4, ,0,,0,0,0,0,0,4,2,13
,2020-45712,39.76814053,-104.9683984,6/19/2020 14:56,14:56:00,11,0,1,FRANKLIN STREET NORTH & 37TH AVENUE EAST,1,1,0,0,1,1, ,0,25,0,1,0,0,1,4,2,14
,2020-45713,39.7089,-104.90971,6/19/2020 15:45,15:45:00,3,0,2,NIAGARA STREET SOUTH & DAKOTA AVENUE EAST,1,1,0,0,1,1, ,0,25,0,0,0,0,2,4,2,7
,2020-45714,39.75072,-104.95977,6/19/2020 16:21,16:21:00,12,0,0,23RD AVENUE EAST & YORK STREET NORTH,1,1,0,0,1,4, ,0,25,0,0,0,0,0,4,2,13
,2020-45715,39.72909,-104.9874,6/19/2020 16:45,16:45:00,3,0,0,EIGHTH AVENUE EAST & BROADWAY STREET NORTH,1,1,0,0,1,1, ,0,35,0,0,0,0,0,4,2,14
,2020-45716,39.83343,-104.77181,6/19/2020 18:09,18:09:00,15,0,2,TOWER ROAD NORTH & PENA B INBOUND,1,1,0,0,1,4, ,0,45,0,0,0,0,0,4,2,13
,2020-45717,39.73527,-104.98359,6/19/2020 19:01,19:01:00,1,0,1,12TH AVENUE EAST & GRANT STREET NORTH,1,1,0,0,1,1, ,0,25,0,0,0,1,3,4,2,5
,2020-45718,39.75706,-104.99288,6/19/2020 22:30,22:30:00,15,0,1,22ND STREET & WAZEE STREET,1,3,0,0,1,1, ,0,,0,0,0,0,3,4,2,13
,2020-45719,39.72571,-104.99857,6/19/2020 23:08,23:08:00,3,0,0,SIXTH AVENUE WEST & SANTA FE DRIVE NORTH,1,3,0,0,1,1, ,0,30,0,0,0,0,0,4,2,13
,2020-45720,39.68025,-104.95939,6/20/2020 9:20,9:20:00,12,0,0,UNIVERSITY B SOUTH & ASBURY AVENUE EAST,1,1,0,0,1,4, ,0,30,0,0,0,0,0,4,3,3
,2020-45721,39.73850353,-105.0159094,6/20/2020 9:21,9:21:00,5,0,0,14TH AVENUE 1957 WEST & ZUNI STREET NORTH,1,1,0,0,3,4, ,0,,0,0,0,0,0,4,1,13
,2020-45722,39.68948,-105.02623,6/20/2020 11:29,11:29:00,12,0,0,FLORIDA AVENUE 3000 WEST & FEDERAL B SOUTH,1,1,0,0,1,4, ,0,30,0,0,0,0,0,4,2,13
,2020-45723,39.67848,-104.99851,6/20/2020 14:25,14:25:00,3,0,0,PLATTE RIVER DRIVE SOUTH & EVANS AVENUE WEST,1,1,0,0,1,1, ,0,30,0,0,0,0,0,4,2,7
,2020-45724,39.77025,-105.0486,6/20/2020 16:50,16:50:00,6,0,0,WOLFF STREET 3800 NORTH & 38TH AVENUE WEST,1,1,0,0,1,3, ,0,25,0,0,0,0,0,4,3,10
,2020-45725,39.69666,-104.99188,6/20/2020 17:26,17:26:00,2,0,1,SANTA FE DRIVE SOUTH & MISSISSIPPI AVENUE WEST,1,1,0,0,1,1, ,0,0,1,0,0,0,2,4,2,16
,2020-45726,39.71151,-104.94656,6/20/2020 21:18,21:18:00,12,0,0,CHERRY CREEK NORTH DRIVE EAST & ALAMEDA AVENUE EAST,1,3,0,0,1,4, ,0,30,0,0,0,0,0,4,2,7
,2020-45727,39.72564253,-105.0057484,6/20/2020 23:27,23:27:00,8,0,3,SIXTH AVENUE WEST & OSAGE STREET NORTH,1,3,0,0,1,4, ,0,65,0,0,0,0,3,2,2,5
,2020-45728,39.75928453,-104.9938819,6/21/2020 0:06,0:06:00,3,0,0,PARK AVENUE WEST & WEWATTA STREET,1,3,1,0,1,1, ,0,35,0,0,0,0,0,4,2,3
,2020-45729,39.77655,-104.9538,6/21/2020 0:53,0:53:00,6,0,0,CLAYTON STREET 4300 NORTH & 4325 NORTH CLAYTON STREET,1,3,0,0,3,4, ,0,,0,0,0,0,0,4,3,13
,2020-45730,39.73739,-104.92578,6/21/2020 3:30,3:30:00,5,0,0,GLENCOE STREET 1300 NORTH & 14TH AVENUE EAST,1,3,0,7,2,3, ,0,,0,0,0,0,0,4,1,16
,2020-45731,39.77609,-104.98701,6/21/2020 6:18,6:18:00,6,0,1,LEAF COURT 4400 NORTH & 45TH AVENUE EAST,1,2,0,0,1,4, ,0,25,0,0,0,0,3,4,4,2
,2020-45732,39.67118,-105.02701,6/21/2020 6:28,6:28:00,6,0,0,GROVE STREET SOUTH & VASSAR AVENUE WEST,1,4,0,0,1,4, ,0,,0,0,0,0,0,4,2,13
,2020-45733,39.76199352,-104.9199514,6/21/2020 8:20,8:20:00,5,0,0,MLK BOULEVARD 5800 EAST & IVY STREET NORTH,1,3,0,0,1,4, ,0,,0,0,0,0,0,4,1,13
,2020-45734,39.66636,-105.02988,6/21/2020 12:34,12:34:00,6,0,0,IRVING STREET 2700 SOUTH & AMHERST AVENUE WEST,1,1,0,0,1,4, ,0,25,0,0,0,0,0,4,3,2
,2020-45735,39.72548054,-105.0405289,6/21/2020 14:20,14:20:00,3,0,0,SIXTH AVENUE SOUTH DRIVE WEST & QUITMAN AVENUE NORTH,1,1,0,0,1,1, ,0,,0,0,0,0,0,4,2,13
,2020-45736,39.71116,-105.02329,6/21/2020 15:19,15:19:00,12,0,1,ALAMEDA AVENUE 2800 WEST & DECATUR STREET SOUTH,1,1,0,0,1,4, ,0,35,0,0,0,0,0,4,2,13
,2020-45737,39.73309,-105.04985,6/22/2020 0:12,0:12:00,6,0,1,10TH AVENUE WEST & XAVIER STREET NORTH,1,3,0,0,1,4, ,0,35,0,0,0,0,2,4,3,3
,2020-45738,39.75769,-105.01861,6/22/2020 1:11,1:11:00,15,0,0,SPEER BOULEVARD & 2800 NORTH SPEER BOULEVARD,1,3,1,0,1,4, ,0,35,0,0,0,0,0,4,2,13
,2020-45739,39.70586,-104.92697,6/22/2020 5:45,5:45:00,15,0,0,FOREST STREET 500 SOUTH & CUSTER PLACE EAST,1,2,0,0,1,4, ,0,25,0,0,0,0,0,4,2,13
,2020-45740,39.72907,-104.97641,6/22/2020 8:47,8:47:00,10,0,0,EIGHTH AVENUE EAST & EMERSON STREET NORTH,1,1,0,0,1,1, ,0,30,0,0,0,0,0,4,2,8
,2020-45741,39.73444,-105.02175,6/22/2020 10:12,10:12:00,12,0,0,DECATUR STREET NORTH & 12TH AVENUE WEST,1,1,1,0,1,1, ,0,25,0,0,0,0,0,4,2,13
,2020-45742,39.76214,-105.03462,6/22/2020 11:16,11:16:00,12,0,1,32ND AVENUE 3600 WEST & LOWELL B NORTH,1,1,1,0,1,4, ,0,30,0,0,0,0,1,4,2,13
,2020-45744,39.67844654,-104.9222194,6/22/2020 12:09,12:09:00,3,0,0,EVANS AVENUE 5700 EAST & HOLLY STREET SOUTH,1,1,0,0,1,2, ,0,30,0,0,0,0,0,4,2,13
,2020-45745,39.65304,-104.93572,6/22/2020 12:13,12:13:00,12,0,0,HAMPDEN AVENUE 4400 EAST & BIRCH STREET SOUTH,1,1,1,0,1,4, ,0,30,0,0,0,0,0,4,2,13
,2020-45746,39.76549,-105.02362,6/22/2020 12:40,12:40:00,6,0,0,ELIOT STREET 3400 NORTH & 35TH AVENUE WEST,1,1,1,0,1,4, ,0,,0,0,0,0,0,4,3,13
,2020-45747,39.69308954,-105.0117199,6/22/2020 13:29,13:29:00,12,0,0,LOUISIANA AVENUE 1900 WEST & TEJON STREET SOUTH,1,1,0,0,1,4, ,0,,0,0,0,0,0,4,2,13
,2020-45749,39.6931,-105.02972,6/22/2020 14:58,14:58:00,3,0,0,IRVING STREET SOUTH & LOUISIANA AVENUE WEST,1,1,0,0,1,1, ,0,25,0,0,0,0,0,4,2,13
,2020-45750,39.74323,-104.96476,6/22/2020 15:15,15:15:00,3,0,0,17TH AVENUE EAST & HIGH STREET NORTH,1,1,0,0,1,1, ,0,30,0,0,0,0,0,4,2,13
,2020-45751,39.91407551,-105.0013879,6/22/2020 15:24,15:24:00,6,0,0,MARIPOSA STREET & 3700 NORTH MARIPOSA STREET,1,1,0,0,1,4, ,0,,0,0,0,0,0,4,2,13
,2020-45752,39.68903054,-104.9992909,6/22/2020 16:10,16:10:00,1,0,1,PLATTE RIVER DRIVE 1400 SOUTH & FLORIDA AVENUE WEST,1,1,0,0,1,2, ,0,30,0,0,0,0,1,4,2,13
,2020-45753,39.74843953,-105.0033589,6/22/2020 17:41,17:41:00,3,0,0,SPEER BOULEVARD NORTH & AURARIA PARKWAY,1,1,0,0,1,1, ,0,35,0,0,0,0,0,4,2,13
,2020-45754,39.75074,-104.97812,6/22/2020 18:02,18:02:00,3,0,2,WASHINGTON STREET NORTH & 23RD AVENUE EAST,1,1,0,0,1,1, ,0,25,0,0,0,0,1,4,2,13
,2020-45755,39.77505,-104.8099,6/22/2020 19:11,19:11:00,3,0,0,CHAMBERS ROAD NORTH & ANDREWS DRIVE EAST,1,1,0,0,1,1, ,0,35,0,0,0,0,0,4,2,7
,2020-45756,39.75487,-105.03697,6/22/2020 20:19,20:19:00,6,0,0,26TH AVENUE WEST & NEWTON STREET NORTH,1,2,0,0,1,4, ,0,25,0,0,0,0,0,4,2,3
,2020-45757,39.66763,-104.90351,6/22/2020 21:30,21:30:00,1,0,0,YALE AVENUE EAST & QUEBEC STREET SOUTH,1,3,1,0,1,1, ,0,30,0,0,0,0,0,4,2,13
,2020-45758,39.7256,-104.96586,6/22/2020 21:46,21:46:00,6,0,0,WILLIAMS STREET NORTH & SIXTH AVENUE EAST,1,3,0,0,1,4, ,0,,0,0,0,0,0,4,2,13
,2020-45759,39.70567,-104.97337,6/23/2020 0:38,0:38:00,10,0,1,DOWNING STREET SOUTH & CENTER AVENUE EAST,11,3,0,1,1,1, ,0,25,0,0,0,0,0,4,2,8
,2020-45760,39.67866,-105.02037,6/23/2020 6:23,6:23:00,3,0,0,EVANS AVENUE WEST & CLAY STREET SOUTH,1,1,0,0,1,1, ,0,30,0,0,0,0,0,4,2,13
,2020-45761,39.72565,-104.98626,6/23/2020 9:50,9:50:00,12,0,0,LINCOLN STREET NORTH & SPEER B EAST,1,1,0,0,1,1, ,0,30,0,0,0,0,0,4,2,1
,2020-45762,39.73843,-104.98741,6/23/2020 10:06,10:06:00,10,0,0,BROADWAY STREET NORTH & 14TH AVENUE EAST,1,1,0,0,1,1, ,0,30,0,0,0,0,0,4,2,13
,2020-45763,39.74407,-104.98359,6/23/2020 10:40,10:40:00,12,0,0,GRANT STREET 1700 NORTH & 17TH AVENUE EAST,1,1,0,0,1,4, ,0,25,0,0,0,0,0,4,2,13
,2020-45764,39.74483,-104.96845,6/23/2020 11:00,11:00:00,15,0,0,18TH AVENUE EAST & FRANKLIN STREET NORTH,1,1,0,0,1,4, ,0,30,0,0,0,0,0,4,2,13
,2020-45765,39.75442,-104.98738,6/23/2020 12:25,12:25:00,15,0,0,PARK AVENUE WEST & ARAPAHOE STREET,1,1,0,0,1,1, ,0,30,0,0,0,0,0,4,2,13
,2020-45766,39.74188,-104.97092,6/23/2020 12:50,12:50:00,3,0,0,PARK AVENUE & LAFAYETTE STREET NORTH,1,1,0,0,1,1, ,0,30,0,0,0,0,0,4,2,13
,2020-45767,39.78391303,-105.0062389,6/23/2020 14:10,14:10:00,3,0,0,48TH AVENUE WEST & PECOS STREET NORTH,1,1,1,0,1,6, ,0,20,0,0,0,0,0,4,2,13
,2020-45768,39.72662,-104.98743,6/23/2020 15:00,15:00:00,10,0,0,SPEER BOULEVARD NORTH & BROADWAY STREET NORTH,1,5,0,0,1,1, ,0,35,0,0,0,0,0,4,2,13
,2020-45769,39.67489,-104.98758,6/23/2020 15:45,15:45:00,1,0,1,BROADWAY STREET SOUTH & ILIFF AVENUE EAST,1,1,0,0,1,1, ,0,35,0,0,0,0,1,4,2,3
,2020-45770,39.78005,-104.95413,6/23/2020 16:05,16:05:00,3,0,0,46TH AVENUE EAST & CLAYTON STREET NORTH,1,1,0,0,1,1, ,0,30,0,0,0,0,0,4,2,14
,2020-45771,39.79838,-104.86133,6/23/2020 16:36,16:36:00,3,0,0,56TH AVENUE EAST & JOLIET STREET NORTH,1,1,0,0,1,1, ,0,40,0,0,0,0,0,4,2,13
,2020-45772,39.71338,-105.03246,6/23/2020 16:40,16:40:00,3,0,0,KNOX COURT SOUTH & CEDAR AVENUE WEST,1,1,0,0,1,1, ,0,25,0,0,0,0,0,4,2,3
,2020-45773,39.71828,-104.95922,6/23/2020 19:07,19:07:00,1,0,2,UNIVERSITY BOULEVARD NORTH & FIRST AVENUE EAST,1,1,0,0,1,1, ,0,30,0,0,0,0,1,4,2,4
,2020-45774,39.66768,-104.9923,6/23/2020 19:51,19:51:00,9,0,0,YALE AVENUE WEST & DELAWARE STREET SOUTH,1,2,0,0,1,4, ,0,30,0,0,0,0,0,4,1,14
,2020-45775,39.78740053,-105.0158194,6/23/2020 22:55,22:55:00,6,0,0,ZUNI STREET NORTH & 50TH AVENUE WEST,1,4,0,0,1,4, ,0,,0,0,0,0,0,4,2,13
,2020-45776,39.66218,-104.95513,6/24/2020 8:40,8:40:00,6,0,0,DALLAS WAY 2900 SOUTH & CORNELL AVENUE EAST,1,1,0,0,1,4, ,0,25,0,0,0,0,0,4,2,10
,2020-45777,39.71816,-105.03247,6/24/2020 8:40,8:40:00,1,0,0,FIRST AVENUE WEST & KNOX COURT NORTH,1,1,0,0,1,1, ,0,30,0,0,0,0,0,4,2,3
,2020-45778,39.73799,-104.89875,6/24/2020 9:00,9:00:00,2,0,1,SYRACUSE STREET 1300 NORTH & 14TH AVENUE EAST,1,1,0,0,1,4, ,0,,1,0,0,0,2,4,2,13
,2020-45779,39.67847,-104.92455,6/24/2020 13:19,13:19:00,12,0,0,EVANS AVENUE 5400 EAST & GRAPE STREET SOUTH,1,1,0,0,1,4, ,0,30,0,0,0,0,0,4,2,13
,2020-45780,39.71117,-104.98758,6/24/2020 13:35,13:35:00,15,0,0,BROADWAY STREET 300 SOUTH & ALAMEDA AVENUE EAST,1,1,0,0,1,4, ,0,30,0,0,0,0,0,4,2,8
,2020-45781,39.74358,-104.99252,6/24/2020 13:55,13:55:00,15,0,0,15TH STREET & WELTON STREET,1,1,0,0,1,1, ,0,,0,0,0,0,0,4,2,13
,2020-45782,39.74941,-104.9989,6/24/2020 15:10,15:10:00,15,0,0,MARKET STREET 1500  & 15TH STREET,1,1,0,0,1,4, ,0,30,0,0,0,0,0,4,2,13
,2020-45783,39.68931,-104.99659,6/24/2020 15:50,15:50:00,3,0,1,FLORIDA AVENUE WEST & PLATTE RIVER DRIVE SOUTH,1,1,0,0,1,1, ,0,30,0,0,0,0,1,4,2,1
,2020-45784,39.75706,-104.99288,6/24/2020 15:55,15:55:00,12,0,0,22ND STREET & WAZEE STREET,1,1,0,0,1,3, ,0,35,0,0,0,0,0,4,2,3
,2020-45785,39.72893,-104.99058,6/24/2020 16:05,16:05:00,3,0,0,EIGHTH AVENUE WEST & SPEER B NORTH,1,1,1,0,1,1, ,0,30,0,0,0,0,0,4,2,8
,2020-45786,39.78625109,-104.791086,6/24/2020 17:00,17:00:00,15,0,0,PENA BOULEVARD OUTBOUND & 8200,1,1,0,0,1,4, ,0,,0,0,0,0,0,4,2,7