id,drcog_id,latitude,longitude,crashtime,time,crashtype,numbkilled,numbinjurd,drcoglocat,rdconditin,lightngcon,roadcntgrd,weatherco,location,roaddescrp,schoolzone,constrzone,splimit,bikeinv,pedinv,sctrinv,motoinv,svrty,rdsystem,ttlvehcls,hcf
,2020-45787,39.73209553,-105.0015994,6/24/2020 17:33,17:33:00,1,0,0,10TH AVENUE WEST & LIPAN STREET NORTH,1,1,0,0,1,1, ,0,,0,0,0,0,0,4,2,13
,2020-45788,39.71111,-104.97923,6/24/2020 19:24,19:24:00,3,0,0,WASHINGTON STREET SOUTH & ALAMEDA AVENUE EAST,11,2,0,1,1,1, ,0,30,0,0,0,0,0,4,2,8
,2020-45789,39.65924,-105.04339,6/24/2020 19:25,19:25:00,3,0,0,DARTMOUTH AVENUE WEST & RALEIGH STREET SOUTH,11,1,0,1,1,1, ,0,,0,0,0,0,0,4,2,13
,2020-45790,39.67847,-104.92869,6/24/2020 20:00,20:00:00,14,0,0,EVANS AVENUE EAST & 5200 EAST EVANS AVENUE,1,1,0,0,1,2, ,0,35,0,0,0,0,0,4,2,3
,2020-45791,39.77178553,-105.0041689,6/24/2020 22:30,22:30:00,3,0,0,40TH AVENUE WEST & NAVAJO STREET NORTH,1,3,1,0,1,1, ,0,,0,0,0,0,0,4,2,13
,2020-45792,39.74654053,-105.0075889,6/24/2020 23:26,23:26:00,5,0,0,AURARIA PARKWAY & NINTH STREET,1,3,0,0,3,4, ,0,35,0,0,0,0,0,4,1,13
,2020-45793,39.77584451,-104.8222789,6/25/2020 1:51,1:51:00,12,0,0,ANDREWS DRIVE 14500 EAST & DURHAM COURT NORTH,1,3,0,0,1,4, ,0,,0,0,0,0,0,4,3,16
,2020-45794,39.77319,-104.80988,6/25/2020 7:15,7:15:00,12,0,0,40TH AVENUE EAST & CHAMBERS ROAD NORTH,1,1,0,0,1,4, ,0,40,0,0,0,0,0,4,2,13
,2020-45795,39.72568753,-105.0001594,6/25/2020 7:20,7:20:00,10,0,0,SIXTH AVENUE 1000 WEST & KALAMATH STREET NORTH,1,1,0,0,1,4, ,0,35,0,0,0,0,0,4,2,7
,2020-45796,39.65294055,-105.0580114,6/25/2020 7:55,7:55:00,1,0,1,DEPEW STREET SOUTH & WEST HAMPDEN FRTG ROAD SOUTH,1,1,0,0,1,1, ,0,35,0,0,0,0,2,4,2,13
,2020-45797,39.76441,-104.97602,6/25/2020 9:09,9:09:00,3,0,1,LAWRENCE STREET & 33RD STREET,1,1,0,0,1,1, ,0,25,0,0,0,0,2,4,2,1
,2020-45798,39.71128,-104.90349,6/25/2020 9:10,9:10:00,3,0,0,ALAMEDA AVENUE EAST & QUEBEC STREET SOUTH,1,1,0,0,1,1, ,0,30,0,0,0,0,0,4,2,13
,2020-45799,39.73387,-104.99351,6/25/2020 10:27,10:27:00,3,0,0,11TH AVENUE WEST & SPEER B NORTH,1,1,0,0,1,1, ,0,25,0,0,0,0,0,4,2,14
,2020-45800,39.72568753,-105.0001594,6/25/2020 10:58,10:58:00,12,0,0,KALAMATH STREET NORTH & SIXTH AVENUE WEST,1,1,0,0,1,1, ,0,30,0,0,0,0,0,4,2,13
,2020-45801,39.74489,-104.98612,6/25/2020 11:25,11:25:00,3,0,1,LINCOLN STREET NORTH & 18TH AVENUE EAST,1,1,0,0,1,1, ,0,25,0,0,0,0,1,4,3,14
,2020-45802,39.7177,-104.95004,6/25/2020 11:26,11:26:00,3,0,0,FIRST AVENUE EAST & STEELE STREET NORTH,1,1,0,0,1,1, ,0,30,0,0,0,0,0,4,2,3
,2020-45803,39.7402,-104.95743,6/25/2020 11:35,11:35:00,3,0,0,COLUMBINE STREET NORTH & COLFAX AVENUE EAST,1,1,0,0,1,2, ,0,25,0,0,0,0,0,4,3,14
,2020-45804,39.69387,-104.95934,6/25/2020 12:08,12:08:00,12,0,1,UNIVERSITY B 1200 SOUTH & LOUISIANA AVENUE EAST,1,1,0,0,1,4, ,0,30,0,0,0,0,0,4,3,13
,2020-45805,39.74011,-104.99885,6/25/2020 12:31,12:31:00,12,0,0,SPEER BOULEVARD & 1400 NORTH,1,1,0,0,1,4, ,0,35,0,0,0,0,0,4,2,3
,2020-45806,39.75988,-104.8908,6/25/2020 12:45,12:45:00,15,0,0,MLK BOULEVARD EAST & CENTRAL PARK BOULEVARD NORTH,1,1,0,0,1,1, ,0,35,0,0,0,0,0,4,2,13
,2020-45807,39.73686553,-105.0070579,6/25/2020 14:40,14:40:00,12,0,0,13TH AVENUE WEST & RIO COURT NORTH,1,1,0,0,1,4, ,0,35,0,0,0,0,0,4,2,3
,2020-45808,39.72564,-104.98744,6/25/2020 15:09,15:09:00,3,0,0,SIXTH AVENUE WEST & BROADWAY STREET NORTH,1,1,1,0,1,1, ,0,30,0,0,0,0,0,4,2,13
,2020-45809,39.72255,-104.95161,6/25/2020 15:10,15:10:00,6,0,0,FOURTH AVENUE 3000 EAST & STREET PAUL STREET NORTH,1,1,0,0,1,4, ,0,,0,0,0,0,0,4,2,13
,2020-45810,39.71325,-104.99941,6/25/2020 15:12,15:12:00,3,0,1,KALAMATH STREET SOUTH & CEDAR AVENUE WEST,1,1,0,0,1,1, ,0,35,0,0,0,0,2,4,2,5
,2020-45811,39.67816,-105.05725,6/25/2020 15:19,15:19:00,6,0,0,GREEN MEADOWS PLACE WEST & DEPEW STREET SOUTH,11,1,0,1,1,3, ,0,25,0,0,0,0,0,4,2,3
,2020-45812,39.70749,-104.97338,6/25/2020 15:29,15:29:00,6,0,0,DOWNING STREET SOUTH & VIRGINIA AVENUE EAST,1,1,0,0,1,4, ,0,,0,0,0,0,0,4,2,16
,2020-45813,39.76139952,-104.9034409,6/25/2020 16:44,16:44:00,3,0,2,MLK B EAST & QUEBEC B NORTH,1,1,0,0,1,1, ,0,45,0,0,0,0,1,4,3,13
,2020-45814,39.7112,-104.91763,6/25/2020 16:53,16:53:00,12,0,0,ALAMEDA AVENUE 6000 EAST & KEARNEY STREET SOUTH,1,1,0,0,1,4, ,0,35,0,0,0,0,0,4,2,13
,2020-45815,39.69662,-104.98451,6/25/2020 17:01,17:01:00,10,0,0,MISSISSIPPI AVENUE 200 EAST & SHERMAN STREET SOUTH,1,1,0,0,1,4, ,0,25,0,0,0,0,0,4,3,13
,2020-45816,39.6895,-105.02038,6/25/2020 17:04,17:04:00,10,0,0,FLORIDA AVENUE WEST & CLAY STREET SOUTH,1,1,1,0,1,1, ,0,30,0,0,0,0,0,4,2,4
,2020-45817,39.628,-105.03481,6/25/2020 17:24,17:24:00,12,0,0,LOWELL BOULEVARD 4800 SOUTH & SARATOGA AVENUE WEST,1,1,0,0,1,1, ,0,,0,0,0,0,0,4,2,13
,2020-45818,39.76446,-104.95241,6/25/2020 18:16,18:16:00,3,0,1,BRUCE RANDOLPH AVENUE EAST & MILWUAKEE STREET NORTH,1,1,0,0,1,1, ,1,,0,0,0,1,3,4,2,1
,2020-45819,39.7482,-104.95977,6/25/2020 18:16,18:16:00,15,0,0,YORK STREET NORTH & 21ST AVENUE EAST,1,1,0,0,1,4, ,0,30,0,0,0,0,0,4,2,8
,2020-45820,39.72909,-104.9874,6/25/2020 19:17,19:17:00,3,0,1,EIGHTH AVENUE EAST & BROADWAY STREET NORTH,1,1,0,0,1,1, ,0,35,0,0,0,1,3,4,2,14
,2020-45821,39.76649,-105.03229,6/25/2020 22:04,22:04:00,6,0,0,36TH AVENUE WEST & JULIAN STREET NORTH,1,3,0,0,1,4, ,0,,0,0,0,0,0,4,2,13
,2020-45822,39.7838,-104.80171,6/25/2020 22:35,22:35:00,3,0,0,GREEN VALLEY RANCH B EAST & KITTREDGE STREET NORTH,1,3,0,0,1,1, ,0,35,0,0,0,0,0,4,2,13
,2020-45823,39.79827921,-104.9221436,6/25/2020 23:00,23:00:00,12,0,4,PENA B 5600 & 56TH AVENUE EAST,1,3,0,0,1,4, ,0,65,0,0,0,0,2,4,2,6
,2020-45824,39.65407,-104.91293,6/26/2020 1:03,1:03:00,3,0,0,MONACO STREET SOUTH & GIRARD AVENUE EAST,1,3,0,0,1,1, ,0,35,0,0,0,0,0,4,2,13
,2020-45825,39.77766,-104.95531,6/26/2020 2:17,2:17:00,3,0,1,44TH AVENUE EAST & THOMPSON COURT NORTH,1,4,0,0,1,1, ,0,,0,0,0,0,1,4,2,13
,2020-45826,39.8254975,-104.771951,6/26/2020 4:07,4:07:00,15,0,0,TOWER ROAD NORTH & 71ST AVENUE EAST,1,3,0,0,1,1, ,0,,0,0,0,0,0,4,2,13
,2020-45827,39.7448,-104.96347,6/26/2020 6:16,6:16:00,10,0,0,18TH AVENUE EAST & RACE STREET NORTH,1,1,0,0,1,1, ,0,30,0,0,0,0,0,4,2,13
,2020-45828,39.72383,-104.8842,6/26/2020 8:46,8:46:00,3,0,0,YOSEMITE STREET NORTH & LOWRY B EAST,1,5,0,7,1,1, ,0,30,0,0,0,0,0,4,2,8
,2020-45829,39.79846,-104.86606,6/26/2020 8:47,8:47:00,5,0,2,56TH AVENUE EAST & HAVANA STREET NORTH,1,1,0,0,3,4, ,0,40,0,0,0,0,3,4,1,14
,2020-45830,39.67268,-104.90361,6/26/2020 9:52,9:52:00,3,0,0,QUEBEC STREET 2400 SOUTH & HIGH LINE SMITH WAY,1,1,0,0,1,1, ,0,,0,0,0,0,0,4,2,13
,2020-45831,39.67392,-104.99598,6/26/2020 9:55,9:55:00,6,0,0,GALAPAGO STREET 2300 SOUTH & WESLEY AVENUE WEST,1,1,0,0,1,4, ,0,25,0,0,0,0,0,4,2,13
,2020-45832,39.71116,-104.98637,6/26/2020 10:46,10:46:00,10,0,0,ALAMEDA AVENUE EAST & LINCOLN STREET SOUTH,1,1,0,0,1,1, ,0,,0,0,0,0,0,4,2,13
,2020-45833,39.79833552,-104.8685209,6/26/2020 10:55,10:55:00,12,0,3,56TH AVENUE EAST & GALENA STREET NORTH,1,1,0,0,1,1, ,0,40,0,0,0,0,2,4,3,7
,2020-45834,39.74324,-104.96845,6/26/2020 11:12,11:12:00,2,0,0,17TH AVENUE EAST & FRANKLIN STREET NORTH,1,1,0,0,1,1, ,0,0,1,0,0,0,0,4,2,16
,2020-45835,39.7859,-104.77213,6/26/2020 11:55,11:55:00,1,0,2,49TH AVENUE EAST & TOWER ROAD NORTH,1,1,0,0,1,1, ,0,45,0,0,0,0,1,4,2,13
,2020-45836,39.74231,-104.99934,6/26/2020 12:44,12:44:00,10,0,0,CHAMPA STREET & SPEER BOULEVARD NORTH,1,1,0,0,1,1, ,0,30,0,0,0,0,0,4,2,13
,2020-45837,39.62418555,-105.1079389,6/26/2020 14:22,14:22:00,3,0,0,BELLEVIEW AVENUE WEST & JELLISON WEST SOUTH,1,1,0,0,1,1, ,0,25,0,0,0,0,0,4,2,14
,2020-45838,39.74698,-105.01898,6/26/2020 16:37,16:37:00,15,0,0,MILE HIGH STADIUM CIRCLE 1900  & 20TH AVENUE WEST,11,1,0,1,1,4, ,0,25,0,0,0,0,0,4,2,13
,2020-45839,39.74198,-104.94884,6/26/2020 17:50,17:50:00,6,0,0,16TH AVENUE EAST & ADAMS STREET NORTH,11,1,0,1,1,3, ,0,25,0,0,0,0,0,4,2,5
,2020-45840,39.77096,-104.83307,6/26/2020 19:34,19:34:00,7,0,0,WHEELING STREET NORTH & 39TH AVENUE EAST,11,1,0,1,1,4, ,0,30,0,0,0,0,0,4,1,8
,2020-45841,39.7387,-104.88583,6/26/2020 21:07,21:07:00,15,0,1,14TH AVENUE EAST & XENIA STREET NORTH,11,3,0,1,1,4, ,0,30,0,0,0,0,2,4,2,13
,2020-45842,39.68571,-104.93329,6/27/2020 0:36,0:36:00,6,0,0,MEXICO AVENUE 4500 EAST & BELLAIRE STREET SOUTH,1,3,0,0,1,4, ,0,25,0,0,0,0,0,4,3,2
,2020-45843,39.76148953,-104.9746309,6/27/2020 1:18,1:18:00,6,0,1,CHAMPA STREET & 32ND STREET,1,3,0,0,1,4, ,0,30,0,0,0,0,2,4,3,5
,2020-45844,39.64042,-105.05338,6/27/2020 10:54,10:54:00,2,0,1,PRINCETON DRIVE WEST & SHERIDAN BOULEVARD SOUTH,1,1,0,0,1,1, ,0,0,1,0,0,0,2,4,2,16
,2020-45845,39.72728,-104.98742,6/27/2020 11:09,11:09:00,12,0,1,SEVENTH AVENUE EAST & BROADWAY STREET NORTH,1,1,0,0,1,1, ,0,35,0,0,0,0,2,4,2,1
,2020-45846,39.67960754,-105.0110089,6/27/2020 12:24,12:24:00,3,0,1,TEJON STREET 2000 SOUTH & PACIFIC PLACE WEST,1,1,1,0,1,3, ,0,25,0,0,0,1,2,4,2,7
,2020-45847,39.65608,-105.05997,6/27/2020 13:24,13:24:00,10,0,1,DARTMOUTH AVENUE WEST & GRAY STREET SOUTH,1,1,0,0,1,1, ,0,30,0,0,0,0,1,4,2,1
,2020-45848,39.76209253,-105.0289189,6/27/2020 14:47,14:47:00,12,0,0,32ND AVENUE WEST & SPEER B NORTH,1,1,0,0,1,4, ,0,30,0,0,0,0,0,4,2,13
,2020-45849,39.67844,-104.93398,6/27/2020 15:54,15:54:00,12,0,0,EVANS AVENUE & 3900 EAST,1,1,0,0,1,4, ,0,60,0,0,0,0,0,2,2,13
,2020-45850,39.70309,-105.04432,6/27/2020 17:09,17:09:00,12,0,0,MORRISON ROAD 4300  & STUART STREET SOUTH,1,1,0,0,1,4, ,0,25,0,0,0,0,0,4,2,3
,2020-45851,39.79827,-104.79552,6/27/2020 17:40,17:40:00,3,0,0,56TH AVENUE EAST & MEMPHIS STREET NORTH,1,1,0,0,1,1, ,0,40,0,0,0,0,0,4,2,13
,2020-45852,39.75479821,-104.8990091,6/27/2020 22:02,22:02:00,6,0,0,SYRACUSE STREET 2600 NORTH & 26TH AVENUE EAST,1,3,0,0,1,4, ,0,25,0,0,0,0,0,4,2,7
,2020-45853,39.65472,-104.89652,6/27/2020 23:00,23:00:00,6,0,0,GIRARD AVENUE 8000 EAST & TULARE COURT SOUTH,1,3,1,0,1,4, ,0,,0,0,0,0,0,4,2,13
,2020-45854,39.76387,-105.03005,6/28/2020 4:00,4:00:00,6,0,0,IRVING STREET NORTH & 33RD AVENUE WEST,1,3,0,0,1,4, ,0,30,0,0,0,0,0,4,2,3
,2020-45855,39.72094,-104.98745,6/28/2020 7:45,7:45:00,12,0,0,THIRD AVENUE EAST & BROADWAY STREET NORTH,1,1,0,0,1,4, ,0,25,0,0,0,0,0,4,2,3
,2020-45856,39.72093,-104.99858,6/28/2020 8:00,8:00:00,3,0,1,THIRD AVENUE WEST & SANTA FE DRIVE NORTH,1,1,0,0,1,1, ,0,,0,0,0,0,1,4,2,13
,2020-45857,39.74244,-104.96845,6/28/2020 8:49,8:49:00,15,0,0,FRANKLIN STREET 1600 NORTH & 17TH AVENUE EAST,1,1,0,0,1,4, ,0,30,0,0,0,0,0,4,3,13
,2020-45858,39.71017,-104.9966,6/28/2020 11:15,11:15:00,15,0,0,SANTA FE DRIVE 300 SOUTH & ALAMEDA AVENUE WEST,1,1,0,0,1,4, ,0,35,0,0,0,0,0,1,2,8
,2020-45859,39.73289,-104.90346,6/28/2020 13:53,13:53:00,3,0,2,11TH AVENUE EAST & QUEBEC STREET NORTH,1,1,0,0,1,1, ,0,30,0,0,0,0,1,4,2,3
,2020-45860,39.73233,-104.9598,6/28/2020 16:08,16:08:00,5,0,1,YORK STREET & 1005 NORTH,1,1,2,0,2,4, ,0,30,0,0,0,0,0,4,1,14
,2020-45861,39.79346,-104.81905,6/28/2020 16:40,16:40:00,6,0,1,PENSACOLA DRIVE EAST & CRYSTAL WAY NORTH,1,1,0,0,1,4, ,0,25,0,0,0,0,2,4,2,5
,2020-45862,39.74653,-104.99394,6/28/2020 16:45,16:45:00,12,0,0,16TH STREET & CHAMPA STREET,1,1,0,0,1,1, ,0,25,0,0,0,0,0,4,2,16
,2020-45863,39.76562953,-105.0095779,6/28/2020 19:33,19:33:00,6,0,0,35TH AVENUE WEST & SHOSHONE STREET NORTH,1,1,0,0,1,3, ,0,35,0,0,0,0,0,4,2,1
,2020-45864,39.70387154,-105.0250714,6/29/2020 0:10,0:10:00,3,0,0,EXPOSITION AVENUE 3000 WEST & FEDERAL BOULEVARD SOUTH,1,3,0,0,1,5, ,0,,0,0,0,0,0,4,2,13
,2020-45865,39.65049,-105.03461,6/29/2020 0:34,0:34:00,6,0,0,LOWELL BOULEVARD 3600 SOUTH & KENYON AVENUE WEST,1,3,0,0,3,4, ,0,25,0,0,0,0,0,4,3,3
,2020-45866,39.77842393,-104.7557408,6/29/2020 0:40,0:40:00,5,0,0,GIBRALTAR STREET & 4509 NORTH GIBRALTAR STREET,1,3,0,0,3,4, ,0,,0,0,0,0,0,4,1,13
,2020-45867,39.83812133,-104.7047,6/29/2020 3:30,3:30:00,4,0,0,PENA B 7700  & 78TH AVENUE,1,3,0,0,1,4, ,0,60,0,0,0,0,0,4,1,13
,2020-45868,39.83343,-104.77181,6/29/2020 4:40,4:40:00,1,0,0,TOWER ROAD NORTH & PENA B INBOUND,1,2,0,0,1,1, ,0,45,0,0,0,0,0,4,2,2
,2020-45869,39.7773,-104.82906,6/29/2020 8:40,8:40:00,6,0,0,DILLON STREET 4600 NORTH & 47TH DRIVE EAST,1,1,0,0,1,4, ,0,25,0,0,0,0,0,4,2,4
,2020-45870,39.70931,-104.98341,6/29/2020 9:20,9:20:00,15,0,0,DAKOTA AVENUE 300 EAST & LOGAN STREET SOUTH,1,1,0,0,1,4, ,0,25,0,0,0,0,0,1,2,1
,2020-45871,39.72094,-104.98745,6/29/2020 11:00,11:00:00,3,0,0,THIRD AVENUE EAST & BROADWAY STREET NORTH,1,1,0,0,1,1, ,0,30,0,0,0,0,0,4,2,8
,2020-45872,39.70495,-104.87535,6/29/2020 11:50,11:50:00,3,0,0,DAYTON STREET 600 SOUTH & CENTER AVENUE EAST,1,1,0,0,1,1, ,0,25,0,0,0,0,0,4,2,3
,2020-45873,39.77839,-105.05208,6/29/2020 14:54,14:54:00,3,0,0,45TH AVENUE WEST & ZENOBIA STREET NORTH,1,1,0,0,1,1, ,0,30,0,0,0,0,0,4,2,13
,2020-45874,39.79576,-104.79686,6/29/2020 15:39,15:39:00,5,0,0,MAXWELL PLACE EAST & LEWISTON COURT NORTH,1,1,0,0,3,1, ,0,25,0,0,0,0,0,4,1,1
,2020-45878,39.71812,-104.95585,2/8/2020 15:18,15:18:00,11,0,1,FIRST AVENUE & 2700 EAST,1,1,1,0,1,2, ,0,20,0,1,0,0,1,4,2,13
,2020-45879,39.71843,-104.99858,2/5/2020 16:59,16:59:00,15,0,0,FIRST AVENUE WEST & SANTA FE DRIVE NORTH,1,2,0,0,1,4, ,0,25,0,0,0,0,0,4,2,7
,2020-45880,39.71827,-104.95921,2/19/2020 17:00,17:00:00,15,0,0,FIRST AVENUE EAST & UNIVERSITY B NORTH,9,1,0,2,1,3, ,0,30,0,0,0,0,0,4,2,1
,2020-45881,39.72413953,-104.9891884,2/26/2020 16:30,16:30:00,5,0,0,FIFTH AVENUE WEST & ACOMA STREET SOUTH,4,1,0,0,2,5, ,0,25,0,0,0,0,0,4,1,8
,2020-45882,39.72564,-104.98744,1/28/2020 17:50,17:50:00,15,0,0,SIXTH AVENUE EAST & BROADWAY STREET NORTH,1,2,0,0,1,1, ,0,30,0,0,0,0,0,4,2,14
,2020-45883,39.72561,-104.97756,2/22/2020 15:25,15:25:00,15,0,0,SIXTH AVENUE EAST & CLARKSON STREET NORTH,1,1,0,0,1,4, ,0,30,0,0,0,0,0,4,2,13
,2020-45884,39.72569,-104.99638,2/14/2020 7:54,7:54:00,10,0,0,SIXTH AVENUE WEST & GALAPAGO STREET NORTH,1,1,0,0,1,1, ,0,35,0,0,0,0,0,4,2,13
,2020-45885,39.72559,-104.96828,2/17/2020 13:52,13:52:00,5,0,0,SIXTH AVENUE EAST & HUMBOLDT STREET NORTH,1,1,0,0,3,4, ,0,35,0,0,0,0,0,4,1,5
,2020-45886,39.72568753,-105.0001594,1/18/2020 23:00,23:00:00,12,0,0,SIXTH AVENUE WEST & KALAMATH STREET NORTH,1,3,0,0,1,3, ,0,40,0,0,0,0,0,2,2,13
,2020-45887,39.72563,-104.98488,2/8/2020 16:07,16:07:00,11,0,1,SIXTH AVENUE EAST & SHERMAN STREET NORTH,11,1,0,0,1,1, ,0,0,0,1,0,0,1,4,2,16
,2020-45888,39.7256,-104.96592,2/13/2020 8:58,8:58:00,15,0,0,SIXTH AVENUE 1700 EAST & WILLIAMS STREET NORTH,4,1,1,0,1,4, ,0,30,0,0,0,0,0,4,2,1
,2020-45889,39.72751,-105.01752,2/11/2020 6:40,6:40:00,10,0,0,SEVENTH AVENUE WEST & ALCOTT STREET NORTH,9,1,1,0,1,2, ,0,25,0,0,0,0,0,4,2,13
,2020-45890,39.72894,-104.99286,2/12/2020 10:41,10:41:00,11,0,1,EIGHTH AVENUE WEST & DELAWARE STREET NORTH,1,1,1,0,1,1, ,0,0,0,1,0,0,2,4,2,16
,2020-45891,39.72893,-104.99404,2/12/2020 11:30,11:30:00,10,0,1,EIGHTH AVENUE WEST & ELATI STREET NORTH,1,1,0,0,1,1, ,0,30,0,0,0,0,1,4,2,15
,2020-45892,39.72884,-104.99671,1/27/2020 11:54,11:54:00,6,0,0,EIGHTH AVENUE 700 WEST & INCA STREET NORTH,1,1,0,0,1,4, ,0,30,0,0,0,0,0,4,2,14
,2020-45893,39.73113,-105.02374,1/19/2020 14:57,14:57:00,15,0,0,NINTH AVENUE 2900 WEST & FEDERAL B NORTH,1,1,0,0,1,4, ,0,25,0,0,0,0,0,4,2,13
,2020-45894,39.73046,-104.97237,2/14/2020 22:30,22:30:00,6,0,0,NINTH AVENUE EAST & MARION STREET NORTH,1,3,0,0,1,5, ,0,25,0,0,0,0,0,4,3,1
,2020-45895,39.73051,-104.95174,2/7/2020 17:30,17:30:00,5,0,0,NINTH AVENUE EAST & MILWAUKEE STREET NORTH,9,2,0,2,3,1, ,0,,0,0,0,0,0,4,1,14
,2020-45896,39.73045,-104.97526,2/25/2020 11:00,11:00:00,3,0,1,NINTH AVENUE EAST & OGDEN STREET NORTH,1,1,0,0,1,1, ,0,30,0,0,0,0,1,4,2,13
,2020-45897,39.73048,-104.94069,2/5/2020 15:10,15:10:00,12,0,1,NINTH AVENUE EAST  & COLORADO B NORTH,4,1,0,0,1,3, ,0,30,0,0,0,0,1,4,2,14
,2020-45898,39.73205,-104.97006,2/14/2020 12:00,12:00:00,6,0,0,10TH AVENUE 1400 EAST & HUMBOLDT STREET NORTH,7,3,0,0,1,4, ,0,25,0,0,0,0,0,4,2,14
,2020-45899,39.73204,-104.98226,2/27/2020 9:04,9:04:00,10,0,0,10TH AVENUE EAST & LOGAN STREET NORTH,1,1,0,0,1,1, ,0,25,0,0,0,0,0,4,2,14
,2020-45900,39.73368,-104.99788,2/14/2020 0:10,0:10:00,6,0,0,11TH AVENUE 800 WEST & INCA STREET NORTH,1,3,0,0,1,4, ,0,,0,0,0,0,0,4,2,13
,2020-45901,39.73288,-104.89989,2/19/2020 18:00,18:00:00,3,0,1,11TH AVENUE EAST & ROSEMARY STREET NORTH,5,3,0,2,1,1, ,0,30,0,0,0,0,0,4,3,1
,2020-45902,39.73509,-104.94066,2/11/2020 9:00,9:00:00,12,0,0,12TH AVENUE EAST & COLORADO B NORTH,9,1,0,0,1,1, ,0,30,0,0,0,0,0,4,2,13
,2020-45903,39.73636,-105.0339,2/13/2020 22:18,22:18:00,6,0,0,13TH AVENUE & 3550 WEST,9,3,0,2,1,4, ,0,30,0,0,0,0,0,4,3,14
,2020-45904,39.73683,-104.96724,2/13/2020 19:29,19:29:00,15,0,0,13TH AVENUE EAST & GILPIN STREET NORTH,4,5,0,0,1,1, ,0,30,0,0,0,0,0,4,2,13
,2020-45905,39.73839,-104.95978,2/9/2020 0:18,0:18:00,6,0,0,14TH AVENUE & 2200 EAST,9,3,0,2,1,4, ,0,30,0,0,0,0,0,4,3,1
,2020-45906,39.73828753,-104.9257699,2/20/2020 9:25,9:25:00,10,0,0,14TH AVENUE EAST & GLENCOE STREET,9,1,0,2,1,5, ,0,30,0,0,0,0,0,4,2,13
,2020-45907,39.73841,-104.96953,2/14/2020 13:18,13:18:00,3,0,0,14TH AVENUE EAST & HUMBOLDT STREET NORTH,1,1,0,0,1,1, ,0,25,0,0,0,0,0,4,2,14
,2020-45908,39.73844,-104.98612,2/20/2020 11:26,11:26:00,10,0,0,14TH AVENUE EAST & LINCOLN STREET NORTH,1,1,0,0,1,1, ,0,30,0,0,0,0,0,4,2,13
,2020-45909,39.73834,-104.94562,2/12/2020 8:24,8:24:00,6,0,0,14TH AVENUE 3500 EAST & MADISON STREET NORTH,11,1,1,0,1,4, ,0,30,0,0,0,0,0,4,2,14
,2020-45910,39.73844953,-105.0027784,2/18/2020 10:48,10:48:00,3,0,0,14TH AVENUE WEST & MARIPOSA STREET NORTH,1,1,0,0,1,1, ,0,30,0,0,0,0,0,4,2,3
,2020-45911,39.73848,-105.04283,2/10/2020 1:40,1:40:00,6,0,0,14TH AVENUE WEST & STUART STREET NORTH,4,3,0,0,3,4, ,0,25,0,0,0,0,0,4,3,5
,2020-45912,39.7387,-104.89524,2/15/2020 14:47,14:47:00,10,0,0,14TH AVENUE EAST & TAMARAC STREET NORTH,1,1,0,0,1,1, ,0,30,0,0,0,0,0,4,2,8
,2020-45913,39.73839,-104.96224,2/13/2020 9:00,9:00:00,10,0,0,14TH AVENUE EAST & VINE STREET NORTH,9,1,0,0,1,1, ,0,30,0,0,0,0,0,4,2,13
,2020-45914,39.73841353,-104.9787214,2/3/2020 21:45,21:45:00,6,0,0,14TH AVENUE EAST & WASHINGTON STREET NORTH,9,3,0,2,1,4, ,0,35,0,0,0,0,0,4,2,13
,2020-45915,39.74195052,-104.8869709,2/24/2020 12:27,12:27:00,6,0,0,16TH AVENUE 1600 NORTH & XANTHIA STREET,1,1,0,0,1,4, ,0,35,0,0,0,0,0,4,2,7
,2020-45916,39.74487,-104.98232,2/14/2020 8:40,8:40:00,11,0,1,18TH AVENUE EAST & LOGAN STREET NORTH,11,1,0,0,1,1, ,0,30,0,1,0,0,1,4,2,8
,2020-45917,39.74649,-105.0262,2/9/2020 22:28,22:28:00,5,0,0,19TH AVENUE  & 3021 WEST,1,3,0,0,3,4, ,0,25,0,0,0,0,0,4,1,13
,2020-45918,39.74608,-104.96724,2/19/2020 8:15,8:15:00,6,0,0,19TH AVENUE 1600 EAST & GILPIN STREET NORTH,11,1,0,2,1,4, ,0,25,0,0,0,0,0,4,2,3
,2020-45919,39.7475,-104.97818,2/20/2020 18:47,18:47:00,1,0,0,20TH AVENUE EAST & PARK AVENUE WEST,1,3,0,0,1,1, ,0,30,0,0,0,0,0,4,2,13
,2020-45920,39.7482,-104.95977,2/3/2020 19:48,19:48:00,3,0,3,21ST AVENUE EAST & YORK STREET NORTH,4,3,0,2,1,1, ,0,10,0,0,0,0,1,4,2,13
,2020-45921,39.75241,-105.02129,2/10/2020 21:30,21:30:00,6,0,0,24TH AVENUE 2700 WEST & CLAY STREET NORTH,9,3,0,2,1,4, ,0,25,0,0,0,0,0,4,2,13
,2020-45922,39.75455,-104.97336,2/11/2020 9:04,9:04:00,14,0,0,26TH AVENUE EAST & DOWNING STREET NORTH,4,1,0,0,1,1, ,0,25,0,0,0,0,0,4,2,14
,2020-45923,39.75595,-105.01816,2/8/2020 19:00,19:00:00,6,0,0,27TH AVENUE 2500 WEST & ALCOTT STREET NORTH,1,1,1,0,1,2, ,0,25,0,0,0,0,0,4,2,13