id,drcog_id,latitude,longitude,crashtime,time,crashtype,numbkilled,numbinjurd,drcoglocat,rdconditin,lightngcon,roadcntgrd,weatherco,location,roaddescrp,schoolzone,constrzone,splimit,bikeinv,pedinv,sctrinv,motoinv,svrty,rdsystem,ttlvehcls,hcf
,2020-45924,39.75615,-104.89039,2/20/2020 15:19,15:19:00,3,0,0,28TH AVENUE EAST & CENTRAL PARK B NORTH,2,1,0,0,1,3, ,0,30,0,0,0,0,0,4,2,7
,2020-45925,39.76085,-105.02903,2/14/2020 5:30,5:30:00,6,0,0,31ST AVENUE 3200 WEST & IRVING STREET NORTH,1,3,0,0,1,4, ,0,25,0,0,0,0,0,4,2,3
,2020-45926,39.76202,-105.01819,2/13/2020 10:39,10:39:00,6,0,0,32ND AVENUE 2500 WEST & BRYANT STREET NORTH,11,1,0,0,1,4, ,0,25,0,0,0,0,0,4,2,13
,2020-45927,39.76481,-105.04685,2/1/2020 21:50,21:50:00,6,0,0,34TH AVENUE WEST & VRAIN STREET NORTH,1,4,0,0,1,4, ,0,25,0,0,0,0,0,4,2,8
,2020-45928,39.76565,-104.90821,2/14/2020 8:50,8:50:00,6,0,0,35TH AVENUE EAST & ONEIDA STREET NORTH,4,1,0,0,1,3, ,0,25,0,0,0,0,0,4,2,13
,2020-45929,39.76686,-105.01743,2/8/2020 19:30,19:30:00,6,0,0,36TH AVENUE WEST & ALCOTT STREET NORTH,4,4,0,0,1,4, ,0,25,0,0,0,0,0,4,2,13
,2020-45930,39.76938,-104.86579,2/19/2020 12:10,12:10:00,10,0,0,37TH AVENUE EAST & HAVANA STREET NORTH,11,1,0,2,1,1, ,0,25,0,0,0,0,0,4,2,8
,2020-45931,39.76755,-105.04455,2/11/2020 9:11,9:11:00,12,0,0,37TH AVENUE 4400 WEST & TENNYSON STREET NORTH,4,1,1,0,1,2, ,0,25,0,0,0,0,0,4,2,13
,2020-45932,39.76805053,-105.0158419,2/6/2020 21:57,21:57:00,3,0,0,37TH AVENUE WEST & ZUNI STREET NORTH,9,3,0,2,1,1, ,0,25,0,0,0,0,0,4,2,1
,2020-45933,39.76953,-105.03426,2/10/2020 13:12,13:12:00,6,0,0,38TH AVENUE 3500 WEST & KING STREET NORTH,4,1,1,0,1,4, ,0,30,0,0,0,0,0,4,2,13
,2020-45934,39.77342,-104.87431,2/6/2020 21:13,21:13:00,10,0,0,40TH AVENUE 9400 EAST & CENTRAL PARK B NORTH,9,3,0,2,1,2, ,0,40,0,0,0,0,0,4,2,13
,2020-45935,39.77287451,-104.795999,2/11/2020 22:30,22:30:00,1,0,1,40TH AVENUE EAST & AIRPORT B,1,4,1,0,1,1, ,0,40,0,0,0,0,3,4,2,13
,2020-45936,39.77291,-104.94983,2/13/2020 8:32,8:32:00,3,0,0,40TH AVENUE EAST & STEELE STREET NORTH,4,1,0,0,1,1, ,0,30,0,0,0,0,0,4,2,13
,2020-45937,39.77291,-104.95679,2/18/2020 7:50,7:50:00,15,0,0,40TH AVENUE EAST & YORK STREET NORTH,1,1,0,0,1,1, ,0,30,0,0,0,0,0,4,2,13
,2020-45938,39.77664,-105.04335,2/13/2020 11:40,11:40:00,3,0,0,44TH AVENUE 4300 WEST  & TENNYSON STREET NORTH,7,1,0,0,1,5, ,0,30,0,0,0,0,0,4,2,13
,2020-45939,39.77911,-104.8216,2/18/2020 23:43,23:43:00,5,0,0,46TH AVENUE EAST & DURHAM C NORTH,1,3,0,0,3,3, ,0,30,0,0,0,0,0,4,1,5
,2020-45940,39.7796,-104.84702,2/17/2020 11:07,11:07:00,1,0,0,46TH AVENUE EAST & PEORIA STREET NORTH,1,1,0,0,1,1, ,0,35,0,0,0,0,0,4,2,13
,2020-45941,39.78238,-104.84902,2/13/2020 16:32,16:32:00,3,0,0,47TH AVENUE EAST & PARIS STREET NORTH,11,1,0,0,1,1, ,0,35,0,0,0,0,0,4,2,13
,2020-45942,39.78675,-104.86585,2/7/2020 9:20,9:20:00,15,0,0,49TH AVENUE EAST & HAVANA STREET NORTH,9,1,0,2,1,1, ,0,35,0,0,0,0,0,4,2,13
,2020-45943,39.78562,-105.03458,2/15/2020 0:27,0:27:00,6,0,0,49TH AVENUE WEST & LOWELL B NORTH,1,3,0,0,1,1, ,0,35,0,0,0,0,0,4,4,5
,2020-45944,39.78713,-104.99498,2/12/2020 8:35,8:35:00,14,0,0,50TH AVENUE WEST & FOX STREET NORTH,4,1,1,0,1,1, ,0,30,0,0,0,0,0,4,2,13
,2020-45945,39.78924,-105.01699,2/10/2020 11:19,11:19:00,3,0,0,51ST AVENUE WEST & ALCOTT STREET NORTH,4,1,1,0,1,1, ,0,25,0,0,0,0,0,4,2,13
,2020-45946,39.79838951,-104.7873005,2/14/2020 8:30,8:30:00,12,0,0,56TH AVENUE EAST & PENA B NORTH,1,1,0,0,1,4, ,0,40,0,0,0,0,0,4,2,13
,2020-45947,39.79801,-104.84718,1/17/2020 8:30,8:30:00,15,0,0,56TH AVENUE EAST & PEORIA STREET NORTH,1,1,0,0,1,4, ,0,35,0,0,0,0,0,4,2,14
,2020-45948,39.82189,-104.77195,2/18/2020 14:35,14:35:00,3,0,0,69TH AVENUE EAST & TOWER ROAD NORTH,1,1,0,0,1,1, ,0,45,0,0,0,0,0,4,2,13
,2020-45949,39.82511896,-104.6915127,2/13/2020 11:09,11:09:00,3,0,0,71ST AVENUE EAST & JACKSON GAP STREET NORTH,11,1,0,2,1,1, ,0,35,0,0,0,0,0,4,2,8
,2020-45950,39.82465,-104.68492,2/17/2020 20:05,20:05:00,1,0,1,71ST AVENUE EAST & JACKSON GAP STREET NORTH,11,4,0,2,1,4, ,0,45,0,0,0,0,1,4,2,13
,2020-45951,39.83799,-104.70008,2/17/2020 14:50,14:50:00,3,0,0,78TH AVENUE 24500 EAST & CALAWBA C NORTH,1,1,0,0,1,2, ,0,45,0,0,0,0,0,4,2,1
,2020-45952,39.83813,-104.71547,2/12/2020 20:00,20:00:00,5,0,0,78TH AVENUE EAST & GUN CLUB ROAD NORTH,9,3,0,2,3,1, ,0,35,0,0,0,0,0,4,1,7
,2020-45953,39.85582048,-104.6260407,1/31/2020 4:37,4:37:00,5,0,0,88TH AVENUE & 21990 EAST,1,3,0,0,1,4, ,0,25,0,0,0,0,0,4,1,5
,2020-45954,39.73293,-105.02811,2/12/2020 14:41,14:41:00,6,0,0,104TH AVENUE 3100 WEST & GROVE STREET NORTH,11,1,0,2,1,4, ,0,25,0,0,0,0,0,4,3,13
,2020-45955,39.71117,-104.99001,2/13/2020 18:00,18:00:00,1,0,0,ALAMEDA AVENUE WEST & BANNOCK STREET SOUTH,7,2,0,0,1,1, ,0,30,0,0,0,0,0,4,2,14
,2020-45956,39.71139,-104.91649,2/10/2020 18:52,18:52:00,5,0,0,ALAMEDA AVENUE EAST & KRAMERIA STREET 310 SOUTH,9,4,0,2,2,4, ,0,35,0,0,0,0,0,4,1,3
,2020-45957,39.71118,-104.93525,2/14/2020 19:36,19:36:00,5,0,1,ALAMEDA AVENUE 4500 EAST & BIRCH STREET SOUTH,1,3,1,0,3,4, ,0,35,0,0,0,0,1,4,1,1
,2020-45958,39.7113,-104.91286,2/7/2020 10:28,10:28:00,3,0,1,ALAMEDA AVENUE EAST & MONACO STREET PARKWAY SOUTH,9,1,0,2,1,1, ,0,35,0,0,0,0,1,4,3,14
,2020-45959,39.71111,-104.97574,2/12/2020 8:58,8:58:00,1,0,0,ALAMEDA AVENUE EAST & OGDEN STREET SOUTH,1,1,0,0,1,1, ,0,30,0,0,0,0,0,4,2,13
,2020-45960,39.70713,-104.88538,2/4/2020 12:26,12:26:00,15,0,0,ALAMEDA AVENUE EAST & XENIA STREET SOUTH,4,1,0,2,1,1, ,0,40,0,0,0,0,0,4,2,7
,2020-45961,39.77785151,-104.8355719,2/21/2020 2:51,2:51:00,15,0,0,ALBROOK D EAST & ATCHISON WEST NORTH,1,3,0,0,1,4, ,0,25,0,0,0,0,0,4,2,6
,2020-45962,39.71128,-104.9316,2/11/2020 8:11,8:11:00,3,0,1,ALAMEDA AVENUE EAST & DAHLIA STREET SOUTH,9,1,1,0,1,1, ,0,35,0,0,0,0,1,4,3,1
,2020-45963,39.78007,-104.76669,2/19/2020 17:59,17:59:00,6,0,0,ARGONNE STREET NORTH & 45TH AVENUE EAST,9,3,0,2,1,4, ,0,25,0,0,0,0,0,4,2,13
,2020-45964,39.69128,-105.03173,1/20/2020 0:23,0:23:00,6,0,2,ARKANSAS AVENUE 3400 WEST & KNOX C SOUTH,1,3,0,0,1,4, ,0,25,0,0,0,0,2,4,2,5
,2020-45965,39.74654053,-105.0075889,2/10/2020 16:49,16:49:00,15,0,2,AURARIA PARKWAY & NINTH STREET,9,1,0,2,1,1, ,0,40,0,0,0,0,2,4,2,4
,2020-45966,39.74767453,-105.0023194,2/20/2020 8:13,8:13:00,12,0,0,AURARIA PK/MARKET STREET & SPEER B NORTH,4,1,0,0,1,1, ,0,30,0,0,0,0,0,4,2,14
,2020-45967,39.71471,-104.98721,2/8/2020 10:00,10:00:00,6,0,0,BAYAUD AVENUE EAST & BROADWAY SOUTH,9,1,1,0,1,4, ,0,,0,0,0,0,0,4,2,5
,2020-45968,39.71472,-104.97691,2/21/2020 7:37,7:37:00,3,0,0,BAYAUD AVENUE 900 EAST  & EMERSON STREET SOUTH,1,1,0,0,1,5, ,0,25,0,0,0,0,0,4,2,13
,2020-45969,39.62421254,-104.889842,2/11/2020 15:15,15:15:00,1,0,1,BELLEVIEW AVENUE EAST & DTC B,11,1,0,0,1,1, ,0,35,0,0,0,0,2,4,2,3
,2020-45970,39.75707953,-104.9907004,2/15/2020 0:14,0:14:00,11,0,1,BLAKE STREET & PARK AVENUE WEST,1,3,0,0,1,1, ,0,,0,1,0,0,0,4,2,14
,2020-45971,39.78611,-104.96646,2/19/2020 16:48,16:48:00,12,0,1,BRIGHTON B 4900 NORTH & 49TH AVENUE EAST,9,1,0,2,1,4, ,0,35,0,0,0,0,1,4,2,8
,2020-45972,39.78611,-104.96646,2/19/2020 16:54,16:54:00,5,0,0,BRIGHTON B 4900 NORTH & 49TH AVENUE EAST,9,1,1,2,3,4, ,0,35,0,0,0,0,0,4,1,8
,2020-45973,39.72414,-104.98748,2/19/2020 18:45,18:45:00,10,0,0,BROADWAY STREET NORTH & FIFTH AVENUE EAST,9,3,0,2,1,1, ,0,30,0,0,0,0,0,4,2,8
,2020-45974,39.74489,-104.98742,2/18/2020 13:35,13:35:00,15,0,0,BROADWAY STREET NORTH & 18TH AVENUE EAST,1,1,0,0,1,1, ,0,30,0,0,0,0,0,4,2,13
,2020-45975,39.74489,-104.98742,2/19/2020 10:36,10:36:00,15,0,0,BROADWAY STREET NORTH & 18TH AVENUE EAST,1,1,0,2,1,1, ,0,30,0,0,0,0,0,4,2,13
,2020-45976,39.71658,-104.9875,1/23/2020 19:26,19:26:00,6,0,0,BROADWAY STREET SOUTH & ELLSWORTH AVENUE WEST,1,3,0,0,1,4, ,0,30,0,0,0,1,0,4,2,13
,2020-45977,39.67852,-104.98757,2/10/2020 21:00,21:00:00,6,0,0,BROADWAY STREET SOUTH & EVANS AVENUE EAST,9,3,0,2,1,3, ,0,35,0,0,0,0,0,4,2,7
,2020-45978,39.67129,-104.98758,2/9/2020 4:20,4:20:00,6,0,0,BROADWAY STREET SOUTH & HARVARD AVENUE WEST,4,3,0,2,1,4, ,0,30,0,0,0,0,0,4,4,13
,2020-45979,39.68758,-104.98751,2/16/2020 3:17,3:17:00,6,0,0,BROADWAY STREET SOUTH & IOWA AVENUE EAST,1,3,0,0,1,4, ,0,35,0,0,0,0,0,4,3,5
,2020-45980,39.68897,-104.97343,2/19/2020 12:59,12:59:00,3,0,0,BUCHTEL B EAST & DOWNING STREET SOUTH,11,1,1,2,1,1, ,0,30,0,0,0,0,0,4,2,13
,2020-45981,39.68275754,-104.9593219,2/21/2020 8:00,8:00:00,15,0,0,BUCHTEL B EAST & UNIVERSITY B SOUTH,1,1,0,0,1,3, ,0,35,0,0,0,0,0,4,2,13
,2020-45982,39.75303,-105.05323,2/11/2020 2:20,2:20:00,5,0,0,BYRON P 5100 WEST & SHERIDAN B NORTH,9,3,0,2,2,4, ,0,25,0,0,0,0,0,4,1,5
,2020-45983,39.74802553,-105.0006814,1/25/2020 2:15,2:15:00,10,0,0,14TH C & MARKET STREET,1,3,0,0,1,1, ,0,,0,0,0,0,0,4,2,13
,2020-45984,39.78218,-104.8347,2/13/2020 10:51,10:51:00,6,0,0,47TH C 13000 EAST & 47TH AVENUE EAST,9,1,0,2,1,4, ,0,20,0,0,0,0,0,4,2,14
,2020-45985,39.74707,-104.98978,2/20/2020 15:06,15:06:00,15,0,0,CALIFORNIA STREET & 18TH STREET,1,1,0,0,1,1, ,0,30,0,0,0,0,0,4,2,13
,2020-45986,39.77607,-104.76541,2/16/2020 10:02,10:02:00,6,0,0,CATHAY STREET 4300 NORTH & 43RD AVENUE EAST,4,3,0,0,1,4, ,0,25,0,0,0,0,0,4,4,1
,2020-45987,39.7136,-105.03036,2/13/2020 1:41,1:41:00,6,0,0,CEDAR AVENUE WEST  & IRVING STREET SOUTH,4,3,0,0,1,5, ,0,25,0,0,0,0,0,4,2,7
,2020-45988,39.71298,-104.98633,2/16/2020 4:11,4:11:00,5,0,0,CEDAR AVENUE EAST & LINCOLN STREET SOUTH,1,4,0,0,3,4, ,0,35,0,0,0,0,0,4,1,13
,2020-45989,39.77385,-104.88279,2/12/2020 23:00,23:00:00,15,0,0,CENTRAL PARK 3900 NORTH & 40TH AVENUE EAST,9,3,1,2,1,4, ,0,35,0,0,0,0,0,4,2,1
,2020-45990,39.75987,-104.8902,2/4/2020 9:45,9:45:00,15,0,0,CENTRAL PARK B NORTH & MLK B EAST,9,1,0,2,1,1, ,0,35,0,0,0,0,0,4,2,13
,2020-45991,39.7249,-104.99216,2/11/2020 8:16,8:16:00,6,0,0,CHEROKEE STREET 500 NORTH & FIFTH AVENUE WEST,9,3,0,2,1,4, ,0,25,0,0,0,0,0,4,2,13
,2020-45992,39.71532,-104.95923,2/12/2020 11:28,11:28:00,1,0,0,CHERRY CREEK SOUTH DRIVE EAST & UNIVERSITY B SOUTH,1,1,0,0,1,1, ,0,30,0,0,0,0,0,4,2,8
,2020-45993,39.736,-104.97761,2/20/2020 0:44,0:44:00,6,0,0,CLARKSON STREET 1200 NORTH & 12TH AVENUE EAST,9,3,1,0,1,4, ,0,,0,0,0,0,0,4,4,13
,2020-45994,39.74087,-104.97756,2/14/2020 20:17,20:17:00,15,0,0,CLARKSON STREET 1600 NORTH & 16TH AVENUE EAST,1,3,0,0,1,4, ,0,30,0,0,0,0,0,4,2,5
,2020-45995,39.70115,-104.9781,2/16/2020 20:45,20:45:00,6,0,0,CLARKSON STREET 800 SOUTH & KENTUCKY AVENUE EAST,4,3,0,0,1,4, ,0,25,0,0,0,0,0,4,2,1
,2020-45996,39.76669,-105.02053,2/9/2020 15:52,15:52:00,6,0,0,CLAY STREET NORTH & 35TH AVENUE WEST,4,1,0,2,1,4, ,0,25,0,0,0,0,0,4,2,13
,2020-45997,39.74011,-105.01839,2/18/2020 15:55,15:55:00,3,0,0,COLFAX AVENUE WEST & MILE HIGH STADIUM C,1,1,0,0,1,2, ,0,25,0,0,0,0,0,4,2,13
,2020-45998,39.74279,-104.98832,2/6/2020 9:24,9:24:00,12,0,0,COURT P 1600  & 15TH STREET,1,1,0,0,1,4, ,0,25,0,0,0,0,0,4,2,14
,2020-45999,39.61835,-105.09124,2/11/2020 13:47,13:47:00,12,0,0,CRESTLINE AVENUE WEST & WADSWORTH B SOUTH,1,1,0,0,1,3, ,0,30,0,0,0,0,0,4,2,14
,2020-46000,39.66623,-104.93163,2/6/2020 17:27,17:27:00,15,0,0,DAHLIA STREET SOUTH & AMHERST AVENUE EAST,1,1,0,0,1,1, ,0,35,0,0,0,0,0,4,2,3
,2020-46001,39.68934,-104.9317,2/15/2020 16:58,16:58:00,12,0,0,DAHLIA STREET SOUTH & FLORIDA AVENUE EAST,12,1,0,0,1,1, ,0,25,0,0,0,0,0,4,2,1
,2020-46002,39.70948,-105.0432,2/13/2020 8:26,8:26:00,6,0,0,DAKOTA AVENUE 4200 WEST & STUART STREET SOUTH,4,1,0,0,1,4, ,0,25,0,0,0,0,0,4,2,13
,2020-46003,39.66674,-104.87263,1/31/2020 11:30,11:30:00,14,0,0,DAYTON WEST SOUTH & ELMIRA STREET SOUTH,1,1,0,0,1,4, ,0,,0,0,0,0,0,4,2,14
,2020-46004,39.72814,-104.99285,1/14/2020 11:07,11:07:00,11,0,1,DELAWARE STREET 700 NORTH & EIGHTH AVENUE WEST,1,1,1,0,1,2, ,0,25,0,1,0,0,1,4,2,13
,2020-46005,39.78329651,-104.8223779,2/3/2020 9:08,9:08:00,3,0,0,DILLON STREET NORTH & BOLLING D NORTH,11,1,0,2,1,1, ,0,30,0,0,0,0,0,4,2,1
,2020-46006,39.62805554,-104.891228,2/13/2020 18:14,18:14:00,3,0,2,DTC B SOUTH & CARRIAGE P EAST,1,3,0,0,1,1, ,0,25,0,0,0,0,1,4,2,13
,2020-46007,39.77265,-104.76191,2/7/2020 15:05,15:05:00,6,0,0,DUNKIRK C 4071 NORTH & 41ST AVENUE EAST,9,1,0,2,1,4, ,0,25,0,0,0,0,0,4,2,14
,2020-46008,39.70023,-105.02351,2/20/2020 23:00,23:00:00,5,0,0,ELIOT STREET SOUTH & KENTUCKY AVENUE WEST,1,3,0,0,2,3, ,0,25,0,0,0,0,0,4,1,9
,2020-46009,39.71651,-104.97915,1/13/2020 7:31,7:31:00,2,0,1,ELLSWORTH AVENUE EAST & WASHINGTON STREET NORTH,1,1,0,0,1,1, ,0,25,1,0,0,0,1,4,2,1
,2020-46010,39.71659,-105.01935,2/11/2020 11:50,11:50:00,6,0,0,ELLSWORTH 2600 WEST & BRYANT WEST SOUTH,9,1,1,0,1,4, ,0,25,0,0,0,0,0,4,2,7
,2020-46011,39.71656,-104.98625,2/15/2020 23:20,23:20:00,12,0,3,ELLSWORTH AVENUE EAST & LINCOLN STREET NORTH,1,4,0,0,1,4, ,0,35,0,0,0,0,0,4,5,13
,2020-46012,39.72131,-104.97628,1/7/2020 9:28,9:28:00,14,0,0,EMERSON STREET 300 NORTH & THIRD AVENUE EAST,1,1,0,0,1,4, ,0,25,0,0,0,0,0,4,2,13
,2020-46013,39.73514,-104.97644,2/13/2020 15:35,15:35:00,3,0,0,EMERSON STREET NORTH & 12TH AVENUE EAST,7,1,0,0,1,1, ,0,25,0,0,0,0,0,4,2,8
,2020-46014,39.78514,-104.81509,2/7/2020 14:08,14:08:00,6,0,0,ENID WEST NORTH & GATEWAY AVENUE EAST,4,1,0,2,1,4, ,0,30,0,0,0,0,0,4,2,13
,2020-46015,39.75377387,-104.9986042,2/7/2020 13:00,13:00:00,6,0,0,ERIE STREET 1700  & 18TH STREET,4,1,1,2,1,4, ,0,,0,0,0,0,0,4,3,13
,2020-46016,39.76200253,-105.0093619,2/10/2020 19:24,19:24:00,6,0,0,ERIE STREET & 18TH STREET,4,3,1,2,1,1, ,0,30,0,0,0,0,0,4,2,14
,2020-46017,39.67847,-104.92869,2/20/2020 13:04,13:04:00,12,0,0,EVANS AVENUE 4900 EAST & EUDORA STREET SOUTH,11,1,0,0,1,4, ,0,30,0,0,0,0,0,4,2,13
,2020-46018,39.67847,-104.92869,2/19/2020 10:27,10:27:00,12,0,3,EVANS AVENUE 5000 EAST & GRAPE STREET SOUTH,11,1,0,2,1,4, ,0,35,0,0,0,0,1,4,2,13
,2020-46019,39.67847,-104.92227,2/10/2020 12:23,12:23:00,15,0,0,EVANS AVENUE EAST & HOLLY STREET SOUTH,11,1,0,0,1,4, ,0,25,0,0,0,0,0,4,2,13
,2020-46020,39.67846,-104.91596,2/28/2020 15:48,15:48:00,1,0,0,EVANS AVENUE EAST & LEYDEN STREET SOUTH,1,1,0,0,1,1, ,0,35,0,0,0,0,0,4,2,13
,2020-46021,39.67843,-104.95083,2/2/2020 16:15,16:15:00,5,0,0,EVANS AVENUE EAST & STREET PAUL STREET SOUTH,1,1,0,0,3,1, ,0,35,0,0,0,0,0,4,1,13
,2020-46022,39.67843,-104.95083,2/13/2020 9:27,9:27:00,12,0,1,EVANS AVENUE EAST & STREET PAUL STREET SOUTH,7,1,0,0,1,1, ,0,35,0,0,0,0,1,4,2,13
,2020-46023,39.72255,-104.95342,2/28/2020 13:09,13:09:00,3,0,0,FILLMORE STREET NORTH & FOURTH AVENUE WEST,1,1,0,0,1,1, ,0,25,0,0,0,0,0,4,2,13
,2020-46024,39.78704,-104.76117,2/16/2020 18:00,18:00:00,6,0,0,FLANDERS WEST 4900 NORTH & 49TH AVENUE EAST,1,1,0,0,1,4, ,0,30,0,0,0,0,0,4,3,1
,2020-46025,39.68933,-104.93836,2/13/2020 22:17,22:17:00,2,0,1,FLORIDA AVENUE EAST & ASH STREET SOUTH,1,4,0,0,1,5, ,0,0,1,0,0,0,2,4,2,16
,2020-46026,39.68894,-104.99801,2/12/2020 16:13,16:13:00,12,0,0,FLORIDA A 1000 WEST & PLATTE RIVER DRIVE SOUTH,9,4,0,2,1,3, ,0,35,0,0,0,0,0,4,2,13
,2020-46027,39.68954,-105.05158,2/10/2020 7:55,7:55:00,8,0,0,FLORIDA AVENUE 5000 WEST & XAVIER STREET SOUTH,4,1,0,0,6,4, ,0,30,0,0,0,0,0,4,2,13
,2020-46028,39.74694,-104.961,2/9/2020 16:15,16:15:00,3,0,0,GAYLORD STREET NORTH & 20TH AVENUE EAST,9,1,0,0,1,1, ,0,25,0,0,0,0,0,4,2,14
,2020-46029,39.69568,-104.96165,1/24/2020 13:26,13:26:00,6,0,0,GAYLORD SOUTH 1100 SOUTH & ARIZONA AVENUE EAST,1,1,0,0,1,4, ,0,25,0,0,0,0,0,4,2,7
,2020-46030,39.75765714,-104.9987258,1/18/2020 11:55,11:55:00,6,0,0,GLENARM STREET 2000  & 20TH STREET,1,1,0,0,1,4, ,0,25,0,0,0,0,0,4,2,13
,2020-46032,39.79046,-105.06008,2/8/2020 13:28,13:28:00,6,0,0,GRAY STREET 5180 NORTH & 52ND AVENUE WEST,9,1,0,0,1,4, ,0,20,0,0,0,0,0,4,2,13
,2020-46033,39.66946,-105.02609,1/3/2020 6:26,6:26:00,6,0,0,GREEN C 2600 SOUTH & VASSER AVENUE WEST,4,1,1,0,1,4, ,0,25,0,0,0,0,0,4,3,13
,2020-46034,39.78291,-104.75541,2/10/2020 11:00,11:00:00,15,0,0,GREEN VALLEY RANCH B EAST & HIMALAYA R NORTH,1,1,0,0,1,4, ,0,35,0,0,0,0,0,4,2,13
,2020-46035,39.74000353,-104.9920099,2/20/2020 20:46,20:46:00,1,0,0,GREEN VALLEY RANCH B EAST & PENA B SOUTHBOUND ON RAMP,1,3,0,0,1,1, ,0,40,0,0,0,0,0,4,2,13
,2020-46036,39.67791,-105.06208,2/4/2020 16:27,16:27:00,8,0,0,HARLAN STREET SOUTH & GREEN MEADOWS P WEST,9,1,0,0,1,2, ,0,25,0,0,0,0,0,4,2,3
,2020-46037,39.76211,-104.86582,2/10/2020 10:15,10:15:00,3,0,0,HAVANA STREET NORTH & 45TH AVENUE EAST,1,1,0,0,1,1, ,0,35,0,0,0,0,0,4,2,13
,2020-46038,39.77818288,-104.8657972,2/11/2020 8:00,8:00:00,12,0,0,HAVANA STREET 4500 NORTH & 45TH AVENUE EAST,4,1,0,2,1,4, ,0,35,0,0,0,0,0,4,2,14
,2020-46039,39.75885,-104.86587,2/17/2020 20:40,20:40:00,12,0,0,HAVANA STREET NORTH & 29TH DRIVE EAST,1,3,0,0,1,4, ,0,25,0,0,0,0,0,4,2,13
,2020-46040,39.76289,-104.92316,2/8/2020 21:49,21:49:00,6,0,0,HOLLY STREET NORTH & THRILL P 5500 EAST,7,3,0,0,3,5, ,0,25,0,0,0,0,0,4,2,5
,2020-46041,39.7547,-104.92347,2/17/2020 7:52,7:52:00,3,0,0,HUDSON STREET NORTH & 26TH AVENUE EAST,1,1,0,0,1,1, ,0,30,0,0,0,0,0,4,2,13
,2020-46042,39.74483,-104.96968,2/19/2020 19:23,19:23:00,3,0,0,HUMBOLDT STREET NORTH & 18TH AVENUE EAST,9,3,0,2,1,2, ,0,25,0,0,0,0,0,4,2,8
,2020-46043,39.67484,-104.96181,2/20/2020 7:37,7:37:00,11,0,1,ILIFF AVENUE EAST & GAYLORD STREET SOUTH,4,1,1,0,1,1, ,0,25,0,1,0,0,1,4,2,7
,2020-46044,39.67531,-105.02788,2/20/2020 20:15,20:15:00,5,0,1,ILIFF AVENUE WEST & HAZEL WEST SOUTH,4,3,0,0,3,4, ,0,30,0,0,0,0,2,4,1,8
,2020-46045,39.6875,-104.93947,2/19/2020 17:45,17:45:00,3,0,0,IOWA AVENUE EAST & ALBION STREET SOUTH,9,3,0,2,1,3, ,0,25,0,0,0,0,0,4,2,3
,2020-46046,39.76559,-105.02994,2/20/2020 21:38,21:38:00,5,0,1,IRVING STREET NORTH & 35TH AVENUE WEST,1,3,0,0,2,3, ,0,30,0,0,0,0,2,4,1,3
,2020-46047,39.6854,-105.02979,2/9/2020 12:10,12:10:00,6,0,0,IRVING STREET 1700 SOUTH & MEXICO AVENUE WEST,9,1,1,2,1,3, ,0,25,0,0,0,0,0,4,3,13
,2020-46048,39.69676154,-105.0297514,2/9/2020 21:36,21:36:00,6,0,2,IRVING 1000 SOUTH & MISSISSIPPI AVENUE WEST,4,3,0,2,1,4, ,0,25,0,0,0,0,1,4,2,13
,2020-46049,39.71031,-105.02981,2/24/2020 9:12,9:12:00,6,0,0,IRVING STREET 300 SOUTH & NEVADA P WEST,1,1,0,0,1,4, ,0,25,0,0,0,0,0,4,2,8
,2020-46050,39.71774953,-104.9214409,2/2/2020 10:15,10:15:00,6,0,0,IVANHOE STREET NORTH & FIRST AVENUE EAST,1,1,0,0,1,4, ,0,25,0,0,0,0,0,4,2,1
,2020-46051,39.65118,-104.92179,2/11/2020 14:55,14:55:00,10,0,0,IVANHOE STREET SOUTH & ITHACA P EAST,5,1,1,0,1,1, ,0,25,0,0,0,0,0,4,2,7
,2020-46052,39.66089,-105.06293,2/4/2020 15:51,15:51:00,13,0,1,IVAN WEST 2900 SOUTH & BATES AVENUE WEST,9,1,1,2,1,4, ,0,0,0,1,0,0,1,4,2,16
,2020-46053,39.83642234,-104.6929037,2/19/2020 16:07,16:07:00,3,0,0,JACKSON GAP STREET 7600 NORTH & 78TH AVENUE EAST,11,1,0,2,1,2, ,0,45,0,0,0,0,0,4,2,8
,2020-46054,39.69176,-104.99919,2/19/2020 16:12,16:12:00,3,0,0,JASON STREET SOUTH & LOUISIANA AVENUE WEST,9,1,0,2,1,2, ,0,25,0,0,0,0,0,4,2,7
,2020-46055,39.7811,-104.74925,2/21/2020 8:02,8:02:00,3,0,0,JEBEL STREET NORTH & GREEN VALLEY RANCH B EAST,1,1,0,0,1,1, ,0,25,0,0,0,0,0,4,2,13
,2020-46056,39.77262,-104.74948,2/12/2020 18:30,18:30:00,6,0,0,JERICHO STREET 4000 NORTH & 41ST AVENUE EAST,9,3,0,2,1,4, ,0,25,0,0,0,0,0,4,2,13
,2020-46057,39.74162,-104.95916,2/16/2020 13:19,13:19:00,10,0,1,JOSEPHINE STREET NORTH & 16TH AVENUE EAST,1,1,0,0,1,1, ,0,30,0,0,0,0,1,4,2,8
,2020-46058,39.78006,-104.95824,2/20/2020 14:39,14:39:00,10,0,0,JOSEPHINE STREET NORTH & 40TH AVENUE EAST,1,1,0,0,1,1, ,1,30,0,0,0,0,0,4,2,1