id,drcog_id,latitude,longitude,crashtime,time,crashtype,numbkilled,numbinjurd,drcoglocat,rdconditin,lightngcon,roadcntgrd,weatherco,location,roaddescrp,schoolzone,constrzone,splimit,bikeinv,pedinv,sctrinv,motoinv,svrty,rdsystem,ttlvehcls,hcf
,2020-46059,39.71228,-105.03123,2/14/2020 9:45,9:45:00,6,0,0,JULIAN STREET 200 SOUTH & SECOND AVENUE WEST,4,3,0,0,1,4, ,0,25,0,0,0,0,0,4,2,13
,2020-46060,39.72093553,-105.0001819,2/13/2020 6:10,6:10:00,3,0,1,KALAMATH STREET NORTH & THIRD AVENUE WEST,9,2,0,0,1,1, ,0,30,0,0,0,0,1,4,2,13
,2020-46061,39.72410353,-105.0001819,2/21/2020 11:18,11:18:00,10,0,0,KALAMATH STREET NORTH & FIFTH AVENUE WEST,1,1,0,0,1,1, ,0,30,0,0,0,0,0,4,2,8
,2020-46062,39.70035,-105.02954,2/22/2020 13:15,13:15:00,6,0,0,KENTUCKY AVENUE 3100 WEST & HAZEL C SOUTH,1,1,0,0,1,4, ,0,25,0,0,0,0,0,4,2,13
,2020-46063,39.73708,-105.03333,1/30/2020 14:15,14:15:00,6,0,0,KING STREET 1300 NORTH & 13TH AVENUE WEST,1,1,1,0,1,5, ,0,25,0,0,0,0,0,4,2,13
,2020-46064,39.77059,-105.03306,2/13/2020 15:02,15:02:00,6,0,0,KING STREET 3600 NORTH & 38TH AVENUE WEST,9,1,0,0,1,4, ,0,25,0,0,0,0,0,4,4,13
,2020-46065,39.71994,-105.03274,2/20/2020 0:09,0:09:00,6,0,0,KNOX C NORTH & SECOND AVENUE WEST,4,3,0,2,1,4, ,0,20,0,0,0,0,0,4,2,13
,2020-46066,39.74246,-104.91596,1/23/2020 20:20,20:20:00,6,0,0,KRAMERIA STREET & 1624 NORTH,1,4,0,0,1,4, ,0,20,0,0,0,0,0,4,2,13
,2020-46067,39.74781,-104.99923,2/15/2020 11:10,11:10:00,12,0,0,LARIMER STREET 1400  & 14TH AVENUE,1,1,0,0,1,4, ,0,30,0,0,0,0,0,4,2,13
,2020-46068,39.74621,-104.99955,2/19/2020 12:21,12:21:00,6,0,0,LAWRENCE STREET 1300  & 14TH STREET,7,1,0,0,1,4, ,0,25,0,0,0,0,0,4,2,14
,2020-46069,39.78285,-104.98694,2/4/2020 14:37,14:37:00,6,0,0,LEAF C 4700 NORTH & 47TH AVENUE EAST,1,1,1,0,1,2, ,0,25,0,0,0,0,0,4,2,13
,2020-46070,39.64751,-104.88496,2/14/2020 12:46,12:46:00,3,0,0,LEHIGH AVENUE EAST & YOSEMITE STREET SOUTH,1,1,0,0,1,1, ,0,35,0,0,0,0,0,4,2,2
,2020-46071,39.72907,-104.98615,1/30/2020 1:30,1:30:00,10,0,0,LINCOLN STREET NORTH & EIGHTH AVENUE EAST,1,1,0,0,1,1, ,0,25,0,0,0,0,0,4,2,13
,2020-46072,39.74554,-104.98612,2/13/2020 8:48,8:48:00,6,0,0,LINCOLN STREET 1800 NORTH & 18TH AVENUE EAST,9,1,0,0,1,4, ,0,35,0,0,0,0,0,4,2,13
,2020-46073,39.73602,-104.9823,2/12/2020 21:54,21:54:00,6,0,0,LOGAN STREET 1200 NORTH & 12TH AVENUE EAST,9,3,0,2,1,4, ,0,,0,0,0,0,0,4,2,13
,2020-46074,39.74487,-104.98232,2/3/2020 18:00,18:00:00,11,0,0,LOGAN STREET NORTH & 18TH AVENUE EAST,9,3,0,2,1,1, ,0,30,0,1,0,0,0,4,2,13
,2020-46075,39.74551,-104.98233,2/12/2020 12:59,12:59:00,6,0,0,LOGAN STREET 1900 NORTH & 20TH AVENUE EAST,9,1,0,2,1,4, ,0,25,0,0,0,0,0,4,2,14
,2020-46076,39.74698,-104.98213,1/31/2020 9:00,9:00:00,6,0,0,LOGAN STREET ALLEY & 1950 NORTH,9,1,0,2,1,5, ,0,10,0,0,0,0,0,4,2,14
,2020-46077,39.70751,-104.98279,2/11/2020 16:29,16:29:00,12,0,0,LOGAN STREET 400 SOUTH & VIRGINIA AVENUE EAST,2,1,0,0,1,4, ,0,30,0,0,0,0,0,4,2,13
,2020-46078,39.61441,-105.0913,2/18/2020 14:26,14:26:00,12,0,0,LONG DRIVE WEST & WADSWORTH B SOUTH,1,1,0,0,1,3, ,0,35,0,0,0,0,0,4,2,3
,2020-46079,39.69296,-104.9368,2/13/2020 11:28,11:28:00,5,0,0,LOUISIANA A 4300 EAST & BELLAIRE STREET SOUTH,9,1,0,0,2,2, ,0,15,0,0,0,0,0,4,1,13
,2020-46080,39.69312,-105.04023,2/21/2020 18:24,18:24:00,1,0,1,LOUISIANA AVENUE WEST & PERRY STREET SOUTH,1,3,0,0,1,1, ,0,25,0,0,0,0,0,4,2,3
,2020-46081,39.69258,-104.90623,2/15/2020 12:27,12:27:00,6,0,0,LOUISIANA AVENUE 7100 EAST & POPLAR STREET SOUTH,7,1,1,0,2,4, ,0,25,0,0,0,0,0,4,2,5
,2020-46082,39.69311,-105.02677,2/28/2020 4:23,4:23:00,9,0,0,LOUISIANA AVENUE 3100 WEST & FEDERAL B SOUTH,4,3,0,0,1,4, ,0,25,0,0,0,0,0,4,1,3
,2020-46083,39.69315,-105.04839,2/6/2020 10:35,10:35:00,6,0,0,LOUISIANA A 4700 WEST & WOLFF STREET SOUTH,1,1,0,0,1,4, ,0,25,0,0,0,0,0,4,2,13
,2020-46084,39.70864,-105.03504,2/9/2020 19:49,19:49:00,6,0,0,LOWELL BOULEVARD 400 SOUTH & ALASKA P WEST,9,3,0,0,1,4, ,0,25,0,0,0,0,0,4,2,14
,2020-46085,39.73958353,-105.0122509,1/15/2020 0:13,0:13:00,5,0,0,LOWER COLFAX AVENUE 1800 WEST & UMATILLA STREET NORTH,1,3,0,0,2,4, ,0,25,0,0,0,0,0,4,1,1
,2020-46086,39.7634,-104.94593,1/2/2020 10:44,10:44:00,6,0,0,MADISON SOUTH 3300 NORTH & 33RD AVENUE EAST,1,1,0,0,1,4, ,0,25,0,0,0,0,0,4,2,14
,2020-46087,39.68665,-104.97224,2/21/2020 16:15,16:15:00,6,0,0,MARION STREET & 1600 SOUTH,1,1,0,0,1,4, ,0,25,0,0,0,0,0,4,3,13
,2020-46088,39.74164,-104.97216,2/11/2020 21:01,21:01:00,3,0,0,MARION STREET NORTH & 16TH AVENUE EAST,9,3,0,0,1,1, ,0,30,0,0,0,0,0,4,2,8
,2020-46089,39.75042411,-104.9975616,1/31/2020 12:40,12:40:00,6,0,0,MARKET STREET & 2100 NORTH,1,1,0,0,1,4, ,0,25,0,0,0,0,0,4,2,13
,2020-46090,39.75544935,-104.9910374,1/30/2020 17:25,17:25:00,12,0,0,MARKET STREET & 22ND STREET,1,1,0,0,1,4, ,0,30,0,0,0,0,0,4,2,1
,2020-46091,39.68564828,-104.9373433,2/4/2020 15:00,15:00:00,12,0,1,MEXICO AVENUE EAST & BELLAIRE STREET SOUTH,1,1,0,0,1,1, ,0,30,0,0,0,0,1,4,2,13
,2020-46092,39.68569,-104.94069,2/18/2020 23:37,23:37:00,3,0,0,MEXICO AVENUE EAST & COLORADO B SOUTH,1,3,0,0,1,1, ,0,45,0,0,0,0,0,4,2,13
,2020-46093,39.68582654,-105.0063199,2/7/2020 16:03,16:03:00,6,0,0,MEXICO AVENUE 1600 WEST & PECOS STREET NORTH,9,1,0,2,1,4, ,0,25,0,0,0,0,0,4,2,14
,2020-46094,39.69668,-104.99562,2/17/2020 15:49,15:49:00,3,0,1,MISSISSIPPI AVENUE WEST & GALAPAGO STREET SOUTH,11,1,0,0,1,1, ,0,35,0,0,0,0,2,4,2,13
,2020-46095,39.69668954,-105.0015184,2/7/2020 0:46,0:46:00,6,0,0,MISSISSIPPI AVENUE WEST & LIPAN STREET SOUTH,9,3,1,2,1,1, ,0,35,0,0,0,0,0,4,2,13
,2020-46096,39.69674354,-105.0127099,2/9/2020 6:50,6:50:00,6,0,0,MISSISSIPPI AVENUE WEST & TEJON STREET SOUTH,4,1,0,2,1,4, ,0,25,0,0,0,0,0,4,2,5
,2020-46097,39.75988,-104.8908,2/9/2020 16:41,16:41:00,3,0,0,MLK B EAST & CENTRAL PARK B NORTH,11,1,0,0,1,1, ,0,30,0,0,0,0,0,4,3,13
,2020-46098,39.76199,-104.96098,2/7/2020 15:56,15:56:00,10,0,0,MLK B EAST & GAYLORD STREET NORTH,9,1,0,2,1,1, ,0,30,0,0,0,0,0,4,2,8
,2020-46099,39.76017,-104.89897,2/9/2020 6:50,6:50:00,3,0,0,MLK B EAST & SYRACUSE STREET NORTH,9,2,0,2,1,1, ,0,30,0,0,0,0,0,4,2,13
,2020-46100,39.76193,-104.93502,2/7/2020 11:16,11:16:00,5,0,1,MLK B EAST & CLERMONT STREET NORTH,4,1,0,2,3,1, ,0,35,0,0,0,0,0,4,2,1
,2020-46101,39.76837,-104.91248,2/6/2020 12:11,12:11:00,6,0,0,MONACO PARKWAY 3600 NORTH & 36TH AVENUE EAST,1,1,0,0,1,4, ,0,30,0,0,0,0,0,4,2,5
,2020-46102,39.7113,-104.91286,2/20/2020 7:18,7:18:00,1,0,2,MONACO STREET SOUTH & ALAMEDA AVENUE EAST,9,1,0,0,1,1, ,0,35,0,0,0,0,3,4,3,13
,2020-46103,39.70531,-104.91289,2/28/2020 12:22,12:22:00,15,0,0,MONACO STREET 600 SOUTH & EXPOSITION AVENUE EAST,1,1,0,0,1,4, ,0,30,0,0,0,0,0,4,2,13
,2020-46104,39.64446,-104.91296,1/14/2020 5:20,5:20:00,5,0,0,MONACO STREET 3900 SOUTH & MANSFIELD AVENUE EAST,1,4,0,0,3,4, ,0,25,0,0,0,0,0,4,1,13
,2020-46105,39.76183152,-104.9128504,2/10/2020 7:28,7:28:00,15,0,0,MONACO STREET NORTH  & MLK B NORTH,1,1,0,0,1,3, ,0,30,0,0,0,0,0,4,2,13
,2020-46106,39.62748,-104.91112,2/14/2020 6:10,6:10:00,1,0,0,MONACO STREET SOUTH  & UNION AVENUE EAST,1,2,0,0,1,1, ,0,35,0,0,0,0,0,4,2,13
,2020-46107,39.66763,-104.91288,2/11/2020 17:56,17:56:00,1,0,0,MONACO STREET SOUTH & YALE AVENUE EAST,1,3,0,0,1,1, ,0,35,0,0,0,0,0,4,2,1
,2020-46108,39.71114,-104.94498,2/19/2020 19:30,19:30:00,6,0,0,MONROE STREET & 300 SOUTH,9,3,0,2,1,3, ,0,25,0,0,0,0,0,4,2,3
,2020-46109,39.74739,-104.93946,2/11/2020 7:47,7:47:00,3,0,0,MONTVIEW B EAST & ALBION STREET NORTH,4,1,0,0,1,1, ,0,30,0,0,0,0,0,4,2,1
,2020-46110,39.74742252,-104.8834294,2/10/2020 16:43,16:43:00,15,0,0,MONTVIEW B EAST & AKRON STREET NORTH,11,1,0,0,1,4, ,0,25,0,0,0,0,0,4,2,13
,2020-46111,39.74744,-104.90345,2/6/2020 21:44,21:44:00,1,0,0,MONTVIEW B EAST & QUEBEC STREET NORTH,9,3,0,2,1,1, ,0,30,0,0,0,0,0,4,2,13
,2020-46112,39.7001,-105.04856,2/20/2020 7:51,7:51:00,3,0,0,MORRISON ROAD & WOLFF STREET SOUTH,4,1,0,0,1,1, ,0,35,0,0,0,0,0,4,3,13
,2020-46113,39.79542,-104.73976,2/15/2020 21:30,21:30:00,6,0,0,NETHERLAND STREET NORTH & 55TH AVENUE EAST,1,3,0,0,1,4, ,0,25,0,0,0,0,0,4,3,3
,2020-46114,39.71099,-105.03728,2/18/2020 6:24,6:24:00,6,0,0,NEWTON STREET 300 SOUTH & NEVADA P WEST,4,2,1,0,1,4, ,0,25,0,0,0,0,0,4,3,13
,2020-46115,39.77339,-104.90821,2/10/2020 14:40,14:40:00,3,0,0,ONEIDA STREET NORTH & SANDOWN R EAST,1,1,0,0,1,2, ,0,25,0,0,0,0,0,4,2,1
,2020-46116,39.79476,-104.73682,2/17/2020 10:15,10:15:00,6,0,1,ORLEANS STREET 5400 NORTH & 54TH P EAST,1,1,0,0,1,4, ,0,25,0,0,0,0,1,4,2,3
,2020-46117,39.73371553,-105.0052894,1/11/2020 14:39,14:39:00,6,0,0,OSAGE STREET NORTH & 11TH AVENUE WEST,1,1,0,0,1,4, ,0,35,0,0,0,0,0,4,2,13
,2020-46118,39.74618,-104.97649,2/12/2020 10:16,10:16:00,3,0,0,PARK AVENUE WEST & 19TH AVENUE EAST,1,1,0,0,1,1, ,0,25,0,0,0,0,0,4,2,14
,2020-46119,39.7571,-104.99071,2/14/2020 7:05,7:05:00,10,0,0,PARK AVENUE WEST & BLAKE STREET,1,1,0,0,1,1, ,0,30,0,0,0,0,0,4,2,14
,2020-46120,39.72975,-104.97993,2/9/2020 15:40,15:40:00,6,0,1,PEARL STREET 800 NORTH & EIGHTH AVENUE EAST,9,1,0,2,1,4, ,0,30,0,0,0,0,1,4,3,13
,2020-46121,39.78625809,-105.0064102,2/20/2020 7:51,7:51:00,14,0,0,PECOS STREET & 3600 NORTH,9,1,1,0,1,4, ,0,25,0,0,0,0,0,4,2,13
,2020-46122,39.76927453,-105.0064414,2/11/2020 16:49,16:49:00,3,0,0,PECOS STREET NORTH & 38TH AVENUE WEST,1,1,0,0,1,2, ,0,20,0,0,0,0,0,2,2,13
,2020-46123,39.78200053,-105.0064414,2/2/2020 16:43,16:43:00,11,0,1,PECOS STREET NORTH & 47TH AVENUE EAST,1,1,0,0,1,4, ,0,35,0,1,0,0,2,4,2,14
,2020-46124,39.74000353,-104.9920099,2/9/2020 19:25,19:25:00,15,0,0,PENA B SPLIT POINT RAMP & 8200 NORTH,1,3,0,0,1,4, ,0,45,0,0,0,0,0,4,2,13
,2020-46125,39.83352021,-104.6929883,2/6/2020 6:20,6:20:00,12,0,1,PENA B 7400  & JACKSON GAP STREET NORTH,1,2,1,0,1,14, ,0,45,0,0,0,0,2,4,2,14
,2020-46126,39.82191797,-104.7717943,2/11/2020 1:00,1:00:00,15,0,0,PENA B 6900  & TOWER ROAD RAMP,10,3,0,2,1,4, ,0,65,0,0,0,0,0,4,2,13
,2020-46127,39.82344736,-104.771762,2/14/2020 0:19,0:19:00,5,0,0,PENA B 7000  & TOWER ROAD ON RAMP,1,3,0,0,3,4, ,0,65,0,0,0,0,0,4,1,2
,2020-46128,39.82015402,-104.7718259,2/19/2020 13:00,13:00:00,5,0,0,PENA B 6800  & TOWER ROAD,11,1,0,2,3,4, ,0,,0,0,0,0,0,4,1,7
,2020-46129,39.82015402,-104.7718259,2/21/2020 14:37,14:37:00,5,0,0,PENA B 6800  & TOWER ROAD,1,1,0,0,1,4, ,0,65,0,0,0,0,0,4,4,14
,2020-46130,39.74000353,-104.9920099,2/5/2020 15:50,15:50:00,12,0,1,PENA B NORTHBOUND EXIT RAMP & GREEN VALLEY RANCH B EAST,1,1,1,0,1,14, ,0,45,0,0,0,0,1,4,2,14
,2020-46131,39.83718592,-104.7717517,2/25/2020 13:50,13:50:00,5,0,0,PENA B 7500  & TOWER ROAD,12,1,0,6,1,4, ,0,,0,0,0,0,0,4,2,14
,2020-46132,39.68125,-104.98166,1/24/2020 2:39,2:39:00,6,0,2,PENNSYLVANIA 1900 SOUTH & ASBURY AVENUE EAST,1,4,0,0,1,4, ,0,25,0,0,0,0,1,4,3,5
,2020-46133,39.77036,-104.84675,2/5/2020 22:10,22:10:00,1,0,2,PEORIA STREET 3800 NORTH & 39TH AVENUE EAST,1,3,0,0,1,2, ,0,35,0,0,0,0,1,4,2,13
,2020-46134,39.77106552,-104.8470289,2/18/2020 9:30,9:30:00,15,0,0,PEORIA STREET NORTH & 39TH AVENUE EAST,1,1,2,0,1,4, ,0,35,0,0,0,0,0,4,2,14
,2020-46135,39.77667,-104.84703,2/11/2020 8:45,8:45:00,15,0,0,PEORIA STREET NORTH & 44TH AVENUE EAST,9,1,0,2,1,4, ,0,35,0,0,0,0,0,4,2,14
,2020-46136,39.77917372,-104.8469407,1/30/2020 20:20,20:20:00,11,0,1,PEORIA STREET 4500 NORTH & 46TH AVENUE EAST,4,3,0,2,1,4, ,0,0,0,1,0,0,3,4,2,16
,2020-46137,39.73847,-105.03931,2/21/2020 18:52,18:52:00,2,0,1,PERRY STREET NORTH & 14TH AVENUE WEST,1,3,0,0,1,1, ,0,30,1,0,0,0,1,4,2,13
,2020-46138,39.76349,-105.03931,2/15/2020 11:27,11:27:00,15,0,0,PERRY STREET 3200 NORTH & 33RD AVENUE WEST,1,1,0,0,1,4, ,0,25,0,0,0,0,0,4,2,13
,2020-46139,39.68216354,-105.0018199,2/16/2020 10:22,10:22:00,5,0,1,PLATTE RIVER DRIVE SOUTH & JEWELL AVENUE WEST,1,1,0,0,2,4, ,0,35,0,0,0,0,2,4,1,5
,2020-46140,39.64068,-104.90496,2/16/2020 17:47,17:47:00,5,0,0,PRINCETON A EAST & EASTMOOR DRIVE,1,4,0,0,2,3, ,0,25,0,0,0,0,0,4,1,5
,2020-46141,39.66588,-105.07247,2/5/2020 12:52,12:52:00,5,0,0,QUAY WEST & 2700 SOUTH,9,1,0,0,3,4, ,0,25,0,0,0,0,0,4,1,14
,2020-46142,39.79839,-104.90339,2/18/2020 13:28,13:28:00,15,0,0,QUEBEC STREET NORTH & 56TH AVENUE EAST,1,1,0,0,1,4, ,0,45,0,0,0,0,0,4,2,13
,2020-46143,39.66016,-104.90232,2/11/2020 9:24,9:24:00,5,0,0,QUEBEC STREET 3000 SOUTH & CORNELL AVENUE EAST,9,1,0,0,2,4, ,0,,0,0,0,0,0,4,1,13
,2020-46144,39.68730726,-104.9034185,2/20/2020 15:30,15:30:00,12,0,0,QUEBEC STREET SOUTH & IOWA AVENUE EAST,1,1,0,0,1,3, ,0,30,0,0,0,0,0,4,2,13
,2020-46145,39.64985,-104.90321,2/4/2020 10:00,10:00:00,10,0,0,QUEBEC STREET SOUTH & JEFFERSON D EAST,9,1,1,2,1,1, ,0,25,0,0,0,0,0,4,2,13
,2020-46146,39.63855,-105.04152,2/22/2020 23:26,23:26:00,3,0,0,QUITMAN STREET SOUTH & QUINCY AVENUE WEST,1,4,0,0,1,1, ,0,25,0,0,0,0,0,4,2,13
,2020-46147,39.71193,-105.04066,1/1/2020 8:32,8:32:00,5,0,0,BYERS P WEST & QUITMAN STREET SOUTH,4,1,1,0,3,4, ,0,25,0,0,0,0,0,4,1,14
,2020-46148,39.72513074,-105.1159414,2/14/2020 11:26,11:26:00,12,0,0,QUIVAS STREET 500 NORTH & SIXTH AVENUE WEST,1,1,0,0,1,4, ,0,30,0,0,0,0,0,4,2,13
,2020-46149,39.69672554,-105.0065809,2/9/2020 10:17,10:17:00,6,0,0,QUIVAS STREET 1000 SOUTH & MISSISSIPPI AVENUE WEST,4,1,1,2,1,4, ,0,25,0,0,0,0,0,4,2,13
,2020-46150,39.7693,-104.96343,1/27/2020 7:21,7:21:00,6,0,1,RACE STREET NORTH & 38TH STREET EAST,1,2,0,0,1,1, ,0,25,0,0,0,0,1,4,2,15
,2020-46151,39.63646,-105.03545,2/10/2020 0:40,0:40:00,5,0,0,RADCLIFF AVENUE 3701 WEST & LOWELL B SOUTH,4,3,0,0,3,4, ,0,25,0,0,0,0,0,4,1,7
,2020-46152,39.76303,-105.04168,1/18/2020 13:50,13:50:00,6,0,0,RALEIGH STREET 3400 NORTH & 35TH AVENUE WEST,1,1,0,0,1,4, ,0,25,0,0,0,0,0,4,2,13
,2020-46153,39.83270026,-104.6731,2/17/2020 23:30,23:30:00,5,0,0,ROBERTSDALE STREET & 7157 NORTH,9,3,0,2,3,2, ,0,15,0,0,0,0,0,4,1,13
,2020-46154,39.79689,-104.81341,2/15/2020 14:35,14:35:00,6,0,0,ROBINS D 14800 EAST & ELKHART STREET NORTH,1,3,0,0,1,2, ,0,25,0,0,0,0,0,4,2,3
,2020-46155,39.73333,-104.89958,2/9/2020 14:56,14:56:00,6,0,0,ROSEMARY STREET & 1114 NORTH,9,1,0,2,1,4, ,0,30,0,0,0,0,0,4,2,7
,2020-46156,39.75835753,-105.0117919,2/19/2020 9:40,9:40:00,10,0,0,15TH STREET & BOULDER STREET,1,1,1,0,1,1, ,0,30,0,0,0,0,0,4,2,13
,2020-46157,39.74559,-104.99515,2/13/2020 0:45,0:45:00,3,0,0,15TH STREET & CHAMPA STREET,9,3,0,0,1,1, ,0,30,0,0,0,0,0,4,2,1
,2020-46158,39.74727,-104.99731,2/13/2020 12:30,12:30:00,15,0,0,15TH STREET 1100  & LARIMER STREET,11,1,0,0,1,4, ,0,25,0,0,0,0,0,4,2,13
,2020-46159,39.74707,-104.98978,2/14/2020 15:48,15:48:00,11,0,1,18TH STREET & CALIFORNIA STREET,11,1,0,0,1,1, ,0,30,0,1,0,0,1,4,2,13
,2020-46160,39.75041,-104.99413,2/8/2020 2:27,2:27:00,3,0,0,18TH STREET & LAWRENCE STREET,9,3,0,0,1,1, ,0,30,0,0,0,0,0,4,2,13
,2020-46161,39.74794,-104.98611,2/12/2020 15:40,15:40:00,12,0,0,20TH STREET & LINCOLN STREET NORTH,11,1,1,2,1,3, ,0,30,0,0,0,0,0,4,2,13
,2020-46162,39.75366,-104.99342,2/15/2020 1:40,1:40:00,11,0,0,20TH STREET & MARKET STREET,1,3,0,0,1,1, ,0,0,0,1,0,0,0,4,2,16
,2020-46163,39.75366,-104.99342,2/21/2020 19:55,19:55:00,14,0,0,20TH STREET & MARKET STREET,1,3,0,0,1,2, ,0,25,0,0,0,0,0,4,2,1
,2020-46164,39.75366,-104.99342,2/22/2020 1:48,1:48:00,15,0,0,20TH STREET & MARKET STREET,1,3,0,0,1,4, ,1,30,0,0,0,0,0,4,2,5
,2020-46165,39.75466,-104.99471,2/10/2020 6:05,6:05:00,5,0,0,20TH STREET 1500  & WAZEE STREET,4,3,1,0,2,4, ,1,30,0,0,0,0,0,4,1,13
,2020-46166,39.75227,-104.97957,2/9/2020 19:11,19:11:00,6,0,0,25TH STREET & GLENARM P,4,2,0,0,1,3, ,0,25,0,0,0,0,0,4,2,14
,2020-46167,39.7569,-104.98572,2/11/2020 7:26,7:26:00,6,0,0,25TH STREET & LAWRENCE STREET,4,1,0,0,1,1, ,0,25,0,0,0,0,0,4,3,14
,2020-46168,39.75519,-104.98098,2/20/2020 9:28,9:28:00,12,0,0,26TH STREET & STOUT STREET,4,1,0,0,1,1, ,0,25,0,0,0,0,0,4,2,14
,2020-46169,39.75988,-104.98234,2/12/2020 1:15,1:15:00,6,0,0,28TH STREET 1200  & LAWRENCE STREET,9,3,0,0,1,4, ,0,25,0,0,0,0,0,4,3,5
,2020-46170,39.7644,-104.98664,2/3/2020 17:01,17:01:00,8,0,0,29TH STREET WEST & BRIGHTON B NORTH,4,3,0,2,1,1, ,0,30,0,0,0,0,0,4,2,13
,2020-46171,39.72413,-104.99858,2/17/2020 11:00,11:00:00,1,0,0,FIFTH AVENUE WEST & SANTA FE DRIVE NORTH,1,1,0,0,1,1, ,0,25,0,0,0,0,0,1,2,13
,2020-46172,39.72651,-104.9985,1/21/2020 8:40,8:40:00,12,0,0,SANTA FE DRIVE 600 NORTH & SIXTH AVENUE WEST,1,1,0,0,1,4, ,0,35,0,0,0,0,0,4,2,1
,2020-46173,39.75978,-105.0242,2/20/2020 10:36,10:36:00,12,0,0,SPEER B SOUTHBOUND & 2975 NORTH,1,1,0,0,1,4, ,0,35,0,0,0,0,0,4,2,13
,2020-46174,39.72662,-104.98743,2/13/2020 11:04,11:04:00,15,0,0,SPEER B NORTH & BROADWAY STREET NORTH,1,1,1,0,1,1, ,0,30,0,0,0,0,0,4,2,13
,2020-46175,39.7308,-104.99201,2/4/2020 20:13,20:13:00,15,0,0,SPEER B 800 NORTH & CHAMPA STREET,1,4,0,0,1,4, ,0,30,0,0,0,0,0,4,2,14
,2020-46176,39.74608656,-105.0079441,2/14/2020 6:55,6:55:00,15,0,0,SPEER B NORTHBOUND & MARKET ST/AURARIA PARKWAY,1,1,0,0,1,4, ,0,35,0,0,0,0,0,4,2,13
,2020-46177,39.75019453,-105.0047314,2/8/2020 2:30,2:30:00,5,0,0,SPEER B 1800 NORTH & WEWATTA STREET,9,4,1,0,3,1, ,0,35,0,0,0,0,0,4,1,5
,2020-46178,39.75019453,-105.0047314,2/13/2020 13:57,13:57:00,3,0,0,SPEER B NORTH & WEWATTA STREET,1,1,0,0,1,1, ,0,35,0,0,0,0,0,4,2,13
,2020-46179,39.75019453,-105.0047314,2/13/2020 19:03,19:03:00,12,0,0,SPEER B NORTH & WEWATTA STREET,1,3,1,0,1,4, ,0,35,0,0,0,0,0,4,2,13
,2020-46180,39.6353,-105.08236,2/7/2020 13:53,13:53:00,3,0,0,STANFORD AVENUE WEST & WADSWORTH B SOUTH,9,1,0,2,1,1, ,0,25,0,0,0,0,0,4,2,14
,2020-46181,39.73360753,-104.9494489,2/23/2020 23:23,23:23:00,5,0,0,STEELE STREET NORTH & 11TH AVENUE EAST,1,3,0,0,3,3, ,0,25,0,0,0,0,0,4,1,5
,2020-46182,39.77386,-104.94981,2/13/2020 15:39,15:39:00,3,0,1,STEELE STREET NORTH & 41ST AVENUE EAST,7,1,1,0,1,2, ,0,,0,0,0,0,1,4,2,1
,2020-46183,39.77893,-104.94979,2/19/2020 14:48,14:48:00,3,0,0,STEELE STREET NORTH & 45TH AVENUE EAST,11,1,0,2,1,1, ,0,30,0,0,0,0,0,4,2,1
,2020-46184,39.75729,-105.04403,2/10/2020 16:23,16:23:00,6,0,0,TENNYSON STREET NORTH & 28TH AVENUE WEST,9,2,2,2,1,4, ,0,25,0,0,0,0,0,4,1,14
,2020-46185,39.7911,-105.04394,2/5/2020 6:52,6:52:00,3,0,0,TENNYSON STREET NORTH & 52ND AVENUE WEST,4,2,0,0,1,1, ,0,25,0,0,0,0,0,4,2,1
,2020-46186,39.63410355,-105.0347509,2/4/2020 9:10,9:10:00,6,0,0,TUFTS AVENUE 3600 WEST & LOWELL B SOUTH,9,1,1,0,1,3, ,0,25,0,0,0,0,0,4,2,7
,2020-46187,39.62748,-104.91112,2/12/2020 8:01,8:01:00,1,0,0,UNION AVENUE EAST & MONACO STREET PARKWAY SOUTH,1,1,0,0,1,1, ,0,35,0,0,0,0,0,4,2,13
,2020-46188,39.67574,-104.95939,2/11/2020 8:48,8:48:00,15,0,0,UNIVERSITY B & 2200 SOUTH,10,1,1,0,1,4, ,0,35,0,0,0,0,0,4,2,13
,2020-46189,39.72334,-104.95945,1/24/2020 4:22,4:22:00,5,0,0,UNIVERSITY B NORTH & FIFTH AVENUE EAST,1,3,1,0,3,4, ,0,30,0,0,0,0,0,4,1,5
,2020-46190,39.71112,-104.95926,2/10/2020 18:09,18:09:00,15,0,0,UNIVERSITY B SOUTH & ALAMEDA AVENUE EAST,9,3,0,2,1,4, ,0,30,0,0,0,0,0,4,2,13
,2020-46191,39.68025,-104.95939,2/11/2020 20:03,20:03:00,3,0,0,UNIVERSITY B SOUTH & ASBURY AVENUE EAST,11,3,0,0,1,2, ,0,30,0,0,0,0,0,4,2,7
,2020-46192,39.68025,-104.95939,2/14/2020 15:10,15:10:00,1,0,0,UNIVERSITY B SOUTH & ASBURY AVENUE EAST,1,1,0,0,1,1, ,0,30,0,0,0,0,0,4,2,7
,2020-46193,39.71532,-104.95923,2/22/2020 17:30,17:30:00,1,0,1,UNIVERSITY B SOUTH & CHERRY CREEK STREET EAST,1,3,0,0,1,1, ,0,30,0,0,0,1,2,4,2,1