id,drcog_id,latitude,longitude,crashtime,time,crashtype,numbkilled,numbinjurd,drcoglocat,rdconditin,lightngcon,roadcntgrd,weatherco,location,roaddescrp,schoolzone,constrzone,splimit,bikeinv,pedinv,sctrinv,motoinv,svrty,rdsystem,ttlvehcls,hcf
,2020-46194,39.67843,-104.95939,2/14/2020 21:21,21:21:00,15,0,0,UNIVERSITY B SOUTH & EVANS AVENUE EAST,1,3,0,0,1,1, ,0,30,0,0,0,0,0,4,2,13
,2020-46195,39.68487,-104.95945,2/13/2020 3:36,3:36:00,5,0,0,UNIVERSITY B SOUTH & JEWELL AVENUE EAST,4,3,0,2,3,4, ,0,35,0,0,0,0,0,4,1,13
,2020-46196,39.69749,-104.95933,2/12/2020 18:53,18:53:00,8,0,0,UNIVERSITY B 1000 SOUTH & MISSISSIPPI AVENUE EAST,9,3,0,2,1,4, ,0,30,0,0,0,0,0,4,2,13
,2020-46197,39.71788,-105.0447,2/7/2020 11:17,11:17:00,6,0,0,UTICA STREET & 700 NORTH,4,1,1,2,1,4, ,0,25,0,0,0,0,0,4,2,13
,2020-46198,39.69936,-105.04535,2/28/2020 1:26,1:26:00,6,0,0,UTICA STREET 900 SOUTH & KENTUCKY AVENUE WEST,1,3,0,0,1,4, ,0,25,0,0,0,0,0,4,2,5
,2020-46199,39.70696,-104.86921,2/14/2020 3:00,3:00:00,6,0,0,VIRGINIA A 10100 EAST & GALENA WEST SOUTH,4,3,0,0,1,4, ,0,25,0,0,0,0,0,4,2,7
,2020-46200,39.63094455,-105.0306199,1/15/2020 21:00,21:00:00,6,0,0,WAGON T 3300 WEST & IRVING STREET SOUTH,1,3,0,0,1,4, ,0,25,0,0,0,0,0,4,2,13
,2020-46201,39.77798842,-104.777629,2/8/2020 10:11,10:11:00,6,0,0,WALDEN WEST NORTH & 45TH AVENUE EAST,7,1,0,0,4,3, ,0,30,0,0,0,0,0,4,3,5
,2020-46202,39.75929,-104.98666,1/31/2020 9:40,9:40:00,5,0,0,WALNUT STREET  & 2555,11,1,0,0,3,5, ,0,20,0,0,0,0,0,4,1,13
,2020-46203,39.71110753,-104.9792299,1/13/2020 7:45,7:45:00,12,0,0,WASHINGTON STREET SOUTH & ALAMEDA AVENUE EAST,1,1,0,0,1,3, ,0,30,0,0,0,0,0,4,2,13
,2020-46204,39.75309,-104.99763,2/10/2020 19:33,19:33:00,3,0,0,WAZEE STREET & 18TH STREET,9,3,0,2,1,1, ,0,25,0,0,0,0,0,4,2,13
,2020-46205,39.75386,-104.97926,2/5/2020 12:15,12:15:00,6,0,0,WELTON STREET & 26TH STREET,11,1,1,0,1,3, ,0,25,0,0,0,0,0,4,3,7
,2020-46206,39.75386,-104.97926,2/20/2020 10:50,10:50:00,15,0,0,WELTON STREET 2500  & 26TH STREET,1,1,0,0,1,4, ,0,25,0,0,0,0,0,4,2,13
,2020-46207,39.67303,-104.95939,2/13/2020 7:57,7:57:00,5,0,0,WESLEY AVENUE EAST & UNIVERSITY B SOUTH,4,1,1,0,3,1, ,0,25,0,0,0,0,0,4,2,13
,2020-46208,39.75161653,-105.0029809,2/13/2020 15:46,15:46:00,15,0,0,WEWATTA STREET & 15TH STREET,11,1,0,0,1,3, ,0,30,0,0,0,0,0,4,2,13
,2020-46209,39.78626651,-104.8358779,2/13/2020 6:47,6:47:00,3,0,0,WHEELING STREET NORTH & ANDREWS DRIVE EAST,9,2,0,0,1,1, ,0,35,0,0,0,0,0,4,2,7
,2020-46210,39.74244,-104.96599,2/17/2020 11:25,11:25:00,3,0,0,WILLIAMS STREET NORTH & 17TH AVENUE EAST,1,1,0,0,1,2, ,0,25,0,0,0,0,0,4,2,13
,2020-46211,39.67992,-104.96639,2/20/2020 19:11,19:11:00,6,0,0,WILLIAMS STREET SOUTH & EVANS AVENUE EAST,11,3,0,0,1,1, ,0,25,0,0,0,0,0,4,2,7
,2020-46212,39.77025,-105.04852,2/2/2020 13:17,13:17:00,11,0,1,WOLFF STREET 3800 NORTH & 38TH AVENUE WEST,1,1,0,0,1,2, ,0,30,0,1,0,0,0,4,2,5
,2020-46213,39.75716053,-105.0144604,2/19/2020 22:33,22:33:00,6,0,0,WYANDOT STREET NORTH & 28TH AVENUE WEST,9,3,1,0,1,3, ,0,25,0,0,0,0,0,4,3,7
,2020-46214,39.75230027,-105.0003645,2/20/2020 14:32,14:32:00,12,0,0,WYNKOOP STREET & 1500,1,1,0,0,1,4, ,0,25,0,0,0,0,0,4,2,13
,2020-46215,39.66759,-104.95796,2/12/2020 12:22,12:22:00,10,0,0,YALE AVENUE 2400 EAST & JOSEPHINE STREET SOUTH,1,1,0,0,1,4, ,0,30,0,0,0,0,0,4,2,13
,2020-46216,39.66768,-105.03496,2/8/2020 8:37,8:37:00,5,0,0,YALE AVENUE WEST & LOWELL B SOUTH,8,1,0,0,3,1, ,0,30,0,0,0,0,0,4,2,8
,2020-49981,39.6784,-104.92366,12/19/2020 20:40,20:40:00,12,0,0,5500 EAST EVANS AVENUE & SOUTH HOLLY AVENUE,1,3,0,0,1,4,0,0,30,0,0,0,0,0,4,2,1
,2020-49989,39.77313,-104.9127,12/21/2020 14:30,14:30:00,12,0,0,EAST SMITH ROAD & NORTH MONACO STREET,1,1,0,0,1,4,0,0,35,0,0,0,0,0,4,2,14
,2020-49990,39.73366,-104.91394,12/27/2020 21:51,21:51:00,12,0,0,EAST 11TH AVENUE & NORTH LOCUST STREET,1,3,0,0,1,1,0,0,35,0,0,0,0,0,4,2,16
,2020-49992,39.77508,-104.94042,12/16/2020 17:00,17:00:00,15,0,0,COLORADO BOULEVARD 4200 NORTH & 41ST AVENUE EAST,1,2,0,0,1,4,0,0,40,0,0,0,0,0,2,2,3
,2020-50072,39.72563,-104.9978,12/8/2020 8:52,8:52:00,15,0,0,800 WEST SIXTH AVENUE & NORTH INCA STREET,1,1,0,0,1,4,0,0,30,0,0,0,0,0,4,2,13
,2020-50073,39.77968,-104.97916,1/19/2020 23:48,23:48:00,15,0,0,I70 WB OFF RAMP & WASHINGTON STREET NORTH,1,3,1,0,1,8,0,0,45,0,0,0,0,0,1,2,13
,2020-50075,39.76856,-104.97417,8/13/2020 15:45,15:45:00,12,0,0,WALNUT STREET & 36TH STREET,1,1,0,0,1,4,0,0,30,0,0,0,0,0,4,2,14
,2020-50076,39.73048,-104.94069,8/21/2020 13:21,13:21:00,3,0,0,COLORADO BOULEVARD NORTH & NINTH AVENUE EAST,1,1,0,0,1,1,0,0,35,0,0,0,0,0,2,2,14
,2020-50087,39.73048,-104.94069,3/7/2020 19:35,19:35:00,11,1,0,NINTH AVENUE EAST  & COLORADO BOULEVARD NORTH,1,3,0,0,1,1, ,0,0,0,1,0,0,4,2,2,16
,2020-50088,39.78102,-104.94039,2/16/2020 4:01,4:01:00,5,1,1,COLORADO BOULEVARD  & 46TH AVENUE EAST,1,3,0,0,3,1, ,1,40,0,0,0,0,4,2,1,1
,2020-50095,39.71117954,-105.0144784,5/22/2020 20:35,20:35:00,11,1,0,ALAMEDA AVENUE & YUMA STREET SOUTH,1,3,0,0,1,4, ,0,0,0,1,0,0,4,2,2,16
,2020-50097,39.63428,-104.9071,2/16/2020 3:28,3:28:00,12,1,4,I25 & QUINCY STREET BRIDGE,1,3,0,0,1,4, ,0,65,0,0,0,0,3,1,2,3
,2020-50101,39.74034,-105.03814,3/17/2020 18:28,18:28:00,11,1,0,COLFAX AVENUE WEST & OSCEOLA STREET NH,1,1,0,0,1,4, ,0,0,0,1,0,0,4,2,2,16
,2020-50102,39.74033,-105.03228,5/22/2020 17:25,17:25:00,1,1,0,COLFAX AVENUE WEST & KNOX COURT NORTH,1,1,0,0,1,1, ,0,35,0,0,0,0,4,2,2,1
,2020-50103,39.74018286,-105.0157777,5/8/2020 9:04,9:04:00,3,1,0,COLFAX AVENUE WEST & I25 SOUTHBOUND OFF RAMP,1,1,0,0,1,1, ,0,40,0,0,0,0,4,2,2,1
,2020-50104,39.77562,-104.86574,5/19/2020 11:51,11:51:00,15,1,0,I70 & HAVANA STREET NORTH,1,1,0,0,1,4, ,1,65,0,0,0,0,4,1,2,1
,2020-50105,39.77401,-104.84704,3/24/2020 8:48,8:48:00,6,1,0,I70 & PEORIA STREET NORTH,1,1,0,0,1,4, ,1,65,0,0,0,0,4,1,1,5
,2020-50114,39.78381,-105.05325,1/10/2020 10:41,10:41:00,11,1,0,SHERIDAN BOULEVARD NORTH  & 48TH AVENUE WEST,1,1,1,0,1,1, ,0,35,0,1,0,0,0,2,2,1
,2020-50122,39.65308,-104.91845,5/27/2020 10:15,10:15:00,15,1,0,HAMPDEN AVENUE EAST & I25 SOUTHBOUND OFF RAMP,1,1,0,0,1,1, ,0,35,0,0,0,0,4,2,3,10
,2020-50124,39.76621,-105.02509,1/18/2020 18:50,18:50:00,11,1,0,FEDERAL BOULEVARD & 35TH AVENUE WEST,1,3,0,0,1,4, ,0,0,0,1,0,0,4,2,2,16
,2020-50147,39.71989,-104.90974,2/5/2020 18:00,18:00:00,5,1,0,NEWPORT STREET & 100 NORTH,1,3,0,0,3,4, ,0,25,0,0,0,0,4,4,1,10
,2020-50148,39.78581,-104.8097,3/3/2020 18:29,18:29:00,11,1,0,CHAMBERS ROAD  & GREEN VALLEY RANCH BOULEVARD EAST,1,3,1,0,1,4, ,0,0,0,1,0,0,4,4,2,16
,2020-50149,39.66348,-104.93156,3/14/2020 19:05,19:05:00,6,1,0,DAHLIA STREET  & DEXTER WAY SOUTH,1,2,1,0,1,4, ,0,25,0,0,0,0,4,4,2,10
,2020-50150,39.68936,-104.91836,3/27/2020 15:28,15:28:00,3,1,1,JASMINE STREET SOUTH & FLORIDA AVENUE EAST,1,1,0,0,1,1, ,0,30,0,0,0,0,4,4,4,1
,2020-50151,39.78364,-104.79138,4/16/2020 9:20,9:20:00,5,1,0,PENA BOULEVARD & GREEN VALLEY RANCH BOULEVARD EAST,12,1,1,2,2,4, ,0,65,0,0,0,0,4,4,1,15
,2020-50165,39.62855054,-104.9044714,11/22/2020 9:25,9:25:00,5,0,0,I25 & UNION AVENUE EAST,1,1,0,0,1,4,0,0,65,0,0,0,0,0,1,2,14
,2020-50166,39.75288,-104.98779,1/15/2020 18:52,18:52:00,11,1,0,22ND STREET  & ARAPAHOE STREET,1,3,1,0,1,4,0,0,25,0,1,0,0,4,4,1,1
,2020-50167,39.74601,-104.99774,9/7/2020 1:38,1:38:00,12,1,1,ARAPAHOE STREET  & 14TH STREET,1,3,0,0,1,4,0,0,25,1,0,0,0,4,4,3,1
,2020-50168,39.69559,-104.9223,12/31/2020 23:02,23:02:00,5,0,0,CHERRY CREEK NORTH DRIVE & HOLLY STREET SOUTH,1,3,1,0,3,3,0,0,25,0,0,0,0,0,4,2,5
,2020-50169,39.71139,-104.94101,3/18/2020 17:15,17:15:00,12,0,0,3900 EAST ALAMEDA AVENUE & SOUTH COLORADO BOULEVARD,1,1,0,0,1,3,0,0,30,0,0,0,0,0,4,2,14
,2020-50170,39.8333815,-104.771969,12/18/2020 22:17,22:17:00,12,0,2,PENA BOULEVARD 6800  & TOWER ROAD,1,3,0,0,1,1,0,0,55,0,0,0,0,2,4,2,14
,2020-50171,39.7221,-105.05318,12/31/2020 23:42,23:42:00,3,0,0,THIRD AVENUE WEST & SHERIDAN BOULEVARD,1,3,0,0,1,1,0,0,35,0,0,0,0,0,2,2,13
,2020-50172,39.7029,-104.91284,12/18/2020 17:00,17:00:00,1,0,1,LEETSDALE DRIVE & MONACO STREET SOUTH,1,2,0,0,1,1,0,0,35,0,0,0,0,3,2,2,1
,2020-50173,39.77108,-104.84636,12/10/2020 18:30,18:30:00,3,0,0,PEORIA STREET NORTH & 39TH AVENUE EAST,1,3,0,0,1,3,0,0,35,0,0,0,0,0,4,2,14
,2020-50174,39.75199,-104.97813,12/16/2020 19:07,19:07:00,6,0,0,NORTH WASHINGTON STREET & EAST 24TH AVENUE,9,3,0,0,1,4,0,0,25,0,0,0,0,0,4,2,16
,2020-50175,39.68942,-105.02412,11/22/2020 21:46,21:46:00,12,0,0,FLORIDA AVENUE 2900 WEST & SOUTH FEDERAL BOULEVARD,1,3,0,0,1,3,0,0,,0,0,0,0,0,2,2,3
,2020-50176,39.7787,-104.97872,11/10/2020 5:40,5:40:00,12,0,0,WASHINGTON STREET 4500 NORTH & 45TH AVENUE EAST,1,2,0,0,1,1,0,0,30,0,0,0,0,0,4,2,16
,2020-50177,39.67057,-105.02267,11/19/2020 18:18,18:18:00,6,0,1,DECATUR STREET 2600 SOUTH & YALE AVENUE WEST,1,3,0,0,3,4,0,0,25,0,0,0,0,2,4,2,16
,2020-50178,39.70042,-105.04812,12/23/2020 19:47,19:47:00,8,0,0,KENTUCKY AVENUE WEST & MORRISON ROAD,1,2,0,0,1,1,0,0,25,0,0,0,0,0,4,2,7
,2020-50179,39.75718,-105.02092,12/30/2020 14:59,14:59:00,6,0,0,28TH AVENUE 2700 WEST & CLAY STREET NORTH,4,1,1,0,1,4,0,0,25,0,0,0,0,0,4,2,16
,2020-50180,39.6530387,-104.9155927,11/9/2020 16:53,16:53:00,5,0,1,HAMDEN AVENUE & 6290,9,2,0,2,3,4,0,0,65,0,0,0,0,3,2,1,1
,2020-50200,39.77829252,-104.9034319,10/5/2020 12:53,12:53:00,12,0,1,I70 & NORTHFIELD NORTH QUEBEC STREET NORTHBOUND,1,1,1,0,1,4,0,0,55,0,0,0,0,2,1,3,14
,2020-50202,39.63958,-104.88511,12/29/2020 15:50,15:50:00,12,0,0,I225 & YOSEMITE STREET SOUTH,11,1,0,0,1,4,0,0,65,0,0,0,0,1,1,3,13
,2020-50216,39.76142,-104.90346,8/21/2020 11:44,11:44:00,12,0,0,EAST MLK BOULEVARD & NORTH QUEBEC STREET,1,1,0,0,1,1,0,0,35,0,0,0,0,0,4,2,14
,2020-50217,39.71675,-105.03332,12/5/2020 5:29,5:29:00,5,0,0,KING STREET 2 NORTH & KENTUCKY AVENUE WEST,1,3,0,0,3,3,0,0,25,0,0,0,0,0,4,1,13
,2020-50221,39.73774,-104.92954,12/30/2020 23:53,23:53:00,6,0,0,ELM STREET & 1371 NORTH,9,3,0,0,1,4,0,0,10,0,0,0,0,0,4,2,7
,2020-50222,39.65308,-104.91826,12/23/2020 14:44,14:44:00,15,0,0,I25 & HAMPDEN AVENUE EAST,1,1,0,0,1,4,0,0,65,0,0,0,0,0,1,2,1
,2020-50223,39.78376,-104.83706,12/28/2020 21:14,21:14:00,3,0,0,EAST 48TH AVENUE & NORTH TITAN COURT,9,3,0,2,1,1,0,0,25,0,0,0,0,0,4,2,16
,2020-50224,39.73391,-104.98726,12/15/2020 9:20,9:20:00,15,0,0,1100 NORTH BROADWAY STREET & EAST 11TH AVENUE,9,1,0,2,1,1,0,0,30,0,0,0,0,0,4,2,13
,2020-50225,39.72906,-104.97759,9/12/2020 12:53,12:53:00,3,0,0,EAST EIGHTH AVENUE & NORTH CLARKSON STREET,1,1,0,0,1,1,0,0,25,0,0,0,0,0,4,2,5
,2020-50226,39.72094,-104.98625,10/23/2020 16:45,16:45:00,15,0,0,LINCOLN STREET NORTH & THIRD AVENUE EAST,1,1,0,0,1,4,0,0,30,0,0,0,0,0,4,2,5
,2020-50227,39.65441653,-104.872292,12/12/2020 19:07,19:07:00,12,0,0,10000 EAST GIRARD AVENUE & SOUTH FLORENCE STREET,9,3,0,2,1,2,0,0,25,0,0,0,0,0,4,2,7
,2020-50230,39.6813,-104.95082,9/8/2020 16:47,16:47:00,1,0,1,BUCHTEL BOULEVARD EAST & STREET PAUL STREET SOUTH,9,1,0,2,1,1,0,0,30,0,0,0,0,2,4,3,13
,2020-50233,39.78929,-104.84468,9/25/2020 16:09,16:09:00,3,0,2,EAST 51ST AVENUE & NORTH QUENTIN STREET,1,1,0,0,1,1,0,0,25,0,0,0,0,3,4,5,14
,2020-50234,39.68055254,-105.0156799,12/31/2020 21:12,21:12:00,12,0,0,2000 SOUTH ZUNI STREET & WEST ASBURY AVENUE,1,4,0,0,1,4,0,0,25,0,0,0,0,0,4,3,13
,2020-50235,39.73999,-104.96285,12/31/2020 15:55,15:55:00,6,0,0,COLFAX AVENUE 2000 EAST & RACE STREET NORTH,1,1,0,0,1,4,0,0,35,0,0,0,0,0,2,2,1
,2020-50236,39.72907,-104.9836,12/23/2020 20:04,20:04:00,8,0,0,EAST EIGHTH AVENUE & NORTH GRANT STREET,1,3,1,0,1,1,0,0,30,0,0,0,0,1,4,2,3
,2020-50243,39.75941953,-104.9937289,10/22/2020 22:38,22:38:00,5,0,0,PARK AVENUE WEST 1800  & DELGANY STREET,4,3,1,2,3,4,0,0,45,0,0,0,0,0,4,1,13
,2020-50246,39.74033,-105.02986,12/27/2020 12:20,12:20:00,15,0,0,IRVING STREET NORTH & COLFAX AVENUE WEST,1,1,0,0,1,4,0,0,35,0,0,0,0,1,2,2,5
,2020-50247,39.77832,-104.92229,12/11/2020 1:04,1:04:00,6,0,0,I70 EASTBOUND EXIT RAMP  TO & NORTH HOLLY / DAHLIA STREET,11,3,1,2,1,8,0,1,25,0,0,0,0,0,1,2,5
,2020-50251,39.75537,-105.0127,11/18/2020 18:15,18:15:00,12,0,0,I25 & SPEER BOULEVARD NORTH,1,3,0,0,1,4,0,0,55,0,0,0,0,1,1,3,3
,2020-50255,39.72548053,-105.0130699,9/21/2020 10:39,10:39:00,12,0,0,I25 & SIXTH AVENUE WEST,1,1,0,0,1,4,0,0,65,0,0,0,0,0,1,2,3
,2020-50257,39.77703,-104.88298,10/22/2020 23:23,23:23:00,12,0,0,I270 & CENTRAL PARK BOULEVARD NORTH,4,3,0,2,1,4,0,0,65,0,0,0,0,0,1,2,7
,2020-50258,39.66770955,-105.0814609,9/15/2020 14:31,14:31:00,3,0,0,WADSWORTH BOULEVARD SOUTH & YALE AVENUE WEST,1,1,0,0,1,3,0,0,40,0,0,0,0,0,2,2,3
,2020-50259,39.72362,-104.88371,12/25/2020 0:00,,5,0,2,YOSEMITE WAY NORTH & LOWRY BOULEVARD EAST,1,3,0,0,3,6,0,0,35,0,0,0,0,2,4,1,1
,2020-50260,39.74198,-104.99286,10/18/2020 0:12,0:12:00,2,0,1,14TH STREET & GLENARM PLACE,1,3,0,7,1,1,0,0,30,1,0,0,0,2,4,2,13
,2020-50261,39.72027,-105.02511,11/18/2020 18:28,18:28:00,1,0,1,FEDERAL BOULEVARD NORTH & SECOND AVENUE WEST,1,3,0,0,1,1,0,0,35,1,0,0,0,3,2,3,16
,2020-50267,39.76927766,-105.0017471,1/11/2020 14:00,14:00:00,15,0,0,WEST 38TH AVENUE & NORTH LIPAN STREET,1,1,0,0,1,3,0,0,30,0,0,0,0,0,4,2,13
,2020-50268,39.74035,-105.05321,1/23/2020 7:35,7:35:00,1,0,0,COLFAX AVENUE WEST & SHERIDAN BOULEVARD NORTH,1,1,0,0,1,1,0,0,35,0,0,0,0,0,2,2,1
,2020-50269,39.74744,-104.90345,2/12/2020 18:37,18:37:00,12,0,0,NORTH QUEBEC STREET & EAST MONTEVIEW BOULEVARD,9,3,0,2,1,3,0,0,30,0,0,0,0,0,4,2,1
,2020-50270,39.67972,-104.99282,1/31/2020 22:47,22:47:00,12,0,0,SANTA FE DRIVE SOUTHBOUND OFF RAMP & EVANS,1,3,0,0,1,8,0,0,45,0,0,0,0,0,2,3,14
,2020-50271,39.76142,-104.90346,8/21/2020 11:44,11:44:00,12,0,0,EAST MLK BOULEVARD & NORTH QUEBEC STREET,1,1,0,0,1,1,0,0,35,0,0,0,0,0,4,2,14
,2020-50272,39.72094,-104.98625,10/23/2020 16:45,16:45:00,15,0,0,LINCOLN STREET NORTH & THIRD AVENUE EAST,1,1,0,0,1,4,0,0,30,0,0,0,0,0,4,2,5
,2020-50273,39.65479,-104.8713,12/12/2020 19:07,19:07:00,12,0,0,10000 EAST GIRARD AVENUE & SOUTH FLORENCE STREET,9,3,0,2,1,2,0,0,25,0,0,0,0,0,4,2,7
,2020-50275,39.65092936,-104.8866109,12/21/2020 2:33,2:33:00,5,0,0,XENIA STREET 3600 SOUTH & JEFFERSON AVENUE EAST,14,3,0,7,1,2,0,0,20,0,0,0,0,0,4,1,16
,2020-50276,39.71571,-105.01088,12/15/2020 6:20,6:20:00,3,0,0,TEJON STREET 10 SOUTH & BAYAUD AVENUE WEST,9,3,0,0,1,2,0,0,15,0,0,0,0,0,4,2,3
,2020-50279,39.65307,-104.88479,11/19/2020 10:14,10:14:00,15,0,0,HAMPDEN AVENUE EAST & YOSEMITE STREET SOUTH,1,1,0,0,1,1,0,0,40,0,0,0,0,0,2,2,13
,2020-50280,39.67843754,-104.9251804,12/1/2020 8:03,8:03:00,5,0,0,EVANS AVENUE 5100 EAST & SOUTH GRAPE STREET,1,1,0,0,3,2,0,0,10,0,0,0,0,0,4,1,8
,2020-50281,39.72568,-105.01323,12/14/2020 22:19,22:19:00,15,0,0,I25 & SIXTH AVENUE WEST,9,3,0,2,1,4,0,0,60,0,0,0,0,0,1,2,13
,2020-50285,39.75129,-105.01679,12/19/2020 13:44,13:44:00,12,0,0,I25 & 23RD AVENUE WEST,1,1,0,1,1,4,0,0,65,0,0,0,0,1,1,2,13
,2020-50289,39.69855,-105.02036,12/2/2020 13:16,13:16:00,3,0,1,WEST TENNESSEE AVENUE & SOUTH CLAY STREET,1,1,0,0,1,1,0,0,25,0,0,0,0,3,4,2,8
,2020-50291,39.7783,-104.90357,12/31/2020 17:36,17:36:00,12,0,1,NORTHFIELD NORTH QUEBEC STREET & I70,1,3,0,0,1,4,0,0,40,0,0,0,0,1,2,3,13
,2020-50682,39.75400153,-104.9964019,10/14/2020 0:00,,3,0,0,19TH STREET & WAZEE STREET,1,2,0,0,1,1,0,1,25,0,0,0,0,0,4,1,13
,2020-50692,39.79810151,-104.8355989,10/11/2020 0:00,,12,0,0,56TH AVENUE & UVALDA STREET,1,1,0,6,1,1,0,0,25,0,0,0,0,0,4,2,14
,2020-50891,39.70041,-105.02508,12/16/2020 0:00,,11,0,1,FEDERAL BOULEVARD SOUTH & KENTUCKY AVENUE WEST,1,1,0,0,1,1,0,0,30,0,1,0,0,2,2,1,14
,2020-50892,39.78704952,-104.8962409,12/7/2020 0:00,,12,0,0,EAST 49TH PLACE & NORTH TRENTON STREET,1,1,0,0,1,2,0,0,25,0,0,0,0,0,4,2,14
,2020-50893,39.782,-104.90174,12/15/2020 0:00,,15,0,0,SAND CREEK ROAD NORTH & NORTHFIELD QUEBEC STREET NORTH,1,2,0,0,1,3,0,0,40,0,0,0,0,0,2,3,14
,2020-50894,39.72884,-104.99896,12/22/2020 0:00,,6,0,0,900 WEST EIGHTH AVENUE & NORTH SANTA FE DRIVE,1,1,0,0,1,4,0,0,30,0,0,0,0,0,4,2,14
,2020-50896,39.77133,-104.9647,12/13/2020 0:00,,5,0,0,HIGH STREET NORTH & 39TH AVENUE EAST,9,2,0,0,3,3,0,0,20,0,0,0,0,0,4,1,3
,2020-50898,39.70893,-105.0432,11/18/2020 0:00,,3,0,0,STUART STREET SOUTH & ALASKA PLACE WEST,1,1,0,0,1,1,0,0,25,0,0,0,0,0,4,2,13
,2020-50899,39.65307,-104.88479,12/22/2020 0:00,,15,0,0,I225 OFF RAMP SPLIT & I25,1,1,0,0,1,8,0,1,65,0,0,0,0,0,1,2,13
,2020-50900,39.71473,-104.98149,12/31/2020 0:00,,6,0,0,SOUTH PENNSYLVANIA STREET & EAST BAYAUD AVENUE,1,1,0,0,1,4,0,0,25,0,0,0,0,0,4,2,14
,2020-50901,39.69666,-104.99295,12/5/2020 0:00,,3,0,0,MISSISSIPPI AVENUE WEST & PLATTE RIVER DRIVE SOUTH,1,1,0,0,1,1,0,0,40,0,0,0,0,1,2,3,3
,2020-50902,39.74632,-104.97681,12/11/2020 0:00,,3,0,0,PARK AVENUE 1900  & 20TH AVENUE EAST,11,1,0,2,1,2,0,0,30,0,0,0,0,0,4,3,16
,2020-50903,39.67845,-104.93378,12/12/2020 0:00,,15,0,0,I25 & EVANS AVENUE EAST,5,3,0,2,1,4,0,0,65,0,0,0,0,1,1,6,13
,2020-50904,39.71442,-105.03932,12/22/2020 0:00,,6,0,0,126 SOUTH PERRY STREET & PRIVATE PROPERTY,1,3,0,0,1,2,0,0,15,0,0,0,0,0,4,2,13
,2020-50905,39.77401,-104.84704,10/10/2020 0:00,,12,0,0,I70 & NORTH PEORIA STREET,1,3,0,0,1,4,0,0,65,0,0,0,0,0,1,2,13
,2020-50906,39.76142,-104.90346,8/21/2020 0:00,,12,0,0,EAST MLK BOULEVARD & NORTH QUEBEC STREET,1,1,0,0,1,1,0,0,35,0,0,0,0,0,4,2,14
,2020-50907,39.68228,-105.05107,11/25/2020 0:00,,3,0,0,WEST JEWELL AVENUE & SOUTH YATES STREET,4,1,0,0,1,1,0,0,25,0,0,0,0,0,4,2,16
,2020-50908,39.67846,-104.9082,10/14/2020 0:00,,3,0,0,EVANS AVENUE EAST & ONEIDA STREET SOUTH,1,1,0,0,1,1,0,0,35,0,0,0,0,0,4,3,14
,2020-50909,39.79821,-104.79774,10/23/2020 0:00,,10,0,0,56TH AVENUE 16200 EAST & MEMPHIS STREET NORTH,1,3,0,0,1,4,0,0,40,0,0,0,0,0,4,2,7
,2020-50910,39.66762,-104.92576,12/29/2020 0:00,,5,1,1,I25 & YALE AVENUE EAST,1,3,1,0,3,4,0,0,65,0,0,0,0,4,1,1,1
,2020-50912,39.78553,-104.73756,6/11/2020 0:00,,5,0,1,NORTH ORLEANS STREET & EAST STOLL PLACE,1,1,0,0,2,4,0,0,35,0,0,0,0,3,4,1,7
,2020-50917,39.62961,-104.90511,12/21/2020 0:00,,6,0,1,I225 OFF RAMP SPLIT & I25,2,3,0,0,1,4,0,0,65,0,0,0,0,2,1,2,3
,2020-50918,39.73661,-105.03929,8/12/2020 0:00,,6,0,0,13TH AVENUE 3900 WEST & OSCEOLA STREET NORTH,1,1,0,0,1,4,0,0,25,0,0,0,0,0,4,3,13
,2020-50919,39.72041,-105.05327,12/31/2020 0:00,,12,0,0,SECOND AVENUE WEST & SHERIDAN BOULEVARD NORTH,1,2,0,0,1,4,0,0,35,0,0,0,0,0,2,2,1
,2020-50923,39.62961,-104.90511,12/21/2020 0:00,,12,0,1,I225 & MM 0.75,2,3,0,0,1,4,0,0,65,0,0,0,0,2,1,2,3
,2020-50926,39.77133,-104.9647,12/13/2020 0:00,,5,0,0,HIGH STREET NORTH & 39TH AVENUE EAST,9,2,0,0,3,1,0,0,20,0,0,0,0,0,4,1,3
,2020-50930,39.70811,-104.92698,9/22/2020 0:00,,3,0,0,SOUTH FOREST STREET & LEETSDALE DRIVE,1,1,0,0,1,2,0,0,35,0,0,0,0,0,4,2,1
,2020-50933,39.70811,-104.92698,9/22/2020 0:00,,3,0,0,SOUTH FOREST STREET & LEETSDALE DRIVE,1,1,0,0,1,2,0,0,35,0,0,0,0,0,4,2,1
,2020-51013,39.71112,-105.01277,12/25/2020 0:00,,12,0,0,2300 WEST ALAMEDA AVENUE & SOUTH ZUNI STREET,1,1,0,0,1,4,0,0,35,0,0,0,0,1,4,2,16
,2020-51028,39.72559,-105.02514,11/29/2020 0:00,,5,0,1,WEST SIXTH AVENUE & NORTH FEDERAL BOULEVARD,1,1,0,0,2,4,0,0,55,0,0,0,0,3,2,1,3
,2020-51029,39.74758,-105.02523,8/8/2020 0:00,,11,0,1,WEST 20TH AVENUE & NORTH FEDERAL BOULEVARD,1,1,0,0,1,1,0,0,30,0,1,0,0,3,2,1,1
,2020-51032,39.73947,-104.91428,6/13/2020 0:00,,6,0,0,1461 NORTH LOCUST STREET & EAST COLFAX AVENUE,1,1,0,0,1,4,0,0,0,0,0,0,0,0,4,2,16